frame,elapsed_ns,frame_ns,paused,screen_open,window_active,width,height,player_x,player_y,player_z,ffi_calls,pipeline_compiles,pipeline_compile_ns,gc_collections,gc_reported_ms,census_active,route_stage,submissions,command_buffer_create_ns,commit_ns,buffer_writes,buffer_upload_bytes,staging_allocations,staging_alloc_ns,buffer_copies,buffer_copy_bytes,texture_copies,texture_uploads,texture_upload_bytes,clears,fence_creates,fence_wait_calls,fence_wait_ns,queue_wait_ns,upload_api_ns,copy_api_ns,readback_api_ns,render_passes,draws,drawable_wait_ns,light_enabled,light_clustered,light_published,light_dropped,light_buried,light_examined,light_allocated,light_extract_ns,light_cluster_builds,light_cluster_build_ns,light_uploads,light_upload_bytes,light_occupancy_max,light_occupancy_mean_x100,light_cells_touched,light_overflowed,light_evicted,light_unreachable,light_entity_query_ns,light_block_index_ns,sr_requested,sr_strength,sr_effective,sr_scene_width,sr_scene_height,sr_output_width,sr_output_height,sr_scene_pixels_percent_x100,sr_generation,sr_creates,sr_failures,sr_encodes,sr_recoveries,sr_retirements,sr_world_hooks,sr_ui_hooks,sr_gpu_ns,sr_reason
1,19756959,19756959,0,0,1,5120,2880,2392,128,-2646,21711,0,0,0,0,0,-1,80,4960380,223705,29,858616,0,0,5,571768,0,8,206394,7,11,13,49540,0,271083,40125,0,60,6684,2480125,1,0,0,0,0,0,0,48208,0,0,1,2064,0,0,0,0,0,0,6750,20292,1,50,2,2560,1440,5120,2880,2500,2,2,0,946,0,1,994,994,10464624,0
2,39739417,19982458,0,0,1,5120,2880,2392,128,-2646,19854,0,0,0,0,0,-1,69,2696040,212248,3,176,0,0,5,571516,0,2,181818,7,10,13,63125,0,161749,73292,0,52,6364,6223458,1,0,0,0,0,0,0,25542,0,0,1,2064,0,0,0,0,0,0,5375,10166,1,50,2,2560,1440,5120,2880,2500,2,2,0,947,0,1,995,995,10128083,0
3,66928417,27189000,0,0,1,5120,2880,2392,128,-2646,19853,0,0,0,0,0,-1,69,139538,202535,8,63792,0,0,5,571516,0,2,181818,7,10,11,1999,0,165876,30209,0,52,6364,20420250,1,0,0,0,0,0,0,26083,0,0,1,2064,0,0,0,0,0,0,6000,9708,1,50,2,2560,1440,5120,2880,2500,2,2,0,948,0,1,996,996,10320083,0
4,86189417,19261000,0,0,1,5120,2880,2392,128,-2646,21069,0,0,0,0,0,-1,78,5614795,199584,3,176,0,0,5,564604,0,2,181818,7,11,13,54917,0,218792,43833,0,59,6538,2591125,1,0,0,0,0,0,0,49583,0,0,1,2064,0,0,0,0,0,0,8958,16417,1,50,2,2560,1440,5120,2880,2500,2,2,0,949,0,1,997,997,10153625,0
5,106575125,20385708,0,0,1,5120,2880,2392,128,-2646,19864,0,0,0,0,0,-1,69,2343460,237540,3,176,0,0,5,564604,0,2,181818,7,10,14,92417,0,182376,64875,0,52,6366,7379833,1,0,0,0,0,0,0,28625,0,0,1,2064,0,0,0,0,0,0,6875,11125,1,50,2,2560,1440,5120,2880,2500,2,2,0,950,0,1,998,998,10400041,0
6,127279875,20704750,0,0,1,5120,2880,2392,128,-2646,21662,0,0,0,0,0,-1,80,8931994,232589,4,960,0,0,5,564604,0,2,181818,7,11,14,52288,0,289627,41543,0,60,6646,24292,1,0,0,0,0,0,0,53500,0,0,1,2064,0,0,0,0,0,0,7667,21375,1,50,2,2560,1440,5120,2880,2500,2,2,0,951,0,1,999,999,10534250,0
7,151254542,23974667,0,0,1,5120,2880,2392,128,-2646,19861,0,0,0,0,0,-1,69,147501,202378,3,176,0,0,5,564496,0,2,181818,7,10,12,46542,0,160459,61791,0,52,6367,16388542,1,0,0,0,0,0,0,31958,0,0,1,2064,0,0,0,0,0,0,6959,11541,1,50,2,2560,1440,5120,2880,2500,2,2,0,952,0,1,1000,1000,10042708,0
8,171094417,19839875,0,0,1,5120,2880,2392,128,-2646,21072,0,0,0,0,0,-1,78,5423921,249248,3,176,0,0,5,564280,0,2,181818,7,11,13,65792,0,214084,56709,0,59,6539,1529083,1,0,0,0,0,0,0,58666,0,0,1,2064,0,0,0,0,0,0,10500,20167,1,50,2,2560,1440,5120,2880,2500,2,2,0,953,0,1,1001,1001,10437541,0
9,191305792,20211375,0,0,1,5120,2880,2392,128,-2646,19863,0,0,0,0,0,-1,69,4733457,240704,3,176,0,0,5,564172,0,2,181818,7,10,13,67581,0,158293,64541,0,52,6367,5723458,1,0,0,0,0,0,0,25542,0,0,1,2064,0,0,0,0,0,0,5750,9250,1,50,2,2560,1440,5120,2880,2500,2,2,0,954,0,1,1002,1002,10303124,0
10,216821292,25515500,0,0,1,5120,2880,2392,128,-2646,19857,0,0,0,0,0,-1,68,154161,182665,3,176,0,0,5,564172,0,2,181818,7,10,11,1294,0,136751,32668,0,52,6367,19182333,1,0,0,0,0,0,0,27083,0,0,1,2064,0,0,0,0,0,0,5958,9500,1,50,2,2560,1440,5120,2880,2500,2,2,0,955,0,1,1003,1003,10412083,0
11,236743334,19922042,0,0,1,5120,2880,2392,128,-2647,21397,0,0,0,0,0,-1,79,5694497,243590,3,176,0,0,5,571660,0,2,181818,7,11,13,52249,0,170458,48333,0,60,6594,2319209,1,0,0,0,0,0,0,50750,0,0,1,2064,0,0,0,0,0,0,8667,20167,1,50,2,2560,1440,5120,2880,2500,2,2,0,956,0,1,1004,1004,10599083,0
12,257054459,20311125,0,0,1,5120,2880,2392,128,-2647,19866,0,0,0,0,0,-1,69,3181920,247792,3,176,0,0,5,572092,0,2,181818,7,10,13,68916,0,168417,66708,0,52,6368,6302792,1,0,0,0,0,0,0,35208,0,0,1,2064,0,0,0,0,0,0,10000,12375,1,50,2,2560,1440,5120,2880,2500,2,2,0,957,0,1,1005,1005,10388333,0
13,282697292,25642833,0,0,1,5120,2880,2392,128,-2647,21214,0,0,0,0,0,-1,77,6665505,198836,3,176,0,0,5,579220,0,2,181818,7,11,12,1083,0,146625,29166,0,59,6565,11249375,1,0,0,0,0,0,0,23125,0,0,1,2064,0,0,0,0,0,0,4333,8875,1,50,2,2560,1440,5120,2880,2500,2,2,0,958,0,1,1006,1006,10310624,0
14,302651792,19954500,0,0,1,5120,2880,2392,128,-2647,19866,0,0,0,0,0,-1,69,165877,196709,3,176,0,0,5,579076,0,2,181818,7,10,12,61541,0,144832,45208,0,52,6368,10697875,1,0,0,0,0,0,0,45167,0,0,1,2064,0,0,0,0,0,0,9166,16750,1,50,2,2560,1440,5120,2880,2500,2,2,0,959,0,1,1007,1007,10432499,0
15,322565542,19913750,0,0,1,5120,2880,2392,128,-2647,21412,0,0,0,0,0,-1,79,7819204,252831,3,176,0,0,5,578644,0,2,181818,7,11,14,54667,0,210001,45958,0,60,6597,19917,1,0,0,0,0,0,0,54833,0,0,1,2064,0,0,0,0,0,0,8541,20584,1,50,2,2560,1440,5120,2880,2500,2,2,0,960,0,1,1008,1008,10335875,0
16,349113917,26548375,0,0,1,5120,2880,2392,128,-2647,19860,0,0,0,0,0,-1,68,140168,161337,3,176,0,0,5,578752,0,2,181818,7,10,11,1124,0,127416,30250,0,52,6368,20354708,1,0,0,0,0,0,0,21833,0,0,1,2064,0,0,0,0,0,0,4875,9000,1,50,2,2560,1440,5120,2880,2500,2,2,0,961,0,1,1009,1009,10033333,0
17,369836084,20722167,0,0,1,5120,2880,2392,129,-2647,21075,0,0,0,0,0,-1,78,5895543,233501,3,176,0,0,5,578536,0,2,181818,7,11,13,56668,0,168749,45833,0,59,6540,3829958,1,0,0,0,0,0,0,41333,0,0,1,2064,0,0,0,0,0,0,8083,11667,1,50,2,2560,1440,5120,2880,2500,2,2,0,962,0,1,1010,1010,10655874,0
18,388850209,19014125,0,0,1,5120,2880,2392,129,-2647,19860,0,0,0,0,0,-1,68,1978411,215383,3,176,0,0,5,577384,0,2,181818,7,10,15,87792,0,174832,68625,0,51,6367,6790458,1,0,0,0,0,0,0,56833,0,0,1,2064,0,0,0,0,0,0,8208,24333,1,50,2,2560,1440,5120,2880,2500,2,2,0,963,0,1,1011,1011,10255750,0
19,416502667,27652458,0,0,1,5120,2880,2392,129,-2647,19846,0,0,0,0,0,-1,67,144378,180504,3,176,0,0,5,577384,0,2,181818,7,10,11,1585,0,136000,32666,0,51,6367,21205375,1,0,0,0,0,0,0,26333,0,0,1,2064,0,0,0,0,0,0,5834,9166,1,50,2,2560,1440,5120,2880,2500,2,2,0,964,0,1,1012,1012,9967749,0
20,436764750,20262083,0,0,1,5120,2880,2392,129,-2648,23164,0,0,0,0,0,-1,78,5657798,214415,3,176,0,0,5,597616,0,2,181818,7,11,13,51958,0,170251,48084,0,59,7174,3137917,1,0,0,0,0,0,0,55334,0,0,1,2064,0,0,0,0,0,0,8459,21333,1,50,2,2560,1440,5120,2880,2500,2,2,0,965,0,1,1013,1013,12082208,0
21,456445584,19680834,0,0,1,5120,2880,2392,129,-2648,20958,0,0,0,0,0,-1,68,2400125,228501,3,176,0,0,5,597976,0,2,181818,7,10,15,102873,0,182416,80625,0,51,6733,6630791,1,0,0,0,0,0,0,26792,0,0,1,2064,0,0,0,0,0,0,5875,10250,1,50,2,2560,1440,5120,2880,2500,2,2,0,966,0,1,1014,1014,12375000,0
22,482931792,26486208,0,0,1,5120,2880,2392,129,-2648,21730,0,0,0,0,0,-1,76,6960957,176120,3,176,0,0,5,592684,0,2,181818,7,11,12,1416,0,144709,30042,0,58,6764,11878167,1,0,0,0,0,0,0,22542,0,0,1,2064,0,0,0,0,0,0,4958,8958,1,50,2,2560,1440,5120,2880,2500,2,2,0,967,0,1,1015,1015,10102750,0
23,502186167,19254375,0,0,1,5120,2880,2392,129,-2648,19136,0,0,0,0,0,-1,65,142959,169286,3,176,0,0,5,528892,0,2,181818,7,10,13,77123,0,153707,56041,0,48,6145,10485125,1,0,0,0,0,0,0,44291,0,0,1,2064,0,0,0,0,0,0,9042,15458,1,50,2,2560,1440,5120,2880,2500,2,2,0,968,0,1,1016,1016,12333958,0
24,522478792,20292625,0,0,1,5120,2880,2392,129,-2648,20429,0,0,0,0,0,-1,75,3307004,219209,3,176,0,0,5,522484,0,2,181818,7,11,14,51669,0,191584,47334,0,56,6267,6381666,1,0,0,0,0,0,0,54250,0,0,1,2064,0,0,0,0,0,0,8666,19709,1,50,2,2560,1440,5120,2880,2500,2,2,0,969,0,1,1017,1017,12386999,0
25,542438375,19959583,0,0,1,5120,2880,2392,129,-2648,19800,0,0,0,0,0,-1,65,8705125,183037,3,176,0,0,5,476404,0,2,181818,7,10,15,145876,0,137040,245708,0,48,6365,4231041,1,0,0,0,0,0,0,25750,0,0,1,2064,0,0,0,0,0,0,5750,9583,1,50,2,2560,1440,5120,2880,2500,2,2,0,970,0,1,1018,1018,10079375,0
26,566839667,24401292,0,0,1,5120,2880,2392,129,-2648,20117,0,0,0,0,0,-1,64,133374,150124,3,176,0,0,5,475612,0,2,181818,7,10,15,1456,0,138415,30540,0,48,6470,17299292,1,0,0,0,0,0,0,24625,0,0,1,2064,0,0,0,0,0,0,6708,8416,1,50,2,2560,1440,5120,2880,2500,2,2,0,971,0,1,1019,1019,12005875,0
27,585843959,19004292,0,0,1,5120,2880,2392,129,-2648,22446,0,0,0,0,0,-1,72,190457,200917,3,176,0,0,5,405592,0,2,181818,7,11,13,52377,0,217708,44666,0,53,7012,8366292,1,0,0,0,0,0,0,45708,0,0,1,2064,0,0,0,0,0,0,6667,19291,1,50,2,2560,1440,5120,2880,2500,2,2,0,972,0,1,1020,1020,12056416,0
28,604996959,19153000,0,0,1,5120,2880,2392,129,-2648,20489,0,0,0,0,0,-1,52,4061334,150416,3,176,0,0,5,262852,0,2,181818,7,10,15,149875,0,137833,49001,0,35,6664,7462042,1,0,0,0,0,0,0,28542,0,0,1,2064,0,0,0,0,0,0,6583,10292,1,50,2,2560,1440,5120,2880,2500,2,2,0,973,0,1,1021,1021,12056416,0
29,625297792,20300833,0,0,1,5120,2880,2392,129,-2648,22198,0,0,0,0,0,-1,62,8054416,183414,3,176,0,0,5,244132,0,2,181818,7,11,20,144042,0,181708,59501,0,43,6954,2712625,1,0,0,0,0,0,0,29875,0,0,1,2064,0,0,0,0,0,0,6250,12791,1,50,2,2560,1440,5120,2880,2500,2,2,0,974,0,1,1022,1022,10067666,0
30,649971459,24673667,0,0,1,5120,2880,2392,129,-2648,20908,0,0,0,0,0,-1,49,410545,141123,3,176,0,0,5,207088,0,2,181818,7,10,15,1793,0,158666,34333,0,33,6813,17741542,1,0,0,0,0,0,0,75333,0,0,1,2064,0,0,0,0,0,0,15917,28250,1,50,2,2560,1440,5120,2880,2500,2,2,0,975,0,1,1023,1023,9664500,0
31,668843625,18872166,0,0,1,5120,2880,2392,128,-2649,22765,0,0,0,0,0,-1,60,159167,196880,3,176,0,0,5,197368,0,2,181818,7,11,14,75707,0,205167,60876,0,41,7197,8544125,1,0,0,0,0,0,0,47042,0,0,1,2064,0,0,0,0,0,0,8625,20417,1,50,2,2560,1440,5120,2880,2500,2,2,0,976,0,1,1024,1024,11787791,0
32,688081125,19237500,0,0,1,5120,2880,2392,128,-2649,21456,0,0,0,0,0,-1,51,2823539,203123,4,248,0,0,5,198268,0,2,181818,7,10,15,130667,0,205418,2085291,0,33,6996,7738917,1,0,0,0,0,0,0,65584,0,0,1,2064,0,0,0,0,0,0,15167,24125,1,50,2,2560,1440,5120,2880,2500,2,2,0,977,0,1,1025,1025,11787791,0
33,707922000,19840875,0,0,1,5120,2880,2392,128,-2649,21360,0,0,0,0,0,-1,50,7999496,138496,3,176,0,0,5,165400,0,2,181818,7,10,19,141875,0,160123,48917,0,33,6967,4995083,1,0,0,0,0,0,0,29792,0,0,1,2064,0,0,0,0,0,0,6917,11208,1,50,2,2560,1440,5120,2880,2500,2,2,0,978,0,1,1026,1026,9886874,0
34,732982000,25060000,0,0,1,5120,2880,2392,128,-2649,22939,0,0,0,0,0,-1,59,127921,150584,3,176,0,0,5,165508,0,2,181818,7,11,16,1374,0,148873,32167,0,41,7189,16681292,1,0,0,0,0,0,0,27334,0,0,1,2064,0,0,0,0,0,0,6792,9666,1,50,2,2560,1440,5120,2880,2500,2,2,0,979,0,1,1027,1027,11514458,0
35,751007542,18025542,0,0,1,5120,2880,2392,128,-2649,21288,0,0,0,0,0,-1,51,130917,150165,7,127784,0,0,5,173176,0,2,181818,7,10,14,134542,0,212998,42874,0,33,6939,10565292,1,0,0,0,0,0,0,46042,0,0,1,2064,0,0,0,0,0,0,9125,19042,1,50,2,2560,1440,5120,2880,2500,2,2,0,980,0,1,1028,1028,11685041,0
36,771744625,20737083,0,0,1,5120,2880,2392,128,-2649,22529,0,0,0,0,0,-1,59,3747501,192758,3,176,0,0,5,173176,0,2,181818,7,11,20,151712,0,172501,57542,0,40,7119,7006250,1,0,0,0,0,0,0,53542,0,0,1,2064,0,0,0,0,0,0,10000,19958,1,50,2,2560,1440,5120,2880,2500,2,2,0,981,0,1,1029,1029,11685041,0
37,791178292,19433667,0,0,1,5120,2880,2392,128,-2649,21285,0,0,0,0,0,-1,50,8588871,119251,3,176,0,0,5,173176,0,2,181818,7,10,19,146460,0,144667,50918,0,33,6942,4973375,1,0,0,0,0,0,0,25541,0,0,1,2064,0,0,0,0,0,0,5417,10292,1,50,2,2560,1440,5120,2880,2500,2,2,0,982,0,1,1030,1030,11829125,0
38,816551375,25373083,0,0,1,5120,2880,2392,128,-2649,21295,0,0,0,0,0,-1,49,114292,135169,3,176,0,0,5,173320,0,2,181818,7,10,15,958,0,144374,33459,0,33,6942,19116500,1,0,0,0,0,0,0,65000,0,0,1,2064,0,0,0,0,0,0,12333,20167,1,50,2,2560,1440,5120,2880,2500,2,2,0,983,0,1,1031,1031,11473791,0
39,835050667,18499292,0,0,1,5120,2880,2392,128,-2649,22809,0,0,0,0,0,-1,60,832707,171833,3,176,0,0,5,173536,0,2,181818,7,11,15,135791,0,184708,483543,0,41,7165,8934458,1,0,0,0,0,0,0,44500,0,0,1,2064,0,0,0,0,0,0,6541,18583,1,50,2,2560,1440,5120,2880,2500,2,2,0,984,0,1,1032,1032,11473791,0
40,854613709,19563042,0,0,1,5120,2880,2392,128,-2649,21285,0,0,0,0,0,-1,50,4218084,145496,3,176,0,0,5,173752,0,2,181818,7,10,19,146081,0,157084,51960,0,33,6942,8452333,1,0,0,0,0,0,0,50917,0,0,1,2064,0,0,0,0,0,0,14583,18208,1,50,2,2560,1440,5120,2880,2500,2,2,0,985,0,1,1033,1033,11584541,0
41,875276792,20663083,0,0,1,5120,2880,2392,128,-2650,22604,0,0,0,0,0,-1,59,8795086,162000,3,176,0,0,5,173752,0,2,181818,7,11,20,146957,0,180750,58750,0,40,7134,3316250,1,0,0,0,0,0,0,31292,0,0,1,2064,0,0,0,0,0,0,4709,12875,1,50,2,2560,1440,5120,2880,2500,2,2,0,986,0,1,1034,1034,11560541,0
42,899981542,24704750,0,0,1,5120,2880,2392,128,-2650,21295,0,0,0,0,0,-1,49,124162,138710,3,176,0,0,5,173968,0,2,181818,7,10,15,1792,0,177250,33332,0,33,6942,18246125,1,0,0,0,0,0,0,45958,0,0,1,2064,0,0,0,0,0,0,9708,17542,1,50,2,2560,1440,5120,2880,2500,2,2,0,987,0,1,1035,1035,11413458,0
43,919312417,19330875,0,0,1,5120,2880,2392,128,-2650,22994,0,0,0,0,0,-1,60,160586,202628,3,176,0,0,5,174184,0,2,181818,7,11,15,90332,0,211292,75335,0,41,7202,8667209,1,0,0,0,0,0,0,52250,0,0,1,2064,0,0,0,0,0,0,10125,19375,1,50,2,2560,1440,5120,2880,2500,2,2,0,988,0,1,1036,1036,9822000,0
44,938431959,19119542,0,0,1,5120,2880,2392,128,-2650,21296,0,0,0,0,0,-1,51,4163044,151166,6,9476,0,0,5,174328,0,2,181818,7,10,15,140042,0,199250,3431250,0,33,6942,7425708,1,0,0,0,0,0,0,24417,0,0,1,2064,0,0,0,0,0,0,6125,9500,1,50,2,2560,1440,5120,2880,2500,2,2,0,989,0,1,1037,1037,9822000,0
45,965936584,27504625,0,0,1,5120,2880,2392,128,-2650,21295,0,0,0,0,0,-1,49,118456,128205,3,176,0,0,5,174328,0,2,181818,7,10,15,1623,0,154040,35875,0,33,6942,21816667,1,0,0,0,0,0,0,26291,0,0,1,2064,0,0,0,0,0,0,6958,9334,1,50,2,2560,1440,5120,2880,2500,2,2,0,990,0,1,1038,1038,9514708,0
46,984740125,18803541,0,0,1,5120,2880,2392,128,-2650,22502,0,0,0,0,0,-1,59,178828,199458,3,176,0,0,5,174760,0,2,181818,7,11,15,90748,0,203749,60999,0,40,7114,9651291,1,0,0,0,0,0,0,47792,0,0,1,2064,0,0,0,0,0,0,7875,20625,1,50,2,2560,1440,5120,2880,2500,2,2,0,991,0,1,1039,1039,11626249,0
47,1004016417,19276292,0,0,1,5120,2880,2392,128,-2650,21293,0,0,0,0,0,-1,50,2847793,162831,3,176,0,0,5,174760,0,2,181818,7,10,15,151915,0,178124,55541,0,33,6942,8719958,1,0,0,0,0,0,0,46041,0,0,1,2064,0,0,0,0,0,0,11709,17416,1,50,2,2560,1440,5120,2880,2500,2,2,0,992,0,1,1040,1040,11626249,0
48,1032188167,28171750,0,0,1,5120,2880,2392,128,-2650,22952,0,0,0,0,0,-1,59,138836,162251,3,176,0,0,5,174760,0,3,185914,7,11,16,1583,0,163915,36626,0,41,7193,20370834,1,0,0,0,0,0,0,24542,0,0,1,2064,0,0,0,0,0,0,6500,9083,1,50,2,2560,1440,5120,2880,2500,2,2,0,993,0,1,1041,1041,11575458,0
49,1051338375,19150208,0,0,1,5120,2880,2392,128,-2650,21287,0,0,0,0,0,-1,50,132123,146460,3,176,0,0,5,174652,0,2,181818,7,10,14,91042,0,172959,48874,0,33,6940,11339209,1,0,0,0,0,0,0,32000,0,0,1,2064,0,0,0,0,0,0,8000,12583,1,50,2,2560,1440,5120,2880,2500,2,2,0,994,0,1,1042,1042,11697458,0
50,1070935875,19597500,0,0,1,5120,2880,2392,128,-2650,22490,0,0,0,0,0,-1,59,2231505,176458,3,176,0,0,5,174076,0,2,181818,7,11,16,149917,0,179083,58208,0,40,7110,7238625,1,0,0,0,0,0,0,50541,0,0,1,2064,0,0,0,0,0,0,7834,18291,1,50,2,2560,1440,5120,2880,2500,2,2,0,995,0,1,1043,1043,11697458,0
51,1090483167,19547292,0,0,1,5120,2880,2392,128,-2650,21237,0,0,0,0,0,-1,50,7627414,133374,3,176,0,0,5,174076,0,2,181818,7,10,19,137415,0,160082,46707,0,33,6926,5522291,1,0,0,0,0,0,0,33833,0,0,1,2064,0,0,0,0,0,0,7750,13875,1,50,2,2560,1440,5120,2880,2500,2,2,0,996,0,1,1044,1044,11826625,0
52,1116222167,25739000,0,0,1,5120,2880,2392,128,-2650,21236,0,0,0,0,0,-1,49,106164,125918,7,123400,0,0,5,165032,0,2,181818,7,10,15,1624,0,172918,35958,0,32,6927,19567958,1,0,0,0,0,0,0,23542,0,0,1,2064,0,0,0,0,0,0,6125,8958,1,50,2,2560,1440,5120,2880,2500,2,2,0,997,0,1,1045,1045,11536916,0
53,1134842250,18620083,0,0,1,5120,2880,2392,128,-2650,22763,0,0,0,0,0,-1,60,215162,175333,5,110496,0,0,5,158536,0,2,181818,7,11,15,140333,0,198500,44666,0,40,7151,9111500,1,0,0,0,0,0,0,48958,0,0,1,2064,0,0,0,0,0,0,11167,18834,1,50,2,2560,1440,5120,2880,2500,2,2,0,998,0,1,1046,1046,11636083,0
54,1154303334,19461084,0,0,1,5120,2880,2392,128,-2650,21177,0,0,0,0,0,-1,49,3881582,147710,3,176,0,0,5,158424,0,2,181818,7,10,19,132457,0,150875,50042,0,32,6912,8358875,1,0,0,0,0,0,0,42959,0,0,1,2064,0,0,0,0,0,0,5625,22750,1,50,2,2560,1440,5120,2880,2500,2,2,0,999,0,1,1047,1047,11636083,0
55,1182164209,27860875,0,0,1,5120,2880,2392,128,-2650,22506,0,0,0,0,0,-1,57,125919,157665,3,176,0,0,5,158424,0,2,181818,7,11,16,1457,0,154208,35333,0,39,7104,20022250,1,0,0,0,0,0,0,24875,0,0,1,2064,0,0,0,0,0,0,5958,9042,1,50,2,2560,1440,5120,2880,2500,2,2,0,1000,0,1,1048,1048,11323249,0
56,1201079500,18915291,0,0,1,5120,2880,2392,128,-2650,21183,0,0,0,0,0,-1,49,148456,141542,3,176,0,0,5,150640,0,2,181818,7,10,14,121416,0,169958,68207,0,32,6912,11496375,1,0,0,0,0,0,0,53667,0,0,1,2064,0,0,0,0,0,0,10833,19750,1,50,2,2560,1440,5120,2880,2500,2,2,0,1001,0,1,1049,1049,9603874,0
57,1220809000,19729500,0,0,1,5120,2880,2392,128,-2650,22698,0,0,0,0,0,-1,59,2620506,166831,3,176,0,0,5,150640,0,2,181818,7,11,18,150833,0,173249,66666,0,40,7136,7688875,1,0,0,0,0,0,0,54709,0,0,1,2064,0,0,0,0,0,0,11083,19208,1,50,2,2560,1440,5120,2880,2500,2,2,0,1002,0,1,1050,1050,9603874,0
58,1240266042,19457042,0,0,1,5120,2880,2392,128,-2650,21177,0,0,0,0,0,-1,49,7777918,140790,3,176,0,0,5,150640,0,2,181818,7,10,19,138083,0,158210,49625,0,32,6912,5935000,1,0,0,0,0,0,0,27875,0,0,1,2064,0,0,0,0,0,0,7459,9709,1,50,2,2560,1440,5120,2880,2500,2,2,0,1003,0,1,1051,1051,11662208,0
59,1265661625,25395583,0,0,1,5120,2880,2392,128,-2650,21187,0,0,0,0,0,-1,48,102291,117917,3,176,0,0,5,150640,0,2,181818,7,10,15,1209,0,132751,31916,0,32,6912,19825958,1,0,0,0,0,0,0,26667,0,0,1,2064,0,0,0,0,0,0,7125,9417,1,50,2,2560,1440,5120,2880,2500,2,2,0,1004,0,1,1052,1052,11340249,0
60,1284226667,18565042,0,0,1,5120,2880,2392,128,-2650,22429,0,0,0,0,0,-1,58,162748,153707,3,176,0,0,5,150640,0,2,181818,7,11,15,139833,0,178917,54584,0,39,7089,9929541,1,0,0,0,0,0,0,48625,0,0,1,2064,0,0,0,0,0,0,7916,20042,1,50,2,2560,1440,5120,2880,2500,2,2,0,1005,0,1,1053,1053,11444666,0
61,1303592459,19365792,0,0,1,5120,2880,2392,128,-2650,21177,0,0,0,0,0,-1,49,3024835,153415,3,176,0,0,5,150640,0,2,181818,7,10,19,148334,0,153041,56208,0,32,6912,9188916,1,0,0,0,0,0,0,55667,0,0,1,2064,0,0,0,0,0,0,10917,21500,1,50,2,2560,1440,5120,2880,2500,2,2,0,1006,0,1,1054,1054,11444666,0
62,1331884292,28291833,0,0,1,5120,2880,2392,128,-2650,22988,0,0,0,0,0,-1,58,346084,146749,3,176,0,0,5,150528,0,2,181818,7,11,16,1375,0,147209,31916,0,40,7192,21057084,1,0,0,0,0,0,0,21833,0,0,1,2064,0,0,0,0,0,0,5167,8708,1,50,2,2560,1440,5120,2880,2500,2,2,0,1007,0,1,1055,1055,11415624,0
63,1350520250,18635958,0,0,1,5120,2880,2392,128,-2650,21185,0,0,0,0,0,-1,49,151207,134792,3,176,0,0,5,150416,0,2,181818,7,10,14,139332,0,164626,50917,0,32,6912,11906500,1,0,0,0,0,0,0,32291,0,0,1,2064,0,0,0,0,0,0,7375,10292,1,50,2,2560,1440,5120,2880,2500,2,2,0,1008,0,1,1056,1056,11455874,0
64,1370851959,20331709,0,0,1,5120,2880,2392,128,-2650,22386,0,0,0,0,0,-1,58,1537958,229999,3,176,0,0,5,150304,0,2,181818,7,11,20,146625,0,183249,59250,0,39,7084,7588834,1,0,0,0,0,0,0,59667,0,0,1,2064,0,0,0,0,0,0,10667,23667,1,50,2,2560,1440,5120,2880,2500,2,2,0,1009,0,1,1057,1057,11455874,0
65,1390571500,19719541,0,0,1,5120,2880,2392,128,-2650,21177,0,0,0,0,0,-1,49,7880835,148169,3,176,0,0,5,150192,0,2,181818,7,10,19,143584,0,163667,56375,0,32,6912,5678959,1,0,0,0,0,0,0,28708,0,0,1,2064,0,0,0,0,0,0,7125,11042,1,50,2,2560,1440,5120,2880,2500,2,2,0,1010,0,1,1058,1058,12013375,0
66,1416110000,25538500,0,0,1,5120,2880,2392,128,-2650,21187,0,0,0,0,0,-1,48,107379,128666,3,176,0,0,5,150080,0,2,181818,7,10,15,1959,0,139791,34417,0,32,6912,19781791,1,0,0,0,0,0,0,27250,0,0,1,2064,0,0,0,0,0,0,7041,10084,1,50,2,2560,1440,5120,2880,2500,2,2,0,1011,0,1,1059,1059,11396333,0
67,1434784917,18674917,0,0,1,5120,2880,2392,128,-2649,22719,0,0,0,0,0,-1,59,404167,182581,3,176,0,0,5,158312,0,2,181818,7,11,15,154626,0,185250,48166,0,40,7139,9295334,1,0,0,0,0,0,0,50208,0,0,1,2064,0,0,0,0,0,0,10250,18792,1,50,2,2560,1440,5120,2880,2500,2,2,0,1012,0,1,1060,1060,9699624,0
68,1454220500,19435583,0,0,1,5120,2880,2392,128,-2649,21180,0,0,0,0,0,-1,49,3495205,145332,3,176,0,0,5,164472,0,2,181818,7,10,19,139958,0,152376,52874,0,32,6913,8765375,1,0,0,0,0,0,0,54042,0,0,1,2064,0,0,0,0,0,0,12250,20250,1,50,2,2560,1440,5120,2880,2500,2,2,0,1013,0,1,1061,1061,9699624,0
69,1482107042,27886542,0,0,1,5120,2880,2392,128,-2649,22516,0,0,0,0,0,-1,58,375038,154416,10,13772,0,0,5,164808,0,2,181818,7,11,16,1790,0,173501,31208,0,39,7105,20446250,1,0,0,0,0,0,0,24333,0,0,1,2064,0,0,0,0,0,0,6209,9125,1,50,2,2560,1440,5120,2880,2500,2,2,0,1014,0,1,1062,1062,9605833,0
70,1500938250,18831208,0,0,1,5120,2880,2392,128,-2649,21207,0,0,0,0,0,-1,50,130790,134625,3,176,0,0,5,173968,0,2,181818,7,10,14,111416,0,162208,52751,0,33,6914,11655875,1,0,0,0,0,0,0,30833,0,0,1,2064,0,0,0,0,0,0,7000,11250,1,50,2,2560,1440,5120,2880,2500,2,2,0,1015,0,1,1063,1063,11478125,0
71,1520890000,19951750,0,0,1,5120,2880,2392,128,-2649,22777,0,0,0,0,0,-1,60,2020497,193500,3,176,0,0,5,173752,0,2,181818,7,11,18,151123,0,170126,540334,0,41,7149,7587584,1,0,0,0,0,0,0,53166,0,0,1,2064,0,0,0,0,0,0,9083,20833,1,50,2,2560,1440,5120,2880,2500,2,2,0,1016,0,1,1064,1064,11478125,0
72,1540470667,19580667,0,0,1,5120,2880,2392,128,-2649,21201,0,0,0,0,0,-1,50,7662289,136123,3,176,0,0,5,173644,0,2,181818,7,10,19,136248,0,162500,45710,0,33,6914,5902917,1,0,0,0,0,0,0,31459,0,0,1,2064,0,0,0,0,0,0,7292,12708,1,50,2,2560,1440,5120,2880,2500,2,2,0,1017,0,1,1065,1065,11738708,0
73,1566336167,25865500,0,0,1,5120,2880,2392,128,-2649,21211,0,0,0,0,0,-1,49,107624,130621,3,176,0,0,5,173644,0,2,181818,7,10,15,1292,0,151460,32209,0,33,6914,18893292,1,0,0,0,0,0,0,22292,0,0,1,2064,0,0,0,0,0,0,5667,8500,1,50,2,2560,1440,5120,2880,2500,2,2,0,1018,0,1,1066,1066,11386124,0
74,1585049500,18713333,0,0,1,5120,2880,2392,128,-2648,22416,0,0,0,0,0,-1,59,177627,178663,3,176,0,0,5,173644,0,2,181818,7,11,15,122041,0,203543,51916,0,40,7086,9026583,1,0,0,0,0,0,0,53541,0,0,1,2064,0,0,0,0,0,0,9583,20042,1,50,2,2560,1440,5120,2880,2500,2,2,0,1019,0,1,1067,1067,11606958,0
75,1604481084,19431584,0,0,1,5120,2880,2392,128,-2648,22911,0,0,0,0,0,-1,50,2896459,154045,3,176,0,0,5,173536,0,2,181818,7,10,17,147919,0,173042,58832,0,33,7484,8198833,1,0,0,0,0,0,0,50417,0,0,1,2064,0,0,0,0,0,0,12167,18416,1,50,2,2560,1440,5120,2880,2500,2,2,0,1020,0,1,1068,1068,11606958,0
76,1632439250,27958166,0,0,1,5120,2880,2392,128,-2648,24550,0,0,0,0,0,-1,59,122709,152622,15,1234532,0,0,5,172168,0,2,181818,7,11,16,1625,0,205750,39375,0,40,7729,20106209,1,0,0,0,0,0,0,24458,0,0,1,2064,0,0,0,0,0,0,6792,9209,1,50,2,2560,1440,5120,2880,2500,2,2,0,1021,0,1,1069,1069,11270708,0
77,1652193959,19754709,0,0,1,5120,2880,2392,128,-2648,22505,0,0,0,0,0,-1,50,124871,191669,10,13772,0,0,5,172168,0,2,181818,7,10,12,56250,0,228498,49749,0,32,7350,11134291,1,0,0,0,0,0,0,50958,0,0,1,2064,0,0,0,0,0,0,11125,18417,1,50,2,2560,1440,5120,2880,2500,2,2,0,1022,0,1,1070,1070,11492958,0
78,1671545542,19351583,0,0,1,5120,2880,2392,129,-2648,23720,0,0,0,0,0,-1,59,3140043,198875,8,207448,0,0,5,190960,0,2,181818,7,11,16,143085,0,228625,56833,0,39,7522,6482042,1,0,0,0,0,0,0,48917,0,0,1,2064,0,0,0,0,0,0,9916,18750,1,50,2,2560,1440,5120,2880,2500,2,2,0,1023,0,1,1071,1071,11492958,0
79,1698573375,27027833,0,0,1,5120,2880,2392,129,-2648,22568,0,0,0,0,0,-1,48,110293,117249,3,176,0,0,5,196756,0,2,181818,7,10,15,1497,0,135292,32460,0,32,7370,21098458,1,0,0,0,0,0,0,22834,0,0,1,2064,0,0,0,0,0,0,6000,8667,1,50,2,2560,1440,5120,2880,2500,2,2,0,1024,0,1,1072,1072,11222041,0
80,1718700167,20126792,0,0,1,5120,2880,2392,129,-2648,24267,0,0,0,0,0,-1,59,134373,176627,3,176,0,0,5,190600,0,2,181818,7,11,13,50293,0,194041,43624,0,40,7634,10163541,1,0,0,0,0,0,0,48917,0,0,1,2064,0,0,0,0,0,0,8583,20416,1,50,2,2560,1440,5120,2880,2500,2,2,0,1025,0,1,1073,1073,9844000,0
81,1737604792,18904625,0,0,1,5120,2880,2392,129,-2648,22641,0,0,0,0,0,-1,50,2371662,180791,3,176,0,0,5,202588,0,2,181818,7,10,15,156623,0,162791,52083,0,33,7389,8009250,1,0,0,0,0,0,0,64209,0,0,1,2064,0,0,0,0,0,0,13750,23084,1,50,2,2560,1440,5120,2880,2500,2,2,0,1026,0,1,1074,1074,9844000,0
82,1765878084,28273292,0,0,1,5120,2880,2392,129,-2648,22613,0,0,0,0,0,-1,48,105076,124664,3,176,0,0,5,196648,0,2,181818,7,10,15,1082,0,153166,33000,0,32,7385,22246834,1,0,0,0,0,0,0,24500,0,0,1,2064,0,0,0,0,0,0,6875,9125,1,50,2,2560,1440,5120,2880,2500,2,2,0,1027,0,1,1075,1075,9612750,0
83,1785031959,19153875,0,0,1,5120,2880,2392,129,-2647,23723,0,0,0,0,0,-1,58,136539,168791,3,176,0,0,5,205180,0,2,181818,7,11,13,49626,0,188250,56417,0,39,7504,9661709,1,0,0,0,0,0,0,48958,0,0,1,2064,0,0,0,0,0,0,7458,18542,1,50,2,2560,1440,5120,2880,2500,2,2,0,1028,0,1,1076,1076,11411750,0
84,1803996334,18964375,0,0,1,5120,2880,2392,129,-2647,21995,0,0,0,0,0,-1,50,1980506,180996,5,8352,0,0,5,196612,0,2,181818,7,10,15,130626,0,192084,66707,0,32,7179,8378958,1,0,0,0,0,0,0,50625,0,0,1,2064,0,0,0,0,0,0,10292,19250,1,50,2,2560,1440,5120,2880,2500,2,2,0,1029,0,1,1077,1077,11411750,0
85,1832237500,28241166,0,0,1,5120,2880,2392,129,-2647,23085,0,0,0,0,0,-1,58,126166,150749,3,176,0,0,5,196396,0,2,181818,7,11,16,1583,0,145500,31915,0,40,7260,19994459,1,0,0,0,0,0,0,27334,0,0,1,2064,0,0,0,0,0,0,6708,9500,1,50,2,2560,1440,5120,2880,2500,2,2,0,1030,0,1,1078,1078,11423749,0
86,1852119167,19881667,0,0,1,5120,2880,2392,129,-2647,20951,0,0,0,0,0,-1,49,141793,200538,4,3536,0,0,5,180952,0,2,181818,7,10,12,58083,0,199749,46958,0,31,6840,11378083,1,0,0,0,0,0,0,50334,0,0,1,2064,0,0,0,0,0,0,10417,18792,1,50,2,2560,1440,5120,2880,2500,2,2,0,1031,0,1,1079,1079,11635916,0
87,1870601459,18482292,0,0,1,5120,2880,2392,129,-2647,22005,0,0,0,0,0,-1,59,559419,225245,3,176,0,0,5,225628,0,2,181818,7,11,16,153250,0,200791,58417,0,40,6948,6491625,1,0,0,0,0,0,0,55167,0,0,1,2064,0,0,0,0,0,0,7792,12208,1,50,2,2560,1440,5120,2880,2500,2,2,0,1032,0,1,1080,1080,11697250,0
88,1889565000,18963541,0,0,1,5120,2880,2392,129,-2647,20827,0,0,0,0,0,-1,50,5565665,170833,3,176,0,0,5,245644,0,2,181818,7,10,19,148709,0,154458,53082,0,33,6789,5711000,1,0,0,0,0,0,0,29292,0,0,1,2064,0,0,0,0,0,0,7542,9916,1,50,2,2560,1440,5120,2880,2500,2,2,0,1033,0,1,1081,1081,11697250,0
89,1915592709,26027709,0,0,1,5120,2880,2392,129,-2647,20882,0,0,0,0,0,-1,50,106710,119836,3,176,0,0,5,260692,0,2,181818,7,10,15,1458,0,131042,31166,0,34,6798,20288458,1,0,0,0,0,0,0,23834,0,0,1,2064,0,0,0,0,0,0,5959,8334,1,50,2,2560,1440,5120,2880,2500,2,2,0,1034,0,1,1082,1082,9606125,0
90,1935146417,19553708,0,0,1,5120,2880,2392,129,-2647,22674,0,0,0,0,0,-1,72,181958,203581,3,176,0,0,5,397240,0,2,181818,7,11,13,51499,0,170374,41124,0,53,7042,9849083,1,0,0,0,0,0,0,40125,0,0,1,2064,0,0,0,0,0,0,7292,15541,1,50,2,2560,1440,5120,2880,2500,2,2,0,1035,0,1,1083,1083,11561916,0
91,1954310292,19163875,0,0,1,5120,2880,2392,129,-2647,20496,0,0,0,0,0,-1,63,2010252,188548,3,176,0,0,5,422548,0,2,181818,7,10,15,146706,0,1397665,54251,0,46,6607,8397583,1,0,0,0,0,0,0,32625,0,0,1,2064,0,0,0,0,0,0,7875,11708,1,50,2,2560,1440,5120,2880,2500,2,2,0,1036,0,1,1084,1084,11561916,0
92,1974676792,20366500,0,0,1,5120,2880,2392,128,-2647,21422,0,0,0,0,0,-1,74,6955662,205710,3,176,0,0,5,475180,0,2,181818,7,11,18,55000,0,178459,47125,0,55,6674,3928833,1,0,0,0,0,0,0,21791,0,0,1,2064,0,0,0,0,0,0,4458,8834,1,50,2,2560,1440,5120,2880,2500,2,2,0,1037,0,1,1085,1085,11836458,0
93,1999531209,24854417,0,0,1,5120,2880,2392,128,-2647,19513,0,0,0,0,0,-1,64,124707,154583,3,176,0,0,5,476620,0,2,181818,7,10,11,1335,0,132291,30418,0,48,6274,18868125,1,0,0,0,0,0,0,27417,0,0,1,2064,0,0,0,0,0,0,6375,10833,1,50,2,2560,1440,5120,2880,2500,2,2,0,1038,0,1,1086,1086,11745291,0
94,2019853584,20322375,0,0,1,5120,2880,2392,128,-2647,20541,0,0,0,0,0,-1,77,159336,232046,3,176,0,0,5,537856,0,2,181818,7,11,13,53331,0,167875,50791,0,58,6318,9029125,1,0,0,0,0,0,0,43458,0,0,1,2064,0,0,0,0,0,0,8084,16416,1,50,2,2560,1440,5120,2880,2500,2,2,0,1039,0,1,1087,1087,10077500,0
95,2037077042,17223458,0,0,1,5120,2880,2392,128,-2647,19150,0,0,0,0,0,-1,68,162664,202337,7,103600,0,0,5,537856,0,2,181818,7,10,13,59040,0,247127,52168,0,50,6140,6909250,1,0,0,0,0,0,0,53875,0,0,1,2064,0,0,0,0,0,0,9500,19958,1,50,2,2560,1440,5120,2880,2500,2,2,0,1040,0,1,1088,1088,10323874,0
96,2056545375,19468333,0,0,1,5120,2880,2392,128,-2647,19937,0,0,0,0,0,-1,69,3989498,230169,3,176,0,0,5,600568,0,2,181818,7,10,15,93127,0,151124,60167,0,52,6389,6374917,1,0,0,0,0,0,0,24333,0,0,1,2064,0,0,0,0,0,0,5917,9500,1,50,2,2560,1440,5120,2880,2500,2,2,0,1041,0,1,1089,1089,12248083,0
97,2083024959,26479584,0,0,1,5120,2880,2392,128,-2647,21155,0,0,0,0,0,-1,77,6776834,184127,3,176,0,0,5,600460,0,2,181818,7,11,12,1249,0,147334,29583,0,59,6552,12091833,1,0,0,0,0,0,0,21125,0,0,1,2064,0,0,0,0,0,0,4125,8958,1,50,2,2560,1440,5120,2880,2500,2,2,0,1042,0,1,1090,1090,10222208,0
98,2103280084,20255125,0,0,1,5120,2880,2392,128,-2647,19821,0,0,0,0,0,-1,69,166795,201043,3,176,0,0,5,581236,0,2,181818,7,10,12,60086,0,159625,46667,0,52,6353,10486500,1,0,0,0,0,0,0,60458,0,0,1,2064,0,0,0,0,0,0,12291,22958,1,50,2,2560,1440,5120,2880,2500,2,2,0,1043,0,1,1091,1091,10543000,0
99,2122854792,19574708,0,0,1,5120,2880,2392,128,-2646,21527,0,0,0,0,0,-1,79,8096043,235454,3,176,0,0,5,581236,0,2,181818,7,11,14,59333,0,217458,51916,0,60,6614,24250,1,0,0,0,0,0,0,58125,0,0,1,2064,0,0,0,0,0,0,8833,20459,1,50,2,2560,1440,5120,2880,2500,2,2,0,1044,0,1,1092,1092,10522041,0
100,2149928792,27074000,0,0,1,5120,2880,2392,128,-2646,19815,0,0,0,0,0,-1,68,135589,182499,3,176,0,0,5,581236,0,2,181818,7,10,11,1209,0,148291,33625,0,52,6353,20874792,1,0,0,0,0,0,0,24417,0,0,1,2064,0,0,0,0,0,0,5833,9708,1,50,2,2560,1440,5120,2880,2500,2,2,0,1045,0,1,1093,1093,10145541,0
101,2170047250,20118458,0,0,1,5120,2880,2392,128,-2646,21030,0,0,0,0,0,-1,78,6042959,236666,3,176,0,0,5,581236,0,2,181818,7,11,13,76502,0,192332,44501,0,59,6525,2772875,1,0,0,0,0,0,0,56375,0,0,1,2064,0,0,0,0,0,0,12458,20125,1,50,2,2560,1440,5120,2880,2500,2,2,0,1046,0,1,1094,1094,10307666,0
102,2189575000,19527750,0,0,1,5120,2880,2392,128,-2646,19829,0,0,0,0,0,-1,69,3489204,201955,3,176,0,0,5,581236,0,2,181818,7,10,15,90958,0,159417,61542,0,52,6353,6888458,1,0,0,0,0,0,0,25792,0,0,1,2064,0,0,0,0,0,0,5917,10209,1,50,2,2560,1440,5120,2880,2500,2,2,0,1047,0,1,1095,1095,10361499,0
103,2216627500,27052500,0,0,1,5120,2880,2392,128,-2646,19815,0,0,0,0,0,-1,68,145086,186123,3,176,0,0,5,581452,0,2,181818,7,10,11,1249,0,136126,37668,0,52,6353,20823000,1,0,0,0,0,0,0,22667,0,0,1,2064,0,0,0,0,0,0,6250,8959,1,50,2,2560,1440,5120,2880,2500,2,2,0,1048,0,1,1096,1096,10302208,0
104,2236338625,19711125,0,0,1,5120,2880,2392,128,-2646,21447,0,0,0,0,0,-1,79,6091581,235414,3,176,0,0,5,581452,0,2,181818,7,11,13,54042,0,218543,41333,0,60,6598,2769792,1,0,0,0,0,0,0,50792,0,0,1,2064,0,0,0,0,0,0,8750,20542,1,50,2,2560,1440,5120,2880,2500,2,2,0,1049,0,1,1097,1097,10250541,0
105,2256309459,19970834,0,0,1,5120,2880,2392,128,-2646,19829,0,0,0,0,0,-1,69,3902417,194792,3,176,0,0,5,581452,0,2,181818,7,10,15,96955,0,147750,59331,0,52,6353,7327209,1,0,0,0,0,0,0,25125,0,0,1,2064,0,0,0,0,0,0,5833,9958,1,50,2,2560,1440,5120,2880,2500,2,2,0,1050,0,1,1098,1098,10393500,0
106,2282785209,26475750,0,0,1,5120,2880,2392,128,-2646,21059,0,0,0,0,0,-1,77,7206793,169084,3,176,0,0,5,581560,0,2,181818,7,11,12,1959,0,146834,28666,0,59,6530,12311583,1,0,0,0,0,0,0,19542,0,0,1,2064,0,0,0,0,0,0,3375,8709,1,50,2,2560,1440,5120,2880,2500,2,2,0,1051,0,1,1099,1099,10417125,0
107,2302357875,19572666,0,0,1,5120,2880,2392,128,-2646,19821,0,0,0,0,0,-1,69,152118,209504,3,176,0,0,5,581560,0,2,181818,7,10,12,53080,0,170667,40750,0,52,6353,10934334,1,0,0,0,0,0,0,43459,0,0,1,2064,0,0,0,0,0,0,8916,18084,1,50,2,2560,1440,5120,2880,2500,2,2,0,1052,0,1,1100,1100,10222208,0
108,2322723875,20366000,0,0,1,5120,2880,2392,128,-2646,21377,0,0,0,0,0,-1,79,8906702,269416,3,176,0,0,5,581344,0,2,181818,7,11,14,57126,0,228666,50709,0,60,6584,24416,1,0,0,0,0,0,0,61875,0,0,1,2064,0,0,0,0,0,0,10375,22125,1,50,2,2560,1440,5120,2880,2500,2,2,0,1053,0,1,1101,1101,10620333,0
109,2349433959,26710084,0,0,1,5120,2880,2392,128,-2646,19815,0,0,0,0,0,-1,68,143044,157742,3,176,0,0,5,581452,0,2,181818,7,10,11,875,0,137250,31333,0,52,6353,20695750,1,0,0,0,0,0,0,23625,0,0,1,2064,0,0,0,0,0,0,5584,9708,1,50,2,2560,1440,5120,2880,2500,2,2,0,1054,0,1,1102,1102,10268124,0
110,2370035917,20601958,0,0,1,5120,2880,2392,128,-2646,21161,0,0,0,0,0,-1,78,6104953,246041,3,176,0,0,5,581236,0,2,181818,7,11,13,56709,0,163541,43709,0,59,6552,3155916,1,0,0,0,0,0,0,51542,0,0,1,2064,0,0,0,0,0,0,9500,21292,1,50,2,2560,1440,5120,2880,2500,2,2,0,1055,0,1,1103,1103,10285750,0
111,2389531375,19495458,0,0,1,5120,2880,2392,128,-2646,20000,0,0,0,0,0,-1,69,3115755,215663,3,176,0,0,5,567088,0,2,181818,7,10,15,99125,0,177416,56625,0,52,6410,6799375,1,0,0,0,0,0,0,45708,0,0,1,2064,0,0,0,0,0,0,6250,18458,1,50,2,2560,1440,5120,2880,2500,2,2,0,1056,0,1,1104,1104,10192041,0
112,2417419375,27888000,0,0,1,5120,2880,2392,128,-2646,20066,0,0,0,0,0,-1,69,159045,192873,5,41504,0,0,5,559600,0,2,181818,7,10,11,1874,0,178291,34748,0,52,6436,20740083,1,0,0,0,0,0,0,25291,0,0,1,2064,0,0,0,0,0,0,6250,9000,1,50,2,2560,1440,5120,2880,2500,2,2,0,1057,0,1,1105,1105,10413666,0
113,2436899292,19479917,0,0,1,5120,2880,2392,128,-2646,22005,0,0,0,0,0,-1,80,5925121,224287,15,188360,0,0,5,527812,0,2,181818,7,11,13,52959,0,246792,41000,0,60,6794,1933125,1,0,0,0,0,0,0,46625,0,0,1,2064,0,0,0,0,0,0,8208,18375,1,50,2,2560,1440,5120,2880,2500,2,2,0,1058,0,1,1106,1106,10098291,0
114,2456872000,19972708,0,0,1,5120,2880,2392,128,-2646,20485,0,0,0,0,0,-1,70,3831873,194999,21,597508,0,0,5,522196,0,2,181818,7,10,14,81375,0,223418,59750,0,52,6567,6608500,1,0,0,0,0,0,0,26541,0,0,1,2064,0,0,0,0,0,0,6500,10209,1,50,2,2560,1440,5120,2880,2500,2,2,0,1059,0,1,1107,1107,9989749,0
115,2483463959,26591959,0,0,1,5120,2880,2392,128,-2646,21708,0,0,0,0,0,-1,78,7026543,190371,24,416736,0,0,5,521980,0,2,181818,7,11,12,1539,0,196790,30416,0,59,6746,11603875,1,0,0,0,0,0,0,23250,0,0,1,2064,0,0,0,0,0,0,4708,9125,1,50,2,2560,1440,5120,2880,2500,2,2,0,1060,0,1,1108,1108,10002499,0
116,2503271209,19807250,0,0,1,5120,2880,2392,128,-2646,20397,0,0,0,0,0,-1,70,187125,212754,18,535556,0,0,5,521404,0,2,181818,7,10,12,54836,0,217581,41917,0,52,6540,9638542,1,0,0,0,0,0,0,52917,0,0,1,2064,0,0,0,0,0,0,10209,21167,1,50,2,2560,1440,5120,2880,2500,2,2,0,1061,0,1,1109,1109,9939083,0
117,2522732459,19461250,0,0,1,5120,2880,2392,128,-2646,22284,0,0,0,0,0,-1,80,7307341,251418,35,1896856,0,0,5,521188,0,2,181818,7,11,14,59373,0,416123,47667,0,60,6839,22834,1,0,0,0,0,0,0,49583,0,0,1,2064,0,0,0,0,0,0,8125,21166,1,50,2,2560,1440,5120,2880,2500,2,2,0,1062,0,1,1110,1110,10025708,0
118,2549660542,26928083,0,0,1,5120,2880,2392,128,-2646,20491,0,0,0,0,0,-1,69,139332,167628,7,126848,0,0,5,521188,0,2,181818,7,10,11,1000,0,158001,28918,0,52,6577,20775542,1,0,0,0,0,0,0,22500,0,0,1,2064,0,0,0,0,0,0,4833,9375,1,50,2,2560,1440,5120,2880,2500,2,2,0,1063,0,1,1111,1111,9818749,0
119,2569818709,20158167,0,0,1,5120,2880,2392,128,-2647,21728,0,0,0,0,0,-1,79,6152628,259715,17,476672,0,0,5,521080,0,2,181818,7,11,13,55456,0,207831,51833,0,59,6753,3144750,1,0,0,0,0,0,0,51250,0,0,1,2064,0,0,0,0,0,0,11125,20292,1,50,2,2560,1440,5120,2880,2500,2,2,0,1064,0,1,1112,1112,9971250,0
120,2588889167,19070458,0,0,1,5120,2880,2392,128,-2647,20543,0,0,0,0,0,-1,69,2233587,207797,3,176,0,0,5,521080,0,2,181818,7,10,15,95000,0,163417,54126,0,52,6591,6985375,1,0,0,0,0,0,0,51083,0,0,1,2064,0,0,0,0,0,0,11542,17166,1,50,2,2560,1440,5120,2880,2500,2,2,0,1065,0,1,1113,1113,9867374,0
121,2616552875,27663708,0,0,1,5120,2880,2392,128,-2647,20535,0,0,0,0,0,-1,69,139246,162833,9,186656,0,0,5,520972,0,2,181818,7,10,11,1917,0,163875,31209,0,52,6591,21435125,1,0,0,0,0,0,0,20916,0,0,1,2064,0,0,0,0,0,0,4958,8917,1,50,2,2560,1440,5120,2880,2500,2,2,0,1066,0,1,1114,1114,9886499,0
122,2636214750,19661875,0,0,1,5120,2880,2392,128,-2647,22069,0,0,0,0,0,-1,79,6125418,239379,3,176,0,0,5,520864,0,2,181818,7,11,13,53043,0,173291,40165,0,60,6820,2878041,1,0,0,0,0,0,0,50291,0,0,1,2064,0,0,0,0,0,0,7125,21334,1,50,2,2560,1440,5120,2880,2500,2,2,0,1067,0,1,1115,1115,9864999,0
123,2655573084,19358334,0,0,1,5120,2880,2392,128,-2647,20564,0,0,0,0,0,-1,70,2303417,227708,6,142192,0,0,5,520756,0,2,181818,7,10,15,98169,0,201334,57709,0,52,6597,7467083,1,0,0,0,0,0,0,51625,0,0,1,2064,0,0,0,0,0,0,9875,21125,1,50,2,2560,1440,5120,2880,2500,2,2,0,1068,0,1,1116,1116,10224249,0
124,2682973000,27399916,0,0,1,5120,2880,2392,128,-2647,21875,0,0,0,0,0,-1,77,6513958,175373,3,176,0,0,5,520972,0,2,181818,7,11,12,1915,0,146000,28458,0,59,6792,12980416,1,0,0,0,0,0,0,23125,0,0,1,2064,0,0,0,0,0,0,5625,8792,1,50,2,2560,1440,5120,2880,2500,2,2,0,1069,0,1,1117,1117,9902874,0
125,2702372792,19399792,0,0,1,5120,2880,2392,128,-2647,20562,0,0,0,0,0,-1,69,156285,171248,3,176,0,0,5,520756,0,2,181818,7,10,12,50834,0,159001,35250,0,52,6600,10800375,1,0,0,0,0,0,0,47083,0,0,1,2064,0,0,0,0,0,0,10209,17167,1,50,2,2560,1440,5120,2880,2500,2,2,0,1070,0,1,1118,1118,10206624,0
126,2722062542,19689750,0,0,1,5120,2880,2392,128,-2647,22106,0,0,0,0,0,-1,79,8094962,243090,3,176,0,0,5,520648,0,2,181818,7,11,14,55375,0,200833,49958,0,60,6829,19833,1,0,0,0,0,0,0,48500,0,0,1,2064,0,0,0,0,0,0,6750,19209,1,50,2,2560,1440,5120,2880,2500,2,2,0,1071,0,1,1119,1119,10302333,0
127,2749505792,27443250,0,0,1,5120,2880,2392,128,-2647,20559,0,0,0,0,0,-1,68,135833,167412,3,176,0,0,5,520864,0,2,181818,7,10,11,1042,0,139208,30624,0,52,6601,21499333,1,0,0,0,0,0,0,24917,0,0,1,2064,0,0,0,0,0,0,5917,10208,1,50,2,2560,1440,5120,2880,2500,2,2,0,1072,0,1,1120,1120,9745791,0
128,2769843167,20337375,0,0,1,5120,2880,2392,128,-2647,21795,0,0,0,0,0,-1,77,5928714,203501,3,176,0,0,5,525328,0,2,181818,7,11,13,55750,0,164958,48917,0,58,6777,19125,1,0,0,0,0,0,0,49708,0,0,1,2064,0,0,0,0,0,0,9917,19584,1,50,2,2560,1440,5120,2880,2500,2,2,0,1073,0,1,1121,1121,10049000,0
129,2788594584,18751417,0,0,1,5120,2880,2392,128,-2647,21423,0,0,0,0,0,-1,68,1264912,217837,3,176,0,0,5,525436,0,2,181818,7,10,15,100207,0,167666,68792,0,51,6888,6535250,1,0,0,0,0,0,0,60792,0,0,1,2064,0,0,0,0,0,0,11167,23500,1,50,2,2560,1440,5120,2880,2500,2,2,0,1074,0,1,1122,1122,11686416,0
130,2808970167,20375583,0,0,1,5120,2880,2392,128,-2647,21709,0,0,0,0,0,-1,69,7027875,189125,72,5990528,0,0,5,544120,0,2,181818,7,10,13,55586,0,593911,42541,0,51,6963,4886292,1,0,0,0,0,0,0,28583,0,0,1,2064,0,0,0,0,0,0,6583,10542,1,50,2,2560,1440,5120,2880,2500,2,2,0,1075,0,1,1123,1123,11739499,0
131,2834574542,25604375,0,0,1,5120,2880,2392,129,-2648,23277,0,0,0,0,0,-1,77,6583958,194628,3,176,0,0,5,557872,0,2,181818,7,11,12,1832,0,144667,33958,0,59,7213,9521209,1,0,0,0,0,0,0,28292,0,0,1,2064,0,0,0,0,0,0,6833,12125,1,50,2,2560,1440,5120,2880,2500,2,2,0,1076,0,1,1124,1124,9943666,0
132,2854278000,19703458,0,0,1,5120,2880,2392,129,-2648,21573,0,0,0,0,0,-1,69,173088,224752,3,176,0,0,5,601144,0,2,181818,7,10,12,60417,0,204042,52500,0,52,6937,9054375,1,0,0,0,0,0,0,47458,0,0,1,2064,0,0,0,0,0,0,8083,18834,1,50,2,2560,1440,5120,2880,2500,2,2,0,1077,0,1,1125,1125,12142749,0
133,2875052709,20774709,0,0,1,5120,2880,2392,129,-2648,22831,0,0,0,0,0,-1,77,8104335,250628,3,176,0,0,5,603016,0,2,181818,7,11,14,62291,0,233666,47584,0,58,7129,23042,1,0,0,0,0,0,0,39666,0,0,1,2064,0,0,0,0,0,0,6334,15292,1,50,2,2560,1440,5120,2880,2500,2,2,0,1078,0,1,1126,1126,10824124,0
134,2900394417,25341708,0,0,1,5120,2880,2392,129,-2648,21052,0,0,0,0,0,-1,66,137245,177211,3,176,0,0,5,563560,0,2,181818,7,10,11,916,0,128582,30001,0,50,6775,18544125,1,0,0,0,0,0,0,26000,0,0,1,2064,0,0,0,0,0,0,6333,9167,1,50,2,2560,1440,5120,2880,2500,2,2,0,1079,0,1,1127,1127,10081666,0
135,2920506584,20112167,0,0,1,5120,2880,2392,129,-2648,22085,0,0,0,0,0,-1,76,6815292,234964,3,176,0,0,5,547504,0,2,181818,7,11,13,53667,0,190043,41959,0,57,6820,1868292,1,0,0,0,0,0,0,47625,0,0,1,2064,0,0,0,0,0,0,9542,17584,1,50,2,2560,1440,5120,2880,2500,2,2,0,1080,0,1,1128,1128,12421124,0
136,2938573459,18066875,0,0,1,5120,2880,2392,129,-2648,20838,0,0,0,0,0,-1,66,1959080,216580,3,176,0,0,5,533248,0,2,181818,7,10,15,135376,0,173167,71126,0,49,6708,6278083,1,0,0,0,0,0,0,28833,0,0,1,2064,0,0,0,0,0,0,7041,10542,1,50,2,2560,1440,5120,2880,2500,2,2,0,1081,0,1,1129,1129,10182333,0
137,2966668959,28095500,0,0,1,5120,2880,2392,129,-2648,21784,0,0,0,0,0,-1,65,139715,178541,3,176,0,0,5,481264,0,2,181818,7,10,13,1582,0,136749,33666,0,49,7024,21574917,1,0,0,0,0,0,0,25792,0,0,1,2064,0,0,0,0,0,0,5625,9167,1,50,2,2560,1440,5120,2880,2500,2,2,0,1082,0,1,1130,1130,9945958,0
138,2987533042,20864083,0,0,1,5120,2880,2392,129,-2648,24408,0,0,0,0,0,-1,75,191749,204837,3,176,0,0,5,463840,0,2,181818,7,12,14,52501,0,182041,42916,0,55,7657,8727000,1,0,0,0,0,0,0,51375,0,0,1,2064,0,0,0,0,0,0,10333,20166,1,50,2,2560,1440,5120,2880,2500,2,2,0,1083,0,1,1131,1131,12143583,0
139,3007012500,19479458,0,0,1,5120,2880,2392,129,-2648,22994,0,0,0,0,0,-1,65,4857790,213712,3,176,0,0,5,455200,0,2,181818,7,10,15,147042,0,183707,362707,0,48,7432,5994542,1,0,0,0,0,0,0,23625,0,0,1,2064,0,0,0,0,0,0,5500,9125,1,50,2,2560,1440,5120,2880,2500,2,2,0,1084,0,1,1132,1132,12146125,0
140,3033230542,26218042,0,0,1,5120,2880,2392,129,-2649,24753,0,0,0,0,0,-1,74,146040,183833,3,176,0,0,5,447748,0,3,185914,7,11,16,1334,0,154874,29043,0,56,7729,18394250,1,0,0,0,0,0,0,25125,0,0,1,2064,0,0,0,0,0,0,6042,9083,1,50,2,2560,1440,5120,2880,2500,2,2,0,1085,0,1,1133,1133,9892416,0
141,3053632667,20402125,0,0,1,5120,2880,2392,129,-2649,23038,0,0,0,0,0,-1,65,154122,208792,4,1556,0,0,5,433816,0,2,181818,7,10,12,61831,0,235667,44625,0,47,7453,10192541,1,0,0,0,0,0,0,56875,0,0,1,2064,0,0,0,0,0,0,10000,20542,1,50,2,2560,1440,5120,2880,2500,2,2,0,1086,0,1,1134,1134,12206708,0
142,3074002500,20369833,0,0,1,5120,2880,2392,129,-2649,24114,0,0,0,0,0,-1,73,4260754,221124,3,176,0,0,5,432484,0,2,181818,7,11,14,64712,0,176084,40834,0,54,7581,4987833,1,0,0,0,0,0,0,41625,0,0,1,2064,0,0,0,0,0,0,9917,15875,1,50,2,2560,1440,5120,2880,2500,2,2,0,1087,0,1,1135,1135,12231416,0
143,3100545917,26543417,0,0,1,5120,2880,2392,129,-2649,23040,0,0,0,0,0,-1,63,142046,162333,3,176,0,0,5,426544,0,2,181818,7,10,11,2165,0,139208,31917,0,47,7456,19371500,1,0,0,0,0,0,0,27458,0,0,1,2064,0,0,0,0,0,0,8000,9667,1,50,2,2560,1440,5120,2880,2500,2,2,0,1088,0,1,1136,1136,9980750,0
144,3120230667,19684750,0,0,1,5120,2880,2392,128,-2649,24599,0,0,0,0,0,-1,64,523128,207621,4,8576,0,0,5,323620,0,2,181818,7,11,15,121250,0,219541,66290,0,44,7728,8319709,1,0,0,0,0,0,0,49500,0,0,1,2064,0,0,0,0,0,0,8125,18500,1,50,2,2560,1440,5120,2880,2500,2,2,0,1089,0,1,1137,1137,12197374,0
145,3139930459,19699792,0,0,1,5120,2880,2392,128,-2649,22944,0,0,0,0,0,-1,53,5835162,160170,3,176,0,0,5,288304,0,2,181818,7,10,17,140373,0,150459,48374,0,36,7479,6770167,1,0,0,0,0,0,0,27166,0,0,1,2064,0,0,0,0,0,0,6667,10166,1,50,2,2560,1440,5120,2880,2500,2,2,0,1090,0,1,1138,1138,12197374,0
146,3166607000,26676541,0,0,1,5120,2880,2392,128,-2649,22954,0,0,0,0,0,-1,52,132249,145463,3,176,0,0,5,269476,0,2,181818,7,10,15,1499,0,147749,34081,0,36,7479,20495542,1,0,0,0,0,0,0,25042,0,0,1,2064,0,0,0,0,0,0,6792,9625,1,50,2,2560,1440,5120,2880,2500,2,2,0,1091,0,1,1139,1139,11674333,0
147,3185705000,19098000,0,0,1,5120,2880,2392,128,-2649,24161,0,0,0,0,0,-1,62,191872,195794,3,176,0,0,5,267568,0,2,181818,7,11,15,145168,0,190168,60083,0,43,7651,8483333,1,0,0,0,0,0,0,45916,0,0,1,2064,0,0,0,0,0,0,8166,18125,1,50,2,2560,1440,5120,2880,2500,2,2,0,1092,0,1,1140,1140,11931999,0
148,3206145959,20440959,0,0,1,5120,2880,2392,128,-2649,22944,0,0,0,0,0,-1,53,3586712,200660,3,176,0,0,5,267568,0,2,181818,7,10,19,168125,0,170041,61998,0,36,7479,7712583,1,0,0,0,0,0,0,27542,0,0,1,2064,0,0,0,0,0,0,6542,10167,1,50,2,2560,1440,5120,2880,2500,2,2,0,1093,0,1,1141,1141,11931999,0
149,3233306042,27160083,0,0,1,5120,2880,2392,128,-2650,24454,0,0,0,0,0,-1,61,431668,167459,3,176,0,0,5,255472,0,2,181818,7,11,16,1376,0,154876,34417,0,43,7702,18639584,1,0,0,0,0,0,0,27459,0,0,1,2064,0,0,0,0,0,0,6750,9250,1,50,2,2560,1440,5120,2880,2500,2,2,0,1094,0,1,1142,1142,12113500,0
150,3251807750,18501708,0,0,1,5120,2880,2392,128,-2650,22931,0,0,0,0,0,-1,52,128002,158292,3,176,0,0,5,255472,0,2,181818,7,10,14,154833,0,157417,60375,0,35,7478,10291708,1,0,0,0,0,0,0,49541,0,0,1,2064,0,0,0,0,0,0,10041,20000,1,50,2,2560,1440,5120,2880,2500,2,2,0,1095,0,1,1143,1143,11922500,0
151,3272761250,20953500,0,0,1,5120,2880,2392,128,-2650,24277,0,0,0,0,0,-1,61,4409457,260291,3,176,0,0,5,254896,0,2,181818,7,11,20,146377,0,152041,3524126,0,42,7675,6436417,1,0,0,0,0,0,0,23250,0,0,1,2064,0,0,0,0,0,0,4250,10750,1,50,2,2560,1440,5120,2880,2500,2,2,0,1096,0,1,1144,1144,11922500,0
152,3299360042,26598792,0,0,1,5120,2880,2392,128,-2650,22933,0,0,0,0,0,-1,51,420459,135379,3,176,0,0,5,254896,0,2,181818,7,10,15,1001,0,142333,34292,0,35,7478,20528541,1,0,0,0,0,0,0,27666,0,0,1,2064,0,0,0,0,0,0,7292,10375,1,50,2,2560,1440,5120,2880,2500,2,2,0,1097,0,1,1145,1145,11612875,0
153,3319256084,19896042,0,0,1,5120,2880,2392,128,-2650,24619,0,0,0,0,0,-1,62,131752,180499,3,176,0,0,5,254896,0,2,181818,7,11,13,50416,0,223374,42833,0,43,7737,9552000,1,0,0,0,0,0,0,49458,0,0,1,2064,0,0,0,0,0,0,11083,16791,1,50,2,2560,1440,5120,2880,2500,2,2,0,1098,0,1,1146,1146,11924249,0
154,3338468667,19212583,0,0,1,5120,2880,2392,128,-2650,22931,0,0,0,0,0,-1,52,3686958,169999,3,176,0,0,5,255148,0,2,181818,7,10,15,159168,0,146916,57749,0,35,7478,7805917,1,0,0,0,0,0,0,24583,0,0,1,2064,0,0,0,0,0,0,5625,9500,1,50,2,2560,1440,5120,2880,2500,2,2,0,1099,0,1,1147,1147,11924249,0
155,3365833959,27365292,0,0,1,5120,2880,2392,128,-2650,22933,0,0,0,0,0,-1,51,116207,130373,3,176,0,0,5,255148,0,2,181818,7,10,15,1502,0,134458,31374,0,35,7478,21376917,1,0,0,0,0,0,0,22208,0,0,1,2064,0,0,0,0,0,0,5125,9167,1,50,2,2560,1440,5120,2880,2500,2,2,0,1100,0,1,1148,1148,11673250,0
156,3385253459,19419500,0,0,1,5120,2880,2392,128,-2650,22541,0,0,0,0,0,-1,60,172542,193917,3,176,0,0,5,213388,0,2,181818,7,11,15,91998,0,196624,52539,0,41,7121,9279500,1,0,0,0,0,0,0,56083,0,0,1,2064,0,0,0,0,0,0,12458,20042,1,50,2,2560,1440,5120,2880,2500,2,2,0,1101,0,1,1149,1149,11903750,0
157,3404281084,19027625,0,0,1,5120,2880,2392,128,-2650,21578,0,0,0,0,0,-1,50,3027045,161463,3,176,0,0,5,200608,0,2,181818,7,10,15,135751,0,160418,68501,0,33,7037,8238208,1,0,0,0,0,0,0,57667,0,0,1,2064,0,0,0,0,0,0,12250,21833,1,50,2,2560,1440,5120,2880,2500,2,2,0,1102,0,1,1150,1150,11903750,0
158,3432059834,27778750,0,0,1,5120,2880,2392,128,-2651,22806,0,0,0,0,0,-1,59,120543,144035,5,181168,0,0,5,165144,0,2,181818,7,11,16,1835,0,168290,29667,0,40,7154,20350375,1,0,0,0,0,0,0,20250,0,0,1,2064,0,0,0,0,0,0,4791,8417,1,50,2,2560,1440,5120,2880,2500,2,2,0,1103,0,1,1151,1151,11601500,0
159,3452211667,20151833,0,0,1,5120,2880,2392,128,-2651,20048,0,0,0,0,0,-1,50,105668,157249,8,189408,0,0,5,168252,0,2,181818,7,10,12,57835,0,261167,43874,0,32,6534,11443291,1,0,0,0,0,0,0,39500,0,0,1,2064,0,0,0,0,0,0,8375,16292,1,50,2,2560,1440,5120,2880,2500,2,2,0,1104,0,1,1152,1152,9806874,0
160,3471196625,18984958,0,0,1,5120,2880,2392,128,-2651,20293,0,0,0,0,0,-1,58,1256293,195791,118,14032104,0,0,5,170800,0,2,181818,7,11,16,143625,0,700709,49834,0,38,6349,6763875,1,0,0,0,0,0,0,62083,0,0,1,2064,0,0,0,0,0,0,8833,21708,1,50,2,2560,1440,5120,2880,2500,2,2,0,1105,0,1,1153,1153,9806874,0
161,3490238792,19042167,0,0,1,5120,2880,2392,128,-2651,18747,0,0,0,0,0,-1,48,3633585,159793,150,16121120,0,0,5,180376,0,2,181818,7,10,19,130667,0,1258290,60167,0,30,6062,5135792,1,0,0,0,0,0,0,25791,0,0,1,2064,0,0,0,0,0,0,7292,9208,1,50,2,2560,1440,5120,2880,2500,2,2,0,1106,0,1,1154,1154,12106833,0
162,3536785334,46546542,0,0,1,5120,2880,2392,128,-2651,18957,0,0,1,37,0,-1,45,565868,126622,174,11893228,0,0,5,169792,0,2,181818,7,10,15,2083,0,601211,29874,0,28,6133,19401833,1,0,0,0,0,0,0,26125,0,0,1,2064,0,0,0,0,0,0,6375,8709,1,50,2,2560,1440,5120,2880,2500,2,2,0,1107,0,1,1155,1155,10409000,0
163,3554228542,17443208,0,0,1,5120,2880,2392,128,-2651,20709,0,0,0,0,0,-1,56,8613292,155375,108,7182024,0,0,5,178416,0,2,181818,7,11,15,136623,0,595466,50083,0,36,6448,12667,1,0,0,0,0,0,0,28542,0,0,1,2064,0,0,0,0,0,0,5500,10834,1,50,2,2560,1440,5120,2880,2500,2,2,0,1108,0,1,1156,1156,10409000,0
164,3574612834,20384292,0,0,1,5120,2880,2392,128,-2651,20802,0,0,0,0,0,-1,55,7030623,171876,206,21120488,0,0,5,178416,0,2,181818,7,11,20,152914,0,1667536,52166,0,35,6493,3811625,1,0,0,0,0,0,0,32166,0,0,1,2064,0,0,0,0,0,0,6791,12375,1,50,2,2560,1440,5120,2880,2500,2,2,0,1109,0,1,1157,1157,11949541,0
165,3600736584,26123750,0,0,1,5120,2880,2392,128,-2651,20046,0,0,0,0,0,-1,46,483207,125667,198,24276136,0,0,5,183708,0,2,181818,7,10,15,1544,0,931419,30626,0,29,6482,18217083,1,0,0,0,0,0,0,27209,0,0,1,2064,0,0,0,0,0,0,5667,9041,1,50,2,2560,1440,5120,2880,2500,2,2,0,1110,0,1,1158,1158,11727125,0
166,3619308959,18572375,0,0,1,5120,2880,2392,128,-2651,22018,0,0,0,0,0,-1,57,1167039,178958,98,8582696,0,0,5,183932,0,2,181818,7,11,15,141248,0,434450,464500,0,37,6891,6715333,1,0,0,0,0,0,0,65625,0,0,1,2064,0,0,0,0,0,0,8000,22041,1,50,2,2560,1440,5120,2880,2500,2,2,0,1111,0,1,1159,1159,11727125,0
167,3639305834,19996875,0,0,1,5120,2880,2392,128,-2651,20790,0,0,0,0,0,-1,47,4915623,165582,142,10810792,0,0,5,183932,0,2,181818,7,10,19,134462,0,945709,51500,0,29,6752,7615917,1,0,0,0,0,0,0,27584,0,0,1,2064,0,0,0,0,0,0,6875,9458,1,50,2,2560,1440,5120,2880,2500,2,2,0,1112,0,1,1160,1160,10226041,0
168,3660101292,20795458,0,0,1,5120,2880,2392,128,-2651,21062,0,0,0,0,0,-1,47,10664878,146458,60,4509584,0,0,5,183932,0,2,181818,7,10,19,136167,0,298535,609542,0,29,6870,3341209,1,0,0,0,0,0,0,32709,0,0,1,2064,0,0,0,0,0,0,7667,11666,1,50,2,2560,1440,5120,2880,2500,2,2,0,1113,0,1,1161,1161,12164041,0
169,3681642334,21541042,0,0,1,5120,2880,2392,127,-2651,22416,0,0,0,0,0,-1,56,12494295,175661,55,1489204,0,0,5,183820,0,2,181818,7,11,20,145330,0,263291,49501,0,36,7092,54042,1,0,0,0,0,0,0,31709,0,0,1,2064,0,0,0,0,0,0,7750,11083,1,50,2,2560,1440,5120,2880,2500,2,2,0,1114,0,1,1162,1162,11926791,0
170,3702235834,20593500,0,0,1,5120,2880,2392,127,-2651,21290,0,0,0,0,0,-1,47,1160996,148419,12,179636,0,0,5,183820,0,2,181818,7,10,19,130125,0,205751,53459,0,29,6962,11475375,1,0,0,0,0,0,0,70125,0,0,1,2064,0,0,0,0,0,0,16250,23292,1,50,2,2560,1440,5120,2880,2500,2,2,0,1115,0,1,1163,1163,11944333,0
171,3724711875,22476041,0,0,1,5120,2880,2392,127,-2651,23115,0,0,0,0,0,-1,57,14236127,156790,10,207604,0,0,5,183596,0,2,181818,7,11,20,128208,0,178916,466124,0,37,7250,59333,1,0,0,0,0,0,0,27000,0,0,1,2064,0,0,0,0,0,0,5416,10625,1,50,2,2560,1440,5120,2880,2500,2,2,0,1116,0,1,1164,1164,11999874,0
172,3744636000,19924125,0,0,1,5120,2880,2392,127,-2651,21317,0,0,0,0,0,-1,46,11460374,134963,3,176,0,0,5,183596,0,2,181818,7,10,19,139875,0,143833,80167,0,29,6974,2785125,1,0,0,0,0,0,0,35958,0,0,1,2064,0,0,0,0,0,0,6791,11625,1,50,2,2560,1440,5120,2880,2500,2,2,0,1117,0,1,1165,1165,12069999,0
173,3767555500,22919500,0,0,1,5120,2880,2392,127,-2651,21329,0,0,0,0,0,-1,46,740502,139955,3,176,0,0,5,183596,0,2,181818,7,10,19,94959,0,162750,52125,0,29,6974,15251625,1,0,0,0,0,0,0,41958,0,0,1,2064,0,0,0,0,0,0,8833,16292,1,50,2,2560,1440,5120,2880,2500,2,2,0,1118,0,1,1166,1166,9684000,0
174,3787367834,19812334,0,0,1,5120,2880,2392,127,-2651,22569,0,0,0,0,0,-1,55,12557457,137501,3,176,0,0,5,183596,0,2,181818,7,11,16,140164,0,157042,42416,0,36,7151,77291,1,0,0,0,0,0,0,26209,0,0,1,2064,0,0,0,0,0,0,4833,12542,1,50,2,2560,1440,5120,2880,2500,2,2,0,1119,0,1,1167,1167,9684000,0
175,3807635125,20267291,0,0,1,5120,2880,2392,127,-2651,21317,0,0,0,0,0,-1,46,9247377,108288,3,176,0,0,5,183596,0,2,181818,7,10,19,140373,0,148376,42165,0,29,6974,5493917,1,0,0,0,0,0,0,29334,0,0,1,2064,0,0,0,0,0,0,7334,10542,1,50,2,2560,1440,5120,2880,2500,2,2,0,1120,0,1,1168,1168,11850416,0
176,3829265875,21630750,0,0,1,5120,2880,2392,127,-2651,22833,0,0,0,0,0,-1,56,13968333,147836,3,176,0,0,5,183372,0,2,181818,7,11,20,144418,0,147668,44749,0,37,7197,75708,1,0,0,0,0,0,0,27458,0,0,1,2064,0,0,0,0,0,0,5500,10833,1,50,2,2560,1440,5120,2880,2500,2,2,0,1121,0,1,1169,1169,11685499,0
177,3851092834,21826959,0,0,1,5120,2880,2392,127,-2651,21317,0,0,0,0,0,-1,46,542578,141583,3,176,0,0,5,183484,0,2,181818,7,10,19,155664,0,167624,53292,0,29,6974,14046417,1,0,0,0,0,0,0,45250,0,0,1,2064,0,0,0,0,0,0,9750,17750,1,50,2,2560,1440,5120,2880,2500,2,2,0,1122,0,1,1170,1170,11836499,0
178,3871492375,20399541,0,0,1,5120,2880,2392,127,-2651,22644,0,0,0,0,0,-1,56,13408379,136414,11,15404,0,0,5,183708,0,2,181818,7,11,20,147083,0,186250,35626,0,36,7166,107292,1,0,0,0,0,0,0,25125,0,0,1,2064,0,0,0,0,0,0,4125,11459,1,50,2,2560,1440,5120,2880,2500,2,2,0,1123,0,1,1171,1171,11836499,0
179,3891599500,20107125,0,0,1,5120,2880,2392,127,-2651,21317,0,0,0,0,0,-1,46,9786208,112245,3,176,0,0,5,183708,0,2,181818,7,10,19,140169,0,122917,49041,0,29,6974,4814500,1,0,0,0,0,0,0,27833,0,0,1,2064,0,0,0,0,0,0,7292,9375,1,50,2,2560,1440,5120,2880,2500,2,2,0,1124,0,1,1172,1172,9535124,0
180,3917154084,25554584,0,0,1,5120,2880,2392,127,-2651,21341,0,0,0,0,0,-1,47,757046,133999,3,176,0,0,5,184996,0,2,181818,7,10,17,60082,0,150958,47500,0,30,6975,17296000,1,0,0,0,0,0,0,32083,0,0,1,2064,0,0,0,0,0,0,7292,13417,1,50,2,2560,1440,5120,2880,2500,2,2,0,1125,0,1,1173,1173,9678500,0
181,3936079459,18925375,0,0,1,5120,2880,2392,127,-2651,22866,0,0,0,0,0,-1,56,11789248,147915,3,176,0,0,5,184044,0,2,181818,7,11,16,142086,0,148708,49375,0,37,7202,56125,1,0,0,0,0,0,0,26791,0,0,1,2064,0,0,0,0,0,0,4500,11209,1,50,2,2560,1440,5120,2880,2500,2,2,0,1126,0,1,1174,1174,9678500,0
182,3956382584,20303125,0,0,1,5120,2880,2392,127,-2651,21296,0,0,0,0,0,-1,45,7546664,114625,3,176,0,0,5,178752,0,2,181818,7,10,19,130042,0,158333,42958,0,28,6973,6920083,1,0,0,0,0,0,0,33708,0,0,1,2064,0,0,0,0,0,0,8458,12459,1,50,2,2560,1440,5120,2880,2500,2,2,0,1127,0,1,1175,1175,11760124,0
183,3978016667,21634083,0,0,1,5120,2880,2392,127,-2651,22697,0,0,0,0,0,-1,54,13319291,150588,3,176,0,0,5,180096,0,2,181818,7,11,20,146414,0,169791,8779624,0,35,7209,55667,1,0,0,0,0,0,0,28791,0,0,1,2064,0,0,0,0,0,0,5666,11709,1,50,2,2560,1440,5120,2880,2500,2,2,0,1128,0,1,1176,1176,11715374,0
184,4001000959,22984292,0,0,1,5120,2880,2392,127,-2651,21711,0,0,0,0,0,-1,47,480754,140289,3,176,0,0,5,190708,0,2,181818,7,10,17,57333,0,177084,43125,0,30,7096,14945250,1,0,0,0,0,0,0,36667,0,0,1,2064,0,0,0,0,0,0,7125,15167,1,50,2,2560,1440,5120,2880,2500,2,2,0,1129,0,1,1177,1177,11677458,0
185,4020824709,19823750,0,0,1,5120,2880,2392,127,-2651,23610,0,0,0,0,0,-1,59,12060870,146625,3,176,0,0,5,190568,0,2,181818,7,11,16,143375,0,150751,50458,0,40,7419,77333,1,0,0,0,0,0,0,28917,0,0,1,2064,0,0,0,0,0,0,5333,12125,1,50,2,2560,1440,5120,2880,2500,2,2,0,1130,0,1,1178,1178,11677458,0
186,4041243792,20419083,0,0,1,5120,2880,2392,127,-2651,21883,0,0,0,0,0,-1,49,8078331,139045,3,176,0,0,5,178892,0,2,181818,7,10,19,143043,0,163125,49749,0,32,7147,5894666,1,0,0,0,0,0,0,22333,0,0,1,2064,0,0,0,0,0,0,4791,9042,1,50,2,2560,1440,5120,2880,2500,2,2,0,1131,0,1,1179,1179,9506875,0
187,4067190250,25946458,0,0,1,5120,2880,2392,127,-2651,21708,0,0,0,0,0,-1,47,110335,142832,3,176,0,0,5,170912,0,2,181818,7,10,15,2332,0,167668,44042,0,31,7089,18893959,1,0,0,0,0,0,0,59209,0,0,1,2064,0,0,0,0,0,0,12416,21167,1,50,2,2560,1440,5120,2880,2500,2,2,0,1132,0,1,1180,1180,9517291,0
188,4085937709,18747459,0,0,1,5120,2880,2392,127,-2651,22729,0,0,0,0,0,-1,56,894040,169625,3,176,0,0,5,149128,0,2,181818,7,11,15,149168,0,177334,60165,0,37,7205,7952417,1,0,0,0,0,0,0,72875,0,0,1,2064,0,0,0,0,0,0,11292,30292,1,50,2,2560,1440,5120,2880,2500,2,2,0,1133,0,1,1181,1181,9517291,0
189,4105832000,19894291,0,0,1,5120,2880,2392,127,-2651,21512,0,0,0,0,0,-1,47,5768541,171837,3,176,0,0,5,148792,0,2,181818,7,10,19,143917,0,165584,54417,0,30,7033,6951125,1,0,0,0,0,0,0,25208,0,0,1,2064,0,0,0,0,0,0,6292,9833,1,50,2,2560,1440,5120,2880,2500,2,2,0,1134,0,1,1182,1182,11807583,0
190,4127642125,21810125,0,0,1,5120,2880,2391,127,-2651,22812,0,0,0,0,0,-1,57,10794045,207545,3,176,0,0,5,148456,0,2,181818,7,11,20,166628,0,163833,310541,0,38,7160,1734375,1,0,0,0,0,0,0,29417,0,0,1,2064,0,0,0,0,0,0,4709,13541,1,50,2,2560,1440,5120,2880,2500,2,2,0,1135,0,1,1183,1183,11468124,0
191,4151194875,23552750,0,0,1,5120,2880,2391,127,-2651,21042,0,0,0,0,0,-1,47,120707,182335,3,176,0,0,5,148232,0,2,181818,7,10,17,57042,0,155999,43833,0,30,6873,15572875,1,0,0,0,0,0,0,46625,0,0,1,2064,0,0,0,0,0,0,11500,14917,1,50,2,2560,1440,5120,2880,2500,2,2,0,1136,0,1,1184,1184,11492999,0
192,4169542125,18347250,0,0,1,5120,2880,2391,128,-2651,22221,0,0,0,0,0,-1,56,1403960,175205,3,176,0,0,5,141848,0,2,181818,7,11,16,143917,0,174750,48501,0,37,7019,7700500,1,0,0,0,0,0,0,67458,0,0,1,2064,0,0,0,0,0,0,12583,28625,1,50,2,2560,1440,5120,2880,2500,2,2,0,1137,0,1,1185,1185,11492999,0
193,4189150709,19608584,0,0,1,5120,2880,2391,128,-2651,20967,0,0,0,0,0,-1,48,6729665,150501,13,271760,0,0,5,140952,0,2,181818,7,10,19,142834,0,195209,50873,0,30,6848,6495042,1,0,0,0,0,0,0,31125,0,0,1,2064,0,0,0,0,0,0,7166,13334,1,50,2,2560,1440,5120,2880,2500,2,2,0,1138,0,1,1186,1186,9583250,0
194,4208859250,19708541,0,0,1,5120,2880,2391,128,-2651,20918,0,0,0,0,0,-1,47,10651958,121083,3,176,0,0,5,140728,0,2,181818,7,10,19,133795,0,119541,43959,0,30,6835,3730500,1,0,0,0,0,0,0,27167,0,0,1,2064,0,0,0,0,0,0,5875,11209,1,50,2,2560,1440,5120,2880,2500,2,2,0,1139,0,1,1187,1187,11386000,0
195,4233473792,24614542,0,0,1,5120,2880,2391,128,-2651,22162,0,0,0,0,0,-1,57,680584,152661,4,400,0,0,5,126000,0,2,181818,7,11,18,62708,0,182417,37916,0,37,6968,15237584,1,0,0,0,0,0,0,48875,0,0,1,2064,0,0,0,0,0,0,8167,19291,1,50,2,2560,1440,5120,2880,2500,2,2,0,1140,0,1,1188,1188,11246375,0
196,4251163167,17689375,0,0,1,5120,2880,2391,128,-2651,20898,0,0,0,0,0,-1,46,129796,133253,3,176,0,0,5,144124,0,2,181818,7,10,15,153292,0,165794,53543,0,29,6832,9827042,1,0,0,0,0,0,0,47167,0,0,1,2064,0,0,0,0,0,0,10416,17459,1,50,2,2560,1440,5120,2880,2500,2,2,0,1141,0,1,1189,1189,11298333,0
197,4270559959,19396792,0,0,1,5120,2880,2391,128,-2651,21984,0,0,0,0,0,-1,55,1956963,193543,3,176,0,0,5,157948,0,2,181818,7,11,20,141585,0,178709,42041,0,36,6959,7123083,1,0,0,0,0,0,0,52541,0,0,1,2064,0,0,0,0,0,0,7916,20959,1,50,2,2560,1440,5120,2880,2500,2,2,0,1142,0,1,1190,1190,11298333,0
198,4288942084,18382125,0,0,1,5120,2880,2391,128,-2651,20626,0,0,0,0,0,-1,46,6670835,126418,3,176,0,0,5,158164,0,2,181818,7,10,19,138750,0,161791,39252,0,29,6744,5494375,1,0,0,0,0,0,0,27958,0,0,1,2064,0,0,0,0,0,0,7666,9834,1,50,2,2560,1440,5120,2880,2500,2,2,0,1143,0,1,1191,1191,11265000,0
199,4308068500,19126416,0,0,1,5120,2880,2391,128,-2651,20584,0,0,0,0,0,-1,48,9704755,123877,3,176,0,0,5,169396,0,2,181818,7,10,19,131084,0,152916,38125,0,31,6718,3797875,1,0,0,0,0,0,0,29209,0,0,1,2064,0,0,0,0,0,0,6709,11209,1,50,2,2560,1440,5120,2880,2500,2,2,0,1144,0,1,1192,1192,10941250,0
200,4332867709,24799209,0,0,1,5120,2880,2391,128,-2651,22245,0,0,0,0,0,-1,57,574666,147167,3,176,0,0,5,169396,0,2,181818,7,11,16,1333,0,157168,33249,0,39,6968,16279375,1,0,0,0,0,0,0,78209,0,0,1,2064,0,0,0,0,0,0,12625,30583,1,50,2,2560,1440,5120,2880,2500,2,2,0,1145,0,1,1193,1193,10976083,0
201,4351319750,18452041,0,0,1,5120,2880,2391,128,-2651,20584,0,0,0,0,0,-1,48,121545,152544,3,176,0,0,5,169396,0,2,181818,7,10,12,53375,0,177207,53042,0,31,6718,10521208,1,0,0,0,0,0,0,45083,0,0,1,2064,0,0,0,0,0,0,9375,18125,1,50,2,2560,1440,5120,2880,2500,2,2,0,1146,0,1,1194,1194,9690250,0
202,4369456209,18136459,0,0,1,5120,2880,2391,128,-2651,21801,0,0,0,0,0,-1,57,860791,201873,3,176,0,0,5,169540,0,2,181818,7,11,16,159916,0,200208,319917,0,38,6890,7573791,1,0,0,0,0,0,0,46833,0,0,1,2064,0,0,0,0,0,0,8500,18542,1,50,2,2560,1440,5120,2880,2500,2,2,0,1147,0,1,1195,1195,9690250,0
203,4387595167,18138958,0,0,1,5120,2880,2391,128,-2651,20584,0,0,0,0,0,-1,48,3751499,134751,3,176,0,0,5,169396,0,2,181818,7,10,19,128083,0,153209,45709,0,31,6718,7412792,1,0,0,0,0,0,0,32375,0,0,1,2064,0,0,0,0,0,0,7167,12708,1,50,2,2560,1440,5120,2880,2500,2,2,0,1148,0,1,1196,1196,11260875,0
204,4406465334,18870167,0,0,1,5120,2880,2391,128,-2651,20584,0,0,0,0,0,-1,48,7804751,125294,3,176,0,0,5,169288,0,2,181818,7,10,19,126752,0,155625,51082,0,31,6718,5621750,1,0,0,0,0,0,0,26375,0,0,1,2064,0,0,0,0,0,0,6709,10166,1,50,2,2560,1440,5120,2880,2500,2,2,0,1149,0,1,1197,1197,11063624,0
205,4431933042,25467708,0,0,1,5120,2880,2391,128,-2651,22125,0,0,0,0,0,-1,57,598290,146043,3,176,0,0,5,169540,0,2,181818,7,11,16,1666,0,148207,31166,0,39,6944,17649792,1,0,0,0,0,0,0,20792,0,0,1,2064,0,0,0,0,0,0,4333,8417,1,50,2,2560,1440,5120,2880,2500,2,2,0,1150,0,1,1198,1198,10980124,0
206,4450853459,18920417,0,0,1,5120,2880,2391,128,-2651,21058,0,0,0,0,0,-1,48,111874,141834,3,176,0,0,5,178252,0,2,181818,7,10,12,54292,0,172375,37667,0,31,6876,11743334,1,0,0,0,0,0,0,42916,0,0,1,2064,0,0,0,0,0,0,8583,18000,1,50,2,2560,1440,5120,2880,2500,2,2,0,1151,0,1,1199,1199,11091666,0
207,4469722000,18868541,0,0,1,5120,2880,2391,128,-2650,22377,0,0,0,0,0,-1,57,179710,204539,3,176,0,0,5,178468,0,2,181818,7,11,14,61003,0,191042,69208,0,38,7068,8081167,1,0,0,0,0,0,0,99250,0,0,1,2064,0,0,0,0,0,0,11916,63458,1,50,2,2560,1440,5120,2880,2500,2,2,0,1152,0,1,1200,1200,11427624,0
208,4487470459,17748459,0,0,1,5120,2880,2391,128,-2650,21066,0,0,0,0,0,-1,48,3030831,178623,3,176,0,0,5,178612,0,2,181818,7,10,15,141166,0,154666,51334,0,31,6876,7105750,1,0,0,0,0,0,0,33583,0,0,1,2064,0,0,0,0,0,0,8833,10333,1,50,2,2560,1440,5120,2880,2500,2,2,0,1153,0,1,1201,1201,11427624,0
209,4516082750,28612291,0,0,1,5120,2880,2391,128,-2650,21569,0,0,0,0,0,-1,47,585165,122956,3,176,0,0,5,178828,0,2,181818,7,10,15,1792,0,142791,29875,0,31,7043,22139250,1,0,0,0,0,0,0,24459,0,0,1,2064,0,0,0,0,0,0,6125,8833,1,50,2,2560,1440,5120,2880,2500,2,2,0,1154,0,1,1202,1202,11009874,0
210,4534969209,18886459,0,0,1,5120,2880,2392,129,-2650,23396,0,0,0,0,0,-1,59,124544,156919,6,3272,0,0,5,171304,0,2,181818,7,11,13,55707,0,265915,42501,0,39,7344,9543250,1,0,0,0,0,0,0,36792,0,0,1,2064,0,0,0,0,0,0,7417,15041,1,50,2,2560,1440,5120,2880,2500,2,2,0,1155,0,1,1203,1203,11119625,0
211,4553178417,18209208,0,0,1,5120,2880,2392,129,-2650,21961,0,0,0,0,0,-1,50,189583,191454,10,15140,0,0,5,187432,0,2,181818,7,10,15,143875,0,224126,61585,0,32,7166,8785625,1,0,0,0,0,0,0,39875,0,0,1,2064,0,0,0,0,0,0,8750,14750,1,50,2,2560,1440,5120,2880,2500,2,2,0,1156,0,1,1204,1204,11119625,0
212,4573504750,20326333,0,0,1,5120,2880,2392,129,-2650,23281,0,0,0,0,0,-1,58,5237664,208497,3,176,0,0,5,188656,0,2,181818,7,11,20,129541,0,164708,54000,0,39,7380,4724291,1,0,0,0,0,0,0,27167,0,0,1,2064,0,0,0,0,0,0,7542,9208,1,50,2,2560,1440,5120,2880,2500,2,2,0,1157,0,1,1205,1205,11396124,0
213,4598904167,25399417,0,0,1,5120,2880,2392,129,-2650,22187,0,0,0,0,0,-1,48,106916,115125,3,176,0,0,5,196432,0,2,181818,7,10,15,1667,0,131583,32167,0,32,7243,19749959,1,0,0,0,0,0,0,22958,0,0,1,2064,0,0,0,0,0,0,5500,8833,1,50,2,2560,1440,5120,2880,2500,2,2,0,1158,0,1,1206,1206,11024458,0
214,4619065917,20161750,0,0,1,5120,2880,2392,129,-2650,23961,0,0,0,0,0,-1,60,150040,211337,9,133428,0,0,5,192292,0,2,181818,7,11,13,55707,0,190873,40751,0,40,7539,9910708,1,0,0,0,0,0,0,39416,0,0,1,2064,0,0,0,0,0,0,8333,14917,1,50,2,2560,1440,5120,2880,2500,2,2,0,1159,0,1,1207,1207,11422125,0
215,4637229084,18163167,0,0,1,5120,2880,2392,129,-2650,22378,0,0,0,0,0,-1,49,1743044,163165,3,176,0,0,5,192184,0,2,181818,7,10,15,161668,0,153418,53874,0,32,7307,7852667,1,0,0,0,0,0,0,68292,0,0,1,2064,0,0,0,0,0,0,12334,24625,1,50,2,2560,1440,5120,2880,2500,2,2,0,1160,0,1,1208,1208,11422125,0
216,4657312292,20083208,0,0,1,5120,2880,2392,129,-2650,22378,0,0,0,0,0,-1,50,7761791,159916,11,189492,0,0,5,183292,0,2,181818,7,10,19,146333,0,197916,46332,0,32,7307,6187250,1,0,0,0,0,0,0,25333,0,0,1,2064,0,0,0,0,0,0,5792,10625,1,50,2,2560,1440,5120,2880,2500,2,2,0,1161,0,1,1209,1209,11515958,0
217,4683187959,25875667,0,0,1,5120,2880,2392,129,-2650,23667,0,0,0,0,0,-1,57,240503,156877,3,176,0,0,5,171952,0,2,181818,7,11,16,1667,0,147874,34834,0,39,7505,17474625,1,0,0,0,0,0,0,27083,0,0,1,2064,0,0,0,0,0,0,5541,10875,1,50,2,2560,1440,5120,2880,2500,2,2,0,1162,0,1,1210,1210,9477125,0
218,4701462750,18274791,0,0,1,5120,2880,2392,129,-2650,22447,0,0,0,0,0,-1,50,130252,143253,6,136032,0,0,5,172708,0,2,181818,7,10,14,148875,0,203584,62501,0,32,7329,10426042,1,0,0,0,0,0,0,46917,0,0,1,2064,0,0,0,0,0,0,10084,20459,1,50,2,2560,1440,5120,2880,2500,2,2,0,1163,0,1,1211,1211,11520083,0
219,4722384209,20921459,0,0,1,5120,2880,2392,129,-2650,23978,0,0,0,0,0,-1,59,4031668,199622,3,176,0,0,5,166080,0,2,181818,7,11,20,148122,0,161001,56082,0,40,7559,6643500,1,0,0,0,0,0,0,37500,0,0,1,2064,0,0,0,0,0,0,7375,18250,1,50,2,2560,1440,5120,2880,2500,2,2,0,1164,0,1,1212,1212,11520083,0
220,4742027250,19643041,0,0,1,5120,2880,2392,129,-2650,22437,0,0,0,0,0,-1,49,9518918,113670,3,176,0,0,5,166080,0,2,181818,7,10,19,129750,0,134584,42000,0,32,7331,4287041,1,0,0,0,0,0,0,26542,0,0,1,2064,0,0,0,0,0,0,5500,10209,1,50,2,2560,1440,5120,2880,2500,2,2,0,1165,0,1,1213,1213,9845000,0
221,4767330417,25303167,0,0,1,5120,2880,2392,129,-2650,22432,0,0,0,0,0,-1,49,114670,136249,3,176,0,0,5,166080,0,2,181818,7,10,17,55623,0,143544,52915,0,32,7326,18141125,1,0,0,0,0,0,0,57750,0,0,1,2064,0,0,0,0,0,0,12750,22417,1,50,2,2560,1440,5120,2880,2500,2,2,0,1166,0,1,1214,1214,11435458,0
222,4786143084,18812667,0,0,1,5120,2880,2392,129,-2650,23709,0,0,0,0,0,-1,58,917584,203835,3,176,0,0,5,165952,0,2,181818,7,11,16,158831,0,200292,53416,0,39,7499,7914167,1,0,0,0,0,0,0,44334,0,0,1,2064,0,0,0,0,0,0,7667,19666,1,50,2,2560,1440,5120,2880,2500,2,2,0,1167,0,1,1215,1215,11435458,0
223,4806124209,19981125,0,0,1,5120,2880,2392,129,-2650,22233,0,0,0,0,0,-1,49,6141089,157124,3,176,0,0,5,166204,0,2,181818,7,10,19,141790,0,151126,49125,0,32,7264,7223125,1,0,0,0,0,0,0,24041,0,0,1,2064,0,0,0,0,0,0,5250,10875,1,50,2,2560,1440,5120,2880,2500,2,2,0,1168,0,1,1216,1216,11527249,0
224,4832378125,26253916,0,0,1,5120,2880,2393,129,-2650,23759,0,0,0,0,0,-1,58,114995,160163,3,176,0,0,5,166204,0,2,181818,7,11,16,1917,0,158457,32624,0,40,7487,18290541,1,0,0,0,0,0,0,22333,0,0,1,2064,0,0,0,0,0,0,5916,8917,1,50,2,2560,1440,5120,2880,2500,2,2,0,1169,0,1,1217,1217,11370708,0
225,4851699417,19321292,0,0,1,5120,2880,2393,129,-2650,22211,0,0,0,0,0,-1,48,134793,144536,3,176,0,0,5,158140,0,2,181818,7,10,14,127541,0,170250,57332,0,31,7260,11300083,1,0,0,0,0,0,0,48125,0,0,1,2064,0,0,0,0,0,0,12208,18125,1,50,2,2560,1440,5120,2880,2500,2,2,0,1170,0,1,1218,1218,11607874,0
226,4872001792,20302375,0,0,1,5120,2880,2393,129,-2649,23419,0,0,0,0,0,-1,58,3722081,197581,10,15140,0,0,5,161164,0,2,181818,7,11,20,147708,0,226500,46752,0,38,7432,6820875,1,0,0,0,0,0,0,29209,0,0,1,2064,0,0,0,0,0,0,5792,12291,1,50,2,2560,1440,5120,2880,2500,2,2,0,1171,0,1,1219,1219,11607874,0
227,4899261042,27259250,0,0,1,5120,2880,2393,129,-2649,22213,0,0,0,0,0,-1,47,122043,128249,3,176,0,0,5,161836,0,2,181818,7,10,15,1501,0,150042,34875,0,31,7260,21303459,1,0,0,0,0,0,0,27791,0,0,1,2064,0,0,0,0,0,0,7666,9125,1,50,2,2560,1440,5120,2880,2500,2,2,0,1172,0,1,1220,1220,11408541,0
228,4919427250,20166208,0,0,1,5120,2880,2393,129,-2649,24123,0,0,0,0,0,-1,58,147377,221417,3,176,0,0,5,162508,0,2,181818,7,11,13,51043,0,211043,44166,0,39,7579,9480250,1,0,0,0,0,0,0,54458,0,0,1,2064,0,0,0,0,0,0,11209,21875,1,50,2,2560,1440,5120,2880,2500,2,2,0,1173,0,1,1221,1221,9810416,0
229,4938707875,19280625,0,0,1,5120,2880,2393,129,-2649,22327,0,0,0,0,0,-1,49,4410833,151712,5,1028,0,0,5,163292,0,2,181818,7,10,15,141167,0,198917,43001,0,31,7298,7424792,1,0,0,0,0,0,0,24333,0,0,1,2064,0,0,0,0,0,0,6209,9041,1,50,2,2560,1440,5120,2880,2500,2,2,0,1174,0,1,1222,1222,9810416,0
230,4965973584,27265709,0,0,1,5120,2880,2393,129,-2649,22327,0,0,0,0,0,-1,47,113832,138627,3,176,0,0,5,162956,0,2,181818,7,10,15,1413,0,158167,34041,0,31,7298,21425875,1,0,0,0,0,0,0,22042,0,0,1,2064,0,0,0,0,0,0,5916,8250,1,50,2,2560,1440,5120,2880,2500,2,2,0,1175,0,1,1223,1223,11498333,0
231,4985077667,19104083,0,0,1,5120,2880,2393,129,-2649,23534,0,0,0,0,0,-1,57,169874,171749,3,176,0,0,5,162060,0,2,181818,7,11,15,150418,0,194335,59875,0,38,7470,9692959,1,0,0,0,0,0,0,51042,0,0,1,2064,0,0,0,0,0,0,8000,19084,1,50,2,2560,1440,5120,2880,2500,2,2,0,1176,0,1,1224,1224,11578625,0
232,5004556125,19478458,0,0,1,5120,2880,2393,129,-2649,22317,0,0,0,0,0,-1,48,3879499,150248,3,176,0,0,5,161836,0,2,181818,7,10,19,144170,0,168124,46249,0,31,7298,8515834,1,0,0,0,0,0,0,21208,0,0,1,2064,0,0,0,0,0,0,5458,8958,1,50,2,2560,1440,5120,2880,2500,2,2,0,1177,0,1,1225,1225,11578625,0
233,5032539875,27983750,0,0,1,5120,2880,2393,129,-2649,23878,0,0,0,0,0,-1,57,635214,160626,3,176,0,0,5,161612,0,2,181818,7,11,16,2085,0,170249,33416,0,39,7528,19860334,1,0,0,0,0,0,0,23041,0,0,1,2064,0,0,0,0,0,0,5542,10125,1,50,2,2560,1440,5120,2880,2500,2,2,0,1178,0,1,1226,1226,11432416,0
234,5051350375,18810500,0,0,1,5120,2880,2393,129,-2649,22325,0,0,0,0,0,-1,48,145496,133419,3,176,0,0,5,161276,0,2,181818,7,10,14,146918,0,171794,47292,0,31,7298,10850000,1,0,0,0,0,0,0,48000,0,0,1,2064,0,0,0,0,0,0,10750,19292,1,50,2,2560,1440,5120,2880,2500,2,2,0,1179,0,1,1227,1227,11633833,0
235,5071782834,20432459,0,0,1,5120,2880,2393,129,-2649,23615,0,0,0,0,0,-1,56,3308498,208168,3,176,0,0,5,155116,0,2,181818,7,11,20,151085,0,169874,59375,0,37,7489,6663875,1,0,0,0,0,0,0,27208,0,0,1,2064,0,0,0,0,0,0,4875,10500,1,50,2,2560,1440,5120,2880,2500,2,2,0,1180,0,1,1228,1228,11633833,0
236,5099050625,27267791,0,0,1,5120,2880,2393,129,-2649,22306,0,0,0,0,0,-1,46,480208,125583,3,176,0,0,5,155116,0,2,181818,7,10,15,1791,0,151167,33957,0,30,7297,21295000,1,0,0,0,0,0,0,22375,0,0,1,2064,0,0,0,0,0,0,5875,9084,1,50,2,2560,1440,5120,2880,2500,2,2,0,1181,0,1,1229,1229,11385500,0
237,5119072417,20021792,0,0,1,5120,2880,2393,129,-2648,23873,0,0,0,0,0,-1,58,135209,207207,3,176,0,0,5,161276,0,2,181818,7,11,13,52082,0,226000,46126,0,39,7529,9697708,1,0,0,0,0,0,0,53250,0,0,1,2064,0,0,0,0,0,0,12250,19708,1,50,2,2560,1440,5120,2880,2500,2,2,0,1182,0,1,1230,1230,11583999,0
238,5137763250,18690833,0,0,1,5120,2880,2393,129,-2648,22325,0,0,0,0,0,-1,48,3758833,144747,3,176,0,0,5,164972,0,2,181818,7,10,15,143792,0,157125,41541,0,31,7298,8059041,1,0,0,0,0,0,0,21333,0,0,1,2064,0,0,0,0,0,0,4625,9000,1,50,2,2560,1440,5120,2880,2500,2,2,0,1183,0,1,1231,1231,11583999,0
239,5158774250,21011000,0,0,1,5120,2880,2393,129,-2648,22339,0,0,0,0,0,-1,50,8848537,149916,4,716,0,0,5,175444,0,2,181818,7,10,19,142665,0,191459,61374,0,32,7299,5563875,1,0,0,0,0,0,0,31375,0,0,1,2064,0,0,0,0,0,0,8416,11375,1,50,2,2560,1440,5120,2880,2500,2,2,0,1184,0,1,1232,1232,11489458,0
240,5183739417,24965167,0,0,1,5120,2880,2393,130,-2648,23563,0,0,0,0,0,-1,59,399209,163579,9,12176,0,0,5,175780,0,2,181818,7,11,18,63292,0,190125,40500,0,39,7471,16045542,1,0,0,0,0,0,0,64917,0,0,1,2064,0,0,0,0,0,0,15334,20375,1,50,2,2560,1440,5120,2880,2500,2,2,0,1185,0,1,1233,1233,11533125,0
241,5201729959,17990542,0,0,1,5120,2880,2393,130,-2648,22340,0,0,0,0,0,-1,48,156457,145459,3,176,0,0,5,166428,0,2,181818,7,10,15,164497,0,144124,51877,0,31,7303,9998792,1,0,0,0,0,0,0,48792,0,0,1,2064,0,0,0,0,0,0,11125,18958,1,50,2,2560,1440,5120,2880,2500,2,2,0,1186,0,1,1234,1234,11533125,0
242,5223608375,21878416,0,0,1,5120,2880,2393,130,-2648,23966,0,0,0,0,0,-1,59,7462501,164498,11,173716,0,0,5,165196,0,2,181818,7,11,20,150041,0,228000,44416,0,39,7548,6182917,1,0,0,0,0,0,0,26833,0,0,1,2064,0,0,0,0,0,0,6250,9375,1,50,2,2560,1440,5120,2880,2500,2,2,0,1187,0,1,1235,1235,11612291,0
243,5248981750,25373375,0,0,1,5120,2880,2393,130,-2648,22360,0,0,0,0,0,-1,47,94124,110292,3,176,0,0,5,164636,0,2,181818,7,10,15,2292,0,137457,31833,0,31,7309,20227583,1,0,0,0,0,0,0,22625,0,0,1,2064,0,0,0,0,0,0,6500,8833,1,50,2,2560,1440,5120,2880,2500,2,2,0,1188,0,1,1236,1236,11413958,0
244,5268826459,19844709,0,0,1,5120,2880,2393,130,-2648,23602,0,0,0,0,0,-1,57,161043,193958,3,176,0,0,5,162396,0,2,181818,7,11,15,87747,0,192250,51457,0,38,7486,9671875,1,0,0,0,0,0,0,45208,0,0,1,2064,0,0,0,0,0,0,9208,17500,1,50,2,2560,1440,5120,2880,2500,2,2,0,1189,0,1,1237,1237,9785375,0
245,5288029917,19203458,0,0,1,5120,2880,2393,130,-2648,22339,0,0,0,0,0,-1,48,4166205,131754,5,1028,0,0,5,155116,0,2,181818,7,10,15,136749,0,175622,46416,0,30,7308,8178584,1,0,0,0,0,0,0,19708,0,0,1,2064,0,0,0,0,0,0,4625,7750,1,50,2,2560,1440,5120,2880,2500,2,2,0,1190,0,1,1238,1238,9785375,0
246,5315770625,27740708,0,0,1,5120,2880,2393,130,-2648,22339,0,0,0,0,0,-1,46,546582,135291,3,176,0,0,5,153548,0,2,181818,7,10,15,1210,0,143335,31459,0,30,7308,21941792,1,0,0,0,0,0,0,19917,0,0,1,2064,0,0,0,0,0,0,4959,8208,1,50,2,2560,1440,5120,2880,2500,2,2,0,1191,0,1,1239,1239,11492416,0
247,5334774250,19003625,0,0,1,5120,2880,2393,130,-2648,24033,0,0,0,0,0,-1,57,327292,180578,3,176,0,0,5,146940,0,2,181818,7,11,15,146420,0,185876,47958,0,38,7567,9959500,1,0,0,0,0,0,0,44875,0,0,1,2064,0,0,0,0,0,0,8125,18958,1,50,2,2560,1440,5120,2880,2500,2,2,0,1192,0,1,1240,1240,11633666,0
248,5354292209,19517959,0,0,1,5120,2880,2393,130,-2648,22329,0,0,0,0,0,-1,47,3715126,139751,3,176,0,0,5,145932,0,2,181818,7,10,19,155956,0,174167,44126,0,30,7308,8707000,1,0,0,0,0,0,0,24125,0,0,1,2064,0,0,0,0,0,0,5875,10125,1,50,2,2560,1440,5120,2880,2500,2,2,0,1193,0,1,1241,1241,11633666,0
249,5375562167,21269958,0,0,1,5120,2880,2393,130,-2648,23648,0,0,0,0,0,-1,56,9605541,156042,3,176,0,0,5,145932,0,2,181818,7,11,20,141417,0,160959,46625,0,37,7500,3485250,1,0,0,0,0,0,0,30292,0,0,1,2064,0,0,0,0,0,0,5833,11625,1,50,2,2560,1440,5120,2880,2500,2,2,0,1194,0,1,1242,1242,11446624,0
250,5400390334,24828167,0,0,1,5120,2880,2393,130,-2648,22339,0,0,0,0,0,-1,47,459207,134169,3,176,0,0,5,138344,0,2,181818,7,10,17,61081,0,162542,42958,0,30,7308,17697458,1,0,0,0,0,0,0,49250,0,0,1,2064,0,0,0,0,0,0,9916,20667,1,50,2,2560,1440,5120,2880,2500,2,2,0,1195,0,1,1243,1243,11432750,0
251,5419659584,19269250,0,0,1,5120,2880,2393,130,-2647,23858,0,0,0,0,0,-1,57,941917,197626,3,176,0,0,5,137896,0,2,181818,7,11,16,146210,0,200460,336165,0,38,7532,8724709,1,0,0,0,0,0,0,52083,0,0,1,2064,0,0,0,0,0,0,10250,19917,1,50,2,2560,1440,5120,2880,2500,2,2,0,1196,0,1,1244,1244,11432750,0
252,5439008250,19348666,0,0,1,5120,2880,2393,130,-2647,22329,0,0,0,0,0,-1,47,6371917,122290,3,176,0,0,5,137784,0,2,181818,7,10,19,136293,0,151167,65125,0,30,7308,7305125,1,0,0,0,0,0,0,22417,0,0,1,2064,0,0,0,0,0,0,5208,9584,1,50,2,2560,1440,5120,2880,2500,2,2,0,1197,0,1,1245,1245,9867624,0
253,5459384959,20376709,0,0,1,5120,2880,2393,130,-2647,22331,0,0,0,0,0,-1,48,10991794,119586,5,1028,0,0,5,137672,0,2,181818,7,10,19,140957,0,197584,36709,0,30,7308,4221750,1,0,0,0,0,0,0,31000,0,0,1,2064,0,0,0,0,0,0,6667,12083,1,50,2,2560,1440,5120,2880,2500,2,2,0,1198,0,1,1246,1246,11471874,0
254,5483991084,24606125,0,0,1,5120,2880,2393,130,-2647,23548,0,0,0,0,0,-1,56,911545,161416,3,176,0,0,5,137560,0,2,181818,7,11,18,52834,0,152292,37625,0,37,7480,14988042,1,0,0,0,0,0,0,37416,0,0,1,2064,0,0,0,0,0,0,6958,14583,1,50,2,2560,1440,5120,2880,2500,2,2,0,1199,0,1,1247,1247,11539125,0
255,5501880375,17889291,0,0,1,5120,2880,2393,130,-2647,22337,0,0,0,0,0,-1,47,1150918,136536,3,176,0,0,5,137560,0,2,181818,7,10,15,125290,0,155084,42042,0,30,7308,9668292,1,0,0,0,0,0,0,32458,0,0,1,2064,0,0,0,0,0,0,7583,11958,1,50,2,2560,1440,5120,2880,2500,2,2,0,1200,0,1,1248,1248,11539125,0
256,5523771459,21891084,0,0,1,5120,2880,2393,129,-2647,24010,0,0,0,0,0,-1,57,7208084,180293,3,176,0,0,5,137672,0,2,181818,7,11,20,142123,0,166251,463584,0,38,7564,5741167,1,0,0,0,0,0,0,24375,0,0,1,2064,0,0,0,0,0,0,5083,11084,1,50,2,2560,1440,5120,2880,2500,2,2,0,1201,0,1,1249,1249,11589250,0
257,5543065042,19293583,0,0,1,5120,2880,2393,129,-2647,22329,0,0,0,0,0,-1,47,10624374,120417,3,176,0,0,5,137672,0,2,181818,7,10,19,147625,0,137250,1382334,0,30,7308,2392917,1,0,0,0,0,0,0,30084,0,0,1,2064,0,0,0,0,0,0,7500,11166,1,50,2,2560,1440,5120,2880,2500,2,2,0,1202,0,1,1250,1250,11646291,0
258,5567631125,24566083,0,0,1,5120,2880,2393,129,-2647,22339,0,0,0,0,0,-1,47,586541,134038,3,176,0,0,5,137672,0,2,181818,7,10,17,54917,0,153833,44917,0,30,7308,16661458,1,0,0,0,0,0,0,42541,0,0,1,2064,0,0,0,0,0,0,9292,15917,1,50,2,2560,1440,5120,2880,2500,2,2,0,1203,0,1,1251,1251,9688499,0
259,5586168084,18536959,0,0,1,5120,2880,2393,129,-2647,21895,0,0,0,0,0,-1,56,1647290,172336,3,176,0,0,5,137336,0,2,181818,7,11,16,148916,0,177458,47043,0,37,6930,8011834,1,0,0,0,0,0,0,31000,0,0,1,2064,0,0,0,0,0,0,7375,12542,1,50,2,2560,1440,5120,2880,2500,2,2,0,1204,0,1,1252,1252,9688499,0
260,5605682000,19513916,0,0,1,5120,2880,2393,129,-2647,20678,0,0,0,0,0,-1,47,7307212,114712,3,176,0,0,5,137336,0,2,181818,7,10,19,127793,0,155959,37290,0,30,6758,6852541,1,0,0,0,0,0,0,22375,0,0,1,2064,0,0,0,0,0,0,4834,9541,1,50,2,2560,1440,5120,2880,2500,2,2,0,1205,0,1,1253,1253,11588624,0
261,5626663959,20981959,0,0,1,5120,2880,2393,129,-2647,22177,0,0,0,0,0,-1,57,10451456,181128,3,176,0,0,5,137336,0,2,181818,7,11,20,147375,0,163417,475334,0,38,6974,1851875,1,0,0,0,0,0,0,30000,0,0,1,2064,0,0,0,0,0,0,6000,11666,1,50,2,2560,1440,5120,2880,2500,2,2,0,1206,0,1,1254,1254,9731375,0
262,5650533917,23869958,0,0,1,5120,2880,2393,129,-2647,20661,0,0,0,0,0,-1,47,111417,160542,3,176,0,0,5,137336,0,2,181818,7,10,17,58707,0,168918,48083,0,30,6749,16822167,1,0,0,0,0,0,0,33333,0,0,1,2064,0,0,0,0,0,0,9125,12125,1,50,2,2560,1440,5120,2880,2500,2,2,0,1207,0,1,1255,1255,11464458,0
263,5668614667,18080750,0,0,1,5120,2880,2393,128,-2647,21978,0,0,0,0,0,-1,56,356540,177585,3,176,0,0,5,137224,0,2,181818,7,11,16,154583,0,203458,61999,0,37,6941,8329000,1,0,0,0,0,0,0,49208,0,0,1,2064,0,0,0,0,0,0,10792,16833,1,50,2,2560,1440,5120,2880,2500,2,2,0,1208,0,1,1256,1256,11464458,0
264,5688053500,19438833,0,0,1,5120,2880,2393,128,-2647,20651,0,0,0,0,0,-1,47,4953584,144997,3,176,0,0,5,137224,0,2,181818,7,10,19,148541,0,165460,52792,0,30,6749,7629041,1,0,0,0,0,0,0,28625,0,0,1,2064,0,0,0,0,0,0,7333,10209,1,50,2,2560,1440,5120,2880,2500,2,2,0,1209,0,1,1257,1257,11733041,0
265,5707873417,19819917,0,0,1,5120,2880,2393,128,-2647,20651,0,0,0,0,0,-1,47,9445212,135995,3,176,0,0,5,137224,0,2,181818,7,10,19,142873,0,160959,46293,0,30,6749,4863791,1,0,0,0,0,0,0,34417,0,0,1,2064,0,0,0,0,0,0,8667,13167,1,50,2,2560,1440,5120,2880,2500,2,2,0,1210,0,1,1258,1258,11511750,0
266,5733501167,25627750,0,0,1,5120,2880,2393,128,-2647,22403,0,0,0,0,0,-1,57,718915,191208,3,176,0,0,5,143944,0,2,181818,7,11,16,1460,0,171916,36793,0,39,7018,16409292,1,0,0,0,0,0,0,56958,0,0,1,2064,0,0,0,0,0,0,10708,22583,1,50,2,2560,1440,5120,2880,2500,2,2,0,1211,0,1,1259,1259,11393499,0
267,5751477167,17976000,0,0,1,5120,2880,2393,128,-2647,20707,0,0,0,0,0,-1,49,307498,155084,3,176,0,0,5,152568,0,2,181818,7,10,14,141418,0,178001,54541,0,32,6755,10206459,1,0,0,0,0,0,0,49125,0,0,1,2064,0,0,0,0,0,0,10500,19417,1,50,2,2560,1440,5120,2880,2500,2,2,0,1212,0,1,1260,1260,11393499,0
268,5772019375,20542208,0,0,1,5120,2880,2393,128,-2647,22010,0,0,0,0,0,-1,59,3633668,229166,10,13772,0,0,5,146856,0,2,181818,7,11,20,154082,0,225499,60083,0,39,6952,6706333,1,0,0,0,0,0,0,50000,0,0,1,2064,0,0,0,0,0,0,9250,19292,1,50,2,2560,1440,5120,2880,2500,2,2,0,1213,0,1,1261,1261,9681750,0
269,5799062959,27043584,0,0,1,5120,2880,2393,128,-2647,21066,0,0,0,0,0,-1,49,107124,127626,3,176,0,0,5,148240,0,2,181818,7,10,15,1167,0,156625,33166,0,33,6868,21355625,1,0,0,0,0,0,0,23167,0,0,1,2064,0,0,0,0,0,0,6375,8792,1,50,2,2560,1440,5120,2880,2500,2,2,0,1214,0,1,1262,1262,11347250,0
270,5818930375,19867416,0,0,1,5120,2880,2393,128,-2647,22672,0,0,0,0,0,-1,61,152123,187455,3,176,0,0,5,194968,0,2,181818,7,11,13,51999,0,189875,46167,0,42,7103,9404000,1,0,0,0,0,0,0,44042,0,0,1,2064,0,0,0,0,0,0,9125,16417,1,50,2,2560,1440,5120,2880,2500,2,2,0,1215,0,1,1263,1263,11650416,0
271,5837005209,18074834,0,0,1,5120,2880,2393,128,-2647,20890,0,0,0,0,0,-1,51,1888417,153666,3,176,0,0,5,202996,0,2,181818,7,10,15,146125,0,159959,1162667,0,34,6804,8138417,1,0,0,0,0,0,0,56042,0,0,1,2064,0,0,0,0,0,0,14250,19208,1,50,2,2560,1440,5120,2880,2500,2,2,0,1216,0,1,1264,1264,11650416,0
272,5856736084,19730875,0,0,1,5120,2880,2393,128,-2647,20582,0,0,0,0,0,-1,54,5495248,168083,3,176,0,0,5,259408,0,2,181818,7,10,19,156458,0,159833,4865082,0,37,6688,6506625,1,0,0,0,0,0,0,30375,0,0,1,2064,0,0,0,0,0,0,7667,11125,1,50,2,2560,1440,5120,2880,2500,2,2,0,1217,0,1,1265,1265,11674583,0
273,5882859375,26123291,0,0,1,5120,2880,2393,128,-2647,21477,0,0,0,0,0,-1,62,629706,156665,3,176,0,0,5,267256,0,2,181818,7,11,16,1748,0,158999,33708,0,44,6752,17933333,1,0,0,0,0,0,0,25125,0,0,1,2064,0,0,0,0,0,0,5916,9167,1,50,2,2560,1440,5120,2880,2500,2,2,0,1218,0,1,1266,1266,11920499,0
274,5902219500,19360125,0,0,1,5120,2880,2393,128,-2647,19769,0,0,0,0,0,-1,64,148089,177131,3,176,0,0,5,346672,0,2,181818,7,10,12,52959,0,223542,45876,0,47,6364,10852292,1,0,0,0,0,0,0,41208,0,0,1,2064,0,0,0,0,0,0,8625,15750,1,50,2,2560,1440,5120,2880,2500,2,2,0,1219,0,1,1267,1267,11940708,0
275,5921628209,19408709,0,0,1,5120,2880,2393,128,-2647,20764,0,0,0,0,0,-1,75,1998546,233622,3,176,0,0,5,387784,0,2,181818,7,11,14,57417,0,230459,47667,0,56,6406,6592166,1,0,0,0,0,0,0,29833,0,0,1,2064,0,0,0,0,0,0,6583,11625,1,50,2,2560,1440,5120,2880,2500,2,2,0,1220,0,1,1268,1268,10182375,0
276,5940932917,19304708,0,0,1,5120,2880,2393,128,-2647,19231,0,0,0,0,0,-1,65,7127668,191047,3,176,0,0,5,397360,0,2,181818,7,10,15,142998,0,143500,340625,0,48,6178,5399458,1,0,0,0,0,0,0,22833,0,0,1,2064,0,0,0,0,0,0,5584,9250,1,50,2,2560,1440,5120,2880,2500,2,2,0,1221,0,1,1269,1269,11755999,0
277,5966107375,25174458,0,0,1,5120,2880,2393,128,-2647,15513,0,0,0,0,0,-1,64,139664,174250,3,176,0,0,5,403048,0,2,181818,7,10,15,2084,0,146626,34834,0,48,4938,19460917,1,0,0,0,0,0,0,26375,0,0,1,2064,0,0,0,0,0,0,7459,10208,1,50,2,2560,1440,5120,2880,2500,2,2,0,1222,0,1,1270,1270,9866791,0
278,5983568167,17460792,0,0,1,5120,2880,2393,128,-2647,12708,0,0,0,0,0,-1,74,159245,195421,3,176,0,0,5,373744,0,2,181818,7,11,13,54916,0,173084,45957,0,55,3757,9409208,1,0,0,0,0,0,0,35542,0,0,1,2064,0,0,0,0,0,0,6208,14333,1,50,2,2560,1440,5120,2880,2500,2,2,0,1223,0,1,1271,1271,11454333,0
279,5999508500,15940333,0,0,1,5120,2880,2393,128,-2647,10256,0,0,0,0,0,-1,55,126378,153788,3,176,0,0,5,308800,0,2,181818,7,10,13,55127,0,187583,39666,0,38,3240,10200458,1,0,0,0,0,0,0,38542,0,0,1,2064,0,0,0,0,0,0,8834,14750,1,50,2,2560,1440,5120,2880,2500,2,2,0,1224,0,1,1272,1272,11229499,0
280,6015922042,16413542,0,0,1,5120,2880,2393,128,-2647,10829,0,0,0,0,0,-1,65,134745,187253,3,176,0,0,5,256024,0,2,181818,7,11,14,52375,0,156167,47084,0,46,3144,9442459,1,0,0,0,0,0,0,24708,0,0,1,2064,0,0,0,0,0,0,4500,9708,1,50,2,2560,1440,5120,2880,2500,2,2,0,1225,0,1,1273,1273,9824500,0
281,6032515667,16593625,0,0,1,5120,2880,2393,128,-2647,9482,0,0,0,0,0,-1,54,112374,148000,3,176,0,0,5,230608,0,2,181818,7,10,13,61084,0,149917,45874,0,37,2988,11189250,1,0,0,0,0,0,0,28667,0,0,1,2064,0,0,0,0,0,0,5792,11333,1,50,2,2560,1440,5120,2880,2500,2,2,0,1226,0,1,1274,1274,11086458,0
282,6049176417,16660750,0,0,1,5120,2880,2393,128,-2647,10781,0,0,0,0,0,-1,51,105415,124916,3,176,0,0,5,199324,0,2,181818,7,10,13,55794,0,141876,41376,0,34,3437,10860083,1,0,0,0,0,0,0,38291,0,0,1,2064,0,0,0,0,0,0,9375,11750,1,50,2,2560,1440,5120,2880,2500,2,2,0,1227,0,1,1275,1275,9684416,0
283,6066526584,17350167,0,0,1,5120,2880,2393,128,-2647,13232,0,0,0,0,0,-1,59,135836,175127,3,176,0,0,5,190508,0,2,181818,7,11,14,52000,0,188167,51209,0,40,4029,9844375,1,0,0,0,0,0,0,54792,0,0,1,2064,0,0,0,0,0,0,10125,22375,1,50,2,2560,1440,5120,2880,2500,2,2,0,1228,0,1,1276,1276,11121250,0
284,6082720709,16194125,0,0,1,5120,2880,2393,128,-2647,12023,0,0,0,0,0,-1,50,104001,150588,3,176,0,0,5,190396,0,2,181818,7,10,13,54335,0,171625,47500,0,33,3857,10498750,1,0,0,0,0,0,0,40916,0,0,1,2064,0,0,0,0,0,0,8083,15958,1,50,2,2560,1440,5120,2880,2500,2,2,0,1229,0,1,1277,1277,9731250,0
285,6100511875,17791166,0,0,1,5120,2880,2393,128,-2647,13745,0,0,0,0,0,-1,50,142710,181043,3,176,0,0,5,183060,0,2,181818,7,10,13,60461,0,153499,58208,0,33,4431,11017750,1,0,0,0,0,0,0,39791,0,0,1,2064,0,0,0,0,0,0,10791,16542,1,50,2,2560,1440,5120,2880,2500,2,2,0,1230,0,1,1278,1278,11271875,0
286,6117213042,16701167,0,0,1,5120,2880,2393,128,-2647,15546,0,0,0,0,0,-1,60,142416,211044,3,176,0,0,5,183172,0,2,181818,7,11,14,52958,0,223625,48334,0,41,4711,8308542,1,0,0,0,0,0,0,47417,0,0,1,2064,0,0,0,0,0,0,8542,19458,1,50,2,2560,1440,5120,2880,2500,2,2,0,1231,0,1,1279,1279,11444250,0
287,6134419542,17206500,0,0,1,5120,2880,2393,128,-2647,14977,0,0,0,0,0,-1,50,142704,158458,3,176,0,0,5,175164,0,2,181818,7,10,15,87418,0,166292,64333,0,33,4839,9901875,1,0,0,0,0,0,0,46500,0,0,1,2064,0,0,0,0,0,0,9792,15917,1,50,2,2560,1440,5120,2880,2500,2,2,0,1232,0,1,1280,1280,11322041,0
288,6150504417,16084875,0,0,1,5120,2880,2393,128,-2647,14977,0,0,0,0,0,-1,50,705997,154668,3,176,0,0,5,175052,0,2,181818,7,10,15,143668,0,153207,40917,0,33,4839,9513792,1,0,0,0,0,0,0,47625,0,0,1,2064,0,0,0,0,0,0,11041,17375,1,50,2,2560,1440,5120,2880,2500,2,2,0,1233,0,1,1281,1281,11322041,0
289,6168715834,18211417,0,0,1,5120,2880,2393,128,-2646,16178,0,0,0,0,0,-1,59,1480251,202210,3,176,0,0,5,174492,0,2,181818,7,11,20,158086,0,179251,68959,0,40,5011,7756041,1,0,0,0,0,0,0,52500,0,0,1,2064,0,0,0,0,0,0,10500,18917,1,50,2,2560,1440,5120,2880,2500,2,2,0,1234,0,1,1282,1282,11439124,0
290,6185758917,17043083,0,0,1,5120,2880,2393,128,-2646,14969,0,0,0,0,0,-1,50,2409121,147208,3,176,0,0,5,174492,0,2,181818,7,10,19,148251,0,160125,48791,0,33,4839,8357958,1,0,0,0,0,0,0,60792,0,0,1,2064,0,0,0,0,0,0,10625,26042,1,50,2,2560,1440,5120,2880,2500,2,2,0,1235,0,1,1283,1283,11502624,0
291,6203260792,17501875,0,0,1,5120,2880,2393,128,-2646,14969,0,0,0,0,0,-1,50,3485913,139128,3,176,0,0,5,174492,0,2,181818,7,10,19,142210,0,155874,42624,0,33,4839,8128208,1,0,0,0,0,0,0,47875,0,0,1,2064,0,0,0,0,0,0,9250,18875,1,50,2,2560,1440,5120,2880,2500,2,2,0,1236,0,1,1284,1284,11319625,0
292,6221554084,18293292,0,0,1,5120,2880,2393,128,-2646,16491,0,0,0,0,0,-1,61,4023170,207332,4,1400,0,0,5,174380,0,2,181818,7,11,20,144625,0,209292,2761708,0,41,5063,5018667,1,0,0,0,0,0,0,53208,0,0,1,2064,0,0,0,0,0,0,11000,21459,1,50,2,2560,1440,5120,2880,2500,2,2,0,1237,0,1,1285,1285,11457458,0
293,6238501459,16947375,0,0,1,5120,2880,2393,128,-2646,14969,0,0,0,0,0,-1,50,5764918,137381,3,176,0,0,5,174380,0,2,181818,7,10,19,136958,0,174041,48707,0,33,4839,5055208,1,0,0,0,0,0,0,26583,0,0,1,2064,0,0,0,0,0,0,7833,10292,1,50,2,2560,1440,5120,2880,2500,2,2,0,1238,0,1,1286,1286,11592083,0
294,6255899625,17398166,0,0,1,5120,2880,2393,128,-2646,14969,0,0,0,0,0,-1,50,6996085,139792,3,176,0,0,5,174380,0,2,181818,7,10,19,134793,0,148625,50874,0,33,4839,5327416,1,0,0,0,0,0,0,21709,0,0,1,2064,0,0,0,0,0,0,5584,7625,1,50,2,2560,1440,5120,2880,2500,2,2,0,1239,0,1,1287,1287,11309875,0
295,6282058084,26158459,0,0,1,5120,2880,2392,128,-2646,16333,0,0,0,0,0,-1,58,128045,150834,3,176,0,0,5,174156,0,2,181818,7,11,16,1792,0,164917,34916,0,40,5036,18953916,1,0,0,0,0,0,0,40042,0,0,1,2064,0,0,0,0,0,0,5458,8792,1,50,2,2560,1440,5120,2880,2500,2,2,0,1240,0,1,1288,1288,9624416,0
296,6299880625,17822541,0,0,1,5120,2880,2392,128,-2646,14969,0,0,0,0,0,-1,50,105544,138293,3,176,0,0,5,174156,0,2,181818,7,10,12,50290,0,152334,41251,0,33,4839,11792708,1,0,0,0,0,0,0,37584,0,0,1,2064,0,0,0,0,0,0,8584,13750,1,50,2,2560,1440,5120,2880,2500,2,2,0,1241,0,1,1289,1289,11331749,0
297,6316955834,17075209,0,0,1,5120,2880,2392,128,-2646,16528,0,0,0,0,0,-1,60,141993,184459,3,176,0,0,5,174380,0,2,181818,7,11,14,50710,0,194459,42124,0,41,5071,8899834,1,0,0,0,0,0,0,43000,0,0,1,2064,0,0,0,0,0,0,8167,17250,1,50,2,2560,1440,5120,2880,2500,2,2,0,1242,0,1,1290,1290,9741624,0
298,6333192167,16236333,0,0,1,5120,2880,2392,128,-2646,14980,0,0,0,0,0,-1,50,150164,149458,3,176,0,0,5,182500,0,2,181818,7,10,15,137663,0,152833,55250,0,33,4840,10386041,1,0,0,0,0,0,0,47583,0,0,1,2064,0,0,0,0,0,0,11792,18833,1,50,2,2560,1440,5120,2880,2500,2,2,0,1243,0,1,1291,1291,11365000,0
299,6351272625,18080458,0,0,1,5120,2880,2392,128,-2646,14972,0,0,0,0,0,-1,50,642171,176706,3,176,0,0,5,189612,0,2,181818,7,10,19,164790,0,159293,52249,0,33,4840,10736834,1,0,0,0,0,0,0,53666,0,0,1,2064,0,0,0,0,0,0,11959,18542,1,50,2,2560,1440,5120,2880,2500,2,2,0,1244,0,1,1292,1292,11365000,0
300,6369997375,18724750,0,0,1,5120,2880,2392,128,-2646,16202,0,0,0,0,0,-1,60,2896458,210002,3,176,0,0,5,194932,0,2,181818,7,11,20,153373,0,172666,521793,0,41,5013,6844166,1,0,0,0,0,0,0,81000,0,0,1,2064,0,0,0,0,0,0,18917,27542,1,50,2,2560,1440,5120,2880,2500,2,2,0,1245,0,1,1293,1293,10077499,0
301,6387743792,17746417,0,0,1,5120,2880,2392,128,-2646,14993,0,0,0,0,0,-1,51,4796584,146082,3,176,0,0,5,195044,0,2,181818,7,10,19,144581,0,149000,4001000,0,34,4841,6925333,1,0,0,0,0,0,0,51000,0,0,1,2064,0,0,0,0,0,0,10667,19500,1,50,2,2560,1440,5120,2880,2500,2,2,0,1246,0,1,1294,1294,11869625,0
302,6415840042,28096250,0,0,1,5120,2880,2392,128,-2646,21594,0,0,0,0,0,-1,50,108958,118289,3,176,0,0,5,195044,0,2,181818,7,10,15,1833,0,134249,34542,0,34,7038,22384291,1,0,0,0,0,0,0,22917,0,0,1,2064,0,0,0,0,0,0,6292,8333,1,50,2,2560,1440,5120,2880,2500,2,2,0,1247,0,1,1295,1295,11727125,0
303,6435453750,19613708,0,0,1,5120,2880,2392,128,-2646,24052,0,0,0,0,0,-1,62,183416,182004,3,176,0,0,5,209156,0,2,181818,7,11,15,84206,0,180668,54874,0,43,7555,9494125,1,0,0,0,0,0,0,48125,0,0,1,2064,0,0,0,0,0,0,8542,19916,1,50,2,2560,1440,5120,2880,2500,2,2,0,1248,0,1,1296,1296,12030124,0
304,6456280500,20826750,0,0,1,5120,2880,2392,128,-2646,22642,0,0,0,0,0,-1,53,4859836,158211,3,176,0,0,5,246772,0,2,181818,7,10,15,148626,0,148709,51624,0,36,7376,8148750,1,0,0,0,0,0,0,26584,0,0,1,2064,0,0,0,0,0,0,6708,9875,1,50,2,2560,1440,5120,2880,2500,2,2,0,1249,0,1,1297,1297,12030124,0
305,6483946542,27666042,0,0,1,5120,2880,2392,128,-2646,23066,0,0,0,0,0,-1,60,278544,146875,5,37248,0,0,5,245080,0,2,181818,7,11,16,2251,0,163792,31625,0,41,7297,18738375,1,0,0,0,0,0,0,22833,0,0,1,2064,0,0,0,0,0,0,5458,9000,1,50,2,2560,1440,5120,2880,2500,2,2,0,1250,0,1,1298,1298,9753749,0
306,6504036584,20090042,0,0,1,5120,2880,2392,128,-2646,21573,0,0,0,0,0,-1,55,550749,180206,149,11531584,0,0,5,278380,0,2,181818,7,10,14,145998,0,608629,48916,0,37,6965,9495625,1,0,0,0,0,0,0,31625,0,0,1,2064,0,0,0,0,0,0,6916,10792,1,50,2,2560,1440,5120,2880,2500,2,2,0,1251,0,1,1299,1299,9753749,0
307,6525188417,21151833,0,0,1,5120,2880,2392,128,-2645,22489,0,0,0,0,0,-1,71,7173922,205333,60,3023952,0,0,5,335008,0,2,181818,7,11,18,50913,0,554997,35333,0,51,6951,3870959,1,0,0,0,0,0,0,56667,0,0,1,2064,0,0,0,0,0,0,13083,19458,1,50,2,2560,1440,5120,2880,2500,2,2,0,1252,0,1,1300,1300,10727583,0
308,6555801834,30613417,0,0,1,5120,2880,2392,128,-2645,19439,0,0,0,0,0,-1,72,216332,247040,159,15626376,0,0,5,504640,0,3,198202,7,10,13,64626,0,796207,52333,0,54,6163,18395500,1,0,0,0,0,0,0,44750,0,0,1,2064,0,0,0,0,0,0,8125,18166,1,50,2,2560,1440,5120,2880,2500,2,2,0,1253,0,1,1301,1301,10260083,0
309,6575605750,19803916,0,0,1,5120,2880,2392,128,-2645,21236,0,0,0,0,0,-1,81,8462371,243453,21,1316176,0,0,5,533764,0,2,181818,7,11,14,55708,0,318710,41582,0,61,6561,28375,1,0,0,0,0,0,0,29417,0,0,1,2064,0,0,0,0,0,0,5875,12333,1,50,2,2560,1440,5120,2880,2500,2,2,0,1254,0,1,1302,1302,10362666,0
310,6600875875,25270125,0,0,1,5120,2880,2392,128,-2645,19888,0,0,0,0,0,-1,71,141125,170786,118,8293632,0,0,5,533872,0,2,181818,7,10,11,1459,0,432295,30125,0,54,6329,17968583,1,0,0,0,0,0,0,24375,0,0,1,2064,0,0,0,0,0,0,5584,8917,1,50,2,2560,1440,5120,2880,2500,2,2,0,1255,0,1,1303,1303,10077125,0
311,6620342959,19467084,0,0,1,5120,2880,2392,128,-2645,21430,0,0,0,0,0,-1,81,5836708,215462,3,176,0,0,5,565084,0,2,181818,7,11,13,60414,0,189501,39043,0,62,6597,2275291,1,0,0,0,0,0,0,54625,0,0,1,2064,0,0,0,0,0,0,12041,20208,1,50,2,2560,1440,5120,2880,2500,2,2,0,1256,0,1,1304,1304,10544124,0
312,6640412209,20069250,0,0,1,5120,2880,2392,128,-2645,19830,0,0,0,0,0,-1,72,4585164,222751,54,1020976,0,0,5,565192,0,2,181818,7,10,13,64085,0,291038,45710,0,54,6329,6761791,1,0,0,0,0,0,0,28625,0,0,1,2064,0,0,0,0,0,0,5583,10583,1,50,2,2560,1440,5120,2880,2500,2,2,0,1257,0,1,1305,1305,10374625,0
313,6666713584,26301375,0,0,1,5120,2880,2392,128,-2645,19776,0,0,0,0,0,-1,70,144828,181873,3,176,0,0,5,565192,0,2,181818,7,10,11,1416,0,132167,30167,0,54,6330,20192584,1,0,0,0,0,0,0,25541,0,0,1,2064,0,0,0,0,0,0,6875,8542,1,50,2,2560,1440,5120,2880,2500,2,2,0,1258,0,1,1306,1306,10190000,0
314,6686148917,19435333,0,0,1,5120,2880,2392,128,-2645,21010,0,0,0,0,0,-1,81,6633496,219165,22,485516,0,0,5,564760,0,2,181818,7,11,13,51873,0,285210,39792,0,61,6502,3226333,1,0,0,0,0,0,0,43625,0,0,1,2064,0,0,0,0,0,0,6500,18709,1,50,2,2560,1440,5120,2880,2500,2,2,0,1259,0,1,1307,1307,10447791,0
315,6706253584,20104667,0,0,1,5120,2880,2392,128,-2645,19692,0,0,0,0,0,-1,71,3744623,203249,3,176,0,0,5,564760,0,2,181818,7,10,13,63877,0,171208,75168,0,54,6300,7784917,1,0,0,0,0,0,0,43791,0,0,1,2064,0,0,0,0,0,0,8042,17416,1,50,2,2560,1440,5120,2880,2500,2,2,0,1260,0,1,1308,1308,10188541,0
316,6732491084,26237500,0,0,1,5120,2880,2392,128,-2645,21336,0,0,0,0,0,-1,81,6832251,183080,7,96608,0,0,5,563176,0,2,181818,7,11,12,1623,0,157374,28207,0,62,6549,12600166,1,0,0,0,0,0,0,21541,0,0,1,2064,0,0,0,0,0,0,3667,8875,1,50,2,2560,1440,5120,2880,2500,2,2,0,1261,0,1,1309,1309,10300374,0
317,6752352250,19861166,0,0,1,5120,2880,2392,128,-2645,19578,0,0,0,0,0,-1,71,165503,198667,3,176,0,0,5,563176,0,2,181818,7,10,12,55625,0,165208,42374,0,54,6262,11569000,1,0,0,0,0,0,0,43292,0,0,1,2064,0,0,0,0,0,0,9958,15209,1,50,2,2560,1440,5120,2880,2500,2,2,0,1262,0,1,1310,1310,10320166,0
318,6771998750,19646500,0,0,1,5120,2880,2392,127,-2645,20826,0,0,0,0,0,-1,81,8704504,251123,7,96312,0,0,5,563176,0,2,181818,7,11,14,57083,0,252709,41583,0,61,6439,609958,1,0,0,0,0,0,0,54292,0,0,1,2064,0,0,0,0,0,0,7833,21292,1,50,2,2560,1440,5120,2880,2500,2,2,0,1263,0,1,1311,1311,10664500,0
319,6791899459,19900709,0,0,1,5120,2880,2392,127,-2645,19587,0,0,0,0,0,-1,71,6680131,219287,3,176,0,0,5,563176,0,2,181818,7,10,13,77792,0,154874,46957,0,54,6265,5215459,1,0,0,0,0,0,0,20375,0,0,1,2064,0,0,0,0,0,0,4334,8416,1,50,2,2560,1440,5120,2880,2500,2,2,0,1264,0,1,1312,1312,10173416,0
320,6816848625,24949166,0,0,1,5120,2880,2392,127,-2645,19581,0,0,0,0,0,-1,70,149249,175038,3,176,0,0,5,563176,0,2,181818,7,10,11,1415,0,139459,34959,0,54,6265,18861958,1,0,0,0,0,0,0,24709,0,0,1,2064,0,0,0,0,0,0,5917,9292,1,50,2,2560,1440,5120,2880,2500,2,2,0,1265,0,1,1313,1313,10164583,0
321,6836079542,19230917,0,0,1,5120,2880,2392,127,-2645,21103,0,0,0,0,0,-1,81,6652954,234873,3,176,0,0,5,562636,0,2,181818,7,11,13,53292,0,219001,39542,0,62,6488,3156375,1,0,0,0,0,0,0,53708,0,0,1,2064,0,0,0,0,0,0,9125,21750,1,50,2,2560,1440,5120,2880,2500,2,2,0,1266,0,1,1314,1314,10497458,0
322,6855807917,19728375,0,0,1,5120,2880,2392,127,-2645,19395,0,0,0,0,0,-1,71,2925712,200876,3,176,0,0,5,562636,0,2,181818,7,10,13,58918,0,180209,67875,0,54,6201,7682958,1,0,0,0,0,0,0,55250,0,0,1,2064,0,0,0,0,0,0,10833,19208,1,50,2,2560,1440,5120,2880,2500,2,2,0,1267,0,1,1315,1315,10439500,0
323,6883133417,27325500,0,0,1,5120,2880,2392,127,-2645,21341,0,0,0,0,0,-1,78,6479337,191121,3,176,0,0,5,551404,0,2,181818,7,11,12,1250,0,153417,29335,0,60,6610,13337875,1,0,0,0,0,0,0,22416,0,0,1,2064,0,0,0,0,0,0,4583,9000,1,50,2,2560,1440,5120,2880,2500,2,2,0,1268,0,1,1316,1316,10125041,0
324,6902473417,19340000,0,0,1,5120,2880,2392,127,-2645,20295,0,0,0,0,0,-1,70,168499,186503,3,176,0,0,5,557056,0,2,181818,7,10,12,45374,0,164791,58501,0,53,6507,10572500,1,0,0,0,0,0,0,44709,0,0,1,2064,0,0,0,0,0,0,7834,19333,1,50,2,2560,1440,5120,2880,2500,2,2,0,1269,0,1,1317,1317,10260749,0
325,6923094834,20621417,0,0,1,5120,2880,2392,127,-2645,21905,0,0,0,0,0,-1,80,9496876,205208,3,176,0,0,5,571096,0,2,181818,7,11,14,62667,0,200708,45167,0,61,6738,24792,1,0,0,0,0,0,0,49208,0,0,1,2064,0,0,0,0,0,0,11334,19708,1,50,2,2560,1440,5120,2880,2500,2,2,0,1270,0,1,1318,1318,10614416,0
326,6949982959,26888125,0,0,1,5120,2880,2392,127,-2645,20121,0,0,0,0,0,-1,69,150371,190918,3,176,0,0,5,570952,0,2,181818,7,10,11,1709,0,147583,33959,0,53,6451,20650292,1,0,0,0,0,0,0,24500,0,0,1,2064,0,0,0,0,0,0,5417,9708,1,50,2,2560,1440,5120,2880,2500,2,2,0,1271,0,1,1319,1319,10295874,0
327,6969859917,19876958,0,0,1,5120,2880,2392,127,-2645,21291,0,0,0,0,0,-1,79,6104583,233045,3,176,0,0,5,570628,0,2,181818,7,11,13,59336,0,216460,45334,0,60,6608,3058792,1,0,0,0,0,0,0,48666,0,0,1,2064,0,0,0,0,0,0,8666,18334,1,50,2,2560,1440,5120,2880,2500,2,2,0,1272,0,1,1320,1320,10378500,0
328,6990271667,20411750,0,0,1,5120,2880,2392,127,-2645,20090,0,0,0,0,0,-1,70,5080794,206665,3,176,0,0,5,570304,0,2,181818,7,10,15,91335,0,161667,48500,0,53,6436,7185708,1,0,0,0,0,0,0,27583,0,0,1,2064,0,0,0,0,0,0,7000,10084,1,50,2,2560,1440,5120,2880,2500,2,2,0,1273,0,1,1321,1321,10073875,0
329,7016627375,26355708,0,0,1,5120,2880,2392,127,-2645,20157,0,0,0,0,0,-1,69,145374,195961,3,176,0,0,5,560620,0,2,181818,7,10,11,1415,0,145457,31043,0,53,6463,20156084,1,0,0,0,0,0,0,23042,0,0,1,2064,0,0,0,0,0,0,5625,8500,1,50,2,2560,1440,5120,2880,2500,2,2,0,1274,0,1,1322,1322,10318666,0
330,7036358709,19731334,0,0,1,5120,2880,2392,127,-2645,22078,0,0,0,0,0,-1,80,5790288,245995,3,176,0,0,5,538984,0,2,181818,7,11,13,55790,0,212958,41959,0,61,6799,2971084,1,0,0,0,0,0,0,58666,0,0,1,2064,0,0,0,0,0,0,14125,24792,1,50,2,2560,1440,5120,2880,2500,2,2,0,1275,0,1,1323,1323,10253874,0
331,7066791667,30432958,0,0,1,5120,2880,2392,127,-2645,20529,0,0,0,0,0,-1,69,152461,176376,3,176,0,0,5,525484,0,2,181818,7,10,11,1542,0,149416,34083,0,53,6587,24160709,1,0,0,0,0,0,0,23208,0,0,1,2064,0,0,0,0,0,0,5250,8875,1,50,2,2560,1440,5120,2880,2500,2,2,0,1276,0,1,1324,1324,9905374,0
332,7086078625,19286958,0,0,1,5120,2880,2392,127,-2645,21873,0,0,0,0,0,-1,79,6269833,234589,3,176,0,0,5,515440,0,2,181818,7,11,13,54000,0,198083,39917,0,60,6802,2813459,1,0,0,0,0,0,0,51542,0,0,1,2064,0,0,0,0,0,0,8709,22250,1,50,2,2560,1440,5120,2880,2500,2,2,0,1277,0,1,1325,1325,10333249,0
333,7106196375,20117750,0,0,1,5120,2880,2392,127,-2645,20719,0,0,0,0,0,-1,70,2433668,269911,3,176,0,0,5,515440,0,2,181818,7,10,14,88458,0,185875,68960,0,53,6647,7759792,1,0,0,0,0,0,0,53292,0,0,1,2064,0,0,0,0,0,0,13000,18583,1,50,2,2560,1440,5120,2880,2500,2,2,0,1278,0,1,1326,1326,10111749,0
334,7132719042,26522667,0,0,1,5120,2880,2392,127,-2645,22255,0,0,0,0,0,-1,79,6878910,200583,3,176,0,0,5,515116,0,2,181818,7,11,12,1416,0,154916,29250,0,61,6876,12412000,1,0,0,0,0,0,0,26250,0,0,1,2064,0,0,0,0,0,0,4833,9500,1,50,2,2560,1440,5120,2880,2500,2,2,0,1279,0,1,1327,1327,9795041,0
335,7151974042,19255000,0,0,1,5120,2880,2392,127,-2645,20715,0,0,0,0,0,-1,70,204331,181790,3,176,0,0,5,515116,0,2,181818,7,10,12,54541,0,148876,55375,0,53,6647,11106291,1,0,0,0,0,0,0,53208,0,0,1,2064,0,0,0,0,0,0,9708,17583,1,50,2,2560,1440,5120,2880,2500,2,2,0,1280,0,1,1328,1328,10030416,0
336,7172321917,20347875,0,0,1,5120,2880,2392,127,-2645,22034,0,0,0,0,0,-1,79,9855953,235046,3,176,0,0,5,515116,0,2,181818,7,11,14,52916,0,205791,43917,0,60,6839,21625,1,0,0,0,0,0,0,60709,0,0,1,2064,0,0,0,0,0,0,9042,21834,1,50,2,2560,1440,5120,2880,2500,2,2,0,1281,0,1,1329,1329,10397999,0
337,7199488542,27166625,0,0,1,5120,2880,2392,127,-2645,20751,0,0,0,0,0,-1,69,136255,150999,3,176,0,0,5,515116,0,2,181818,7,10,11,1124,0,127458,29624,0,53,6661,21381667,1,0,0,0,0,0,0,24959,0,0,1,2064,0,0,0,0,0,0,5166,9709,1,50,2,2560,1440,5120,2880,2500,2,2,0,1282,0,1,1330,1330,9933249,0
338,7219316584,19828042,0,0,1,5120,2880,2392,127,-2645,22288,0,0,0,0,0,-1,80,5789418,217956,3,176,0,0,5,515008,0,2,181818,7,11,13,54834,0,170667,46957,0,61,6887,3593542,1,0,0,0,0,0,0,51125,0,0,1,2064,0,0,0,0,0,0,9583,17625,1,50,2,2560,1440,5120,2880,2500,2,2,0,1283,0,1,1331,1331,10062874,0
339,7239213584,19897000,0,0,1,5120,2880,2392,127,-2645,20742,0,0,0,0,0,-1,69,3047956,223168,3,176,0,0,5,515008,0,2,181818,7,10,13,60667,0,172959,67791,0,52,6660,7767916,1,0,0,0,0,0,0,52666,0,0,1,2064,0,0,0,0,0,0,11375,20833,1,50,2,2560,1440,5120,2880,2500,2,2,0,1284,0,1,1332,1332,10166208,0
340,7259112084,19898500,0,0,1,5120,2880,2392,127,-2645,20750,0,0,0,0,0,-1,69,7102841,229253,3,176,0,0,5,515008,0,2,181818,7,10,15,89041,0,156542,948751,0,52,6660,4498792,1,0,0,0,0,0,0,32084,0,0,1,2064,0,0,0,0,0,0,6125,12583,1,50,2,2560,1440,5120,2880,2500,2,2,0,1285,0,1,1333,1333,10226625,0
341,7283457167,24345083,0,0,1,5120,2880,2392,127,-2645,21980,0,0,0,0,0,-1,77,6544506,180082,3,176,0,0,5,515332,0,2,181818,7,11,12,916,0,142459,27958,0,59,6837,9701292,1,0,0,0,0,0,0,28041,0,0,1,2064,0,0,0,0,0,0,6083,11000,1,50,2,2560,1440,5120,2880,2500,2,2,0,1286,0,1,1334,1334,9766250,0
342,7302591084,19133917,0,0,1,5120,2880,2392,127,-2645,20750,0,0,0,0,0,-1,69,412833,223208,3,176,0,0,5,515656,0,2,181818,7,10,14,82335,0,159709,50751,0,52,6660,10422375,1,0,0,0,0,0,0,44292,0,0,1,2064,0,0,0,0,0,0,10084,17084,1,50,2,2560,1440,5120,2880,2500,2,2,0,1287,0,1,1335,1335,10078749,0
343,7322713792,20122708,0,0,1,5120,2880,2392,127,-2645,22543,0,0,0,0,0,-1,79,10605957,218746,3,176,0,0,5,515800,0,2,181818,7,11,14,59415,0,202875,39959,0,60,6940,18625,1,0,0,0,0,0,0,48625,0,0,1,2064,0,0,0,0,0,0,5500,20208,1,50,2,2560,1440,5120,2880,2500,2,2,0,1288,0,1,1336,1336,10270375,0
344,7349440875,26727083,0,0,1,5120,2880,2392,127,-2645,20736,0,0,0,0,0,-1,68,137582,175207,3,176,0,0,5,515656,0,2,181818,7,10,11,1164,0,140291,33249,0,52,6660,21246625,1,0,0,0,0,0,0,26458,0,0,1,2064,0,0,0,0,0,0,5583,9667,1,50,2,2560,1440,5120,2880,2500,2,2,0,1289,0,1,1337,1337,10048958,0
345,7369661834,20220959,0,0,1,5120,2880,2392,128,-2645,21951,0,0,0,0,0,-1,78,6200250,244499,3,176,0,0,5,515440,0,2,181818,7,11,13,58959,0,185373,47750,0,59,6832,3764542,1,0,0,0,0,0,0,46292,0,0,1,2064,0,0,0,0,0,0,6958,18792,1,50,2,2560,1440,5120,2880,2500,2,2,0,1290,0,1,1338,1338,10044124,0
346,7388715167,19053333,0,0,1,5120,2880,2392,128,-2645,20750,0,0,0,0,0,-1,69,3106380,188210,3,176,0,0,5,515440,0,2,181818,7,10,15,96458,0,168166,49500,0,52,6660,7566875,1,0,0,0,0,0,0,52416,0,0,1,2064,0,0,0,0,0,0,8125,18541,1,50,2,2560,1440,5120,2880,2500,2,2,0,1291,0,1,1339,1339,10125250,0
347,7416173542,27458375,0,0,1,5120,2880,2392,128,-2645,20736,0,0,0,0,0,-1,68,135832,170960,3,176,0,0,5,515332,0,2,181818,7,10,11,999,0,145917,31290,0,52,6660,21886375,1,0,0,0,0,0,0,23500,0,0,1,2064,0,0,0,0,0,0,5125,9000,1,50,2,2560,1440,5120,2880,2500,2,2,0,1292,0,1,1340,1340,10167750,0
348,7435633000,19459458,0,0,1,5120,2880,2392,128,-2645,22263,0,0,0,0,0,-1,79,5735207,217630,3,176,0,0,5,515332,0,2,181818,7,11,13,52249,0,206750,43333,0,60,6884,3666958,1,0,0,0,0,0,0,44667,0,0,1,2064,0,0,0,0,0,0,6542,19459,1,50,2,2560,1440,5120,2880,2500,2,2,0,1293,0,1,1341,1341,9972250,0
349,7455580875,19947875,0,0,1,5120,2880,2392,128,-2645,20746,0,0,0,0,0,-1,69,2868958,225795,3,176,0,0,5,515332,0,2,181818,7,10,14,94457,0,192834,65750,0,52,6660,7836458,1,0,0,0,0,0,0,57000,0,0,1,2064,0,0,0,0,0,0,9916,22917,1,50,2,2560,1440,5120,2880,2500,2,2,0,1294,0,1,1342,1342,10163875,0
350,7483439584,27858709,0,0,1,5120,2880,2392,128,-2645,22055,0,0,0,0,0,-1,77,7130880,209497,3,176,0,0,5,515656,0,2,181818,7,11,12,1874,0,165666,30958,0,59,6852,13137375,1,0,0,0,0,0,0,25875,0,0,1,2064,0,0,0,0,0,0,5250,9500,1,50,2,2560,1440,5120,2880,2500,2,2,0,1295,0,1,1343,1343,10149166,0
351,7502546875,19107291,0,0,1,5120,2880,2392,128,-2645,20742,0,0,0,0,0,-1,69,159212,196122,3,176,0,0,5,515548,0,2,181818,7,10,12,54915,0,174625,45334,0,52,6660,10292042,1,0,0,0,0,0,0,51500,0,0,1,2064,0,0,0,0,0,0,9209,20541,1,50,2,2560,1440,5120,2880,2500,2,2,0,1296,0,1,1344,1344,10012583,0
352,7522607709,20060834,0,0,1,5120,2880,2392,128,-2645,22318,0,0,0,0,0,-1,79,10007793,249288,3,176,0,0,5,515440,0,2,181818,7,11,14,59833,0,240584,43417,0,60,6895,14375,1,0,0,0,0,0,0,56208,0,0,1,2064,0,0,0,0,0,0,9500,22709,1,50,2,2560,1440,5120,2880,2500,2,2,0,1297,0,1,1345,1345,10085333,0
353,7549766375,27158666,0,0,1,5120,2880,2392,128,-2645,20736,0,0,0,0,0,-1,68,148338,190082,3,176,0,0,5,515440,0,2,181818,7,10,11,1038,0,147667,45584,0,52,6660,21370541,1,0,0,0,0,0,0,22542,0,0,1,2064,0,0,0,0,0,0,5125,8709,1,50,2,2560,1440,5120,2880,2500,2,2,0,1298,0,1,1346,1346,10120041,0
354,7569370209,19603834,0,0,1,5120,2880,2392,128,-2645,21951,0,0,0,0,0,-1,78,6364747,251748,3,176,0,0,5,515332,0,2,181818,7,11,13,61167,0,220459,47709,0,59,6832,3203958,1,0,0,0,0,0,0,49250,0,0,1,2064,0,0,0,0,0,0,8083,17333,1,50,2,2560,1440,5120,2880,2500,2,2,0,1299,0,1,1347,1347,10236250,0
355,7589429917,20059708,0,0,1,5120,2880,2392,128,-2645,20750,0,0,0,0,0,-1,69,4059673,194291,3,176,0,0,5,515332,0,2,181818,7,10,15,98293,0,178625,58501,0,52,6660,7638750,1,0,0,0,0,0,0,25625,0,0,1,2064,0,0,0,0,0,0,5750,11083,1,50,2,2560,1440,5120,2880,2500,2,2,0,1300,0,1,1348,1348,9996375,0
356,7616639792,27209875,0,0,1,5120,2880,2392,128,-2645,20736,0,0,0,0,0,-1,68,138670,182171,3,176,0,0,5,515332,0,2,181818,7,10,11,1290,0,147708,35625,0,52,6660,21011542,1,0,0,0,0,0,0,28792,0,0,1,2064,0,0,0,0,0,0,7583,10250,1,50,2,2560,1440,5120,2880,2500,2,2,0,1301,0,1,1349,1349,10233041,0
357,7635886084,19246292,0,0,1,5120,2880,2392,128,-2646,22363,0,0,0,0,0,-1,79,6013581,228662,3,176,0,0,5,515008,0,2,181818,7,11,13,52083,0,187459,40958,0,60,6904,3154042,1,0,0,0,0,0,0,50958,0,0,1,2064,0,0,0,0,0,0,8500,21166,1,50,2,2560,1440,5120,2880,2500,2,2,0,1302,0,1,1350,1350,10337999,0
358,7655890042,20003958,0,0,1,5120,2880,2392,128,-2646,20750,0,0,0,0,0,-1,69,3592792,224377,3,176,0,0,5,515008,0,2,181818,7,10,15,100625,0,179875,51750,0,52,6660,7874875,1,0,0,0,0,0,0,50500,0,0,1,2064,0,0,0,0,0,0,10833,19917,1,50,2,2560,1440,5120,2880,2500,2,2,0,1303,0,1,1351,1351,9998041,0
359,7676137875,20247833,0,0,1,5120,2880,2392,128,-2646,21951,0,0,0,0,0,-1,78,10030835,239873,3,176,0,0,5,507484,0,2,181818,7,11,14,58541,0,233458,43042,0,59,6832,22292,1,0,0,0,0,0,0,50709,0,0,1,2064,0,0,0,0,0,0,7292,19500,1,50,2,2560,1440,5120,2880,2500,2,2,0,1304,0,1,1352,1352,10323624,0
360,7700392917,24255042,0,0,1,5120,2880,2392,128,-2646,20736,0,0,0,0,0,-1,68,133546,164788,3,176,0,0,5,507232,0,2,181818,7,10,11,832,0,148125,29126,0,52,6660,17817167,1,0,0,0,0,0,0,68125,0,0,1,2064,0,0,0,0,0,0,12584,22458,1,50,2,2560,1440,5120,2880,2500,2,2,0,1305,0,1,1353,1353,10013874,0
361,7719929250,19536333,0,0,1,5120,2880,2392,128,-2646,22443,0,0,0,0,0,-1,79,6326915,243000,3,176,0,0,5,507340,0,2,181818,7,11,13,50042,0,216458,39833,0,60,6920,2509542,1,0,0,0,0,0,0,47875,0,0,1,2064,0,0,0,0,0,0,6875,20042,1,50,2,2560,1440,5120,2880,2500,2,2,0,1306,0,1,1354,1354,10106749,0
362,7740078084,20148834,0,0,1,5120,2880,2392,128,-2646,20750,0,0,0,0,0,-1,69,4604880,220998,3,176,0,0,5,507340,0,2,181818,7,10,15,91545,0,163751,50750,0,52,6660,7329625,1,0,0,0,0,0,0,29500,0,0,1,2064,0,0,0,0,0,0,6667,11833,1,50,2,2560,1440,5120,2880,2500,2,2,0,1307,0,1,1355,1355,9921999,0
363,7766417917,26339833,0,0,1,5120,2880,2392,128,-2646,20736,0,0,0,0,0,-1,68,149966,178830,3,176,0,0,5,507232,0,2,181818,7,10,11,1293,0,151916,32958,0,52,6660,20529834,1,0,0,0,0,0,0,23917,0,0,1,2064,0,0,0,0,0,0,5500,10417,1,50,2,2560,1440,5120,2880,2500,2,2,0,1308,0,1,1356,1356,10171125,0
364,7785712542,19294625,0,0,1,5120,2880,2392,128,-2646,22096,0,0,0,0,0,-1,78,5942921,226042,3,176,0,0,5,507340,0,2,181818,7,11,13,55126,0,215623,39000,0,59,6857,3556875,1,0,0,0,0,0,0,51000,0,0,1,2064,0,0,0,0,0,0,8542,22208,1,50,2,2560,1440,5120,2880,2500,2,2,0,1309,0,1,1357,1357,9994208,0
365,7805903375,20190833,0,0,1,5120,2880,2392,128,-2646,20746,0,0,0,0,0,-1,69,3023254,246124,3,176,0,0,5,507340,0,2,181818,7,10,14,76959,0,180208,71418,0,52,6660,7759208,1,0,0,0,0,0,0,41084,0,0,1,2064,0,0,0,0,0,0,9208,17375,1,50,2,2560,1440,5120,2880,2500,2,2,0,1310,0,1,1358,1358,10026958,0
366,7832658417,26755042,0,0,1,5120,2880,2392,128,-2646,22252,0,0,0,0,0,-1,78,7082631,176161,3,176,0,0,5,507484,0,2,181818,7,11,12,1042,0,138666,27083,0,60,6883,12923417,1,0,0,0,0,0,0,21166,0,0,1,2064,0,0,0,0,0,0,4250,8333,1,50,2,2560,1440,5120,2880,2500,2,2,0,1311,0,1,1359,1359,10200375,0
367,7851806250,19147833,0,0,1,5120,2880,2392,128,-2646,20742,0,0,0,0,0,-1,69,152925,173996,3,176,0,0,5,507484,0,2,181818,7,10,12,53584,0,156416,43457,0,52,6660,11371667,1,0,0,0,0,0,0,32416,0,0,1,2064,0,0,0,0,0,0,6542,13417,1,50,2,2560,1440,5120,2880,2500,2,2,0,1312,0,1,1360,1360,10298125,0
368,7872272167,20465917,0,0,1,5120,2880,2392,128,-2646,21948,0,0,0,0,0,-1,78,9305166,236500,3,176,0,0,5,507124,0,2,181818,7,11,14,61248,0,231417,45208,0,59,6831,376875,1,0,0,0,0,0,0,52458,0,0,1,2064,0,0,0,0,0,0,8292,21958,1,50,2,2560,1440,5120,2880,2500,2,2,0,1313,0,1,1361,1361,10127041,0
369,7899524542,27252375,0,0,1,5120,2880,2392,128,-2646,20733,0,0,0,0,0,-1,68,137961,158874,3,176,0,0,5,507124,0,2,181818,7,10,11,1293,0,133457,30708,0,52,6659,21685000,1,0,0,0,0,0,0,23834,0,0,1,2064,0,0,0,0,0,0,5625,9791,1,50,2,2560,1440,5120,2880,2500,2,2,0,1314,0,1,1362,1362,9916791,0
370,7919399417,19874875,0,0,1,5120,2880,2392,128,-2646,22389,0,0,0,0,0,-1,79,6156081,239246,3,176,0,0,5,507016,0,2,181818,7,11,13,55041,0,197125,46248,0,60,6908,3271875,1,0,0,0,0,0,0,47459,0,0,1,2064,0,0,0,0,0,0,6334,17459,1,50,2,2560,1440,5120,2880,2500,2,2,0,1315,0,1,1363,1363,10417583,0
371,7938905334,19505917,0,0,1,5120,2880,2392,128,-2646,20719,0,0,0,0,0,-1,68,3485877,218870,3,176,0,0,5,493948,0,2,181818,7,10,15,108917,0,165375,77082,0,51,6656,7633917,1,0,0,0,0,0,0,54750,0,0,1,2064,0,0,0,0,0,0,10500,19834,1,50,2,2560,1440,5120,2880,2500,2,2,0,1316,0,1,1364,1364,10184999,0
372,7966585125,27679791,0,0,1,5120,2880,2392,128,-2646,20726,0,0,0,0,0,-1,67,139539,169790,3,176,0,0,5,493732,0,2,181818,7,10,12,1251,0,139958,33124,0,51,6661,21519542,1,0,0,0,0,0,0,24792,0,0,1,2064,0,0,0,0,0,0,5625,8375,1,50,2,2560,1440,5120,2880,2500,2,2,0,1317,0,1,1365,1365,9895708,0
373,7985726542,19141417,0,0,1,5120,2880,2392,128,-2646,21864,0,0,0,0,0,-1,77,5555246,206168,3,176,0,0,5,493156,0,2,181818,7,11,13,55791,0,221000,39752,0,58,6809,3267291,1,0,0,0,0,0,0,31625,0,0,1,2064,0,0,0,0,0,0,4625,13417,1,50,2,2560,1440,5120,2880,2500,2,2,0,1318,0,1,1366,1366,11944833,0
374,8005441959,19715417,0,0,1,5120,2880,2392,128,-2646,20662,0,0,0,0,0,-1,68,3178335,194127,3,176,0,0,5,492940,0,2,181818,7,10,15,106041,0,167791,97500,0,51,6637,8118917,1,0,0,0,0,0,0,57583,0,0,1,2064,0,0,0,0,0,0,9917,20375,1,50,2,2560,1440,5120,2880,2500,2,2,0,1319,0,1,1367,1367,11685958,0
375,8033391709,27949750,0,0,1,5120,2880,2392,128,-2646,22208,0,0,0,0,0,-1,77,6987585,193753,3,176,0,0,5,493048,0,2,181818,7,11,13,1625,0,165459,33833,0,59,6868,13598583,1,0,0,0,0,0,0,25917,0,0,1,2064,0,0,0,0,0,0,4750,11834,1,50,2,2560,1440,5120,2880,2500,2,2,0,1320,0,1,1368,1368,9740458,0
376,8052438625,19046916,0,0,1,5120,2880,2392,128,-2646,20658,0,0,0,0,0,-1,68,159632,192127,3,176,0,0,5,501940,0,2,181818,7,10,12,45958,0,193250,42290,0,51,6638,10686792,1,0,0,0,0,0,0,52125,0,0,1,2064,0,0,0,0,0,0,8250,19250,1,50,2,2560,1440,5120,2880,2500,2,2,0,1321,0,1,1369,1369,11737250,0
377,8072361250,19922625,0,0,1,5120,2880,2392,128,-2647,21977,0,0,0,0,0,-1,77,9433708,262037,3,176,0,0,5,502156,0,2,181818,7,11,14,60584,0,225499,45542,0,58,6830,18625,1,0,0,0,0,0,0,54458,0,0,1,2064,0,0,0,0,0,0,6375,21709,1,50,2,2560,1440,5120,2880,2500,2,2,0,1322,0,1,1370,1370,11900375,0
378,8100004042,27642792,0,0,1,5120,2880,2392,128,-2647,20652,0,0,0,0,0,-1,67,142749,193666,3,176,0,0,5,502264,0,2,181818,7,10,11,1831,0,147207,32208,0,51,6638,21151417,1,0,0,0,0,0,0,23917,0,0,1,2064,0,0,0,0,0,0,5042,9333,1,50,2,2560,1440,5120,2880,2500,2,2,0,1323,0,1,1371,1371,9777833,0
379,8119266917,19262875,0,0,1,5120,2880,2392,128,-2647,22354,0,0,0,0,0,-1,78,6000500,227707,3,176,0,0,5,502372,0,2,181818,7,11,13,56919,0,208834,43000,0,59,6897,3054000,1,0,0,0,0,0,0,51125,0,0,1,2064,0,0,0,0,0,0,6917,18791,1,50,2,2560,1440,5120,2880,2500,2,2,0,1324,0,1,1372,1372,11772041,0
380,8138691000,19424083,0,0,1,5120,2880,2392,128,-2647,20666,0,0,0,0,0,-1,68,2938167,207290,3,176,0,0,5,502264,0,2,181818,7,10,15,99165,0,174375,86083,0,51,6638,7961417,1,0,0,0,0,0,0,51041,0,0,1,2064,0,0,0,0,0,0,9334,19750,1,50,2,2560,1440,5120,2880,2500,2,2,0,1325,0,1,1373,1373,11605791,0
381,8166808625,28117625,0,0,1,5120,2880,2392,128,-2647,20652,0,0,0,0,0,-1,67,154672,176919,3,176,0,0,5,502048,0,2,181818,7,10,11,1167,0,154708,33916,0,51,6638,21684541,1,0,0,0,0,0,0,21583,0,0,1,2064,0,0,0,0,0,0,5000,8083,1,50,2,2560,1440,5120,2880,2500,2,2,0,1326,0,1,1374,1374,9757749,0
382,8185717584,18908959,0,0,1,5120,2880,2392,128,-2647,21853,0,0,0,0,0,-1,76,5704709,228795,3,176,0,0,5,509392,0,2,181818,7,11,13,54251,0,240000,43666,0,57,6809,3222167,1,0,0,0,0,0,0,44375,0,0,1,2064,0,0,0,0,0,0,5334,19792,1,50,2,2560,1440,5120,2880,2500,2,2,0,1327,0,1,1375,1375,11676249,0
383,8205375292,19657708,0,0,1,5120,2880,2392,128,-2647,20652,0,0,0,0,0,-1,67,2589166,217708,3,176,0,0,5,509392,0,2,181818,7,10,15,101667,0,183166,64417,0,50,6637,8100000,1,0,0,0,0,0,0,54833,0,0,1,2064,0,0,0,0,0,0,10291,18959,1,50,2,2560,1440,5120,2880,2500,2,2,0,1328,0,1,1376,1376,11600124,0
384,8233901125,28525833,0,0,1,5120,2880,2392,129,-2647,23968,0,0,0,0,0,-1,76,6677417,215916,3,176,0,0,5,525772,0,2,181818,7,11,12,2001,0,170790,35291,0,58,7450,13834125,1,0,0,0,0,0,0,22334,0,0,1,2064,0,0,0,0,0,0,4417,9125,1,50,2,2560,1440,5120,2880,2500,2,2,0,1329,0,1,1377,1377,9797208,0
385,8253428792,19527667,0,0,1,5120,2880,2392,129,-2647,21612,0,0,0,0,0,-1,68,464454,200953,3,176,0,0,5,498772,0,2,181818,7,10,14,89001,0,181334,53165,0,51,6951,9887750,1,0,0,0,0,0,0,47625,0,0,1,2064,0,0,0,0,0,0,8125,18625,1,50,2,2560,1440,5120,2880,2500,2,2,0,1330,0,1,1378,1378,10056458,0
386,8274584250,21155458,0,0,1,5120,2880,2393,129,-2648,22380,0,0,0,0,0,-1,77,9762087,245123,3,176,0,0,5,436816,0,2,181818,7,11,14,58959,0,214457,47209,0,58,6972,25042,1,0,0,0,0,0,0,44334,0,0,1,2064,0,0,0,0,0,0,7292,18958,1,50,2,2560,1440,5120,2880,2500,2,2,0,1331,0,1,1379,1379,12222541,0
387,8300248000,25663750,0,0,1,5120,2880,2393,129,-2648,20575,0,0,0,0,0,-1,58,123421,153249,3,176,0,0,5,324352,0,2,181818,7,10,11,916,0,146626,33209,0,42,6655,18752416,1,0,0,0,0,0,0,24834,0,0,1,2064,0,0,0,0,0,0,6166,9417,1,50,2,2560,1440,5120,2880,2500,2,2,0,1332,0,1,1380,1380,12115000,0
388,8320351125,20103125,0,0,1,5120,2880,2393,129,-2648,23623,0,0,0,0,0,-1,66,265663,208751,3,176,0,0,5,288100,0,2,181818,7,11,15,89960,0,204418,57959,0,47,7398,8905166,1,0,0,0,0,0,0,50167,0,0,1,2064,0,0,0,0,0,0,10417,17958,1,50,2,2560,1440,5120,2880,2500,2,2,0,1333,0,1,1381,1381,12472625,0
389,8341506459,21155334,0,0,1,5120,2880,2393,129,-2648,22153,0,0,0,0,0,-1,54,7711998,143456,10,5744,0,0,5,275644,0,2,181818,7,10,15,140832,0,201461,7089082,0,36,7208,6725916,1,0,0,0,0,0,0,26583,0,0,1,2064,0,0,0,0,0,0,6417,9958,1,50,2,2560,1440,5120,2880,2500,2,2,0,1334,0,1,1382,1382,12472625,0
390,8368214709,26708250,0,0,1,5120,2880,2393,129,-2648,20996,0,0,0,0,0,-1,53,590793,171457,3,176,0,0,5,270064,0,2,181818,7,10,17,63083,0,153165,59541,0,36,6824,18423375,1,0,0,0,0,0,0,67916,0,0,1,2064,0,0,0,0,0,0,13375,23500,1,50,2,2560,1440,5120,2880,2500,2,2,0,1335,0,1,1383,1383,9980708,0
391,8387494750,19280041,0,0,1,5120,2880,2393,129,-2648,17153,0,0,0,0,0,-1,62,2725124,179960,3,176,0,0,5,271180,0,2,181818,7,11,16,140997,0,172708,49335,0,43,5296,7460583,1,0,0,0,0,0,0,31125,0,0,1,2064,0,0,0,0,0,0,5333,11375,1,50,2,2560,1440,5120,2880,2500,2,2,0,1336,0,1,1384,1384,9980708,0
392,8405490334,17995584,0,0,1,5120,2880,2393,129,-2648,13668,0,0,0,0,0,-1,54,5761423,152544,3,176,0,0,5,272872,0,2,181818,7,10,19,142417,0,156542,4817581,0,37,4381,5848125,1,0,0,0,0,0,0,30375,0,0,1,2064,0,0,0,0,0,0,6958,11583,1,50,2,2560,1440,5120,2880,2500,2,2,0,1337,0,1,1385,1385,12245833,0
393,8432098667,26608333,0,0,1,5120,2880,2393,129,-2648,13994,0,0,0,0,0,-1,63,664206,168496,3,176,0,0,5,273232,0,2,181818,7,11,16,1586,0,166000,35250,0,45,4202,19499333,1,0,0,0,0,0,0,25458,0,0,1,2064,0,0,0,0,0,0,5750,8584,1,50,2,2560,1440,5120,2880,2500,2,2,0,1338,0,1,1386,1386,11753375,0
394,8449265584,17166917,0,0,1,5120,2880,2393,129,-2648,10275,0,0,0,0,0,-1,55,131625,147297,3,176,0,0,5,278236,0,2,181818,7,10,12,55792,0,148125,44709,0,38,3246,11787375,1,0,0,0,0,0,0,24042,0,0,1,2064,0,0,0,0,0,0,5875,8833,1,50,2,2560,1440,5120,2880,2500,2,2,0,1339,0,1,1387,1387,9909000,0
395,8466222750,16957166,0,0,1,5120,2880,2393,129,-2648,10365,0,0,0,0,0,-1,65,144871,189166,3,176,0,0,5,292204,0,2,181818,7,11,14,52585,0,179540,41914,0,46,3039,9933208,1,0,0,0,0,0,0,21209,0,0,1,2064,0,0,0,0,0,0,3792,8833,1,50,2,2560,1440,5120,2880,2500,2,2,0,1340,0,1,1388,1388,11476749,0
396,8482850750,16628000,0,0,1,5120,2880,2393,129,-2648,8799,0,0,0,0,0,-1,56,147956,165837,3,176,0,0,5,292312,0,2,181818,7,10,13,51207,0,165834,43334,0,39,2748,10569958,1,0,0,0,0,0,0,23333,0,0,1,2064,0,0,0,0,0,0,4917,8958,1,50,2,2560,1440,5120,2880,2500,2,2,0,1341,0,1,1389,1389,9886250,0
397,8499302000,16451250,0,0,1,5120,2880,2393,129,-2648,8429,0,0,0,0,0,-1,56,116999,164750,3,176,0,0,5,298360,0,2,181818,7,10,13,58501,0,146793,39500,0,39,2625,11031042,1,0,0,0,0,0,0,55792,0,0,1,2064,0,0,0,0,0,0,12042,19458,1,50,2,2560,1440,5120,2880,2500,2,2,0,1342,0,1,1390,1390,11235875,0
398,8515947209,16645209,0,0,1,5120,2880,2393,128,-2649,10050,0,0,0,0,0,-1,66,135335,183339,3,176,0,0,5,306856,0,2,181818,7,11,14,61331,0,161543,47957,0,47,2841,9881916,1,0,0,0,0,0,0,48334,0,0,1,2064,0,0,0,0,0,0,6542,19500,1,50,2,2560,1440,5120,2880,2500,2,2,0,1343,0,1,1391,1391,9930791,0
399,8532577209,16630000,0,0,1,5120,2880,2393,128,-2649,8048,0,0,0,0,0,-1,58,125954,159249,3,176,0,0,5,302320,0,2,181818,7,10,13,59003,0,156875,51500,0,41,2486,11248250,1,0,0,0,0,0,0,29458,0,0,1,2064,0,0,0,0,0,0,6833,10583,1,50,2,2560,1440,5120,2880,2500,2,2,0,1344,0,1,1392,1392,11346874,0
400,8549304167,16726958,0,0,1,5120,2880,2393,128,-2649,8856,0,0,0,0,0,-1,58,127289,136834,3,176,0,0,5,293608,0,2,181818,7,10,12,32709,0,138793,64208,0,41,2756,11366333,1,0,0,0,0,0,0,57125,0,0,1,2064,0,0,0,0,0,0,10000,21334,1,50,2,2560,1440,5120,2880,2500,2,2,0,1345,0,1,1393,1393,9858499,0
401,8566200417,16896250,0,0,1,5120,2880,2393,128,-2649,10029,0,0,0,0,0,-1,68,157209,196958,4,1400,0,0,5,293860,0,2,181818,7,11,13,60709,0,204499,57499,0,48,2915,9944208,1,0,0,0,0,0,0,31375,0,0,1,2064,0,0,0,0,0,0,7667,12875,1,50,2,2560,1440,5120,2880,2500,2,2,0,1346,0,1,1394,1394,11373999,0
402,8582655834,16455417,0,0,1,5120,2880,2393,128,-2649,8888,0,0,0,0,0,-1,58,108795,144329,3,176,0,0,5,293752,0,2,181818,7,10,13,63167,0,133251,37709,0,41,2766,11010875,1,0,0,0,0,0,0,55958,0,0,1,2064,0,0,0,0,0,0,11333,19459,1,50,2,2560,1440,5120,2880,2500,2,2,0,1347,0,1,1395,1395,11177041,0
403,8599362334,16706500,0,0,1,5120,2880,2393,128,-2649,8552,0,0,0,0,0,-1,57,111419,151162,3,176,0,0,5,285976,0,2,181818,7,10,13,62666,0,142667,51959,0,40,2660,11283375,1,0,0,0,0,0,0,58541,0,0,1,2064,0,0,0,0,0,0,12125,20958,1,50,2,2560,1440,5120,2880,2500,2,2,0,1348,0,1,1396,1396,11192458,0
404,8616422584,17060250,0,0,1,5120,2880,2393,128,-2649,10264,0,0,0,0,0,-1,64,144827,178038,3,176,0,0,5,263692,0,2,181818,7,11,14,68420,0,153166,46292,0,45,2963,9872625,1,0,0,0,0,0,0,65333,0,0,1,2064,0,0,0,0,0,0,12750,37333,1,50,2,2560,1440,5120,2880,2500,2,2,0,1349,0,1,1397,1397,11252249,0
405,8632408667,15986083,0,0,1,5120,2880,2393,128,-2649,8738,0,0,0,0,0,-1,54,116872,153131,3,176,0,0,5,263692,0,2,181818,7,10,13,53664,0,168750,45792,0,37,2738,10796250,1,0,0,0,0,0,0,27833,0,0,1,2064,0,0,0,0,0,0,6333,9500,1,50,2,2560,1440,5120,2880,2500,2,2,0,1350,0,1,1398,1398,11138333,0
406,8648830250,16421583,0,0,1,5120,2880,2393,128,-2649,8740,0,0,0,0,0,-1,55,116750,136213,5,1028,0,0,5,263692,0,2,181818,7,10,13,64542,0,154251,49085,0,37,2738,11568416,1,0,0,0,0,0,0,57875,0,0,1,2064,0,0,0,0,0,0,12625,18750,1,50,2,2560,1440,5120,2880,2500,2,2,0,1351,0,1,1399,1399,11099666,0
407,8665663334,16833084,0,0,1,5120,2880,2393,128,-2649,10057,0,0,0,0,0,-1,63,141082,172534,3,176,0,0,5,264016,0,2,181818,7,11,14,53125,0,180499,44960,0,44,2930,10617458,1,0,0,0,0,0,0,57708,0,0,1,2064,0,0,0,0,0,0,30875,14042,1,50,2,2560,1440,5120,2880,2500,2,2,0,1352,0,1,1400,1400,11161458,0
408,8681922750,16259416,0,0,1,5120,2880,2393,128,-2649,8738,0,0,0,0,0,-1,54,97665,121624,3,176,0,0,5,264016,0,2,181818,7,10,13,52082,0,128707,36459,0,37,2738,11698083,1,0,0,0,0,0,0,27875,0,0,1,2064,0,0,0,0,0,0,5709,11708,1,50,2,2560,1440,5120,2880,2500,2,2,0,1353,0,1,1401,1401,11134125,0
409,8698253334,16330584,0,0,1,5120,2880,2393,128,-2649,8738,0,0,0,0,0,-1,54,99249,126998,3,176,0,0,5,264016,0,2,181818,7,10,13,49168,0,131251,39209,0,37,2738,11898375,1,0,0,0,0,0,0,54500,0,0,1,2064,0,0,0,0,0,0,12208,20000,1,50,2,2560,1440,5120,2880,2500,2,2,0,1354,0,1,1402,1402,10990249,0
410,8715200542,16947208,0,0,1,5120,2880,2394,128,-2649,10277,0,0,0,0,0,-1,64,129912,153958,3,176,0,0,5,264700,0,2,181818,7,11,13,25254,0,144542,46417,0,45,2966,11185750,1,0,0,0,0,0,0,50625,0,0,1,2064,0,0,0,0,0,0,9500,19958,1,50,2,2560,1440,5120,2880,2500,2,2,0,1355,0,1,1403,1403,10995166,0
411,8731936292,16735750,0,0,1,5120,2880,2394,128,-2649,8733,0,0,0,0,0,-1,54,111996,144874,3,176,0,0,5,264700,0,2,181818,7,10,11,25040,0,139083,43001,0,37,2738,12083625,1,0,0,0,0,0,0,50375,0,0,1,2064,0,0,0,0,0,0,7834,18791,1,50,2,2560,1440,5120,2880,2500,2,2,0,1356,0,1,1404,1404,11092375,0
412,8748405709,16469417,0,0,1,5120,2880,2394,128,-2649,8738,0,0,0,0,0,-1,54,101580,137792,3,176,0,0,5,264700,0,2,181818,7,10,12,55627,0,153000,39168,0,37,2738,12073292,1,0,0,0,0,0,0,52125,0,0,1,2064,0,0,0,0,0,0,9708,20792,1,50,2,2560,1440,5120,2880,2500,2,2,0,1357,0,1,1405,1405,11033000,0
413,8765476125,17070416,0,0,1,5120,2880,2394,128,-2649,9976,0,0,0,0,0,-1,63,147125,165164,3,176,0,0,5,264916,0,2,181818,7,11,12,15499,0,167375,48042,0,44,2915,11052542,1,0,0,0,0,0,0,53833,0,0,1,2064,0,0,0,0,0,0,9083,21208,1,50,2,2560,1440,5120,2880,2500,2,2,0,1358,0,1,1406,1406,11074749,0
414,8782102625,16626500,0,0,1,5120,2880,2394,128,-2649,8740,0,0,0,0,0,-1,55,112249,147538,5,1028,0,0,5,264916,0,2,181818,7,10,12,58498,0,162416,40333,0,37,2738,11905250,1,0,0,0,0,0,0,39709,0,0,1,2064,0,0,0,0,0,0,7083,15708,1,50,2,2560,1440,5120,2880,2500,2,2,0,1359,0,1,1407,1407,11115166,0
415,8798698709,16596084,0,0,1,5120,2880,2394,128,-2649,8738,0,0,0,0,0,-1,54,113912,146912,3,176,0,0,5,265024,0,2,181818,7,10,13,54209,0,158582,52376,0,37,2738,12025542,1,0,0,0,0,0,0,23792,0,0,1,2064,0,0,0,0,0,0,4417,11208,1,50,2,2560,1440,5120,2880,2500,2,2,0,1360,0,1,1408,1408,11124291,0
416,8815554625,16855916,0,0,1,5120,2880,2394,128,-2649,10359,0,0,0,0,0,-1,64,142124,180829,3,176,0,0,5,265492,0,2,181818,7,11,14,53165,0,189751,47960,0,45,2982,10539917,1,0,0,0,0,0,0,26333,0,0,1,2064,0,0,0,0,0,0,4125,12125,1,50,2,2560,1440,5120,2880,2500,2,2,0,1361,0,1,1409,1409,9703499,0
417,8832502209,16947584,0,0,1,5120,2880,2394,128,-2649,8738,0,0,0,0,0,-1,54,121918,156873,3,176,0,0,5,265492,0,2,181818,7,10,13,65042,0,174460,59500,0,37,2738,11886709,1,0,0,0,0,0,0,32333,0,0,1,2064,0,0,0,0,0,0,6834,9541,1,50,2,2560,1440,5120,2880,2500,2,2,0,1362,0,1,1410,1410,11113791,0
418,8848562959,16060750,0,0,1,5120,2880,2394,128,-2649,8738,0,0,0,0,0,-1,54,102583,130997,3,176,0,0,5,265492,0,2,181818,7,10,13,54336,0,124917,38667,0,37,2738,11376875,1,0,0,0,0,0,0,53083,0,0,1,2064,0,0,0,0,0,0,12167,20250,1,50,2,2560,1440,5120,2880,2500,2,2,0,1363,0,1,1411,1411,9722208,0
419,8865329750,16766791,0,0,1,5120,2880,2394,128,-2649,9947,0,0,0,0,0,-1,63,125128,165620,3,176,0,0,5,265276,0,2,181818,7,11,14,53003,0,171959,40957,0,44,2910,10720375,1,0,0,0,0,0,0,32208,0,0,1,2064,0,0,0,0,0,0,6792,13125,1,50,2,2560,1440,5120,2880,2500,2,2,0,1364,0,1,1412,1412,11223250,0
420,8882170792,16841042,0,0,1,5120,2880,2394,128,-2649,9731,0,0,0,0,0,-1,53,97455,121289,3,176,0,0,5,245116,0,2,181818,7,10,13,55626,0,126624,45919,0,36,3075,11846542,1,0,0,0,0,0,0,111084,0,0,1,2064,0,0,0,0,0,0,15042,73125,1,50,2,2560,1440,5120,2880,2500,2,2,0,1365,0,1,1413,1413,9742166,0
421,8898919750,16748958,0,0,1,5120,2880,2394,128,-2649,10805,0,0,0,0,0,-1,52,100419,112835,3,176,0,0,5,216548,0,2,181818,7,10,13,51126,0,121001,36750,0,35,3439,11740459,1,0,0,0,0,0,0,28000,0,0,1,2064,0,0,0,0,0,0,6292,11000,1,50,2,2560,1440,5120,2880,2500,2,2,0,1366,0,1,1414,1414,11063458,0
422,8916396084,17476334,0,0,1,5120,2880,2394,128,-2649,13987,0,0,0,0,0,-1,62,127790,153666,3,176,0,0,5,210164,0,2,181818,7,11,14,56956,0,162167,43791,0,43,4194,10354750,1,0,0,0,0,0,0,48000,0,0,1,2064,0,0,0,0,0,0,8958,16958,1,50,2,2560,1440,5120,2880,2500,2,2,0,1367,0,1,1415,1415,9688375,0
423,8932466709,16070625,0,0,1,5120,2880,2394,128,-2649,12296,0,0,0,0,0,-1,52,102752,129206,3,176,0,0,5,210052,0,2,181818,7,10,13,52456,0,154585,48916,0,35,3936,10870083,1,0,0,0,0,0,0,38208,0,0,1,2064,0,0,0,0,0,0,8000,14083,1,50,2,2560,1440,5120,2880,2500,2,2,0,1368,0,1,1416,1416,11272124,0
424,8950036417,17569708,0,0,1,5120,2880,2394,128,-2649,15716,0,0,0,0,0,-1,52,107868,131207,3,176,0,0,5,203668,0,2,181818,7,10,13,49084,0,130917,35833,0,35,5076,11470500,1,0,0,0,0,0,0,38167,0,0,1,2064,0,0,0,0,0,0,10250,12333,1,50,2,2560,1440,5120,2880,2500,2,2,0,1369,0,1,1417,1417,9747041,0
425,8967230459,17194042,0,0,1,5120,2880,2394,128,-2649,17043,0,0,0,0,0,-1,61,150710,166920,3,176,0,0,5,203556,0,2,181818,7,11,16,89292,0,178874,49750,0,42,5268,8720750,1,0,0,0,0,0,0,41667,0,0,1,2064,0,0,0,0,0,0,7875,15625,1,50,2,2560,1440,5120,2880,2500,2,2,0,1370,0,1,1418,1418,11600249,0
426,8984918125,17687666,0,0,1,5120,2880,2394,128,-2649,18838,0,0,0,0,0,-1,52,500120,135878,3,176,0,0,5,203444,0,2,181818,7,10,15,131834,0,156083,39791,0,35,6114,9803125,1,0,0,0,0,0,0,48458,0,0,1,2064,0,0,0,0,0,0,9959,18958,1,50,2,2560,1440,5120,2880,2500,2,2,0,1371,0,1,1419,1419,11600249,0
427,9004296584,19378459,0,0,1,5120,2880,2394,128,-2649,18809,0,0,0,0,0,-1,51,3551371,137376,3,176,0,0,5,197060,0,2,181818,7,10,19,141084,0,151207,2807459,0,34,6113,8762458,1,0,0,0,0,0,0,62833,0,0,1,2064,0,0,0,0,0,0,13875,23375,1,50,2,2560,1440,5120,2880,2500,2,2,0,1372,0,1,1420,1420,9822666,0
428,9024491084,20194500,0,0,1,5120,2880,2394,128,-2649,21767,0,0,0,0,0,-1,60,7678668,160918,3,176,0,0,5,184096,0,2,181818,7,11,20,139834,0,163749,487834,0,41,6818,4047084,1,0,0,0,0,0,0,24208,0,0,1,2064,0,0,0,0,0,0,4917,9708,1,50,2,2560,1440,5120,2880,2500,2,2,0,1373,0,1,1421,1421,11779083,0
429,9049331750,24840666,0,0,1,5120,2880,2394,128,-2649,20226,0,0,0,0,0,-1,49,105374,115048,3,176,0,0,5,183872,0,2,181818,7,10,15,1334,0,136916,32334,0,33,6588,19396334,1,0,0,0,0,0,0,23500,0,0,1,2064,0,0,0,0,0,0,5833,9000,1,50,2,2560,1440,5120,2880,2500,2,2,0,1374,0,1,1422,1422,11707041,0
430,9068450834,19119084,0,0,1,5120,2880,2394,128,-2649,21433,0,0,0,0,0,-1,59,183207,191462,3,176,0,0,5,184096,0,2,181818,7,11,15,140502,0,176042,46457,0,40,6760,9828916,1,0,0,0,0,0,0,50875,0,0,1,2064,0,0,0,0,0,0,10166,19292,1,50,2,2560,1440,5120,2880,2500,2,2,0,1375,0,1,1423,1423,12038000,0
431,9088450834,20000000,0,0,1,5120,2880,2394,128,-2649,20216,0,0,0,0,0,-1,50,4493626,135960,3,176,0,0,5,184096,0,2,181818,7,10,19,134584,0,152998,72166,0,33,6588,8360250,1,0,0,0,0,0,0,32166,0,0,1,2064,0,0,0,0,0,0,8584,12833,1,50,2,2560,1440,5120,2880,2500,2,2,0,1376,0,1,1424,1424,12038000,0
432,9108704834,20254000,0,0,1,5120,2880,2394,128,-2649,20216,0,0,0,0,0,-1,50,8457666,150622,3,176,0,0,5,183984,0,2,181818,7,10,19,133998,0,167708,55416,0,33,6588,5259542,1,0,0,0,0,0,0,51042,0,0,1,2064,0,0,0,0,0,0,25500,12916,1,50,2,2560,1440,5120,2880,2500,2,2,0,1377,0,1,1425,1425,11962708,0
433,9133509334,24804500,0,0,1,5120,2880,2394,128,-2649,21887,0,0,0,0,0,-1,60,126209,177790,3,176,0,0,5,183424,0,2,181818,7,11,18,53958,0,166500,41584,0,41,6840,16413541,1,0,0,0,0,0,0,31625,0,0,1,2064,0,0,0,0,0,0,9167,11000,1,50,2,2560,1440,5120,2880,2500,2,2,0,1378,0,1,1426,1426,11930708,0
434,9151868375,18359041,0,0,1,5120,2880,2394,128,-2649,20224,0,0,0,0,0,-1,50,767457,159667,3,176,0,0,5,183312,0,2,181818,7,10,15,141000,0,151793,50499,0,33,6588,10009875,1,0,0,0,0,0,0,58750,0,0,1,2064,0,0,0,0,0,0,12666,23417,1,50,2,2560,1440,5120,2880,2500,2,2,0,1379,0,1,1427,1427,11930708,0
435,9173096875,21228500,0,0,1,5120,2880,2393,128,-2649,21425,0,0,0,0,0,-1,59,4895086,205666,3,176,0,0,5,183536,0,2,181818,7,11,20,153209,0,157583,49459,0,40,6760,6503000,1,0,0,0,0,0,0,26583,0,0,1,2064,0,0,0,0,0,0,6541,9667,1,50,2,2560,1440,5120,2880,2500,2,2,0,1380,0,1,1428,1428,12095875,0
436,9198469417,25372542,0,0,1,5120,2880,2393,128,-2649,20226,0,0,0,0,0,-1,49,113166,103043,3,176,0,0,5,183536,0,2,181818,7,10,15,1375,0,125666,29459,0,33,6588,20405875,1,0,0,0,0,0,0,49000,0,0,1,2064,0,0,0,0,0,0,11417,11333,1,50,2,2560,1440,5120,2880,2500,2,2,0,1381,0,1,1429,1429,11758499,0
437,9218216250,19746833,0,0,1,5120,2880,2393,128,-2649,21754,0,0,0,0,0,-1,61,141213,199288,9,7280,0,0,5,183536,0,2,181818,7,11,15,85916,0,195000,49959,0,41,6813,10706708,1,0,0,0,0,0,0,53458,0,0,1,2064,0,0,0,0,0,0,9833,18667,1,50,2,2560,1440,5120,2880,2500,2,2,0,1382,0,1,1430,1430,9816916,0
438,9237777250,19561000,0,0,1,5120,2880,2393,128,-2649,20234,0,0,0,0,0,-1,51,3582085,153876,10,26912,0,0,5,183760,0,2,181818,7,10,15,142292,0,172875,2810958,0,33,6589,8771042,1,0,0,0,0,0,0,34541,0,0,1,2064,0,0,0,0,0,0,10250,18250,1,50,2,2560,1440,5120,2880,2500,2,2,0,1383,0,1,1431,1431,9816916,0
439,9265652042,27874792,0,0,1,5120,2880,2393,128,-2649,20271,0,0,0,0,0,-1,51,107750,134752,3,176,0,0,5,202996,0,2,181818,7,10,15,1581,0,130583,31917,0,35,6591,22838958,1,0,0,0,0,0,0,16625,0,0,1,2064,0,0,0,0,0,0,5584,8334,1,50,2,2560,1440,5120,2880,2500,2,2,0,1384,0,1,1432,1432,9617083,0
440,9285038625,19386583,0,0,1,5120,2880,2393,128,-2649,21623,0,0,0,0,0,-1,61,652253,176829,3,176,0,0,5,211732,0,2,181818,7,11,15,152998,0,182499,50000,0,42,6788,10381083,1,0,0,0,0,0,0,32667,0,0,1,2064,0,0,0,0,0,0,7458,18083,1,50,2,2560,1440,5120,2880,2500,2,2,0,1385,0,1,1433,1433,12237125,0
441,9305537417,20498792,0,0,1,5120,2880,2393,128,-2649,20261,0,0,0,0,0,-1,52,5359458,144166,3,176,0,0,5,211844,0,2,181818,7,10,19,146916,0,151001,49916,0,35,6591,8050917,1,0,0,0,0,0,0,23583,0,0,1,2064,0,0,0,0,0,0,7875,11500,1,50,2,2560,1440,5120,2880,2500,2,2,0,1386,0,1,1434,1434,12237125,0
442,9332476750,26939333,0,0,1,5120,2880,2393,128,-2648,21977,0,0,0,0,0,-1,61,453581,143541,3,176,0,0,5,211508,0,2,181818,7,11,16,1583,0,159750,29918,0,43,6852,19346125,1,0,0,0,0,0,0,15916,0,0,1,2064,0,0,0,0,0,0,5166,8417,1,50,2,2560,1440,5120,2880,2500,2,2,0,1387,0,1,1435,1435,12071208,0
443,9351853834,19377084,0,0,1,5120,2880,2393,128,-2648,20269,0,0,0,0,0,-1,52,187415,190128,3,176,0,0,5,211284,0,2,181818,7,10,14,154747,0,182582,62834,0,35,6591,11464625,1,0,0,0,0,0,0,39083,0,0,1,2064,0,0,0,0,0,0,11542,19750,1,50,2,2560,1440,5120,2880,2500,2,2,0,1388,0,1,1436,1436,9808291,0
444,9372618417,20764583,0,0,1,5120,2880,2393,128,-2648,21470,0,0,0,0,0,-1,61,3923960,239877,3,176,0,0,5,211060,0,2,181818,7,11,20,150751,0,148667,3029376,0,42,6763,6854083,1,0,0,0,0,0,0,18417,0,0,1,2064,0,0,0,0,0,0,4958,9125,1,50,2,2560,1440,5120,2880,2500,2,2,0,1389,0,1,1437,1437,9808291,0
445,9399270667,26652250,0,0,1,5120,2880,2393,128,-2648,22912,0,0,0,0,0,-1,52,406208,118961,4,248,0,0,5,211060,0,2,181818,7,10,15,668,0,151083,29835,0,35,7471,20874625,1,0,0,0,0,0,0,16417,0,0,1,2064,0,0,0,0,0,0,4916,8959,1,50,2,2560,1440,5120,2880,2500,2,2,0,1390,0,1,1438,1438,9563833,0
446,9419422000,20151333,0,0,1,5120,2880,2393,129,-2648,24535,0,0,0,0,0,-1,62,1100289,172918,3,176,0,0,5,209940,0,2,181818,7,11,15,138875,0,199876,49750,0,43,7716,9516625,1,0,0,0,0,0,0,30875,0,0,1,2064,0,0,0,0,0,0,6959,17375,1,50,2,2560,1440,5120,2880,2500,2,2,0,1391,0,1,1439,1439,9563833,0
447,9440658250,21236250,0,0,1,5120,2880,2393,129,-2648,22901,0,0,0,0,0,-1,52,7895797,137333,3,176,0,0,5,218816,0,2,181818,7,10,19,141792,0,147751,39207,0,35,7471,7247125,1,0,0,0,0,0,0,18959,0,0,1,2064,0,0,0,0,0,0,5583,9916,1,50,2,2560,1440,5120,2880,2500,2,2,0,1392,0,1,1440,1440,9855249,0
448,9467576250,26918000,0,0,1,5120,2880,2393,129,-2648,23124,0,0,0,0,0,-1,51,114290,144458,3,176,0,0,5,224976,0,2,181818,7,10,15,1793,0,183625,33915,0,35,7542,19746667,1,0,0,0,0,0,0,35125,0,0,1,2064,0,0,0,0,0,0,9125,18834,1,50,2,2560,1440,5120,2880,2500,2,2,0,1393,0,1,1441,1441,9714749,0
449,9488543375,20967125,0,0,1,5120,2880,2393,129,-2647,22622,0,0,0,0,0,-1,63,1549957,197750,3,176,0,0,5,263260,0,2,181818,7,11,15,151582,0,932792,49207,0,44,7132,8268208,1,0,0,0,0,0,0,33750,0,0,1,2064,0,0,0,0,0,0,8542,18125,1,50,2,2560,1440,5120,2880,2500,2,2,0,1394,0,1,1442,1442,9714749,0
450,9509254125,20710750,0,0,1,5120,2880,2393,129,-2647,16497,0,0,0,0,0,-1,53,10219752,122621,3,176,0,0,5,279640,0,2,181818,7,10,19,127791,0,128750,43249,0,36,5330,4924167,1,0,0,0,0,0,0,16584,0,0,1,2064,0,0,0,0,0,0,4667,9416,1,50,2,2560,1440,5120,2880,2500,2,2,0,1395,0,1,1443,1443,10175333,0
451,9532855250,23601125,0,0,1,5120,2880,2393,129,-2647,14942,0,0,0,0,0,-1,65,318167,165754,12,50492,0,0,5,277120,0,2,181818,7,11,16,1668,0,187083,29332,0,46,4505,15856125,1,0,0,0,0,0,0,15416,0,0,1,2064,0,0,0,0,0,0,4125,8542,1,50,2,2560,1440,5120,2880,2500,2,2,0,1396,0,1,1444,1444,11806291,0
452,9550510209,17654959,0,0,1,5120,2880,2393,129,-2647,11217,0,0,0,0,0,-1,61,133544,181665,6,79248,0,0,5,331048,0,2,181818,7,10,12,58999,0,184665,52541,0,43,3531,10723958,1,0,0,0,0,0,0,30042,0,0,1,2064,0,0,0,0,0,0,6917,17042,1,50,2,2560,1440,5120,2880,2500,2,2,0,1397,0,1,1445,1445,11739625,0
453,9567112250,16602041,0,0,1,5120,2880,2393,129,-2647,12327,0,0,0,0,0,-1,76,174499,222878,3,176,0,0,5,432028,0,2,181818,7,11,13,29667,0,195582,55916,0,57,3620,8632625,1,0,0,0,0,0,0,22167,0,0,1,2064,0,0,0,0,0,0,6125,10750,1,50,2,2560,1440,5120,2880,2500,2,2,0,1398,0,1,1446,1446,8113916,0
454,9583633125,16520875,0,0,1,5120,2880,2393,129,-2647,9789,0,0,0,0,0,-1,69,151789,205753,3,176,0,0,5,500248,0,2,181818,7,10,12,56332,0,154249,48415,0,52,3009,10004417,1,0,0,0,0,0,0,29875,0,0,1,2064,0,0,0,0,0,0,5959,15125,1,50,2,2560,1440,5120,2880,2500,2,2,0,1399,0,1,1447,1447,11452666,0
455,9600041042,16407917,0,0,1,5120,2880,2393,129,-2647,8850,0,0,0,0,0,-1,69,130623,190962,3,176,0,0,5,522640,0,2,181818,7,10,13,56959,0,164292,43166,0,52,2696,10310875,1,0,0,0,0,0,0,28917,0,0,1,2064,0,0,0,0,0,0,6708,16083,1,50,2,2560,1440,5120,2880,2500,2,2,0,1400,0,1,1448,1448,10431499,0
456,9617393417,17352375,0,0,1,5120,2880,2393,129,-2647,10033,0,0,0,0,0,-1,79,2001250,239876,3,176,0,0,5,523180,0,2,181818,7,11,14,67334,0,191499,59708,0,60,2808,7048917,1,0,0,0,0,0,0,19292,0,0,1,2064,0,0,0,0,0,0,5416,9333,1,50,2,2560,1440,5120,2880,2500,2,2,0,1401,0,1,1449,1449,10348166,0
457,9633522334,16128917,0,0,1,5120,2880,2393,129,-2647,8877,0,0,0,0,0,-1,69,144040,191206,3,176,0,0,5,521668,0,2,181818,7,10,13,60667,0,143542,49707,0,52,2705,9827208,1,0,0,0,0,0,0,26959,0,0,1,2064,0,0,0,0,0,0,6042,15209,1,50,2,2560,1440,5120,2880,2500,2,2,0,1402,0,1,1450,1450,10529083,0
458,9649509209,15986875,0,0,1,5120,2880,2393,129,-2647,8880,0,0,0,0,0,-1,68,128252,175836,3,176,0,0,5,557992,0,2,181818,7,10,13,54413,0,137709,37708,0,51,2712,10389167,1,0,0,0,0,0,0,16291,0,0,1,2064,0,0,0,0,0,0,3875,9459,1,50,2,2560,1440,5120,2880,2500,2,2,0,1403,0,1,1451,1451,10472624,0
459,9666730750,17221541,0,0,1,5120,2880,2393,129,-2647,9735,0,0,0,0,0,-1,77,1997373,223711,3,176,0,0,5,535168,0,2,181818,7,11,14,63585,0,174459,49667,0,58,2766,7705791,1,0,0,0,0,0,0,33333,0,0,1,2064,0,0,0,0,0,0,5875,20000,1,50,2,2560,1440,5120,2880,2500,2,2,0,1404,0,1,1452,1452,10321874,0
460,9683202834,16472084,0,0,1,5120,2880,2393,129,-2647,8340,0,0,0,0,0,-1,68,138627,168378,3,176,0,0,5,542188,0,2,181818,7,10,13,58500,0,158625,50583,0,51,2532,10308416,1,0,0,0,0,0,0,17500,0,0,1,2064,0,0,0,0,0,0,4458,9375,1,50,2,2560,1440,5120,2880,2500,2,2,0,1405,0,1,1453,1453,11185625,0
461,9699511250,16308416,0,0,1,5120,2880,2393,129,-2647,8325,0,0,0,0,0,-1,68,131624,172583,3,176,0,0,5,540244,0,2,181818,7,10,13,59125,0,148293,34125,0,51,2527,10751667,1,0,0,0,0,0,0,37042,0,0,1,2064,0,0,0,0,0,0,8083,20042,1,50,2,2560,1440,5120,2880,2500,2,2,0,1406,0,1,1454,1454,11336458,0
462,9716484375,16973125,0,0,1,5120,2880,2393,128,-2646,9953,0,0,0,0,0,-1,78,1885084,220208,3,176,0,0,5,538732,0,2,181818,7,11,14,63293,0,147040,50167,0,59,2750,7841083,1,0,0,0,0,0,0,34667,0,0,1,2064,0,0,0,0,0,0,5958,18917,1,50,2,2560,1440,5120,2880,2500,2,2,0,1407,0,1,1455,1455,10245749,0
463,9733031042,16546667,0,0,1,5120,2880,2393,128,-2646,8007,0,0,0,0,0,-1,67,125542,166917,3,176,0,0,5,531460,0,2,181818,7,10,13,55044,0,134041,38208,0,50,2427,10840583,1,0,0,0,0,0,0,37875,0,0,1,2064,0,0,0,0,0,0,8375,19625,1,50,2,2560,1440,5120,2880,2500,2,2,0,1408,0,1,1456,1456,11386250,0
464,9749519417,16488375,0,0,1,5120,2880,2393,128,-2646,7995,0,0,0,0,0,-1,67,132208,165127,3,176,0,0,5,538444,0,2,181818,7,10,13,55335,0,130292,43543,0,50,2423,10971000,1,0,0,0,0,0,0,36416,0,0,1,2064,0,0,0,0,0,0,7834,21375,1,50,2,2560,1440,5120,2880,2500,2,2,0,1409,0,1,1457,1457,11481291,0
465,9766405250,16885833,0,0,1,5120,2880,2393,128,-2646,9098,0,0,0,0,0,-1,76,1778922,194545,3,176,0,0,5,538228,0,2,181818,7,11,14,58165,0,146875,56958,0,57,2553,8020250,1,0,0,0,0,0,0,33667,0,0,1,2064,0,0,0,0,0,0,6292,18833,1,50,2,2560,1440,5120,2880,2500,2,2,0,1410,0,1,1458,1458,10225875,0
466,9782822375,16417125,0,0,1,5120,2880,2393,128,-2646,7776,0,0,0,0,0,-1,67,124041,163874,3,176,0,0,5,551296,0,2,181818,7,10,13,62834,0,136292,43001,0,50,2350,10790041,1,0,0,0,0,0,0,35875,0,0,1,2064,0,0,0,0,0,0,8292,19583,1,50,2,2560,1440,5120,2880,2500,2,2,0,1411,0,1,1459,1459,11454666,0
467,9799391292,16568917,0,0,1,5120,2880,2393,128,-2646,7761,0,0,0,0,0,-1,67,122331,156082,3,176,0,0,5,551404,0,2,181818,7,10,13,55834,0,131709,43500,0,50,2345,11084792,1,0,0,0,0,0,0,32875,0,0,1,2064,0,0,0,0,0,0,7291,18167,1,50,2,2560,1440,5120,2880,2500,2,2,0,1412,0,1,1460,1460,11241375,0
468,9815957084,16565792,0,0,1,5120,2880,2393,128,-2646,9287,0,0,0,0,0,-1,77,1752047,186705,3,176,0,0,5,551836,0,2,181818,7,11,14,53166,0,165500,41751,0,58,2570,8197333,1,0,0,0,0,0,0,31541,0,0,1,2064,0,0,0,0,0,0,5750,19125,1,50,2,2560,1440,5120,2880,2500,2,2,0,1413,0,1,1461,1461,10268124,0
469,9832664250,16707166,0,0,1,5120,2880,2393,128,-2646,7729,0,0,0,0,0,-1,67,129956,167752,3,176,0,0,5,551836,0,2,181818,7,10,13,53040,0,128626,43334,0,50,2335,11321667,1,0,0,0,0,0,0,17542,0,0,1,2064,0,0,0,0,0,0,2875,10959,1,50,2,2560,1440,5120,2880,2500,2,2,0,1414,0,1,1462,1462,11727499,0
470,9849223959,16559709,0,0,1,5120,2880,2393,128,-2646,7729,0,0,0,0,0,-1,67,124962,157913,3,176,0,0,5,551836,0,2,181818,7,10,13,53456,0,138126,40374,0,50,2335,11345333,1,0,0,0,0,0,0,37042,0,0,1,2064,0,0,0,0,0,0,7625,22000,1,50,2,2560,1440,5120,2880,2500,2,2,0,1415,0,1,1463,1463,11780541,0
471,9866076709,16852750,0,0,1,5120,2880,2393,128,-2646,9048,0,0,0,0,0,-1,76,2086294,218166,3,176,0,0,5,552052,0,2,181818,7,11,14,63795,0,175210,46291,0,57,2527,8049125,1,0,0,0,0,0,0,32208,0,0,1,2064,0,0,0,0,0,0,5500,18292,1,50,2,2560,1440,5120,2880,2500,2,2,0,1416,0,1,1464,1464,10169958,0
472,9882705084,16628375,0,0,1,5120,2880,2393,128,-2646,7729,0,0,0,0,0,-1,67,135335,185210,3,176,0,0,5,552052,0,2,181818,7,10,13,59919,0,153627,50541,0,50,2335,11375541,1,0,0,0,0,0,0,36750,0,0,1,2064,0,0,0,0,0,0,6916,21458,1,50,2,2560,1440,5120,2880,2500,2,2,0,1417,0,1,1465,1465,11777875,0
473,9899246000,16540916,0,0,1,5120,2880,2393,128,-2646,7729,0,0,0,0,0,-1,67,123334,187582,3,176,0,0,5,552052,0,2,181818,7,10,13,58042,0,137334,41125,0,50,2335,11385792,1,0,0,0,0,0,0,37750,0,0,1,2064,0,0,0,0,0,0,8292,20167,1,50,2,2560,1440,5120,2880,2500,2,2,0,1418,0,1,1466,1466,11743916,0
474,9916044292,16798292,0,0,1,5120,2880,2393,128,-2646,9270,0,0,0,0,0,-1,77,2034625,227203,3,176,0,0,5,552736,0,2,181818,7,11,14,63417,0,171917,45542,0,58,2563,8104417,1,0,0,0,0,0,0,34292,0,0,1,2064,0,0,0,0,0,0,8375,19708,1,50,2,2560,1440,5120,2880,2500,2,2,0,1419,0,1,1467,1467,10207541,0
475,9932230500,16186208,0,0,1,5120,2880,2393,128,-2646,7729,0,0,0,0,0,-1,67,117249,141328,3,176,0,0,5,552736,0,2,181818,7,10,13,53001,0,124375,42168,0,50,2335,11392917,1,0,0,0,0,0,0,29500,0,0,1,2064,0,0,0,0,0,0,4166,18292,1,50,2,2560,1440,5120,2880,2500,2,2,0,1420,0,1,1468,1468,11776708,0
476,9948672959,16442459,0,0,1,5120,2880,2393,128,-2646,7729,0,0,0,0,0,-1,67,118666,134457,3,176,0,0,5,552736,0,2,181818,7,10,13,51126,0,116958,37875,0,50,2335,11916209,1,0,0,0,0,0,0,17208,0,0,1,2064,0,0,0,0,0,0,3833,9167,1,50,2,2560,1440,5120,2880,2500,2,2,0,1421,0,1,1469,1469,11785250,0
477,9965879334,17206375,0,0,1,5120,2880,2393,128,-2646,8938,0,0,0,0,0,-1,76,2221166,200834,3,176,0,0,5,552952,0,2,181818,7,11,14,59040,0,140959,58961,0,57,2507,8596458,1,0,0,0,0,0,0,15625,0,0,1,2064,0,0,0,0,0,0,2250,9584,1,50,2,2560,1440,5120,2880,2500,2,2,0,1422,0,1,1470,1470,10178916,0
478,9982429209,16549875,0,0,1,5120,2880,2393,128,-2646,7729,0,0,0,0,0,-1,67,122541,157460,3,176,0,0,5,552952,0,2,181818,7,10,13,57333,0,127125,43249,0,50,2335,11568375,1,0,0,0,0,0,0,33500,0,0,1,2064,0,0,0,0,0,0,7792,18875,1,50,2,2560,1440,5120,2880,2500,2,2,0,1423,0,1,1471,1471,11811000,0
479,9999087042,16657833,0,0,1,5120,2880,2393,128,-2646,7729,0,0,0,0,0,-1,67,117417,153704,3,176,0,0,5,552952,0,2,181818,7,10,13,60499,0,125791,45167,0,50,2335,11609000,1,0,0,0,0,0,0,39917,0,0,1,2064,0,0,0,0,0,0,9666,21916,1,50,2,2560,1440,5120,2880,2500,2,2,0,1424,0,1,1472,1472,11826125,0
480,10015943375,16856333,0,0,1,5120,2880,2393,128,-2645,9395,0,0,0,0,0,-1,77,1915584,204001,3,176,0,0,5,553060,0,2,181818,7,11,14,59915,0,159124,42417,0,58,2588,8258833,1,0,0,0,0,0,0,33708,0,0,1,2064,0,0,0,0,0,0,6750,20375,1,50,2,2560,1440,5120,2880,2500,2,2,0,1425,0,1,1473,1473,10192874,0
481,10032640334,16696959,0,0,1,5120,2880,2393,128,-2645,7664,0,0,0,0,0,-1,67,123958,147997,3,176,0,0,5,553060,0,2,181818,7,10,13,57416,0,132876,48334,0,50,2313,11364416,1,0,0,0,0,0,0,21583,0,0,1,2064,0,0,0,0,0,0,4500,11959,1,50,2,2560,1440,5120,2880,2500,2,2,0,1426,0,1,1474,1474,11819374,0
482,10049151750,16511416,0,0,1,5120,2880,2393,128,-2645,8096,0,0,0,0,0,-1,67,126955,150251,3,176,0,0,5,552844,0,2,181818,7,10,13,56166,0,123374,46958,0,50,2457,11341125,1,0,0,0,0,0,0,36583,0,0,1,2064,0,0,0,0,0,0,7458,21208,1,50,2,2560,1440,5120,2880,2500,2,2,0,1427,0,1,1475,1475,11821541,0
483,10066407959,17256209,0,0,1,5120,2880,2393,128,-2645,9949,0,0,0,0,0,-1,77,2064172,182672,14,23108,0,0,5,533404,0,2,181818,7,11,14,55124,0,169126,49624,0,57,2840,8235792,1,0,0,0,0,0,0,34750,0,0,1,2064,0,0,0,0,0,0,7125,18541,1,50,2,2560,1440,5120,2880,2500,2,2,0,1428,0,1,1476,1476,10188874,0
484,10083203084,16795125,0,0,1,5120,2880,2393,128,-2645,9906,0,0,0,0,0,-1,68,130332,176286,3,176,0,0,5,567640,0,2,181818,7,10,13,54709,0,146209,37834,0,51,3054,10888417,1,0,0,0,0,0,0,34833,0,0,1,2064,0,0,0,0,0,0,6125,20000,1,50,2,2560,1440,5120,2880,2500,2,2,0,1429,0,1,1477,1477,11767416,0
485,10100610542,17407458,0,0,1,5120,2880,2393,128,-2645,11316,0,0,0,0,0,-1,68,138582,191129,3,176,0,0,5,562636,0,2,181818,7,10,13,69584,0,135542,47417,0,51,3524,10815500,1,0,0,0,0,0,0,19667,0,0,1,2064,0,0,0,0,0,0,5000,11125,1,50,2,2560,1440,5120,2880,2500,2,2,0,1430,0,1,1478,1478,10279041,0
486,10117661584,17051042,0,0,1,5120,2880,2393,128,-2645,15157,0,0,0,0,0,-1,78,2735217,217998,3,176,0,0,5,571168,0,2,181818,7,11,14,55332,0,157916,40875,0,59,4498,5947917,1,0,0,0,0,0,0,28292,0,0,1,2064,0,0,0,0,0,0,6625,15208,1,50,2,2560,1440,5120,2880,2500,2,2,0,1431,0,1,1479,1479,10389750,0
487,10134735167,17073583,0,0,1,5120,2880,2393,128,-2645,15939,0,0,0,0,0,-1,68,160495,204000,3,176,0,0,5,554968,0,2,181818,7,10,13,50918,0,163959,38625,0,51,5065,9708959,1,0,0,0,0,0,0,29417,0,0,1,2064,0,0,0,0,0,0,6083,16459,1,50,2,2560,1440,5120,2880,2500,2,2,0,1432,0,1,1480,1480,11870000,0
488,10152811167,18076000,0,0,1,5120,2880,2393,128,-2645,17496,0,0,0,0,0,-1,68,1175415,170540,3,176,0,0,5,554392,0,2,181818,7,10,15,114041,0,147125,168375,0,51,5582,9224792,1,0,0,0,0,0,0,33875,0,0,1,2064,0,0,0,0,0,0,7042,20208,1,50,2,2560,1440,5120,2880,2500,2,2,0,1433,0,1,1481,1481,12032625,0
489,10172258959,19447792,0,0,1,5120,2880,2393,128,-2645,20217,0,0,0,0,0,-1,77,8563164,213542,3,176,0,0,5,562780,0,2,181818,7,11,16,58500,0,190459,45291,0,58,6242,848041,1,0,0,0,0,0,0,29750,0,0,1,2064,0,0,0,0,0,0,5458,16834,1,50,2,2560,1440,5120,2880,2500,2,2,0,1434,0,1,1482,1482,10406541,0
490,10191722334,19463375,0,0,1,5120,2880,2393,128,-2645,19139,0,0,0,0,0,-1,68,7895086,181751,3,176,0,0,5,562672,0,2,181818,7,10,15,94998,0,142083,46584,0,51,6129,4903417,1,0,0,0,0,0,0,15834,0,0,1,2064,0,0,0,0,0,0,3333,9167,1,50,2,2560,1440,5120,2880,2500,2,2,0,1435,0,1,1483,1483,12055166,0
491,10215822292,24099958,0,0,1,5120,2880,2393,128,-2645,19125,0,0,0,0,0,-1,67,130878,145830,3,176,0,0,5,553744,0,2,181818,7,10,11,1208,0,124999,30251,0,51,6129,18582667,1,0,0,0,0,0,0,13375,0,0,1,2064,0,0,0,0,0,0,3250,7792,1,50,2,2560,1440,5120,2880,2500,2,2,0,1436,0,1,1484,1484,12197541,0
492,10235204292,19382000,0,0,1,5120,2880,2393,128,-2646,21303,0,0,0,0,0,-1,78,5696124,208043,3,176,0,0,5,553636,0,2,181818,7,11,13,51627,0,188417,36375,0,59,6570,4530833,1,0,0,0,0,0,0,25625,0,0,1,2064,0,0,0,0,0,0,4291,15709,1,50,2,2560,1440,5120,2880,2500,2,2,0,1437,0,1,1485,1485,10296250,0
493,10255171792,19967500,0,0,1,5120,2880,2393,128,-2646,19790,0,0,0,0,0,-1,68,2938786,193211,3,176,0,0,5,553636,0,2,181818,7,10,15,94959,0,150542,54541,0,51,6346,8997375,1,0,0,0,0,0,0,34375,0,0,1,2064,0,0,0,0,0,0,7125,20209,1,50,2,2560,1440,5120,2880,2500,2,2,0,1438,0,1,1486,1486,12268583,0
494,10275174792,20003000,0,0,1,5120,2880,2393,128,-2646,21026,0,0,0,0,0,-1,77,11472007,208705,3,176,0,0,5,553636,0,2,181818,7,11,14,57293,0,199834,56627,0,58,6523,10125,1,0,0,0,0,0,0,28459,0,0,1,2064,0,0,0,0,0,0,4167,16708,1,50,2,2560,1440,5120,2880,2500,2,2,0,1439,0,1,1487,1487,12307333,0
495,10299458042,24283250,0,0,1,5120,2880,2393,128,-2646,19776,0,0,0,0,0,-1,67,125957,148457,3,176,0,0,5,553636,0,2,181818,7,10,11,665,0,124959,29916,0,51,6346,18774709,1,0,0,0,0,0,0,15250,0,0,1,2064,0,0,0,0,0,0,4083,8459,1,50,2,2560,1440,5120,2880,2500,2,2,0,1440,0,1,1488,1488,10095125,0
496,10319015125,19557083,0,0,1,5120,2880,2393,128,-2646,21433,0,0,0,0,0,-1,78,6053462,217123,3,176,0,0,5,552952,0,2,181818,7,11,13,56041,0,201208,44710,0,59,6596,4079291,1,0,0,0,0,0,0,22333,0,0,1,2064,0,0,0,0,0,0,4625,11875,1,50,2,2560,1440,5120,2880,2500,2,2,0,1441,0,1,1489,1489,12392250,0
497,10338739500,19724375,0,0,1,5120,2880,2393,128,-2646,19788,0,0,0,0,0,-1,68,3260086,181037,3,176,0,0,5,552952,0,2,181818,7,10,15,129918,0,147375,49251,0,51,6346,8401708,1,0,0,0,0,0,0,30958,0,0,1,2064,0,0,0,0,0,0,7500,17041,1,50,2,2560,1440,5120,2880,2500,2,2,0,1442,0,1,1490,1490,12273291,0
498,10358713667,19974167,0,0,1,5120,2880,2393,128,-2646,19780,0,0,0,0,0,-1,68,8709037,177296,3,176,0,0,5,552952,0,2,181818,7,10,17,111335,0,142293,182709,0,51,6346,5387875,1,0,0,0,0,0,0,14250,0,0,1,2064,0,0,0,0,0,0,3000,8750,1,50,2,2560,1440,5120,2880,2500,2,2,0,1443,0,1,1491,1491,10160041,0
499,10382628125,23914458,0,0,1,5120,2880,2393,128,-2646,20995,0,0,0,0,0,-1,76,6981749,162001,3,176,0,0,5,553096,0,2,181818,7,11,14,1126,0,130543,29626,0,58,6518,10806250,1,0,0,0,0,0,0,12166,0,0,1,2064,0,0,0,0,0,0,1833,8125,1,50,2,2560,1440,5120,2880,2500,2,2,0,1444,0,1,1492,1492,10195583,0
500,10401705875,19077750,0,0,1,5120,2880,2393,128,-2646,19788,0,0,0,0,0,-1,68,556242,170121,3,176,0,0,5,553096,0,2,181818,7,10,14,103165,0,149291,86042,0,51,6346,11080042,1,0,0,0,0,0,0,20167,0,0,1,2064,0,0,0,0,0,0,4625,12167,1,50,2,2560,1440,5120,2880,2500,2,2,0,1445,0,1,1493,1493,12358250,0
501,10422139125,20433250,0,0,1,5120,2880,2393,128,-2646,21307,0,0,0,0,0,-1,78,9613545,205629,3,176,0,0,5,553204,0,2,181818,7,11,16,51918,0,198042,42000,0,59,6570,990375,1,0,0,0,0,0,0,35625,0,0,1,2064,0,0,0,0,0,0,7458,20833,1,50,2,2560,1440,5120,2880,2500,2,2,0,1446,0,1,1494,1494,10381000,0
502,10442201542,20062417,0,0,1,5120,2880,2393,128,-2646,19788,0,0,0,0,0,-1,68,8702332,173965,3,176,0,0,5,553204,0,2,181818,7,10,15,110001,0,144959,79292,0,51,6346,5175458,1,0,0,0,0,0,0,14041,0,0,1,2064,0,0,0,0,0,0,3667,7958,1,50,2,2560,1440,5120,2880,2500,2,2,0,1447,0,1,1495,1495,10124124,0
503,10466253125,24051583,0,0,1,5120,2880,2393,128,-2646,19786,0,0,0,0,0,-1,67,126540,144210,3,176,0,0,5,553204,0,2,181818,7,10,13,1540,0,127708,27333,0,51,6346,18705959,1,0,0,0,0,0,0,15042,0,0,1,2064,0,0,0,0,0,0,3958,8500,1,50,2,2560,1440,5120,2880,2500,2,2,0,1448,0,1,1496,1496,12209791,0
504,10485428667,19175542,0,0,1,5120,2880,2393,128,-2646,21104,0,0,0,0,0,-1,77,6759919,203624,3,176,0,0,5,561880,0,2,181818,7,11,13,51710,0,207002,42707,0,58,6539,3799625,1,0,0,0,0,0,0,29416,0,0,1,2064,0,0,0,0,0,0,4541,19500,1,50,2,2560,1440,5120,2880,2500,2,2,0,1449,0,1,1497,1497,12286999,0
505,10505804084,20375417,0,0,1,5120,2880,2393,128,-2646,19791,0,0,0,0,0,-1,68,4048463,173083,3,176,0,0,5,561880,0,2,181818,7,10,15,115167,0,148833,179333,0,51,6347,8748791,1,0,0,0,0,0,0,31750,0,0,1,2064,0,0,0,0,0,0,5250,18292,1,50,2,2560,1440,5120,2880,2500,2,2,0,1450,0,1,1498,1498,10237916,0
506,10525962709,20158625,0,0,1,5120,2880,2393,128,-2647,21525,0,0,0,0,0,-1,78,10729706,211085,3,176,0,0,5,570340,0,2,181818,7,11,16,57375,0,217042,42584,0,59,6614,13917,1,0,0,0,0,0,0,27250,0,0,1,2064,0,0,0,0,0,0,4167,17500,1,50,2,2560,1440,5120,2880,2500,2,2,0,1451,0,1,1499,1499,12375624,0
507,10549785500,23822791,0,0,1,5120,2880,2393,128,-2647,19806,0,0,0,0,0,-1,68,122080,147498,3,176,0,0,5,595396,0,2,181818,7,10,11,748,0,121750,28626,0,52,6348,18225958,1,0,0,0,0,0,0,45542,0,0,1,2064,0,0,0,0,0,0,5459,28834,1,50,2,2560,1440,5120,2880,2500,2,2,0,1452,0,1,1500,1500,12154416,0
508,10569553542,19768042,0,0,1,5120,2880,2393,128,-2647,21015,0,0,0,0,0,-1,78,6714041,207456,3,176,0,0,5,592444,0,2,181818,7,11,13,51710,0,202624,38791,0,59,6520,3417625,1,0,0,0,0,0,0,30083,0,0,1,2064,0,0,0,0,0,0,5916,17792,1,50,2,2560,1440,5120,2880,2500,2,2,0,1453,0,1,1501,1501,10447875,0
509,10589670459,20116917,0,0,1,5120,2880,2393,128,-2647,22142,0,0,0,0,0,-1,70,4122117,184789,15,21968,0,0,5,592444,0,2,181818,7,10,15,91125,0,194085,60668,0,52,7120,7637458,1,0,0,0,0,0,0,31750,0,0,1,2064,0,0,0,0,0,0,4042,22000,1,50,2,2560,1440,5120,2880,2500,2,2,0,1454,0,1,1502,1502,10291333,0
510,10616811459,27141000,0,0,1,5120,2880,2393,128,-2647,22242,0,0,0,0,0,-1,68,131168,165622,3,176,0,0,5,577252,0,2,181818,7,10,11,1126,0,131457,29958,0,52,7162,20947667,1,0,0,0,0,0,0,19000,0,0,1,2064,0,0,0,0,0,0,4875,10833,1,50,2,2560,1440,5120,2880,2500,2,2,0,1455,0,1,1503,1503,10291833,0
511,10637376500,20565041,0,0,1,5120,2880,2393,129,-2647,23609,0,0,0,0,0,-1,80,7685752,254920,7,843312,0,0,5,531640,0,2,181818,7,11,13,61958,0,347415,43084,0,60,7318,2034959,1,0,0,0,0,0,0,34875,0,0,1,2064,0,0,0,0,0,0,8667,20083,1,50,2,2560,1440,5120,2880,2500,2,2,0,1456,0,1,1504,1504,10305250,0
512,10658764167,21387667,0,0,1,5120,2880,2393,129,-2647,22189,0,0,0,0,0,-1,68,7114793,193294,3,176,0,0,5,497008,0,2,181818,7,10,15,110458,0,692083,72541,0,51,7144,6169750,1,0,0,0,0,0,0,16459,0,0,1,2064,0,0,0,0,0,0,4541,9125,1,50,2,2560,1440,5120,2880,2500,2,2,0,1457,0,1,1505,1505,10170708,0
513,10684674584,25910417,0,0,1,5120,2880,2393,129,-2647,23220,0,0,0,0,0,-1,77,8375251,215252,4,15744,0,0,5,460144,0,2,181818,7,11,14,1293,0,177041,31792,0,58,7257,8994833,1,0,0,0,0,0,0,39000,0,0,1,2064,0,0,0,0,0,0,8125,17000,1,50,2,2560,1440,5120,2880,2500,2,2,0,1458,0,1,1506,1506,12262749,0
514,10704838209,20163625,0,0,1,5120,2880,2393,129,-2647,21219,0,0,0,0,0,-1,68,1812708,214916,3,176,0,0,5,451072,0,2,181818,7,10,14,97919,0,187042,57208,0,51,6820,9199833,1,0,0,0,0,0,0,19000,0,0,1,2064,0,0,0,0,0,0,5167,9875,1,50,2,2560,1440,5120,2880,2500,2,2,0,1459,0,1,1507,1507,10274000,0
515,10732989917,28151708,0,0,1,5120,2880,2393,129,-2648,22204,0,0,0,0,0,-1,70,8206957,169627,3,176,0,0,5,349300,0,2,181818,7,11,12,1584,0,155374,33000,0,52,6901,12941541,1,0,0,0,0,0,0,16084,0,0,1,2064,0,0,0,0,0,0,3833,9709,1,50,2,2560,1440,5120,2880,2500,2,2,0,1460,0,1,1508,1508,9803166,0
516,10752557584,19567667,0,0,1,5120,2880,2393,129,-2648,20650,0,0,0,0,0,-1,59,158290,180712,3,176,0,0,5,323236,0,2,181818,7,10,14,122541,0,166543,48582,0,42,6676,10633583,1,0,0,0,0,0,0,35500,0,0,1,2064,0,0,0,0,0,0,9542,18541,1,50,2,2560,1440,5120,2880,2500,2,2,0,1461,0,1,1509,1509,12283833,0
517,10773990084,21432500,0,0,1,5120,2880,2393,129,-2648,22007,0,0,0,0,0,-1,69,5365417,197418,6,2060,0,0,5,322228,0,2,181818,7,11,18,91126,0,214043,46708,0,49,6873,6456959,1,0,0,0,0,0,0,15208,0,0,1,2064,0,0,0,0,0,0,4167,8458,1,50,2,2560,1440,5120,2880,2500,2,2,0,1462,0,1,1510,1510,12163000,0
518,10800093125,26103041,0,0,1,5120,2880,2393,129,-2648,20753,0,0,0,0,0,-1,58,121458,157125,10,15248,0,0,5,314848,0,2,181818,7,10,11,1124,0,168041,32166,0,41,6718,19910458,1,0,0,0,0,0,0,17459,0,0,1,2064,0,0,0,0,0,0,5000,9667,1,50,2,2560,1440,5120,2880,2500,2,2,0,1463,0,1,1511,1511,12059250,0
519,10820240167,20147042,0,0,1,5120,2880,2393,129,-2648,22566,0,0,0,0,0,-1,67,616333,215132,3,176,0,0,5,292420,0,2,181818,7,11,15,99167,0,197250,60959,0,48,7044,9098000,1,0,0,0,0,0,0,25708,0,0,1,2064,0,0,0,0,0,0,4375,14916,1,50,2,2560,1440,5120,2880,2500,2,2,0,1464,0,1,1512,1512,12345416,0
520,10840886625,20646458,0,0,1,5120,2880,2393,129,-2648,21353,0,0,0,0,0,-1,56,7039624,143789,3,176,0,0,5,284644,0,2,181818,7,10,16,154957,0,152959,52124,0,39,6929,6995292,1,0,0,0,0,0,0,16250,0,0,1,2064,0,0,0,0,0,0,4750,8458,1,50,2,2560,1440,5120,2880,2500,2,2,0,1465,0,1,1513,1513,12345416,0
521,10867615209,26728584,0,0,1,5120,2880,2393,129,-2648,21596,0,0,0,0,0,-1,55,552416,171208,3,176,0,0,5,284860,0,2,181818,7,10,15,1545,0,185500,35751,0,39,7008,19165709,1,0,0,0,0,0,0,34750,0,0,1,2064,0,0,0,0,0,0,9375,17709,1,50,2,2560,1440,5120,2880,2500,2,2,0,1466,0,1,1514,1514,12270874,0
522,10887840959,20225750,0,0,1,5120,2880,2393,129,-2648,23409,0,0,0,0,0,-1,62,1444293,172292,3,176,0,0,5,266680,0,2,181818,7,11,15,163668,0,165417,57084,0,43,7398,8002500,1,0,0,0,0,0,0,29666,0,0,1,2064,0,0,0,0,0,0,6042,17583,1,50,2,2560,1440,5120,2880,2500,2,2,0,1467,0,1,1515,1515,12270874,0
523,10909335625,21494666,0,0,1,5120,2880,2393,129,-2648,22459,0,0,0,0,0,-1,53,9231710,135037,3,176,0,0,5,267040,0,2,181818,7,10,19,154583,0,153916,58292,0,36,7315,5719083,1,0,0,0,0,0,0,20750,0,0,1,2064,0,0,0,0,0,0,5250,11333,1,50,2,2560,1440,5120,2880,2500,2,2,0,1468,0,1,1516,1516,9936874,0
524,10935292917,25957292,0,0,1,5120,2880,2393,128,-2648,23569,0,0,0,0,0,-1,61,311792,178876,3,176,0,0,5,257212,0,2,181818,7,11,18,53419,0,170125,39876,0,42,7374,15700708,1,0,0,0,0,0,0,26375,0,0,1,2064,0,0,0,0,0,0,7291,14583,1,50,2,2560,1440,5120,2880,2500,2,2,0,1469,0,1,1517,1517,9934375,0
525,10955007500,19714583,0,0,1,5120,2880,2393,128,-2648,20225,0,0,0,0,0,-1,51,2990920,161247,3,176,0,0,5,233956,0,2,181818,7,10,15,154668,0,163582,2261418,0,34,6582,8735833,1,0,0,0,0,0,0,35500,0,0,1,2064,0,0,0,0,0,0,10666,17375,1,50,2,2560,1440,5120,2880,2500,2,2,0,1470,0,1,1518,1518,9934375,0
526,10982983792,27976292,0,0,1,5120,2880,2393,128,-2648,21592,0,0,0,0,0,-1,59,194795,157750,3,176,0,0,5,234748,0,2,181818,7,11,16,1585,0,171293,35667,0,41,6806,20200459,1,0,0,0,0,0,0,14875,0,0,1,2064,0,0,0,0,0,0,4250,8542,1,50,2,2560,1440,5120,2880,2500,2,2,0,1471,0,1,1519,1519,9862666,0
527,11001988125,19004333,0,0,1,5120,2880,2393,128,-2648,20878,0,0,0,0,0,-1,52,129873,153169,3,176,0,0,5,230800,0,2,181818,7,10,14,145042,0,170042,48918,0,35,6794,10784000,1,0,0,0,0,0,0,31542,0,0,1,2064,0,0,0,0,0,0,7583,18167,1,50,2,2560,1440,5120,2880,2500,2,2,0,1472,0,1,1520,1520,9862666,0
528,11023948375,21960250,0,0,1,5120,2880,2393,128,-2648,22439,0,0,0,0,0,-1,61,6796289,174668,3,176,0,0,5,210192,0,2,181818,7,11,20,155249,0,168166,5869499,0,42,7036,6425250,1,0,0,0,0,0,0,13334,0,0,1,2064,0,0,0,0,0,0,3500,7875,1,50,2,2560,1440,5120,2880,2500,2,2,0,1473,0,1,1521,1521,12452041,0
529,11050091959,26143584,0,0,1,5120,2880,2393,128,-2648,20898,0,0,0,0,0,-1,50,501623,134834,3,176,0,0,5,210304,0,2,181818,7,10,15,1332,0,158083,33167,0,34,6806,19555834,1,0,0,0,0,0,0,46500,0,0,1,2064,0,0,0,0,0,0,6959,26250,1,50,2,2560,1440,5120,2880,2500,2,2,0,1474,0,1,1522,1522,12259916,0
530,11070001209,19909250,0,0,1,5120,2880,2393,128,-2648,22215,0,0,0,0,0,-1,60,984581,209582,3,176,0,0,5,209968,0,2,181818,7,11,15,154084,0,199291,494540,0,41,6998,9345833,1,0,0,0,0,0,0,47334,0,0,1,2064,0,0,0,0,0,0,8917,29083,1,50,2,2560,1440,5120,2880,2500,2,2,0,1475,0,1,1523,1523,12259916,0
531,11090810875,20809666,0,0,1,5120,2880,2393,128,-2648,20888,0,0,0,0,0,-1,51,7624960,142290,3,176,0,0,5,210080,0,2,181818,7,10,19,139833,0,161960,6921666,0,34,6806,7252959,1,0,0,0,0,0,0,19792,0,0,1,2064,0,0,0,0,0,0,5125,11250,1,50,2,2560,1440,5120,2880,2500,2,2,0,1476,0,1,1524,1524,10044708,0
532,11117102250,26291375,0,0,1,5120,2880,2393,128,-2648,20898,0,0,0,0,0,-1,50,116084,148540,3,176,0,0,5,210192,0,2,181818,7,10,15,3997,0,192541,45333,0,34,6806,20005833,1,0,0,0,0,0,0,17000,0,0,1,2064,0,0,0,0,0,0,4000,8416,1,50,2,2560,1440,5120,2880,2500,2,2,0,1477,0,1,1525,1525,12378916,0
533,11136939000,19836750,0,0,1,5120,2880,2393,128,-2649,22442,0,0,0,0,0,-1,61,1751543,199460,3,176,0,0,5,210528,0,2,181818,7,11,15,143212,0,185667,936835,0,42,7035,8895041,1,0,0,0,0,0,0,23167,0,0,1,2064,0,0,0,0,0,0,5333,13500,1,50,2,2560,1440,5120,2880,2500,2,2,0,1478,0,1,1526,1526,12378916,0
534,11157821625,20882625,0,0,1,5120,2880,2393,128,-2649,20895,0,0,0,0,0,-1,52,7496839,149872,10,13352,0,0,5,210528,0,2,181818,7,10,19,141670,0,211790,66584,0,34,6806,6540125,1,0,0,0,0,0,0,23125,0,0,1,2064,0,0,0,0,0,0,6750,11375,1,50,2,2560,1440,5120,2880,2500,2,2,0,1479,0,1,1527,1527,12428541,0
535,11184030167,26208542,0,0,1,5120,2880,2393,128,-2649,22131,0,0,0,0,0,-1,62,430627,184166,6,11264,0,0,5,216352,0,2,181818,7,11,18,60249,0,215791,45291,0,42,6979,17274000,1,0,0,0,0,0,0,23125,0,0,1,2064,0,0,0,0,0,0,6875,11667,1,50,2,2560,1440,5120,2880,2500,2,2,0,1480,0,1,1528,1528,12529250,0
536,11203217125,19186958,0,0,1,5120,2880,2393,128,-2649,21262,0,0,0,0,0,-1,52,1137006,169293,3,176,0,0,5,216352,0,2,181818,7,10,15,155292,0,152002,60416,0,35,6922,10135666,1,0,0,0,0,0,0,41791,0,0,1,2064,0,0,0,0,0,0,7500,22709,1,50,2,2560,1440,5120,2880,2500,2,2,0,1481,0,1,1529,1529,12529250,0
537,11225244167,22027042,0,0,1,5120,2880,2393,128,-2649,22890,0,0,0,0,0,-1,62,8931461,161626,3,176,0,0,5,216128,0,2,181818,7,11,20,131496,0,163751,56166,0,43,7169,5339541,1,0,0,0,0,0,0,18084,0,0,1,2064,0,0,0,0,0,0,4250,10791,1,50,2,2560,1440,5120,2880,2500,2,2,0,1482,0,1,1530,1530,12482041,0
538,11250867542,25623375,0,0,1,5120,2880,2393,128,-2649,21264,0,0,0,0,0,-1,52,490209,158498,3,176,0,0,5,216128,0,2,181818,7,10,17,60001,0,160543,49125,0,35,6922,18564000,1,0,0,0,0,0,0,43750,0,0,1,2064,0,0,0,0,0,0,11583,22917,1,50,2,2560,1440,5120,2880,2500,2,2,0,1483,0,1,1531,1531,12338625,0
539,11270919917,20052375,0,0,1,5120,2880,2393,128,-2649,22506,0,0,0,0,0,-1,61,1840460,177539,3,176,0,0,5,216128,0,2,181818,7,11,16,147249,0,165791,911665,0,42,7099,8537750,1,0,0,0,0,0,0,26500,0,0,1,2064,0,0,0,0,0,0,6375,14333,1,50,2,2560,1440,5120,2880,2500,2,2,0,1484,0,1,1532,1532,12338625,0
540,11291856125,20936208,0,0,1,5120,2880,2393,128,-2649,21233,0,0,0,0,0,-1,51,9349788,125624,3,176,0,0,5,210080,0,2,181818,7,10,19,144999,0,144583,8284124,0,34,6921,5847375,1,0,0,0,0,0,0,17333,0,0,1,2064,0,0,0,0,0,0,4750,9583,1,50,2,2560,1440,5120,2880,2500,2,2,0,1485,0,1,1533,1533,12618125,0
541,11317757334,25901209,0,0,1,5120,2880,2393,128,-2649,21237,0,0,0,0,0,-1,51,110753,147623,3,176,0,0,5,200980,0,2,181818,7,10,17,63126,0,152209,51499,0,34,6919,18665000,1,0,0,0,0,0,0,37209,0,0,1,2064,0,0,0,0,0,0,9791,19042,1,50,2,2560,1440,5120,2880,2500,2,2,0,1486,0,1,1534,1534,12404125,0
542,11337571334,19814000,0,0,1,5120,2880,2393,128,-2649,22892,0,0,0,0,0,-1,59,2370876,165545,3,176,0,0,5,162956,0,2,181818,7,11,16,146082,0,166249,55499,0,40,7177,8198750,1,0,0,0,0,0,0,23333,0,0,1,2064,0,0,0,0,0,0,4125,15083,1,50,2,2560,1440,5120,2880,2500,2,2,0,1487,0,1,1535,1535,12404125,0
543,11357149417,19578083,0,0,1,5120,2880,2393,128,-2649,21233,0,0,0,0,0,-1,48,7217712,130161,3,176,0,0,5,149236,0,2,181818,7,10,19,141209,0,158001,42082,0,31,6939,6281167,1,0,0,0,0,0,0,23958,0,0,1,2064,0,0,0,0,0,0,6958,12084,1,50,2,2560,1440,5120,2880,2500,2,2,0,1488,0,1,1536,1536,12403375,0
544,11383404000,26254583,0,0,1,5120,2880,2393,128,-2649,22508,0,0,0,0,0,-1,56,633874,154960,3,176,0,0,5,141172,0,2,181818,7,11,16,2209,0,173249,34917,0,38,7113,17640834,1,0,0,0,0,0,0,17917,0,0,1,2064,0,0,0,0,0,0,5000,9417,1,50,2,2560,1440,5120,2880,2500,2,2,0,1489,0,1,1537,1537,11520750,0
545,11401892375,18488375,0,0,1,5120,2880,2393,128,-2649,21181,0,0,0,0,0,-1,48,142458,150747,3,176,0,0,5,141060,0,2,181818,7,10,14,157167,0,187042,55627,0,31,6919,10598375,1,0,0,0,0,0,0,36333,0,0,1,2064,0,0,0,0,0,0,9333,19834,1,50,2,2560,1440,5120,2880,2500,2,2,0,1490,0,1,1538,1538,9709750,0
546,11422304792,20412417,0,0,1,5120,2880,2393,128,-2649,22704,0,0,0,0,0,-1,58,4339041,172833,3,176,0,0,5,140948,0,2,181818,7,11,20,133916,0,171750,49543,0,39,7145,6768417,1,0,0,0,0,0,0,18375,0,0,1,2064,0,0,0,0,0,0,4042,10208,1,50,2,2560,1440,5120,2880,2500,2,2,0,1491,0,1,1539,1539,9709750,0
547,11448882834,26578042,0,0,1,5120,2880,2393,128,-2649,21183,0,0,0,0,0,-1,47,110587,121755,3,176,0,0,5,141060,0,2,181818,7,10,15,1208,0,149291,44210,0,31,6919,21494791,1,0,0,0,0,0,0,15708,0,0,1,2064,0,0,0,0,0,0,4167,8459,1,50,2,2560,1440,5120,2880,2500,2,2,0,1492,0,1,1540,1540,9512374,0
548,11468464792,19581958,0,0,1,5120,2880,2392,128,-2649,22382,0,0,0,0,0,-1,57,129001,175046,3,176,0,0,5,140836,0,2,181818,7,11,13,50915,0,204625,49168,0,38,7091,10066708,1,0,0,0,0,0,0,21625,0,0,1,2064,0,0,0,0,0,0,6292,12209,1,50,2,2560,1440,5120,2880,2500,2,2,0,1493,0,1,1541,1541,11665791,0
549,11486703500,18238708,0,0,1,5120,2880,2392,128,-2649,21181,0,0,0,0,0,-1,48,1898753,129085,3,176,0,0,5,140836,0,2,181818,7,10,15,145708,0,164167,44083,0,31,6919,9071625,1,0,0,0,0,0,0,34750,0,0,1,2064,0,0,0,0,0,0,8917,19250,1,50,2,2560,1440,5120,2880,2500,2,2,0,1494,0,1,1542,1542,11665791,0
550,11507159625,20456125,0,0,1,5120,2880,2392,128,-2649,21184,0,0,0,0,0,-1,49,7857878,133917,14,22520,0,0,5,140836,0,2,181818,7,10,19,148250,0,200541,74624,0,31,6919,6623750,1,0,0,0,0,0,0,21875,0,0,1,2064,0,0,0,0,0,0,6583,11417,1,50,2,2560,1440,5120,2880,2500,2,2,0,1495,0,1,1543,1543,11566125,0
551,11532619334,25459709,0,0,1,5120,2880,2392,128,-2649,22864,0,0,0,0,0,-1,57,137376,140961,3,176,0,0,5,140276,0,2,181818,7,11,16,2125,0,165251,32876,0,39,7175,18237125,1,0,0,0,0,0,0,13875,0,0,1,2064,0,0,0,0,0,0,3417,8166,1,50,2,2560,1440,5120,2880,2500,2,2,0,1496,0,1,1544,1544,11381416,0
552,11551121334,18502000,0,0,1,5120,2880,2392,128,-2649,21181,0,0,0,0,0,-1,48,149913,147788,3,176,0,0,5,139940,0,2,181818,7,10,14,143207,0,166165,46626,0,31,6919,11507125,1,0,0,0,0,0,0,32416,0,0,1,2064,0,0,0,0,0,0,9542,16667,1,50,2,2560,1440,5120,2880,2500,2,2,0,1497,0,1,1545,1545,11586374,0
553,11571376500,20255166,0,0,1,5120,2880,2392,128,-2648,22382,0,0,0,0,0,-1,57,2918458,190295,3,176,0,0,5,139828,0,2,181818,7,11,20,143667,0,181707,447708,0,38,7091,7738458,1,0,0,0,0,0,0,35833,0,0,1,2064,0,0,0,0,0,0,6958,21500,1,50,2,2560,1440,5120,2880,2500,2,2,0,1498,0,1,1546,1546,11586374,0
554,11590804459,19427959,0,0,1,5120,2880,2392,128,-2648,21173,0,0,0,0,0,-1,48,7307080,135584,3,176,0,0,5,139828,0,2,181818,7,10,19,137832,0,160623,47665,0,31,6919,5575250,1,0,0,0,0,0,0,20000,0,0,1,2064,0,0,0,0,0,0,6917,10166,1,50,2,2560,1440,5120,2880,2500,2,2,0,1499,0,1,1547,1547,11736249,0
555,11616560750,25756291,0,0,1,5120,2880,2392,128,-2648,21183,0,0,0,0,0,-1,47,573292,127168,3,176,0,0,5,139828,0,2,181818,7,10,15,917,0,138249,31291,0,31,6919,19417916,1,0,0,0,0,0,0,30625,0,0,1,2064,0,0,0,0,0,0,12792,13791,1,50,2,2560,1440,5120,2880,2500,2,2,0,1500,0,1,1548,1548,11423250,0
556,11635239084,18678334,0,0,1,5120,2880,2392,128,-2648,22400,0,0,0,0,0,-1,58,585965,176746,3,176,0,0,5,139940,0,2,181818,7,11,15,154291,0,181417,55083,0,39,7043,9486083,1,0,0,0,0,0,0,33458,0,0,1,2064,0,0,0,0,0,0,7042,19500,1,50,2,2560,1440,5120,2880,2500,2,2,0,1501,0,1,1549,1549,11560541,0
557,11654283000,19043916,0,0,1,5120,2880,2392,128,-2648,20876,0,0,0,0,0,-1,48,3769622,132833,3,176,0,0,5,139940,0,2,181818,7,10,19,137707,0,142874,47251,0,31,6820,8195666,1,0,0,0,0,0,0,18959,0,0,1,2064,0,0,0,0,0,0,5250,11333,1,50,2,2560,1440,5120,2880,2500,2,2,0,1502,0,1,1550,1550,11560541,0
558,11682283792,28000792,0,0,1,5120,2880,2392,128,-2648,22205,0,0,0,0,0,-1,56,872500,129540,3,176,0,0,5,139716,0,2,181818,7,11,16,1499,0,143042,32000,0,38,7012,20505750,1,0,0,0,0,0,0,15500,0,0,1,2064,0,0,0,0,0,0,4042,8042,1,50,2,2560,1440,5120,2880,2500,2,2,0,1503,0,1,1551,1551,11393208,0
559,11700999417,18715625,0,0,1,5120,2880,2392,128,-2648,20884,0,0,0,0,0,-1,48,146252,137292,3,176,0,0,5,133556,0,2,181818,7,10,14,144292,0,161916,49626,0,31,6820,11869917,1,0,0,0,0,0,0,28542,0,0,1,2064,0,0,0,0,0,0,9292,16541,1,50,2,2560,1440,5120,2880,2500,2,2,0,1504,0,1,1552,1552,11529874,0
560,11720867334,19867917,0,0,1,5120,2880,2392,128,-2648,22570,0,0,0,0,0,-1,58,2233333,184460,3,176,0,0,5,139716,0,2,181818,7,11,20,142459,0,175665,59998,0,39,7079,8057916,1,0,0,0,0,0,0,38083,0,0,1,2064,0,0,0,0,0,0,8750,21250,1,50,2,2560,1440,5120,2880,2500,2,2,0,1505,0,1,1553,1553,11529874,0
561,11739959000,19091666,0,0,1,5120,2880,2392,128,-2648,20879,0,0,0,0,0,-1,48,7005206,131375,3,176,0,0,5,140164,0,2,181818,7,10,19,136998,0,162624,42083,0,31,6821,6458125,1,0,0,0,0,0,0,19750,0,0,1,2064,0,0,0,0,0,0,4958,11458,1,50,2,2560,1440,5120,2880,2500,2,2,0,1506,0,1,1554,1554,11619249,0
562,11766136125,26177125,0,0,1,5120,2880,2392,128,-2648,20889,0,0,0,0,0,-1,47,599083,135379,3,176,0,0,5,140948,0,2,181818,7,10,15,1168,0,155041,31707,0,31,6821,19614000,1,0,0,0,0,0,0,18292,0,0,1,2064,0,0,0,0,0,0,5458,9292,1,50,2,2560,1440,5120,2880,2500,2,2,0,1507,0,1,1555,1555,11366791,0
563,11784716292,18580167,0,0,1,5120,2880,2392,128,-2648,22131,0,0,0,0,0,-1,57,179787,183412,3,176,0,0,5,141060,0,2,181818,7,11,15,151875,0,181750,48166,0,38,6998,10040917,1,0,0,0,0,0,0,30792,0,0,1,2064,0,0,0,0,0,0,5292,19708,1,50,2,2560,1440,5120,2880,2500,2,2,0,1508,0,1,1556,1556,9553500,0
564,11803591917,18875625,0,0,1,5120,2880,2392,128,-2648,20865,0,0,0,0,0,-1,47,2781249,141420,3,176,0,0,5,146604,0,2,181818,7,10,19,147459,0,156250,49002,0,30,6820,9156667,1,0,0,0,0,0,0,28375,0,0,1,2064,0,0,0,0,0,0,7875,16125,1,50,2,2560,1440,5120,2880,2500,2,2,0,1509,0,1,1557,1557,9553500,0
565,11832508875,28916958,0,0,1,5120,2880,2392,128,-2647,22498,0,0,0,0,0,-1,57,776338,154252,5,1904,0,0,5,146492,0,2,181818,7,11,16,1418,0,180749,35085,0,38,7064,20999667,1,0,0,0,0,0,0,15625,0,0,1,2064,0,0,0,0,0,0,4500,8625,1,50,2,2560,1440,5120,2880,2500,2,2,0,1510,0,1,1558,1558,11366624,0
566,11852481167,19972292,0,0,1,5120,2880,2392,128,-2647,22494,0,0,0,0,0,-1,49,108336,152714,15,32360,0,0,5,163152,0,2,181818,7,10,12,55499,0,239540,45835,0,31,7353,11256959,1,0,0,0,0,0,0,29333,0,0,1,2064,0,0,0,0,0,0,7583,14292,1,50,2,2560,1440,5120,2880,2500,2,2,0,1511,0,1,1559,1559,11949999,0
567,11872483459,20002292,0,0,1,5120,2880,2392,129,-2647,23902,0,0,0,0,0,-1,60,2666583,203876,9,16100,0,0,5,195436,0,2,181818,7,11,16,165917,0,225168,466750,0,40,7581,6812833,1,0,0,0,0,0,0,36958,0,0,1,2064,0,0,0,0,0,0,8667,19291,1,50,2,2560,1440,5120,2880,2500,2,2,0,1512,0,1,1560,1560,11949999,0
568,11893464750,20981291,0,0,1,5120,2880,2392,129,-2647,23158,0,0,0,0,0,-1,52,9458496,132961,3,176,0,0,5,244504,0,2,181818,7,10,19,145124,0,142749,40499,0,35,7554,4513417,1,0,0,0,0,0,0,19875,0,0,1,2064,0,0,0,0,0,0,5291,10875,1,50,2,2560,1440,5120,2880,2500,2,2,0,1513,0,1,1561,1561,11896749,0
569,11919414500,25949750,0,0,1,5120,2880,2392,129,-2647,23720,0,0,0,0,0,-1,53,123624,163460,3,176,0,0,5,270172,0,2,181818,7,10,17,61501,0,158707,56418,0,36,7732,16878583,1,0,0,0,0,0,0,27250,0,0,1,2064,0,0,0,0,0,0,7750,13625,1,50,2,2560,1440,5120,2880,2500,2,2,0,1514,0,1,1562,1562,9933666,0
570,11941037042,21622542,0,0,1,5120,2880,2392,129,-2647,20062,0,0,0,0,0,-1,67,6086202,184337,3,176,0,0,5,309520,0,2,181818,7,11,16,116375,0,170999,54707,0,48,6205,6428042,1,0,0,0,0,0,0,17167,0,0,1,2064,0,0,0,0,0,0,3833,9959,1,50,2,2560,1440,5120,2880,2500,2,2,0,1515,0,1,1563,1563,9965833,0
571,11966356417,25319375,0,0,1,5120,2880,2392,129,-2647,15982,0,0,0,0,0,-1,65,140580,169661,3,176,0,0,5,354448,0,2,181818,7,10,13,1208,0,148001,41251,0,49,5086,19746500,1,0,0,0,0,0,0,16750,0,0,1,2064,0,0,0,0,0,0,4125,10042,1,50,2,2560,1440,5120,2880,2500,2,2,0,1516,0,1,1564,1564,9911500,0
572,11984520167,18163750,0,0,1,5120,2880,2392,129,-2647,15611,0,0,0,0,0,-1,76,163545,213294,3,176,0,0,5,431560,0,2,181818,7,11,13,50916,0,184584,42085,0,57,4714,9601833,1,0,0,0,0,0,0,25292,0,0,1,2064,0,0,0,0,0,0,4458,14583,1,50,2,2560,1440,5120,2880,2500,2,2,0,1517,0,1,1565,1565,11811416,0
573,12001730167,17210000,0,0,1,5120,2880,2392,129,-2647,13506,0,0,0,0,0,-1,67,665919,182336,3,176,0,0,5,431560,0,2,181818,7,10,15,112458,0,159959,52500,0,50,4258,9654542,1,0,0,0,0,0,0,23042,0,0,1,2064,0,0,0,0,0,0,5459,13250,1,50,2,2560,1440,5120,2880,2500,2,2,0,1518,0,1,1566,1566,10133958,0
574,12019514125,17783958,0,0,1,5120,2880,2392,129,-2646,14452,0,0,0,0,0,-1,78,5455084,231830,3,176,0,0,5,447364,0,2,181818,7,11,16,53542,0,202208,49167,0,59,4281,3063250,1,0,0,0,0,0,0,31250,0,0,1,2064,0,0,0,0,0,0,8084,16083,1,50,2,2560,1440,5120,2880,2500,2,2,0,1519,0,1,1567,1567,11966999,0
575,12036890292,17376167,0,0,1,5120,2880,2392,129,-2646,12368,0,0,0,0,0,-1,69,2293417,195585,3,176,0,0,5,474904,0,2,181818,7,10,15,91417,0,172959,48624,0,52,3866,7000708,1,0,0,0,0,0,0,34625,0,0,1,2064,0,0,0,0,0,0,8417,19500,1,50,2,2560,1440,5120,2880,2500,2,2,0,1520,0,1,1568,1568,11789124,0
576,12054082959,17192667,0,0,1,5120,2880,2392,129,-2646,12368,0,0,0,0,0,-1,69,3222033,187709,3,176,0,0,5,474904,0,2,181818,7,10,15,89792,0,177585,56251,0,52,3866,7253416,1,0,0,0,0,0,0,39334,0,0,1,2064,0,0,0,0,0,0,7583,22542,1,50,2,2560,1440,5120,2880,2500,2,2,0,1521,0,1,1569,1569,10199416,0
577,12071431625,17348666,0,0,1,5120,2880,2392,129,-2646,12717,0,0,0,0,0,-1,78,7076536,231420,3,176,0,0,5,499816,0,2,181818,7,11,14,56247,0,219709,53874,0,59,3754,1124417,1,0,0,0,0,0,0,49917,0,0,1,2064,0,0,0,0,0,0,12834,24458,1,50,2,2560,1440,5120,2880,2500,2,2,0,1522,0,1,1570,1570,10591250,0
578,12088511834,17080209,0,0,1,5120,2880,2392,129,-2646,11090,0,0,0,0,0,-1,69,3780916,204247,3,176,0,0,5,507808,0,2,181818,7,10,15,86544,0,168210,53583,0,52,3440,5946666,1,0,0,0,0,0,0,21167,0,0,1,2064,0,0,0,0,0,0,5250,12208,1,50,2,2560,1440,5120,2880,2500,2,2,0,1523,0,1,1571,1571,10455624,0
579,12115874709,27362875,0,0,1,5120,2880,2392,129,-2646,10656,0,0,0,0,0,-1,68,151831,181163,3,176,0,0,5,508132,0,2,181818,7,10,11,3833,0,153125,32792,0,52,3300,22195125,1,0,0,0,0,0,0,23250,0,0,1,2064,0,0,0,0,0,0,7709,11042,1,50,2,2560,1440,5120,2880,2500,2,2,0,1524,0,1,1572,1572,10154958,0
580,12133604167,17729458,0,0,1,5120,2880,2392,129,-2646,12497,0,0,0,0,0,-1,79,2486044,196374,3,176,0,0,5,523072,0,2,181818,7,11,13,53501,0,174709,35959,0,60,3590,7285750,1,0,0,0,0,0,0,37875,0,0,1,2064,0,0,0,0,0,0,8458,21208,1,50,2,2560,1440,5120,2880,2500,2,2,0,1525,0,1,1573,1573,10246500,0
581,12150517000,16912833,0,0,1,5120,2880,2392,129,-2646,11904,0,0,0,0,0,-1,69,146088,192792,3,176,0,0,5,523540,0,2,181818,7,10,13,53835,0,150541,45166,0,52,3714,10509625,1,0,0,0,0,0,0,22417,0,0,1,2064,0,0,0,0,0,0,4958,13458,1,50,2,2560,1440,5120,2880,2500,2,2,0,1526,0,1,1574,1574,10558458,0
582,12168099334,17582334,0,0,1,5120,2880,2392,128,-2646,13404,0,0,0,0,0,-1,78,3253623,232336,3,176,0,0,5,541396,0,2,181818,7,11,14,57001,0,193291,48417,0,59,3983,5725125,1,0,0,0,0,0,0,31125,0,0,1,2064,0,0,0,0,0,0,7625,16833,1,50,2,2560,1440,5120,2880,2500,2,2,0,1527,0,1,1575,1575,10593083,0
583,12184410875,16311541,0,0,1,5120,2880,2392,128,-2646,13122,0,0,0,0,0,-1,69,163462,183000,3,176,0,0,5,569584,0,2,181818,7,10,13,53249,0,189584,47417,0,52,4120,9240583,1,0,0,0,0,0,0,25750,0,0,1,2064,0,0,0,0,0,0,6375,14459,1,50,2,2560,1440,5120,2880,2500,2,2,0,1528,0,1,1576,1576,10322624,0
584,12201818709,17407834,0,0,1,5120,2880,2392,128,-2646,14241,0,0,0,0,0,-1,69,172499,223542,3,176,0,0,5,583696,0,2,181818,7,10,13,58080,0,173249,66584,0,52,4493,9684125,1,0,0,0,0,0,0,30667,0,0,1,2064,0,0,0,0,0,0,6708,16917,1,50,2,2560,1440,5120,2880,2500,2,2,0,1529,0,1,1577,1577,10699125,0
585,12219915334,18096625,0,0,1,5120,2880,2392,128,-2645,17004,0,0,0,0,0,-1,79,4711751,226916,3,176,0,0,5,575380,0,2,181818,7,11,14,52290,0,204791,45916,0,60,5131,3038916,1,0,0,0,0,0,0,35125,0,0,1,2064,0,0,0,0,0,0,8208,17500,1,50,2,2560,1440,5120,2880,2500,2,2,0,1530,0,1,1578,1578,10927499,0
586,12238345667,18430333,0,0,1,5120,2880,2392,128,-2645,16673,0,0,0,0,0,-1,68,2356461,202335,3,176,0,0,5,560296,0,2,181818,7,10,15,89709,0,176167,55208,0,51,5307,7249000,1,0,0,0,0,0,0,39083,0,0,1,2064,0,0,0,0,0,0,6084,22667,1,50,2,2560,1440,5120,2880,2500,2,2,0,1531,0,1,1579,1579,10382500,0
587,12256742417,18396750,0,0,1,5120,2880,2392,128,-2645,16673,0,0,0,0,0,-1,68,5589420,211159,3,176,0,0,5,560404,0,2,181818,7,10,15,91042,0,150834,49125,0,51,5307,5729875,1,0,0,0,0,0,0,15083,0,0,1,2064,0,0,0,0,0,0,3417,9083,1,50,2,2560,1440,5120,2880,2500,2,2,0,1532,0,1,1580,1580,11881374,0
588,12283047542,26305125,0,0,1,5120,2880,2392,128,-2645,18029,0,0,0,0,0,-1,77,5174002,198544,19,29852,0,0,5,560872,0,2,181818,7,11,12,1748,0,181080,38917,0,58,5504,14239708,1,0,0,0,0,0,0,14417,0,0,1,2064,0,0,0,0,0,0,3250,8541,1,50,2,2560,1440,5120,2880,2500,2,2,0,1533,0,1,1581,1581,11847291,0
589,12301527459,18479917,0,0,1,5120,2880,2392,128,-2645,16665,0,0,0,0,0,-1,68,197499,214712,3,176,0,0,5,554068,0,2,181818,7,10,12,55209,0,170666,65042,0,51,5307,11114708,1,0,0,0,0,0,0,63500,0,0,1,2064,0,0,0,0,0,0,6709,50625,1,50,2,2560,1440,5120,2880,2500,2,2,0,1534,0,1,1582,1582,10262583,0
590,12319461917,17934458,0,0,1,5120,2880,2392,128,-2645,18211,0,0,0,0,0,-1,78,5176125,273625,3,176,0,0,5,554068,0,2,181818,7,11,14,54499,0,230459,39625,0,59,5536,3132542,1,0,0,0,0,0,0,32083,0,0,1,2064,0,0,0,0,0,0,5333,18958,1,50,2,2560,1440,5120,2880,2500,2,2,0,1535,0,1,1583,1583,10460499,0
591,12337921875,18459958,0,0,1,5120,2880,2392,128,-2645,16673,0,0,0,0,0,-1,68,2595922,215291,3,176,0,0,5,554068,0,2,181818,7,10,15,95207,0,189167,56209,0,51,5307,8108458,1,0,0,0,0,0,0,20542,0,0,1,2064,0,0,0,0,0,0,4916,11083,1,50,2,2560,1440,5120,2880,2500,2,2,0,1536,0,1,1584,1584,11969124,0
592,12356439292,18517417,0,0,1,5120,2880,2392,128,-2645,16671,0,0,0,0,0,-1,68,5465454,191919,3,176,0,0,5,554068,0,2,181818,7,10,15,111709,0,156416,137250,0,51,5307,6255209,1,0,0,0,0,0,0,17916,0,0,1,2064,0,0,0,0,0,0,5084,9500,1,50,2,2560,1440,5120,2880,2500,2,2,0,1537,0,1,1585,1585,10170041,0
593,12382749167,26309875,0,0,1,5120,2880,2392,128,-2645,17878,0,0,0,0,0,-1,76,5380742,188167,3,176,0,0,5,554176,0,2,181818,7,11,14,1211,0,156124,32417,0,58,5479,14509166,1,0,0,0,0,0,0,13916,0,0,1,2064,0,0,0,0,0,0,2875,8500,1,50,2,2560,1440,5120,2880,2500,2,2,0,1538,0,1,1586,1586,10110750,0
594,12401217375,18468208,0,0,1,5120,2880,2392,128,-2645,16665,0,0,0,0,0,-1,68,154463,209919,3,176,0,0,5,554284,0,2,181818,7,10,12,58874,0,167792,48209,0,51,5307,11452250,1,0,0,0,0,0,0,25500,0,0,1,2064,0,0,0,0,0,0,5875,14417,1,50,2,2560,1440,5120,2880,2500,2,2,0,1539,0,1,1587,1587,11800583,0
595,12419129459,17912084,0,0,1,5120,2880,2392,128,-2645,18291,0,0,0,0,0,-1,78,5059046,229496,3,176,0,0,5,554176,0,2,181818,7,11,14,54544,0,218877,57791,0,59,5552,3694958,1,0,0,0,0,0,0,32834,0,0,1,2064,0,0,0,0,0,0,6167,19708,1,50,2,2560,1440,5120,2880,2500,2,2,0,1540,0,1,1588,1588,12057624,0
596,12437994917,18865458,0,0,1,5120,2880,2392,128,-2645,16671,0,0,0,0,0,-1,68,2695041,192038,3,176,0,0,5,554176,0,2,181818,7,10,15,114167,0,172916,102249,0,51,5307,8519833,1,0,0,0,0,0,0,17708,0,0,1,2064,0,0,0,0,0,0,3541,11334,1,50,2,2560,1440,5120,2880,2500,2,2,0,1541,0,1,1589,1589,10369374,0
597,12456270250,18275333,0,0,1,5120,2880,2392,128,-2645,16663,0,0,0,0,0,-1,68,5027458,181709,3,176,0,0,5,561088,0,2,181818,7,10,17,119834,0,155750,127291,0,51,5307,6291291,1,0,0,0,0,0,0,16417,0,0,1,2064,0,0,0,0,0,0,4250,8875,1,50,2,2560,1440,5120,2880,2500,2,2,0,1542,0,1,1590,1590,11967625,0
598,12475232334,18962084,0,0,1,5120,2880,2392,128,-2645,17878,0,0,0,0,0,-1,77,10444879,242831,3,176,0,0,5,561196,0,2,181818,7,11,16,62418,0,255915,40249,0,58,5479,13250,1,0,0,0,0,0,0,27167,0,0,1,2064,0,0,0,0,0,0,5292,16042,1,50,2,2560,1440,5120,2880,2500,2,2,0,1543,0,1,1591,1591,11952500,0
599,12499562042,24329708,0,0,1,5120,2880,2392,128,-2645,16659,0,0,0,0,0,-1,67,139995,182373,3,176,0,0,5,561196,0,2,181818,7,10,11,1083,0,152748,32417,0,51,5307,18862583,1,0,0,0,0,0,0,20083,0,0,1,2064,0,0,0,0,0,0,5084,10750,1,50,2,2560,1440,5120,2880,2500,2,2,0,1544,0,1,1592,1592,10221125,0
600,12518274084,18712042,0,0,1,5120,2880,2392,128,-2645,18391,0,0,0,0,0,-1,78,4199375,234702,3,176,0,0,5,554392,0,2,181818,7,11,13,52833,0,181957,51875,0,59,5572,5527375,1,0,0,0,0,0,0,29042,0,0,1,2064,0,0,0,0,0,0,7375,15000,1,50,2,2560,1440,5120,2880,2500,2,2,0,1545,0,1,1593,1593,12034666,0
601,12535881250,17607166,0,0,1,5120,2880,2392,128,-2645,17300,0,0,0,0,0,-1,68,451832,199622,3,176,0,0,5,554284,0,2,181818,7,10,15,87501,0,160542,49042,0,51,5516,9123500,1,0,0,0,0,0,0,29041,0,0,1,2064,0,0,0,0,0,0,6625,18875,1,50,2,2560,1440,5120,2880,2500,2,2,0,1546,0,1,1594,1594,12017999,0
602,12554863542,18982292,0,0,1,5120,2880,2392,128,-2645,17505,0,0,0,0,0,-1,68,2617959,192084,3,176,0,0,5,554284,0,2,181818,7,10,15,114665,0,169875,141166,0,51,5585,8268917,1,0,0,0,0,0,0,53083,0,0,1,2064,0,0,0,0,0,0,12291,26083,1,50,2,2560,1440,5120,2880,2500,2,2,0,1547,0,1,1595,1595,10332125,0
603,12574031750,19168208,0,0,1,5120,2880,2392,128,-2645,18822,0,0,0,0,0,-1,77,9806293,240675,3,176,0,0,5,554392,0,2,181818,7,11,16,58249,0,217666,44249,0,58,5777,13542,1,0,0,0,0,0,0,28459,0,0,1,2064,0,0,0,0,0,0,5167,16667,1,50,2,2560,1440,5120,2880,2500,2,2,0,1548,0,1,1596,1596,12134750,0
604,12599432500,25400750,0,0,1,5120,2880,2392,128,-2645,17493,0,0,0,0,0,-1,67,149672,185622,3,176,0,0,5,554392,0,2,181818,7,10,11,1000,0,148834,33791,0,51,5585,19892834,1,0,0,0,0,0,0,14667,0,0,1,2064,0,0,0,0,0,0,3250,8708,1,50,2,2560,1440,5120,2880,2500,2,2,0,1549,0,1,1597,1597,11962624,0
605,12618997750,19565250,0,0,1,5120,2880,2392,128,-2645,20453,0,0,0,0,0,-1,78,4146419,230166,3,176,0,0,5,554392,0,2,181818,7,11,13,53002,0,179543,44000,0,59,6286,5305417,1,0,0,0,0,0,0,29167,0,0,1,2064,0,0,0,0,0,0,7375,15667,1,50,2,2560,1440,5120,2880,2500,2,2,0,1550,0,1,1598,1598,10401166,0
606,12637897084,18899334,0,0,1,5120,2880,2392,128,-2645,19451,0,0,0,0,0,-1,68,1588582,213000,3,176,0,0,5,553708,0,2,181818,7,10,15,96790,0,182292,59417,0,51,6233,8415542,1,0,0,0,0,0,0,34166,0,0,1,2064,0,0,0,0,0,0,8042,19500,1,50,2,2560,1440,5120,2880,2500,2,2,0,1551,0,1,1599,1599,10341083,0
607,12657662834,19765750,0,0,1,5120,2880,2392,128,-2645,19801,0,0,0,0,0,-1,68,5503956,231172,3,176,0,0,5,562024,0,2,181818,7,10,15,158290,0,169249,52749,0,51,6350,6140000,1,0,0,0,0,0,0,52208,0,0,1,2064,0,0,0,0,0,0,16041,25084,1,50,2,2560,1440,5120,2880,2500,2,2,0,1552,0,1,1600,1600,12267208,0
608,12683101625,25438791,0,0,1,5120,2880,2392,128,-2645,21215,0,0,0,0,0,-1,76,6647713,187420,3,176,0,0,5,552952,0,2,181818,7,11,13,1457,0,157124,30917,0,58,6593,11749000,1,0,0,0,0,0,0,15625,0,0,1,2064,0,0,0,0,0,0,3291,9500,1,50,2,2560,1440,5120,2880,2500,2,2,0,1553,0,1,1601,1601,10106166,0
609,12702626959,19525334,0,0,1,5120,2880,2392,128,-2645,20169,0,0,0,0,0,-1,68,169293,190168,3,176,0,0,5,546796,0,2,181818,7,10,12,56168,0,166626,56833,0,51,6475,10834167,1,0,0,0,0,0,0,33084,0,0,1,2064,0,0,0,0,0,0,7000,19833,1,50,2,2560,1440,5120,2880,2500,2,2,0,1554,0,1,1602,1602,10280875,0
610,12722941792,20314833,0,0,1,5120,2880,2392,128,-2645,21815,0,0,0,0,0,-1,78,9717123,217789,3,176,0,0,5,547156,0,2,181818,7,11,14,67415,0,226083,41501,0,59,6724,18958,1,0,0,0,0,0,0,38166,0,0,1,2064,0,0,0,0,0,0,8334,21375,1,50,2,2560,1440,5120,2880,2500,2,2,0,1555,0,1,1603,1603,12383541,0
611,12750103042,27161250,0,0,1,5120,2880,2392,128,-2645,20175,0,0,0,0,0,-1,67,135418,194961,3,176,0,0,5,541864,0,2,181818,7,10,11,1249,0,141792,35210,0,51,6479,21032167,1,0,0,0,0,0,0,15708,0,0,1,2064,0,0,0,0,0,0,4042,9042,1,50,2,2560,1440,5120,2880,2500,2,2,0,1556,0,1,1604,1604,12136583,0
612,12769708875,19605833,0,0,1,5120,2880,2392,128,-2645,21422,0,0,0,0,0,-1,77,6468001,217587,3,176,0,0,5,541756,0,2,181818,7,11,13,54580,0,227042,43334,0,58,6655,3252833,1,0,0,0,0,0,0,34042,0,0,1,2064,0,0,0,0,0,0,6541,20417,1,50,2,2560,1440,5120,2880,2500,2,2,0,1557,0,1,1605,1605,10339333,0
613,12789987584,20278709,0,0,1,5120,2880,2392,128,-2645,20184,0,0,0,0,0,-1,68,4932126,216003,3,176,0,0,5,541756,0,2,181818,7,10,15,119915,0,156501,102584,0,51,6478,7297417,1,0,0,0,0,0,0,18958,0,0,1,2064,0,0,0,0,0,0,5334,10666,1,50,2,2560,1440,5120,2880,2500,2,2,0,1558,0,1,1606,1606,12245249,0
614,12810081750,20094166,0,0,1,5120,2880,2392,128,-2645,20184,0,0,0,0,0,-1,68,9433168,216162,3,176,0,0,5,541756,0,2,181818,7,10,17,82584,0,162751,50833,0,51,6478,4056250,1,0,0,0,0,0,0,17625,0,0,1,2064,0,0,0,0,0,0,4458,10250,1,50,2,2560,1440,5120,2880,2500,2,2,0,1559,0,1,1607,1607,12178500,0
615,12834244917,24163167,0,0,1,5120,2880,2392,128,-2645,21698,0,0,0,0,0,-1,77,6897168,211171,3,176,0,0,5,541756,0,2,181818,7,11,12,1999,0,182458,32458,0,59,6703,9147667,1,0,0,0,0,0,0,34500,0,0,1,2064,0,0,0,0,0,0,5833,20166,1,50,2,2560,1440,5120,2880,2500,2,2,0,1560,0,1,1608,1608,10030125,0
616,12853321167,19076250,0,0,1,5120,2880,2392,128,-2645,20184,0,0,0,0,0,-1,68,1224954,190461,3,176,0,0,5,535708,0,2,181818,7,10,14,123167,0,183501,94917,0,51,6478,9888500,1,0,0,0,0,0,0,30875,0,0,1,2064,0,0,0,0,0,0,7250,17500,1,50,2,2560,1440,5120,2880,2500,2,2,0,1561,0,1,1609,1609,12329124,0
617,12873828084,20506917,0,0,1,5120,2880,2392,128,-2645,21504,0,0,0,0,0,-1,77,10168542,236249,3,176,0,0,5,542008,0,2,181818,7,11,16,71792,0,219250,52875,0,58,6671,22750,1,0,0,0,0,0,0,37542,0,0,1,2064,0,0,0,0,0,0,9041,22292,1,50,2,2560,1440,5120,2880,2500,2,2,0,1562,0,1,1610,1610,12412250,0
618,12894005792,20177708,0,0,1,5120,2880,2392,128,-2645,20189,0,0,0,0,0,-1,68,9836459,179124,3,176,0,0,5,564760,0,2,181818,7,10,15,83291,0,164749,52542,0,51,6479,3652959,1,0,0,0,0,0,0,19083,0,0,1,2064,0,0,0,0,0,0,4541,10459,1,50,2,2560,1440,5120,2880,2500,2,2,0,1563,0,1,1611,1611,10005999,0
619,12918277250,24271458,0,0,1,5120,2880,2392,128,-2645,20181,0,0,0,0,0,-1,68,158747,192247,3,176,0,0,5,564976,0,2,181818,7,10,13,55418,0,155543,51626,0,51,6479,16917916,1,0,0,0,0,0,0,34917,0,0,1,2064,0,0,0,0,0,0,9917,20666,1,50,2,2560,1440,5120,2880,2500,2,2,0,1564,0,1,1612,1612,10095875,0
620,12937655542,19378292,0,0,1,5120,2880,2392,128,-2646,21894,0,0,0,0,0,-1,80,7638998,226962,4,548,0,0,5,573256,0,2,181818,7,11,14,56125,0,225291,51333,0,60,6738,1761000,1,0,0,0,0,0,0,34667,0,0,1,2064,0,0,0,0,0,0,9041,19125,1,50,2,2560,1440,5120,2880,2500,2,2,0,1565,0,1,1613,1613,12327125,0
621,12957987417,20331875,0,0,1,5120,2880,2392,128,-2646,20221,0,0,0,0,0,-1,70,5851963,224213,14,21536,0,0,5,582292,0,2,181818,7,10,15,88127,0,204625,50083,0,52,6480,6079333,1,0,0,0,0,0,0,17833,0,0,1,2064,0,0,0,0,0,0,4041,10375,1,50,2,2560,1440,5120,2880,2500,2,2,0,1566,0,1,1614,1614,10208749,0
622,12983383667,25396250,0,0,1,5120,2880,2392,128,-2646,21405,0,0,0,0,0,-1,77,7067462,194877,3,176,0,0,5,582040,0,2,181818,7,11,12,1708,0,160127,31542,0,59,6652,11233542,1,0,0,0,0,0,0,14833,0,0,1,2064,0,0,0,0,0,0,3167,8416,1,50,2,2560,1440,5120,2880,2500,2,2,0,1567,0,1,1615,1615,10008999,0
623,13002502792,19119125,0,0,1,5120,2880,2392,128,-2646,20202,0,0,0,0,0,-1,69,176041,210834,3,176,0,0,5,582040,0,2,181818,7,10,12,56915,0,229583,51416,0,52,6480,10923792,1,0,0,0,0,0,0,32584,0,0,1,2064,0,0,0,0,0,0,8250,17583,1,50,2,2560,1440,5120,2880,2500,2,2,0,1568,0,1,1616,1616,10384041,0
624,13023013875,20511083,0,0,1,5120,2880,2392,128,-2646,21858,0,0,0,0,0,-1,79,9850670,246918,3,176,0,0,5,581824,0,2,181818,7,11,14,60458,0,247042,46210,0,60,6731,21958,1,0,0,0,0,0,0,33583,0,0,1,2064,0,0,0,0,0,0,6666,18792,1,50,2,2560,1440,5120,2880,2500,2,2,0,1569,0,1,1617,1617,10512375,0
625,13050012209,26998334,0,0,1,5120,2880,2392,128,-2646,20196,0,0,0,0,0,-1,68,154667,198626,3,176,0,0,5,581716,0,2,181818,7,10,11,1001,0,154750,33666,0,52,6480,21044375,1,0,0,0,0,0,0,16250,0,0,1,2064,0,0,0,0,0,0,4083,9083,1,50,2,2560,1440,5120,2880,2500,2,2,0,1570,0,1,1618,1618,9991958,0
626,13069442917,19430708,0,0,1,5120,2880,2392,129,-2647,21411,0,0,0,0,0,-1,78,6177590,221082,3,176,0,0,5,581176,0,2,181818,7,11,13,53416,0,211000,42541,0,59,6652,3461833,1,0,0,0,0,0,0,29250,0,0,1,2064,0,0,0,0,0,0,5042,17375,1,50,2,2560,1440,5120,2880,2500,2,2,0,1571,0,1,1619,1619,10501000,0
627,13089536834,20093917,0,0,1,5120,2880,2392,129,-2647,20210,0,0,0,0,0,-1,69,3899919,184411,3,176,0,0,5,580924,0,2,181818,7,10,15,85375,0,160833,54584,0,52,6480,7612583,1,0,0,0,0,0,0,29792,0,0,1,2064,0,0,0,0,0,0,5750,18375,1,50,2,2560,1440,5120,2880,2500,2,2,0,1572,0,1,1620,1620,10439750,0
628,13115952375,26415541,0,0,1,5120,2880,2392,129,-2647,20196,0,0,0,0,0,-1,68,135291,162256,3,176,0,0,5,580924,0,2,181818,7,10,11,1000,0,130292,31000,0,52,6480,21301000,1,0,0,0,0,0,0,13167,0,0,1,2064,0,0,0,0,0,0,3083,7917,1,50,2,2560,1440,5120,2880,2500,2,2,0,1573,0,1,1621,1621,10072083,0
629,13135475667,19523292,0,0,1,5120,2880,2392,129,-2647,23602,0,0,0,0,0,-1,79,6116589,202334,3,176,0,0,5,576568,0,2,181818,7,11,13,49083,0,170291,49917,0,60,7327,4060834,1,0,0,0,0,0,0,25541,0,0,1,2064,0,0,0,0,0,0,4959,14917,1,50,2,2560,1440,5120,2880,2500,2,2,0,1574,0,1,1622,1622,10258125,0
630,13156193542,20717875,0,0,1,5120,2880,2392,129,-2647,21629,0,0,0,0,0,-1,69,3767040,186619,3,176,0,0,5,561952,0,2,181818,7,10,15,83459,0,159126,53417,0,52,6953,8647875,1,0,0,0,0,0,0,30666,0,0,1,2064,0,0,0,0,0,0,6542,17958,1,50,2,2560,1440,5120,2880,2500,2,2,0,1575,0,1,1623,1623,10418458,0
631,13182834000,26640458,0,0,1,5120,2880,2392,129,-2647,22263,0,0,0,0,0,-1,76,7148289,170580,3,176,0,0,5,521308,0,2,181818,7,11,12,1250,0,134042,35124,0,58,6925,12396625,1,0,0,0,0,0,0,13750,0,0,1,2064,0,0,0,0,0,0,2125,7917,1,50,2,2560,1440,5120,2880,2500,2,2,0,1576,0,1,1624,1624,10055166,0
632,13203137625,20303625,0,0,1,5120,2880,2392,129,-2647,20629,0,0,0,0,0,-1,68,1173537,163920,3,176,0,0,5,452188,0,2,181818,7,10,14,111375,0,144708,190626,0,51,6624,11218375,1,0,0,0,0,0,0,25417,0,0,1,2064,0,0,0,0,0,0,5208,15917,1,50,2,2560,1440,5120,2880,2500,2,2,0,1577,0,1,1625,1625,10248000,0
633,13224454875,21317250,0,0,1,5120,2880,2392,129,-2647,21668,0,0,0,0,0,-1,78,11590875,233039,3,176,0,0,5,451756,0,2,181818,7,11,16,63208,0,200084,48000,0,59,6688,23292,1,0,0,0,0,0,0,29625,0,0,1,2064,0,0,0,0,0,0,4458,17792,1,50,2,2560,1440,5120,2880,2500,2,2,0,1578,0,1,1626,1626,12498083,0
634,13249748959,25294084,0,0,1,5120,2880,2392,129,-2647,20143,0,0,0,0,0,-1,58,115253,122001,3,176,0,0,5,323776,0,2,181818,7,10,11,1124,0,129916,30708,0,42,6511,19640500,1,0,0,0,0,0,0,14833,0,0,1,2064,0,0,0,0,0,0,4041,8167,1,50,2,2560,1440,5120,2880,2500,2,2,0,1579,0,1,1627,1627,12292791,0
635,13270100792,20351833,0,0,1,5120,2880,2392,129,-2647,22092,0,0,0,0,0,-1,68,817044,200081,3,176,0,0,5,323560,0,2,181818,7,11,15,114041,0,178791,59333,0,49,6919,9699541,1,0,0,0,0,0,0,33959,0,0,1,2064,0,0,0,0,0,0,6792,19292,1,50,2,2560,1440,5120,2880,2500,2,2,0,1580,0,1,1628,1628,10073375,0
636,13290619167,20518375,0,0,1,5120,2880,2392,129,-2647,21124,0,0,0,0,0,-1,56,6848710,157542,3,176,0,0,5,287092,0,2,181818,7,10,17,138210,0,133917,47459,0,39,6854,7232667,1,0,0,0,0,0,0,14500,0,0,1,2064,0,0,0,0,0,0,3375,8667,1,50,2,2560,1440,5120,2880,2500,2,2,0,1581,0,1,1629,1629,10073375,0
637,13317345167,26726000,0,0,1,5120,2880,2392,129,-2647,21485,0,0,0,0,0,-1,55,618753,137580,3,176,0,0,5,287092,0,2,181818,7,10,15,1292,0,142584,32543,0,39,6971,19524666,1,0,0,0,0,0,0,44833,0,0,1,2064,0,0,0,0,0,0,10833,23334,1,50,2,2560,1440,5120,2880,2500,2,2,0,1582,0,1,1630,1630,9828999,0
638,13338193625,20848458,0,0,1,5120,2880,2392,129,-2647,23454,0,0,0,0,0,-1,66,2077496,187423,3,176,0,0,5,287884,0,2,181818,7,11,15,107167,0,207500,51959,0,47,7307,8133125,1,0,0,0,0,0,0,18250,0,0,1,2064,0,0,0,0,0,0,5166,10000,1,50,2,2560,1440,5120,2880,2500,2,2,0,1583,0,1,1631,1631,12698125,0
639,13359207042,21013417,0,0,1,5120,2880,2392,129,-2647,20980,0,0,0,0,0,-1,56,8937878,131918,3,176,0,0,5,288784,0,2,181818,7,10,17,139333,0,138042,42458,0,39,6806,5837500,1,0,0,0,0,0,0,17000,0,0,1,2064,0,0,0,0,0,0,4542,9291,1,50,2,2560,1440,5120,2880,2500,2,2,0,1584,0,1,1632,1632,12698125,0
640,13384234667,25027625,0,0,1,5120,2880,2392,128,-2648,19760,0,0,0,0,0,-1,65,592583,161411,3,176,0,0,5,283852,0,2,181818,7,11,18,57625,0,159499,55958,0,46,6165,16071500,1,0,0,0,0,0,0,34375,0,0,1,2064,0,0,0,0,0,0,8125,19500,1,50,2,2560,1440,5120,2880,2500,2,2,0,1585,0,1,1633,1633,12307124,0
641,13401658875,17424208,0,0,1,5120,2880,2392,128,-2648,12420,0,0,0,0,0,-1,55,1069670,165208,4,668,0,0,5,273880,0,2,181818,7,10,15,140667,0,163334,70625,0,37,3962,9888834,1,0,0,0,0,0,0,37416,0,0,1,2064,0,0,0,0,0,0,10250,18291,1,50,2,2560,1440,5120,2880,2500,2,2,0,1586,0,1,1634,1634,12307124,0
642,13419295917,17637042,0,0,1,5120,2880,2392,128,-2648,11646,0,0,0,0,0,-1,62,2892711,184959,3,176,0,0,5,265096,0,2,181818,7,11,20,136294,0,189625,57333,0,43,3436,6805583,1,0,0,0,0,0,0,36875,0,0,1,2064,0,0,0,0,0,0,7625,19667,1,50,2,2560,1440,5120,2880,2500,2,2,0,1587,0,1,1635,1635,11957624,0
643,13435015834,15719917,0,0,1,5120,2880,2392,128,-2648,9807,0,0,0,0,0,-1,52,2507540,145500,3,176,0,0,5,265780,0,2,181818,7,10,19,140123,0,162125,45626,0,35,3106,7757708,1,0,0,0,0,0,0,32584,0,0,1,2064,0,0,0,0,0,0,9417,17541,1,50,2,2560,1440,5120,2880,2500,2,2,0,1588,0,1,1636,1636,11806624,0
644,13451066500,16050666,0,0,1,5120,2880,2392,128,-2648,8519,0,0,0,0,0,-1,53,1845754,149079,3,176,0,0,5,285796,0,2,181818,7,10,19,135165,0,147416,42791,0,36,2671,9056959,1,0,0,0,0,0,0,29250,0,0,1,2064,0,0,0,0,0,0,6709,17833,1,50,2,2560,1440,5120,2880,2500,2,2,0,1589,0,1,1637,1637,11512208,0
645,13467753167,16686667,0,0,1,5120,2880,2392,128,-2648,9220,0,0,0,0,0,-1,64,1910373,176250,3,176,0,0,5,281368,0,2,181818,7,11,20,143539,0,181542,52626,0,45,2645,7759917,1,0,0,0,0,0,0,25875,0,0,1,2064,0,0,0,0,0,0,6125,13667,1,50,2,2560,1440,5120,2880,2500,2,2,0,1590,0,1,1638,1638,11517833,0
646,13482656417,14903250,0,0,1,5120,2880,2392,128,-2648,7952,0,0,0,0,0,-1,55,148542,152872,3,176,0,0,5,272728,0,2,181818,7,10,19,141414,0,164082,43124,0,38,2470,9580250,1,0,0,0,0,0,0,28292,0,0,1,2064,0,0,0,0,0,0,8959,14083,1,50,2,2560,1440,5120,2880,2500,2,2,0,1591,0,1,1639,1639,11273249,0
647,13499111625,16455208,0,0,1,5120,2880,2392,128,-2648,7824,0,0,0,0,0,-1,54,297581,152919,3,176,0,0,5,279028,0,2,181818,7,10,17,58669,0,164208,42458,0,37,2430,10618792,1,0,0,0,0,0,0,17125,0,0,1,2064,0,0,0,0,0,0,4208,9792,1,50,2,2560,1440,5120,2880,2500,2,2,0,1592,0,1,1640,1640,11147999,0
648,13515788834,16677209,0,0,1,5120,2880,2392,128,-2648,9371,0,0,0,0,0,-1,66,141335,175336,3,176,0,0,5,277192,0,2,181818,7,11,13,38376,0,171458,53751,0,47,2648,10282667,1,0,0,0,0,0,0,37958,0,0,1,2064,0,0,0,0,0,0,6791,24375,1,50,2,2560,1440,5120,2880,2500,2,2,0,1593,0,1,1641,1641,11047333,0
649,13532037792,16248958,0,0,1,5120,2880,2392,128,-2648,7754,0,0,0,0,0,-1,56,116838,138379,3,176,0,0,5,304876,0,2,181818,7,10,10,749,0,164708,33584,0,40,2397,11690334,1,0,0,0,0,0,0,27084,0,0,1,2064,0,0,0,0,0,0,6291,15083,1,50,2,2560,1440,5120,2880,2500,2,2,0,1594,0,1,1642,1642,10891750,0
650,13548597375,16559583,0,0,1,5120,2880,2392,128,-2648,7826,0,0,0,0,0,-1,55,109792,138665,3,176,0,0,5,304408,0,2,181818,7,10,10,875,0,160709,32918,0,39,2427,12100625,1,0,0,0,0,0,0,35333,0,0,1,2064,0,0,0,0,0,0,10041,19000,1,50,2,2560,1440,5120,2880,2500,2,2,0,1595,0,1,1643,1643,11031958,0
651,13565207500,16610125,0,0,1,5120,2880,2393,128,-2648,9032,0,0,0,0,0,-1,64,136623,158000,3,176,0,0,5,303760,0,2,181818,7,11,11,1914,0,178877,34874,0,46,2598,10991041,1,0,0,0,0,0,0,26958,0,0,1,2064,0,0,0,0,0,0,4375,17041,1,50,2,2560,1440,5120,2880,2500,2,2,0,1596,0,1,1644,1644,10889916,0
652,13581736000,16528500,0,0,1,5120,2880,2393,128,-2648,7823,0,0,0,0,0,-1,55,109332,145258,3,176,0,0,5,303976,0,2,181818,7,10,10,1418,0,160917,31541,0,39,2426,12502958,1,0,0,0,0,0,0,32250,0,0,1,2064,0,0,0,0,0,0,7458,19292,1,50,2,2560,1440,5120,2880,2500,2,2,0,1597,0,1,1645,1645,9802291,0
653,13598298625,16562625,0,0,1,5120,2880,2393,128,-2648,7823,0,0,0,0,0,-1,55,114831,144877,3,176,0,0,5,303976,0,2,181818,7,10,10,751,0,162666,31166,0,39,2426,12524083,1,0,0,0,0,0,0,37916,0,0,1,2064,0,0,0,0,0,0,9167,21416,1,50,2,2560,1440,5120,2880,2500,2,2,0,1598,0,1,1646,1646,10731000,0
654,13615335167,17036542,0,0,1,5120,2880,2393,128,-2648,9446,0,0,0,0,0,-1,66,156872,196416,5,1028,0,0,5,304084,0,2,181818,7,11,11,1751,0,205791,32834,0,47,2670,11186500,1,0,0,0,0,0,0,38250,0,0,1,2064,0,0,0,0,0,0,8667,21459,1,50,2,2560,1440,5120,2880,2500,2,2,0,1599,0,1,1647,1647,11088625,0
655,13631868625,16533458,0,0,1,5120,2880,2393,128,-2648,7823,0,0,0,0,0,-1,55,115498,158542,3,176,0,0,5,304084,0,2,181818,7,10,10,1541,0,160334,30667,0,39,2426,12106167,1,0,0,0,0,0,0,39625,0,0,1,2064,0,0,0,0,0,0,9167,22250,1,50,2,2560,1440,5120,2880,2500,2,2,0,1600,0,1,1648,1648,11051458,0
656,13648110959,16242334,0,0,1,5120,2880,2393,128,-2648,7823,0,0,0,0,0,-1,55,97375,120293,3,176,0,0,5,304084,0,2,181818,7,10,10,749,0,134500,26834,0,39,2426,12445958,1,0,0,0,0,0,0,33666,0,0,1,2064,0,0,0,0,0,0,7875,17708,1,50,2,2560,1440,5120,2880,2500,2,2,0,1601,0,1,1649,1649,9689833,0
657,13664832750,16721791,0,0,1,5120,2880,2393,128,-2648,9032,0,0,0,0,0,-1,64,132249,165915,3,176,0,0,5,304300,0,2,181818,7,11,11,1832,0,157708,28708,0,46,2598,11672208,1,0,0,0,0,0,0,33334,0,0,1,2064,0,0,0,0,0,0,8250,13458,1,50,2,2560,1440,5120,2880,2500,2,2,0,1602,0,1,1650,1650,10813250,0
658,13681088250,16255500,0,0,1,5120,2880,2393,128,-2648,7823,0,0,0,0,0,-1,55,92962,108538,3,176,0,0,5,304408,0,2,181818,7,10,10,624,0,125167,27500,0,39,2426,12871792,1,0,0,0,0,0,0,30375,0,0,1,2064,0,0,0,0,0,0,7500,20583,1,50,2,2560,1440,5120,2880,2500,2,2,0,1603,0,1,1651,1651,9695499,0
659,13697704792,16616542,0,0,1,5120,2880,2393,128,-2648,7823,0,0,0,0,0,-1,55,99959,116380,3,176,0,0,5,304408,0,2,181818,7,10,10,708,0,119876,27041,0,39,2426,13324625,1,0,0,0,0,0,0,13959,0,0,1,2064,0,0,0,0,0,0,3625,7833,1,50,2,2560,1440,5120,2880,2500,2,2,0,1604,0,1,1652,1652,11062999,0
660,13714717875,17013083,0,0,1,5120,2880,2393,128,-2648,9514,0,0,0,0,0,-1,65,127379,151622,3,176,0,0,5,304300,0,2,181818,7,11,11,1417,0,135791,30625,0,47,2684,12049000,1,0,0,0,0,0,0,37042,0,0,1,2064,0,0,0,0,0,0,12541,21417,1,50,2,2560,1440,5120,2880,2500,2,2,0,1605,0,1,1653,1653,9693625,0
661,13731297792,16579917,0,0,1,5120,2880,2393,128,-2648,7823,0,0,0,0,0,-1,55,103833,113207,3,176,0,0,5,304300,0,2,181818,7,10,10,625,0,123917,27958,0,39,2426,13013750,1,0,0,0,0,0,0,34583,0,0,1,2064,0,0,0,0,0,0,7750,18625,1,50,2,2560,1440,5120,2880,2500,2,2,0,1606,0,1,1654,1654,11029833,0
662,13747843917,16546125,0,0,1,5120,2880,2393,128,-2648,7823,0,0,0,0,0,-1,55,103961,119627,3,176,0,0,5,304300,0,2,181818,7,10,10,834,0,120291,27958,0,39,2426,13148959,1,0,0,0,0,0,0,41917,0,0,1,2064,0,0,0,0,0,0,9333,24125,1,50,2,2560,1440,5120,2880,2500,2,2,0,1607,0,1,1655,1655,9713749,0
663,13764790875,16946958,0,0,1,5120,2880,2393,128,-2648,9177,0,0,0,0,0,-1,64,130960,151087,3,176,0,0,5,304516,0,2,181818,7,11,11,1961,0,143043,27583,0,46,2623,11869167,1,0,0,0,0,0,0,42750,0,0,1,2064,0,0,0,0,0,0,8292,22833,1,50,2,2560,1440,5120,2880,2500,2,2,0,1608,0,1,1656,1656,10978999,0
664,13781223042,16432167,0,0,1,5120,2880,2393,128,-2648,7823,0,0,0,0,0,-1,55,96037,110668,3,176,0,0,5,304516,0,2,181818,7,10,10,708,0,121708,27667,0,39,2426,12941083,1,0,0,0,0,0,0,51667,0,0,1,2064,0,0,0,0,0,0,9750,30292,1,50,2,2560,1440,5120,2880,2500,2,2,0,1609,0,1,1657,1657,9727416,0
665,13797623500,16400458,0,0,1,5120,2880,2393,128,-2648,7823,0,0,0,0,0,-1,55,92872,111419,3,176,0,0,5,304516,0,2,181818,7,10,10,669,0,120209,26749,0,39,2426,13151875,1,0,0,0,0,0,0,34791,0,0,1,2064,0,0,0,0,0,0,6083,20917,1,50,2,2560,1440,5120,2880,2500,2,2,0,1610,0,1,1658,1658,11058000,0
666,13814624542,17001042,0,0,1,5120,2880,2393,128,-2648,9339,0,0,0,0,0,-1,65,131622,144578,3,176,0,0,5,303868,0,2,181818,7,11,11,1459,0,134666,29083,0,47,2649,12023709,1,0,0,0,0,0,0,43084,0,0,1,2064,0,0,0,0,0,0,7208,25583,1,50,2,2560,1440,5120,2880,2500,2,2,0,1611,0,1,1659,1659,9703749,0
667,13831332584,16708042,0,0,1,5120,2880,2393,128,-2648,8021,0,0,0,0,0,-1,55,96164,118662,3,176,0,0,5,283960,0,2,181818,7,10,10,707,0,122208,28126,0,39,2492,12930833,1,0,0,0,0,0,0,12334,0,0,1,2064,0,0,0,0,0,0,2875,7667,1,50,2,2560,1440,5120,2880,2500,2,2,0,1612,0,1,1660,1660,11076291,0
668,13847776792,16444208,0,0,1,5120,2880,2393,128,-2648,8021,0,0,0,0,0,-1,55,102461,116377,3,176,0,0,5,263908,0,2,181818,7,10,10,792,0,134375,27957,0,39,2492,12929375,1,0,0,0,0,0,0,44375,0,0,1,2064,0,0,0,0,0,0,4791,29667,1,50,2,2560,1440,5120,2880,2500,2,2,0,1613,0,1,1661,1661,9711749,0
669,13864914625,17137833,0,0,1,5120,2880,2393,128,-2648,9230,0,0,0,0,0,-1,64,123419,154045,3,176,0,0,5,264124,0,2,181818,7,11,11,1291,0,147541,33334,0,46,2664,11863625,1,0,0,0,0,0,0,46584,0,0,1,2064,0,0,0,0,0,0,10000,27125,1,50,2,2560,1440,5120,2880,2500,2,2,0,1614,0,1,1662,1662,11014416,0
670,13881736084,16821459,0,0,1,5120,2880,2393,128,-2648,8390,0,0,0,0,0,-1,55,110005,128039,3,176,0,0,5,257752,0,2,181818,7,10,10,1040,0,133874,28208,0,39,2615,12646000,1,0,0,0,0,0,0,16750,0,0,1,2064,0,0,0,0,0,0,4959,8833,1,50,2,2560,1440,5120,2880,2500,2,2,0,1615,0,1,1663,1663,10994999,0
671,13898119917,16383833,0,0,1,5120,2880,2393,128,-2648,8390,0,0,0,0,0,-1,55,100915,118462,3,176,0,0,5,257428,0,2,181818,7,10,10,1375,0,134501,30498,0,39,2615,12252250,1,0,0,0,0,0,0,26375,0,0,1,2064,0,0,0,0,0,0,5334,15875,1,50,2,2560,1440,5120,2880,2500,2,2,0,1616,0,1,1664,1664,10903249,0
672,13915074459,16954542,0,0,1,5120,2880,2393,128,-2648,10036,0,0,0,0,0,-1,65,138210,189753,3,176,0,0,5,257212,0,2,181818,7,11,11,1040,0,175584,30208,0,47,2864,11450542,1,0,0,0,0,0,0,37875,0,0,1,2064,0,0,0,0,0,0,7042,21625,1,50,2,2560,1440,5120,2880,2500,2,2,0,1617,0,1,1665,1665,9629000,0
673,13931963959,16889500,0,0,1,5120,2880,2393,128,-2648,9236,0,0,0,0,0,-1,52,98127,109250,3,176,0,0,5,223768,0,2,181818,7,10,10,1249,0,125209,29541,0,36,2913,12101291,1,0,0,0,0,0,0,48792,0,0,1,2064,0,0,0,0,0,0,12459,25041,1,50,2,2560,1440,5120,2880,2500,2,2,0,1618,0,1,1666,1666,11079958,0
674,13948562667,16598708,0,0,1,5120,2880,2393,128,-2648,9527,0,0,0,0,0,-1,52,95120,110206,3,176,0,0,5,223768,0,2,181818,7,10,10,3252,0,130499,33500,0,36,3010,12332375,1,0,0,0,0,0,0,14333,0,0,1,2064,0,0,0,0,0,0,3875,8000,1,50,2,2560,1440,5120,2880,2500,2,2,0,1619,0,1,1667,1667,11089124,0
675,13965937042,17374375,0,0,1,5120,2880,2393,128,-2648,11012,0,0,0,0,0,-1,60,134833,179244,3,176,0,0,5,211168,0,2,181818,7,11,11,1790,0,179585,34874,0,42,3280,11002583,1,0,0,0,0,0,0,19042,0,0,1,2064,0,0,0,0,0,0,5291,9042,1,50,2,2560,1440,5120,2880,2500,2,2,0,1620,0,1,1668,1668,11102249,0
676,13982154917,16217875,0,0,1,5120,2880,2393,128,-2648,9791,0,0,0,0,0,-1,51,103791,119625,3,176,0,0,5,201988,0,2,181818,7,10,12,53374,0,131956,38876,0,34,3107,11436833,1,0,0,0,0,0,0,40083,0,0,1,2064,0,0,0,0,0,0,10667,21875,1,50,2,2560,1440,5120,2880,2500,2,2,0,1621,0,1,1669,1669,11112208,0
677,13998377167,16222250,0,0,1,5120,2880,2393,128,-2648,9791,0,0,0,0,0,-1,51,90458,108581,3,176,0,0,5,201764,0,2,181818,7,10,13,49875,0,124416,35834,0,34,3107,12034875,1,0,0,0,0,0,0,16792,0,0,1,2064,0,0,0,0,0,0,4208,9500,1,50,2,2560,1440,5120,2880,2500,2,2,0,1622,0,1,1670,1670,11098833,0
678,14015535959,17158792,0,0,1,5120,2880,2393,128,-2648,11352,0,0,0,0,0,-1,61,118497,152669,3,176,0,0,5,202100,0,2,181818,7,11,14,51751,0,165542,38001,0,42,3339,11104625,1,0,0,0,0,0,0,18209,0,0,1,2064,0,0,0,0,0,0,5375,10208,1,50,2,2560,1440,5120,2880,2500,2,2,0,1623,0,1,1671,1671,9675250,0
679,14032120375,16584416,0,0,1,5120,2880,2393,128,-2648,9791,0,0,0,0,0,-1,51,99003,114167,3,176,0,0,5,201988,0,2,181818,7,10,13,49707,0,128250,40126,0,34,3107,11978375,1,0,0,0,0,0,0,20292,0,0,1,2064,0,0,0,0,0,0,5542,11917,1,50,2,2560,1440,5120,2880,2500,2,2,0,1624,0,1,1672,1672,11121458,0
680,14048523792,16403417,0,0,1,5120,2880,2393,128,-2648,9791,0,0,0,0,0,-1,51,90044,108541,3,176,0,0,5,201988,0,2,181818,7,10,13,53418,0,131750,36667,0,34,3107,12136625,1,0,0,0,0,0,0,19125,0,0,1,2064,0,0,0,0,0,0,5334,10416,1,50,2,2560,1440,5120,2880,2500,2,2,0,1625,0,1,1673,1673,9757374,0
681,14065621875,17098083,0,0,1,5120,2880,2393,128,-2648,11110,0,0,0,0,0,-1,60,130578,160214,3,176,0,0,5,201652,0,2,181818,7,11,14,52251,0,166751,40793,0,41,3299,11219125,1,0,0,0,0,0,0,18000,0,0,1,2064,0,0,0,0,0,0,3167,11333,1,50,2,2560,1440,5120,2880,2500,2,2,0,1626,0,1,1674,1674,11142750,0
682,14082321334,16699459,0,0,1,5120,2880,2393,128,-2648,9791,0,0,0,0,0,-1,51,96288,127166,3,176,0,0,5,201652,0,2,181818,7,10,13,60668,0,147499,47041,0,34,3107,11451708,1,0,0,0,0,0,0,18792,0,0,1,2064,0,0,0,0,0,0,4958,10667,1,50,2,2560,1440,5120,2880,2500,2,2,0,1627,0,1,1675,1675,11202000,0
683,14099098125,16776791,0,0,1,5120,2880,2393,128,-2648,9791,0,0,0,0,0,-1,51,101163,131213,3,176,0,0,5,201652,0,2,181818,7,10,13,51751,0,155376,41583,0,34,3107,11852417,1,0,0,0,0,0,0,26416,0,0,1,2064,0,0,0,0,0,0,8458,12666,1,50,2,2560,1440,5120,2880,2500,2,2,0,1628,0,1,1676,1676,11128083,0
684,14115743750,16645625,0,0,1,5120,2880,2393,128,-2648,11487,0,0,0,0,0,-1,61,118161,148584,3,176,0,0,5,201988,0,2,181818,7,11,14,52709,0,149626,40292,0,42,3366,10384458,1,0,0,0,0,0,0,33625,0,0,1,2064,0,0,0,0,0,0,6333,19250,1,50,2,2560,1440,5120,2880,2500,2,2,0,1629,0,1,1677,1677,11123041,0
685,14131934834,16191084,0,0,1,5120,2880,2393,128,-2648,9791,0,0,0,0,0,-1,51,91960,118586,3,176,0,0,5,201988,0,2,181818,7,10,13,51835,0,124708,35500,0,34,3107,11809083,1,0,0,0,0,0,0,35541,0,0,1,2064,0,0,0,0,0,0,7750,19875,1,50,2,2560,1440,5120,2880,2500,2,2,0,1630,0,1,1678,1678,11105208,0
686,14148578500,16643666,0,0,1,5120,2880,2393,128,-2648,9791,0,0,0,0,0,-1,51,91999,113207,3,176,0,0,5,201988,0,2,181818,7,10,13,51334,0,126625,44417,0,34,3107,12309459,1,0,0,0,0,0,0,13291,0,0,1,2064,0,0,0,0,0,0,3000,7333,1,50,2,2560,1440,5120,2880,2500,2,2,0,1631,0,1,1679,1679,11123875,0
687,14165693042,17114542,0,0,1,5120,2880,2393,128,-2648,11003,0,0,0,0,0,-1,60,123876,147460,3,176,0,0,5,202324,0,2,181818,7,11,14,52166,0,156373,36624,0,41,3280,10651500,1,0,0,0,0,0,0,20667,0,0,1,2064,0,0,0,0,0,0,4000,13750,1,50,2,2560,1440,5120,2880,2500,2,2,0,1632,0,1,1680,1680,9641125,0
688,14182411875,16718833,0,0,1,5120,2880,2393,128,-2648,9836,0,0,0,0,0,-1,53,106458,133628,3,176,0,0,5,224200,0,2,181818,7,10,13,57082,0,143126,36958,0,36,3110,11830959,1,0,0,0,0,0,0,35792,0,0,1,2064,0,0,0,0,0,0,6958,21208,1,50,2,2560,1440,5120,2880,2500,2,2,0,1633,0,1,1681,1681,11144374,0
689,14200260667,17848792,0,0,1,5120,2880,2393,128,-2648,13664,0,0,0,0,0,-1,52,120584,164500,3,176,0,0,5,209100,0,2,181818,7,10,13,71166,0,159251,60708,0,35,4392,11661375,1,0,0,0,0,0,0,26250,0,0,1,2064,0,0,0,0,0,0,6250,12375,1,50,2,2560,1440,5120,2880,2500,2,2,0,1634,0,1,1682,1682,9710749,0
690,14218262000,18001333,0,0,1,5120,2880,2393,128,-2647,21774,0,0,0,0,0,-1,62,138001,175624,3,176,0,0,5,216100,0,2,181818,7,11,14,52124,0,166084,38332,0,43,6797,9133792,1,0,0,0,0,0,0,28084,0,0,1,2064,0,0,0,0,0,0,6708,15875,1,50,2,2560,1440,5120,2880,2500,2,2,0,1635,0,1,1683,1683,11458458,0
691,14236697459,18435459,0,0,1,5120,2880,2393,128,-2647,22391,0,0,0,0,0,-1,53,1250583,150962,3,176,0,0,5,254440,0,2,181818,7,10,15,141252,0,142208,46794,0,36,7292,9209291,1,0,0,0,0,0,0,43834,0,0,1,2064,0,0,0,0,0,0,11583,21875,1,50,2,2560,1440,5120,2880,2500,2,2,0,1636,0,1,1684,1684,11458458,0
692,14258852667,22155208,0,0,1,5120,2880,2393,128,-2647,23012,0,0,0,0,0,-1,51,8691455,128122,10,27956,0,0,5,234496,0,2,181818,7,10,19,141126,0,186457,8001957,0,33,7515,7017042,1,0,0,0,0,0,0,21500,0,0,1,2064,0,0,0,0,0,0,6416,10708,1,50,2,2560,1440,5120,2880,2500,2,2,0,1637,0,1,1685,1685,9919000,0
693,14285402167,26549500,0,0,1,5120,2880,2393,129,-2647,24760,0,0,0,0,0,-1,60,130252,164044,3,176,0,0,5,260020,0,2,181818,7,11,18,56585,0,156542,44084,0,41,7853,16270375,1,0,0,0,0,0,0,17958,0,0,1,2064,0,0,0,0,0,0,5084,9208,1,50,2,2560,1440,5120,2880,2500,2,2,0,1638,0,1,1686,1686,9839291,0
694,14305913000,20510833,0,0,1,5120,2880,2393,129,-2647,24060,0,0,0,0,0,-1,53,3661875,184623,3,176,0,0,5,270964,0,2,181818,7,10,15,140087,0,149209,51375,0,36,7846,8603000,1,0,0,0,0,0,0,17708,0,0,1,2064,0,0,0,0,0,0,5834,8917,1,50,2,2560,1440,5120,2880,2500,2,2,0,1639,0,1,1687,1687,9839291,0
695,14329069459,23156459,0,0,1,5120,2880,2393,129,-2647,25271,0,0,0,0,0,-1,63,11027623,160706,3,176,0,0,5,271072,0,2,181818,7,11,20,142667,0,9102125,47792,0,44,7966,2689667,1,0,0,0,0,0,0,14500,0,0,1,2064,0,0,0,0,0,0,3625,8875,1,50,2,2560,1440,5120,2880,2500,2,2,0,1640,0,1,1688,1688,9939249,0
696,14352969417,23899958,0,0,1,5120,2880,2393,129,-2647,22958,0,0,0,0,0,-1,56,426453,160163,3,176,0,0,5,291016,0,2,181818,7,10,17,55668,0,168167,45000,0,39,7462,14544459,1,0,0,0,0,0,0,34542,0,0,1,2064,0,0,0,0,0,0,9917,17250,1,50,2,2560,1440,5120,2880,2500,2,2,0,1641,0,1,1689,1689,9899458,0
697,14375020542,22051125,0,0,1,5120,2880,2393,129,-2647,23612,0,0,0,0,0,-1,65,5807583,212833,3,176,0,0,5,290908,0,2,181818,7,11,16,146206,0,164916,136041,0,46,7433,6356458,1,0,0,0,0,0,0,16084,0,0,1,2064,0,0,0,0,0,0,4417,8792,1,50,2,2560,1440,5120,2880,2500,2,2,0,1642,0,1,1690,1690,9893791,0
698,14401555084,26534542,0,0,1,5120,2880,2393,129,-2647,22184,0,0,0,0,0,-1,56,128497,146625,3,176,0,0,5,297460,0,2,181818,7,10,17,53956,0,161000,45458,0,39,7204,19018333,1,0,0,0,0,0,0,22167,0,0,1,2064,0,0,0,0,0,0,5875,13083,1,50,2,2560,1440,5120,2880,2500,2,2,0,1643,0,1,1691,1691,9869375,0
699,14422626500,21071416,0,0,1,5120,2880,2393,129,-2646,22362,0,0,0,0,0,-1,67,2953711,216956,3,176,0,0,5,310420,0,2,181818,7,11,16,90249,0,199541,56374,0,48,6975,7435208,1,0,0,0,0,0,0,35625,0,0,1,2064,0,0,0,0,0,0,8375,19333,1,50,2,2560,1440,5120,2880,2500,2,2,0,1644,0,1,1692,1692,10003250,0
700,14444041417,21414917,0,0,1,5120,2880,2393,129,-2646,19813,0,0,0,0,0,-1,67,9883210,160544,3,176,0,0,5,378100,0,2,181818,7,10,15,121168,0,156292,53582,0,50,6356,4957000,1,0,0,0,0,0,0,18458,0,0,1,2064,0,0,0,0,0,0,5084,10459,1,50,2,2560,1440,5120,2880,2500,2,2,0,1645,0,1,1693,1693,12229874,0
701,14468059167,24017750,0,0,1,5120,2880,2393,129,-2646,18010,0,0,0,0,0,-1,69,138710,181414,3,176,0,0,5,456724,0,2,181818,7,10,15,59751,0,162250,46250,0,52,5746,16822709,1,0,0,0,0,0,0,18000,0,0,1,2064,0,0,0,0,0,0,5792,8833,1,50,2,2560,1440,5120,2880,2500,2,2,0,1646,0,1,1694,1694,10012041,0
702,14486967542,18908375,0,0,1,5120,2880,2393,129,-2646,16317,0,0,0,0,0,-1,78,7495212,233666,3,176,0,0,5,515692,0,2,181818,7,11,14,52583,0,210083,50875,0,59,4954,2238709,1,0,0,0,0,0,0,30834,0,0,1,2064,0,0,0,0,0,0,5291,18500,1,50,2,2560,1440,5120,2880,2500,2,2,0,1647,0,1,1695,1695,10291374,0
703,14505396292,18428750,0,0,1,5120,2880,2393,129,-2646,14600,0,0,0,0,0,-1,69,3441123,168499,3,176,0,0,5,529840,0,2,181818,7,10,15,91249,0,164333,59500,0,52,4610,7225458,1,0,0,0,0,0,0,24917,0,0,1,2064,0,0,0,0,0,0,6334,14250,1,50,2,2560,1440,5120,2880,2500,2,2,0,1648,0,1,1696,1696,10509750,0
704,14533426500,28030208,0,0,1,5120,2880,2393,129,-2646,16414,0,0,0,0,0,-1,78,5160999,192419,3,176,0,0,5,529840,0,2,181818,7,11,12,1125,0,154501,32874,0,60,4895,15774292,1,0,0,0,0,0,0,17167,0,0,1,2064,0,0,0,0,0,0,4375,9042,1,50,2,2560,1440,5120,2880,2500,2,2,0,1649,0,1,1697,1697,10600125,0
705,14551391292,17964792,0,0,1,5120,2880,2393,129,-2646,13836,0,0,0,0,0,-1,69,157667,200083,3,176,0,0,5,538912,0,2,181818,7,10,12,54584,0,149873,39749,0,52,4358,10801416,1,0,0,0,0,0,0,29000,0,0,1,2064,0,0,0,0,0,0,6166,16750,1,50,2,2560,1440,5120,2880,2500,2,2,0,1650,0,1,1698,1698,10241500,0
706,14568388542,16997250,0,0,1,5120,2880,2393,128,-2646,15045,0,0,0,0,0,-1,78,4266795,208420,3,176,0,0,5,538696,0,2,181818,7,11,14,55583,0,203125,50084,0,59,4530,4492416,1,0,0,0,0,0,0,25292,0,0,1,2064,0,0,0,0,0,0,5875,14791,1,50,2,2560,1440,5120,2880,2500,2,2,0,1651,0,1,1699,1699,10658749,0
707,14586177417,17788875,0,0,1,5120,2880,2393,128,-2646,13844,0,0,0,0,0,-1,69,1698252,195832,3,176,0,0,5,538696,0,2,181818,7,10,15,89124,0,167125,52501,0,52,4358,9319791,1,0,0,0,0,0,0,35041,0,0,1,2064,0,0,0,0,0,0,8041,18792,1,50,2,2560,1440,5120,2880,2500,2,2,0,1652,0,1,1700,1700,10543833,0
708,14603894167,17716750,0,0,1,5120,2880,2393,128,-2646,13844,0,0,0,0,0,-1,69,2903793,174874,3,176,0,0,5,538696,0,2,181818,7,10,15,80333,0,162499,49667,0,52,4358,8297250,1,0,0,0,0,0,0,32625,0,0,1,2064,0,0,0,0,0,0,5709,19250,1,50,2,2560,1440,5120,2880,2500,2,2,0,1653,0,1,1701,1701,10304499,0
709,14621891334,17997167,0,0,1,5120,2880,2393,128,-2645,15352,0,0,0,0,0,-1,79,7651666,228957,3,176,0,0,5,538444,0,2,181818,7,11,14,57294,0,195293,50167,0,60,4581,1135250,1,0,0,0,0,0,0,27625,0,0,1,2064,0,0,0,0,0,0,5458,17208,1,50,2,2560,1440,5120,2880,2500,2,2,0,1654,0,1,1702,1702,10733250,0
710,14649517167,27625833,0,0,1,5120,2880,2393,128,-2645,13830,0,0,0,0,0,-1,68,141338,181955,3,176,0,0,5,538444,0,2,181818,7,10,11,1043,0,162124,36083,0,52,4358,22417084,1,0,0,0,0,0,0,19375,0,0,1,2064,0,0,0,0,0,0,5292,10208,1,50,2,2560,1440,5120,2880,2500,2,2,0,1655,0,1,1703,1703,10393833,0
711,14668136042,18618875,0,0,1,5120,2880,2393,128,-2645,15155,0,0,0,0,0,-1,78,3514051,236956,3,176,0,0,5,538336,0,2,181818,7,11,13,63416,0,170916,59293,0,59,4550,6573375,1,0,0,0,0,0,0,27667,0,0,1,2064,0,0,0,0,0,0,7000,14459,1,50,2,2560,1440,5120,2880,2500,2,2,0,1656,0,1,1704,1704,10267500,0
712,14684908917,16772875,0,0,1,5120,2880,2393,128,-2645,13844,0,0,0,0,0,-1,69,526418,196463,3,176,0,0,5,538336,0,2,181818,7,10,15,86875,0,160375,51918,0,52,4358,9492375,1,0,0,0,0,0,0,24167,0,0,1,2064,0,0,0,0,0,0,5583,14125,1,50,2,2560,1440,5120,2880,2500,2,2,0,1657,0,1,1705,1705,10250374,0
713,14702290334,17381417,0,0,1,5120,2880,2393,128,-2645,13844,0,0,0,0,0,-1,69,1495495,176291,3,176,0,0,5,538336,0,2,181818,7,10,15,86292,0,173374,56125,0,52,4358,9560125,1,0,0,0,0,0,0,28291,0,0,1,2064,0,0,0,0,0,0,7291,16208,1,50,2,2560,1440,5120,2880,2500,2,2,0,1658,0,1,1706,1706,10596166,0
714,14720518250,18227916,0,0,1,5120,2880,2393,128,-2645,15387,0,0,0,0,0,-1,79,7629459,221959,3,176,0,0,5,538696,0,2,181818,7,11,14,49624,0,203707,44750,0,60,4588,2246375,1,0,0,0,0,0,0,31917,0,0,1,2064,0,0,0,0,0,0,5750,20208,1,50,2,2560,1440,5120,2880,2500,2,2,0,1659,0,1,1707,1707,10640666,0
715,14738366042,17847792,0,0,1,5120,2880,2393,128,-2645,13844,0,0,0,0,0,-1,69,3636917,186957,3,176,0,0,5,538696,0,2,181818,7,10,15,86125,0,152542,57083,0,52,4358,7278666,1,0,0,0,0,0,0,30250,0,0,1,2064,0,0,0,0,0,0,7292,16416,1,50,2,2560,1440,5120,2880,2500,2,2,0,1660,0,1,1708,1708,10252124,0
716,14755890542,17524500,0,0,1,5120,2880,2393,128,-2645,13844,0,0,0,0,0,-1,69,4733459,203341,3,176,0,0,5,538696,0,2,181818,7,10,15,88790,0,196166,50791,0,52,4358,5964000,1,0,0,0,0,0,0,39625,0,0,1,2064,0,0,0,0,0,0,8958,20500,1,50,2,2560,1440,5120,2880,2500,2,2,0,1661,0,1,1709,1709,10500916,0
717,14782248292,26357750,0,0,1,5120,2880,2393,128,-2645,15074,0,0,0,0,0,-1,77,4660168,182042,3,176,0,0,5,538444,0,2,181818,7,11,12,1333,0,144165,30292,0,59,4535,15668417,1,0,0,0,0,0,0,15250,0,0,1,2064,0,0,0,0,0,0,3750,8209,1,50,2,2560,1440,5120,2880,2500,2,2,0,1662,0,1,1710,1710,10605500,0
718,14800932042,18683750,0,0,1,5120,2880,2393,128,-2645,14487,0,0,0,0,0,-1,69,138589,173545,3,176,0,0,5,539452,0,2,181818,7,10,12,58418,0,143251,44750,0,52,4575,11890792,1,0,0,0,0,0,0,16167,0,0,1,2064,0,0,0,0,0,0,3417,9375,1,50,2,2560,1440,5120,2880,2500,2,2,0,1663,0,1,1711,1711,10242250,0
719,14818940375,18008333,0,0,1,5120,2880,2393,128,-2645,18487,0,0,0,0,0,-1,79,3740703,229121,3,176,0,0,5,569188,0,2,181818,7,11,14,49125,0,170376,47500,0,60,5612,4808417,1,0,0,0,0,0,0,26334,0,0,1,2064,0,0,0,0,0,0,5459,15000,1,50,2,2560,1440,5120,2880,2500,2,2,0,1664,0,1,1712,1712,10652500,0
720,14836932459,17992084,0,0,1,5120,2880,2393,128,-2645,18293,0,0,0,0,0,-1,69,1059502,212414,3,176,0,0,5,571780,0,2,181818,7,10,15,93789,0,178376,54834,0,52,5841,8496084,1,0,0,0,0,0,0,35583,0,0,1,2064,0,0,0,0,0,0,9417,19917,1,50,2,2560,1440,5120,2880,2500,2,2,0,1665,0,1,1713,1713,10646083,0
721,14856283125,19350666,0,0,1,5120,2880,2393,128,-2645,19127,0,0,0,0,0,-1,68,3849127,196331,3,176,0,0,5,566848,0,2,181818,7,10,15,97834,0,176875,94833,0,51,6125,7235500,1,0,0,0,0,0,0,40917,0,0,1,2064,0,0,0,0,0,0,9292,21250,1,50,2,2560,1440,5120,2880,2500,2,2,0,1666,0,1,1714,1714,10313874,0
722,14882934875,26651750,0,0,1,5120,2880,2393,128,-2645,20628,0,0,0,0,0,-1,76,6442329,178780,3,176,0,0,5,566416,0,2,181818,7,11,12,1668,0,140126,32211,0,58,6399,13488542,1,0,0,0,0,0,0,15250,0,0,1,2064,0,0,0,0,0,0,3750,8708,1,50,2,2560,1440,5120,2880,2500,2,2,0,1667,0,1,1715,1715,10166750,0
723,14902142625,19207750,0,0,1,5120,2880,2393,128,-2645,19926,0,0,0,0,0,-1,68,144664,177747,3,176,0,0,5,557776,0,2,181818,7,10,12,55874,0,185667,45666,0,51,6394,11248500,1,0,0,0,0,0,0,26750,0,0,1,2064,0,0,0,0,0,0,6625,14333,1,50,2,2560,1440,5120,2880,2500,2,2,0,1668,0,1,1716,1716,12315250,0
724,14922706792,20564167,0,0,1,5120,2880,2393,128,-2645,21627,0,0,0,0,0,-1,78,9956457,242920,3,176,0,0,5,558100,0,2,181818,7,11,14,58915,0,231793,48499,0,59,6654,169917,1,0,0,0,0,0,0,36958,0,0,1,2064,0,0,0,0,0,0,8167,20042,1,50,2,2560,1440,5120,2880,2500,2,2,0,1669,0,1,1717,1717,12534250,0
725,14942911625,20204833,0,0,1,5120,2880,2393,128,-2645,20087,0,0,0,0,0,-1,68,8814211,199379,3,176,0,0,5,558100,0,2,181818,7,10,15,86749,0,155999,74793,0,51,6445,4737625,1,0,0,0,0,0,0,17583,0,0,1,2064,0,0,0,0,0,0,4875,9000,1,50,2,2560,1440,5120,2880,2500,2,2,0,1670,0,1,1718,1718,10156749,0
726,14967395667,24484042,0,0,1,5120,2880,2393,128,-2645,20073,0,0,0,0,0,-1,67,133884,164245,3,176,0,0,5,558100,0,2,181818,7,10,11,1250,0,137667,30751,0,51,6445,18059958,1,0,0,0,0,0,0,45500,0,0,1,2064,0,0,0,0,0,0,9167,25666,1,50,2,2560,1440,5120,2880,2500,2,2,0,1671,0,1,1719,1719,12271458,0
727,14986830334,19434667,0,0,1,5120,2880,2393,128,-2645,21398,0,0,0,0,0,-1,77,7461334,208163,3,176,0,0,5,552520,0,2,181818,7,11,13,58667,0,212374,44666,0,58,6637,2712500,1,0,0,0,0,0,0,34625,0,0,1,2064,0,0,0,0,0,0,6083,21500,1,50,2,2560,1440,5120,2880,2500,2,2,0,1672,0,1,1720,1720,12365250,0
728,15007331834,20501500,0,0,1,5120,2880,2393,128,-2645,20086,0,0,0,0,0,-1,68,5390089,192496,3,176,0,0,5,552520,0,2,181818,7,10,15,103250,0,162583,70166,0,51,6445,6946791,1,0,0,0,0,0,0,21250,0,0,1,2064,0,0,0,0,0,0,5000,12083,1,50,2,2560,1440,5120,2880,2500,2,2,0,1673,0,1,1721,1721,10252916,0
729,15033092959,25761125,0,0,1,5120,2880,2393,128,-2645,21629,0,0,0,0,0,-1,77,7001198,198290,3,176,0,0,5,552628,0,2,181818,7,11,13,1417,0,149375,31791,0,59,6675,11815083,1,0,0,0,0,0,0,14209,0,0,1,2064,0,0,0,0,0,0,3041,8417,1,50,2,2560,1440,5120,2880,2500,2,2,0,1674,0,1,1722,1722,12215624,0
730,15052322667,19229708,0,0,1,5120,2880,2393,128,-2645,20083,0,0,0,0,0,-1,68,308706,174288,3,176,0,0,5,552628,0,2,181818,7,10,13,72707,0,158832,51124,0,51,6445,11162000,1,0,0,0,0,0,0,30667,0,0,1,2064,0,0,0,0,0,0,5708,18459,1,50,2,2560,1440,5120,2880,2500,2,2,0,1675,0,1,1723,1723,12337124,0
731,15072928792,20606125,0,0,1,5120,2880,2393,128,-2645,21288,0,0,0,0,0,-1,77,10135245,242750,3,176,0,0,5,552520,0,2,181818,7,11,14,58083,0,219458,43290,0,58,6617,126209,1,0,0,0,0,0,0,33667,0,0,1,2064,0,0,0,0,0,0,5709,18708,1,50,2,2560,1440,5120,2880,2500,2,2,0,1676,0,1,1724,1724,10304999,0
732,15093258709,20329917,0,0,1,5120,2880,2393,128,-2645,20171,0,0,0,0,0,-1,68,9025080,190790,3,176,0,0,5,552412,0,2,181818,7,10,15,85627,0,174625,47043,0,51,6473,4477750,1,0,0,0,0,0,0,17167,0,0,1,2064,0,0,0,0,0,0,4208,10042,1,50,2,2560,1440,5120,2880,2500,2,2,0,1677,0,1,1725,1725,10142958,0
733,15118014709,24756000,0,0,1,5120,2880,2393,128,-2645,20157,0,0,0,0,0,-1,67,151251,178079,3,176,0,0,5,537472,0,2,181818,7,10,11,1501,0,160207,42791,0,51,6473,17640708,1,0,0,0,0,0,0,72667,0,0,1,2064,0,0,0,0,0,0,17333,35167,1,50,2,2560,1440,5120,2880,2500,2,2,0,1678,0,1,1726,1726,12222999,0
734,15137563667,19548958,0,0,1,5120,2880,2393,128,-2645,22027,0,0,0,0,0,-1,78,6795539,251668,3,176,0,0,5,545752,0,2,181818,7,11,13,57875,0,233375,39208,0,59,6794,2116167,1,0,0,0,0,0,0,37000,0,0,1,2064,0,0,0,0,0,0,7083,20417,1,50,2,2560,1440,5120,2880,2500,2,2,0,1679,0,1,1727,1727,10286916,0
735,15157906500,20342833,0,0,1,5120,2880,2393,128,-2645,20382,0,0,0,0,0,-1,68,6432535,202957,3,176,0,0,5,545644,0,2,181818,7,10,15,122752,0,157960,99041,0,51,6544,6552000,1,0,0,0,0,0,0,18917,0,0,1,2064,0,0,0,0,0,0,4333,11500,1,50,2,2560,1440,5120,2880,2500,2,2,0,1680,0,1,1728,1728,10148541,0
736,15183378792,25472292,0,0,1,5120,2880,2393,128,-2645,21589,0,0,0,0,0,-1,76,7098998,184371,3,176,0,0,5,539992,0,2,181818,7,11,14,1959,0,153666,32290,0,58,6716,11263834,1,0,0,0,0,0,0,15958,0,0,1,2064,0,0,0,0,0,0,4042,9042,1,50,2,2560,1440,5120,2880,2500,2,2,0,1681,0,1,1729,1729,12266250,0
737,15202587834,19209042,0,0,1,5120,2880,2393,128,-2645,20380,0,0,0,0,0,-1,68,198421,188791,3,176,0,0,5,539740,0,2,181818,7,10,13,74125,0,191000,55834,0,51,6544,10443459,1,0,0,0,0,0,0,34625,0,0,1,2064,0,0,0,0,0,0,8833,19125,1,50,2,2560,1440,5120,2880,2500,2,2,0,1682,0,1,1730,1730,12322291,0
738,15223336292,20748458,0,0,1,5120,2880,2393,128,-2645,21897,0,0,0,0,0,-1,78,10562624,243750,3,176,0,0,5,539848,0,2,181818,7,11,14,57836,0,230625,42333,0,59,6768,11500,1,0,0,0,0,0,0,33042,0,0,1,2064,0,0,0,0,0,0,7333,18584,1,50,2,2560,1440,5120,2880,2500,2,2,0,1683,0,1,1731,1731,10226624,0
739,15243376709,20040417,0,0,1,5120,2880,2393,128,-2645,20384,0,0,0,0,0,-1,68,9238624,178917,3,176,0,0,5,539740,0,2,181818,7,10,15,87500,0,159250,54082,0,51,6544,3941084,1,0,0,0,0,0,0,17041,0,0,1,2064,0,0,0,0,0,0,4459,9458,1,50,2,2560,1440,5120,2880,2500,2,2,0,1684,0,1,1732,1732,12086666,0
740,15267852709,24476000,0,0,1,5120,2880,2393,128,-2645,20370,0,0,0,0,0,-1,67,143166,202213,3,176,0,0,5,539524,0,2,181818,7,10,11,1206,0,171458,34376,0,51,6544,17629167,1,0,0,0,0,0,0,38417,0,0,1,2064,0,0,0,0,0,0,10042,19750,1,50,2,2560,1440,5120,2880,2500,2,2,0,1685,0,1,1733,1733,12116458,0
741,15287313417,19460708,0,0,1,5120,2880,2393,128,-2645,22246,0,0,0,0,0,-1,77,7101793,236669,3,176,0,0,5,548308,0,2,181818,7,11,13,55915,0,211833,40207,0,58,6913,2143750,1,0,0,0,0,0,0,28959,0,0,1,2064,0,0,0,0,0,0,4625,18166,1,50,2,2560,1440,5120,2880,2500,2,2,0,1686,0,1,1734,1734,10100291,0
742,15307677292,20363875,0,0,1,5120,2880,2393,128,-2645,20900,0,0,0,0,0,-1,68,5763542,203622,3,176,0,0,5,562132,0,2,181818,7,10,15,90418,0,173999,47124,0,51,6716,7079667,1,0,0,0,0,0,0,14500,0,0,1,2064,0,0,0,0,0,0,3500,8583,1,50,2,2560,1440,5120,2880,2500,2,2,0,1687,0,1,1735,1735,12115749,0
743,15333394834,25717542,0,0,1,5120,2880,2393,128,-2646,22582,0,0,0,0,0,-1,77,7321080,195287,3,176,0,0,5,568720,0,2,181818,7,11,12,1376,0,160167,31959,0,59,6975,11174208,1,0,0,0,0,0,0,13334,0,0,1,2064,0,0,0,0,0,0,2625,8167,1,50,2,2560,1440,5120,2880,2500,2,2,0,1688,0,1,1736,1736,12126666,0
744,15352742167,19347333,0,0,1,5120,2880,2393,128,-2646,20892,0,0,0,0,0,-1,68,180164,191210,3,176,0,0,5,568828,0,2,181818,7,10,12,54043,0,175540,52582,0,51,6716,10612458,1,0,0,0,0,0,0,31750,0,0,1,2064,0,0,0,0,0,0,8041,17667,1,50,2,2560,1440,5120,2880,2500,2,2,0,1689,0,1,1737,1737,10129166,0
745,15373295292,20553125,0,0,1,5120,2880,2393,128,-2646,22101,0,0,0,0,0,-1,77,10015583,247252,3,176,0,0,5,568720,0,2,181818,7,11,14,66126,0,234291,46040,0,58,6888,26458,1,0,0,0,0,0,0,33875,0,0,1,2064,0,0,0,0,0,0,6458,19208,1,50,2,2560,1440,5120,2880,2500,2,2,0,1690,0,1,1738,1738,12214833,0
746,15399953667,26658375,0,0,1,5120,2880,2393,128,-2646,20886,0,0,0,0,0,-1,67,133332,151460,3,176,0,0,5,568396,0,2,181818,7,10,11,1625,0,145459,35292,0,51,6716,20965042,1,0,0,0,0,0,0,15625,0,0,1,2064,0,0,0,0,0,0,3750,8958,1,50,2,2560,1440,5120,2880,2500,2,2,0,1691,0,1,1739,1739,11948625,0
747,15419606792,19653125,0,0,1,5120,2880,2393,128,-2646,22528,0,0,0,0,0,-1,78,6209621,220125,3,176,0,0,5,577000,0,2,181818,7,11,13,52459,0,224125,38084,0,59,6963,3407833,1,0,0,0,0,0,0,31916,0,0,1,2064,0,0,0,0,0,0,8459,17458,1,50,2,2560,1440,5120,2880,2500,2,2,0,1692,0,1,1740,1740,10182750,0
748,15439913334,20306542,0,0,1,5120,2880,2393,128,-2646,20899,0,0,0,0,0,-1,68,4497163,209958,3,176,0,0,5,576892,0,2,181818,7,10,15,110668,0,151625,89625,0,51,6716,8053500,1,0,0,0,0,0,0,17333,0,0,1,2064,0,0,0,0,0,0,4333,9208,1,50,2,2560,1440,5120,2880,2500,2,2,0,1693,0,1,1741,1741,10030249,0
749,15466953709,27040375,0,0,1,5120,2880,2393,128,-2646,20891,0,0,0,0,0,-1,67,144750,170545,3,176,0,0,5,576748,0,2,181818,7,10,12,1418,0,145041,33793,0,51,6716,20914833,1,0,0,0,0,0,0,19333,0,0,1,2064,0,0,0,0,0,0,6334,9166,1,50,2,2560,1440,5120,2880,2500,2,2,0,1694,0,1,1742,1742,12203499,0
750,15486505042,19551333,0,0,1,5120,2880,2393,129,-2647,22101,0,0,0,0,0,-1,77,6904924,248085,3,176,0,0,5,576892,0,2,181818,7,11,13,53960,0,212125,39209,0,58,6888,3247375,1,0,0,0,0,0,0,31042,0,0,1,2064,0,0,0,0,0,0,5792,19250,1,50,2,2560,1440,5120,2880,2500,2,2,0,1695,0,1,1743,1743,10160291,0
751,15506943917,20438875,0,0,1,5120,2880,2393,129,-2647,20898,0,0,0,0,0,-1,68,4964331,200704,3,176,0,0,5,576748,0,2,181818,7,10,15,123165,0,157209,99833,0,51,6716,7880792,1,0,0,0,0,0,0,16042,0,0,1,2064,0,0,0,0,0,0,3375,10000,1,50,2,2560,1440,5120,2880,2500,2,2,0,1696,0,1,1744,1744,10097833,0
752,15533547875,26603958,0,0,1,5120,2880,2393,129,-2647,22472,0,0,0,0,0,-1,77,7328376,206708,3,176,0,0,5,567712,0,2,181818,7,11,14,1748,0,169083,33126,0,59,6951,12151042,1,0,0,0,0,0,0,17209,0,0,1,2064,0,0,0,0,0,0,3959,9875,1,50,2,2560,1440,5120,2880,2500,2,2,0,1697,0,1,1745,1745,12016874,0
753,15552736584,19188709,0,0,1,5120,2880,2393,129,-2647,20892,0,0,0,0,0,-1,68,187462,214370,3,176,0,0,5,561340,0,2,181818,7,10,12,56707,0,196876,53750,0,51,6716,10396834,1,0,0,0,0,0,0,32084,0,0,1,2064,0,0,0,0,0,0,8084,17167,1,50,2,2560,1440,5120,2880,2500,2,2,0,1698,0,1,1746,1746,12102916,0
754,15573488584,20752000,0,0,1,5120,2880,2393,129,-2647,22211,0,0,0,0,0,-1,77,9970831,230544,3,176,0,0,5,561124,0,2,181818,7,11,14,54585,0,254375,41667,0,58,6908,13833,1,0,0,0,0,0,0,35584,0,0,1,2064,0,0,0,0,0,0,7625,19333,1,50,2,2560,1440,5120,2880,2500,2,2,0,1699,0,1,1747,1747,10170624,0
755,15593622792,20134208,0,0,1,5120,2880,2393,129,-2647,20899,0,0,0,0,0,-1,68,9125791,177705,3,176,0,0,5,552268,0,2,181818,7,10,15,102170,0,168960,90292,0,51,6716,3508625,1,0,0,0,0,0,0,19708,0,0,1,2064,0,0,0,0,0,0,5583,10833,1,50,2,2560,1440,5120,2880,2500,2,2,0,1700,0,1,1748,1748,12003541,0
756,15618156834,24534042,0,0,1,5120,2880,2393,129,-2647,20891,0,0,0,0,0,-1,67,152916,181582,3,176,0,0,5,546724,0,2,181818,7,10,12,2083,0,171168,36376,0,51,6716,17288625,1,0,0,0,0,0,0,39250,0,0,1,2064,0,0,0,0,0,0,9500,20792,1,50,2,2560,1440,5120,2880,2500,2,2,0,1701,0,1,1749,1749,12135375,0
757,15637800792,19643958,0,0,1,5120,2880,2392,129,-2647,22541,0,0,0,0,0,-1,79,6728163,294124,6,2096,0,0,5,544924,0,2,181818,7,11,13,56540,0,279584,40209,0,59,6981,1969542,1,0,0,0,0,0,0,26916,0,0,1,2064,0,0,0,0,0,0,7416,13709,1,50,2,2560,1440,5120,2880,2500,2,2,0,1702,0,1,1750,1750,10195916,0
758,15658167500,20366708,0,0,1,5120,2880,2392,129,-2647,20971,0,0,0,0,0,-1,70,5809706,227834,11,19880,0,0,5,558640,0,2,181818,7,10,15,94292,0,195167,65375,0,52,6731,6400458,1,0,0,0,0,0,0,16833,0,0,1,2064,0,0,0,0,0,0,4167,9459,1,50,2,2560,1440,5120,2880,2500,2,2,0,1703,0,1,1751,1751,10338166,0
759,15684071125,25903625,0,0,1,5120,2880,2392,129,-2647,21942,0,0,0,0,0,-1,77,7473750,204627,3,176,0,0,5,544312,0,2,181818,7,11,12,1627,0,170917,31458,0,59,6831,10633417,1,0,0,0,0,0,0,15958,0,0,1,2064,0,0,0,0,0,0,3917,8458,1,50,2,2560,1440,5120,2880,2500,2,2,0,1704,0,1,1752,1752,10237000,0
760,15703763875,19692750,0,0,1,5120,2880,2392,129,-2647,20274,0,0,0,0,0,-1,68,906622,195707,3,176,0,0,5,493588,0,2,181818,7,10,14,93455,0,176749,85791,0,51,6505,9979958,1,0,0,0,0,0,0,32375,0,0,1,2064,0,0,0,0,0,0,8833,17667,1,50,2,2560,1440,5120,2880,2500,2,2,0,1705,0,1,1753,1753,10290250,0
761,15725293584,21529709,0,0,1,5120,2880,2392,129,-2647,21333,0,0,0,0,0,-1,78,11219418,245076,3,176,0,0,5,451648,0,2,181818,7,11,14,54957,0,208291,51749,0,59,6541,12250,1,0,0,0,0,0,0,31458,0,0,1,2064,0,0,0,0,0,0,6708,18625,1,50,2,2560,1440,5120,2880,2500,2,2,0,1706,0,1,1754,1754,10305625,0
762,15751245584,25952000,0,0,1,5120,2880,2392,129,-2647,20077,0,0,0,0,0,-1,67,143831,183630,3,176,0,0,5,433648,0,2,181818,7,10,11,1375,0,163500,34458,0,51,6444,18945083,1,0,0,0,0,0,0,18709,0,0,1,2064,0,0,0,0,0,0,5167,10292,1,50,2,2560,1440,5120,2880,2500,2,2,0,1707,0,1,1755,1755,12517083,0
763,15771323959,20078375,0,0,1,5120,2880,2392,128,-2647,19964,0,0,0,0,0,-1,65,8156583,214619,3,176,0,0,5,287776,0,2,181818,7,11,15,149002,0,206667,270292,0,46,6227,1175500,1,0,0,0,0,0,0,36709,0,0,1,2064,0,0,0,0,0,0,9833,20542,1,50,2,2560,1440,5120,2880,2500,2,2,0,1708,0,1,1756,1756,12818250,0
764,15788476834,17152875,0,0,1,5120,2880,2392,128,-2647,17578,0,0,0,0,0,-1,53,3904494,164418,3,176,0,0,5,268156,0,2,181818,7,10,19,139670,0,159292,64832,0,36,5688,6097875,1,0,0,0,0,0,0,19125,0,0,1,2064,0,0,0,0,0,0,5959,9917,1,50,2,2560,1440,5120,2880,2500,2,2,0,1709,0,1,1757,1757,12818250,0
765,15816100917,27624083,0,0,1,5120,2880,2392,128,-2647,15749,0,0,0,0,0,-1,52,116128,144999,3,176,0,0,5,268948,0,2,181818,7,10,15,1376,0,154459,33374,0,36,5075,22261500,1,0,0,0,0,0,0,20542,0,0,1,2064,0,0,0,0,0,0,6000,11875,1,50,2,2560,1440,5120,2880,2500,2,2,0,1710,0,1,1758,1758,11879166,0
766,15834033584,17932667,0,0,1,5120,2880,2392,128,-2648,14083,0,0,0,0,0,-1,63,142000,179578,3,176,0,0,5,267076,0,2,181818,7,11,13,49250,0,190751,44916,0,44,4243,9891500,1,0,0,0,0,0,0,28333,0,0,1,2064,0,0,0,0,0,0,6333,16542,1,50,2,2560,1440,5120,2880,2500,2,2,0,1711,0,1,1759,1759,11891916,0
767,15850726792,16693208,0,0,1,5120,2880,2392,128,-2648,12562,0,0,0,0,0,-1,54,137460,159127,5,1028,0,0,5,261604,0,2,181818,7,10,15,96207,0,208167,53582,0,36,4015,10371000,1,0,0,0,0,0,0,28500,0,0,1,2064,0,0,0,0,0,0,7917,14917,1,50,2,2560,1440,5120,2880,2500,2,2,0,1712,0,1,1760,1760,11877541,0
768,15868373042,17646250,0,0,1,5120,2880,2392,128,-2648,13462,0,0,0,0,0,-1,62,183669,227127,3,176,0,0,5,251992,0,2,181818,7,11,14,55667,0,229833,49000,0,43,4071,8601583,1,0,0,0,0,0,0,31833,0,0,1,2064,0,0,0,0,0,0,8833,15917,1,50,2,2560,1440,5120,2880,2500,2,2,0,1713,0,1,1761,1761,11917791,0
769,15884213292,15840250,0,0,1,5120,2880,2392,128,-2648,11851,0,0,0,0,0,-1,53,399709,165540,3,176,0,0,5,234712,0,2,181818,7,10,15,153292,0,181001,63001,0,36,3779,9104334,1,0,0,0,0,0,0,30833,0,0,1,2064,0,0,0,0,0,0,9083,16500,1,50,2,2560,1440,5120,2880,2500,2,2,0,1714,0,1,1762,1762,11917791,0
770,15900971959,16758667,0,0,1,5120,2880,2392,128,-2648,11418,0,0,0,0,0,-1,53,911708,160956,10,27956,0,0,5,203780,0,2,181818,7,10,19,144000,0,168790,63125,0,35,3641,9846042,1,0,0,0,0,0,0,24958,0,0,1,2064,0,0,0,0,0,0,6583,13333,1,50,2,2560,1440,5120,2880,2500,2,2,0,1715,0,1,1763,1763,11658791,0
771,15918110792,17138833,0,0,1,5120,2880,2392,128,-2648,12949,0,0,0,0,0,-1,62,608337,228663,3,176,0,0,5,198292,0,2,181818,7,11,20,147914,0,203084,53584,0,43,3868,7760708,1,0,0,0,0,0,0,30458,0,0,1,2064,0,0,0,0,0,0,8583,14833,1,50,2,2560,1440,5120,2880,2500,2,2,0,1716,0,1,1764,1764,11547000,0
772,15934087459,15976667,0,0,1,5120,2880,2392,128,-2648,11264,0,0,0,0,0,-1,52,1093374,140795,3,176,0,0,5,198516,0,2,181818,7,10,19,137584,0,146916,51749,0,35,3592,8976375,1,0,0,0,0,0,0,33625,0,0,1,2064,0,0,0,0,0,0,10667,16291,1,50,2,2560,1440,5120,2880,2500,2,2,0,1717,0,1,1765,1765,11547000,0
773,15950311584,16224125,0,0,1,5120,2880,2392,128,-2648,11186,0,0,0,0,0,-1,52,602750,137041,3,176,0,0,5,198404,0,2,181818,7,10,19,141043,0,163124,40125,0,35,3566,10109875,1,0,0,0,0,0,0,30167,0,0,1,2064,0,0,0,0,0,0,9083,15958,1,50,2,2560,1440,5120,2880,2500,2,2,0,1718,0,1,1766,1766,9850833,0
774,15967264167,16952583,0,0,1,5120,2880,2392,128,-2648,12395,0,0,0,0,0,-1,61,911377,182879,3,176,0,0,5,198068,0,2,181818,7,11,20,142375,0,191459,53041,0,42,3738,8354500,1,0,0,0,0,0,0,28500,0,0,1,2064,0,0,0,0,0,0,7709,15458,1,50,2,2560,1440,5120,2880,2500,2,2,0,1719,0,1,1767,1767,11391666,0
775,15983094084,15829917,0,0,1,5120,2880,2392,128,-2648,11186,0,0,0,0,0,-1,52,804580,142790,3,176,0,0,5,198068,0,2,181818,7,10,19,150709,0,164207,50042,0,35,3566,10062583,1,0,0,0,0,0,0,28166,0,0,1,2064,0,0,0,0,0,0,7500,15375,1,50,2,2560,1440,5120,2880,2500,2,2,0,1720,0,1,1768,1768,11416875,0
776,15999337000,16242916,0,0,1,5120,2880,2392,128,-2648,11186,0,0,0,0,0,-1,52,407786,140502,3,176,0,0,5,198068,0,2,181818,7,10,19,145794,0,160749,45918,0,35,3566,11015584,1,0,0,0,0,0,0,25542,0,0,1,2064,0,0,0,0,0,0,6917,13833,1,50,2,2560,1440,5120,2880,2500,2,2,0,1721,0,1,1769,1769,11253375,0
777,16016491042,17154042,0,0,1,5120,2880,2393,128,-2648,12846,0,0,0,0,0,-1,62,475668,180077,3,176,0,0,5,197620,0,2,181818,7,11,20,122003,0,194749,65375,0,43,3817,9567250,1,0,0,0,0,0,0,25959,0,0,1,2064,0,0,0,0,0,0,5667,16000,1,50,2,2560,1440,5120,2880,2500,2,2,0,1722,0,1,1770,1770,11407375,0
778,16032980625,16489583,0,0,1,5120,2880,2393,128,-2648,11184,0,0,0,0,0,-1,52,260672,141914,3,176,0,0,5,197620,0,2,181818,7,10,17,113333,0,172040,55625,0,35,3566,10918291,1,0,0,0,0,0,0,31875,0,0,1,2064,0,0,0,0,0,0,10000,15417,1,50,2,2560,1440,5120,2880,2500,2,2,0,1723,0,1,1771,1771,11209999,0
779,16049499417,16518792,0,0,1,5120,2880,2393,128,-2648,11194,0,0,0,0,0,-1,53,151417,147084,5,1904,0,0,5,197620,0,2,181818,7,10,17,86041,0,180627,56041,0,35,3566,11399250,1,0,0,0,0,0,0,29791,0,0,1,2064,0,0,0,0,0,0,7709,15917,1,50,2,2560,1440,5120,2880,2500,2,2,0,1724,0,1,1772,1772,11325499,0
780,16066617167,17117750,0,0,1,5120,2880,2393,128,-2648,12395,0,0,0,0,0,-1,61,140253,198457,3,176,0,0,5,198068,0,2,181818,7,11,14,54751,0,181793,43082,0,42,3738,10124084,1,0,0,0,0,0,0,27208,0,0,1,2064,0,0,0,0,0,0,5625,15417,1,50,2,2560,1440,5120,2880,2500,2,2,0,1725,0,1,1773,1773,11340916,0
781,16082840459,16223292,0,0,1,5120,2880,2393,128,-2648,11186,0,0,0,0,0,-1,52,116538,149828,3,176,0,0,5,198068,0,2,181818,7,10,13,55458,0,169499,37959,0,35,3566,11098791,1,0,0,0,0,0,0,26291,0,0,1,2064,0,0,0,0,0,0,7417,14208,1,50,2,2560,1440,5120,2880,2500,2,2,0,1726,0,1,1774,1774,11263624,0
782,16099979917,17139458,0,0,1,5120,2880,2393,128,-2648,11186,0,0,0,0,0,-1,52,113668,150126,3,176,0,0,5,198068,0,2,181818,7,10,13,43086,0,152042,55917,0,35,3566,11665167,1,0,0,0,0,0,0,34792,0,0,1,2064,0,0,0,0,0,0,11167,16875,1,50,2,2560,1440,5120,2880,2500,2,2,0,1727,0,1,1775,1775,11424875,0
783,16116613625,16633708,0,0,1,5120,2880,2393,128,-2648,12892,0,0,0,0,0,-1,62,120585,169044,3,176,0,0,5,197508,0,2,181818,7,11,14,48500,0,178875,50418,0,43,3827,9643583,1,0,0,0,0,0,0,31041,0,0,1,2064,0,0,0,0,0,0,7542,16416,1,50,2,2560,1440,5120,2880,2500,2,2,0,1728,0,1,1776,1776,11341499,0
784,16132963250,16349625,0,0,1,5120,2880,2393,128,-2648,11186,0,0,0,0,0,-1,52,117709,159503,3,176,0,0,5,197620,0,2,181818,7,10,13,54456,0,144081,41875,0,35,3566,11197625,1,0,0,0,0,0,0,29042,0,0,1,2064,0,0,0,0,0,0,7875,15625,1,50,2,2560,1440,5120,2880,2500,2,2,0,1729,0,1,1777,1777,11274291,0
785,16149155167,16191917,0,0,1,5120,2880,2393,128,-2648,11186,0,0,0,0,0,-1,52,107085,140590,3,176,0,0,5,197620,0,2,181818,7,10,13,52876,0,153292,40876,0,35,3566,11546500,1,0,0,0,0,0,0,19042,0,0,1,2064,0,0,0,0,0,0,6333,10542,1,50,2,2560,1440,5120,2880,2500,2,2,0,1730,0,1,1778,1778,11247541,0
786,16166465542,17310375,0,0,1,5120,2880,2393,128,-2648,12505,0,0,0,0,0,-1,61,140503,188876,3,176,0,0,5,197732,0,2,181818,7,11,14,53251,0,171917,56249,0,42,3758,10558458,1,0,0,0,0,0,0,16834,0,0,1,2064,0,0,0,0,0,0,4125,10042,1,50,2,2560,1440,5120,2880,2500,2,2,0,1731,0,1,1779,1779,11294416,0
787,16183076667,16611125,0,0,1,5120,2880,2393,128,-2648,11186,0,0,0,0,0,-1,52,116124,151827,3,176,0,0,5,197732,0,2,181818,7,10,13,56750,0,150708,53541,0,35,3566,11185542,1,0,0,0,0,0,0,17167,0,0,1,2064,0,0,0,0,0,0,4750,9833,1,50,2,2560,1440,5120,2880,2500,2,2,0,1732,0,1,1780,1780,11319000,0
788,16199307209,16230542,0,0,1,5120,2880,2393,128,-2648,11186,0,0,0,0,0,-1,52,121542,139415,3,176,0,0,5,197732,0,2,181818,7,10,13,51251,0,138834,49710,0,35,3566,11214875,1,0,0,0,0,0,0,17291,0,0,1,2064,0,0,0,0,0,0,4708,9792,1,50,2,2560,1440,5120,2880,2500,2,2,0,1733,0,1,1781,1781,11294041,0
789,16217110917,17803708,0,0,1,5120,2880,2393,128,-2648,12764,0,0,0,0,0,-1,62,157418,200542,3,176,0,0,5,197508,0,2,181818,7,11,14,56916,0,182874,46667,0,43,3809,10272708,1,0,0,0,0,0,0,44083,0,0,1,2064,0,0,0,0,0,0,13167,22333,1,50,2,2560,1440,5120,2880,2500,2,2,0,1734,0,1,1782,1782,9753541,0
790,16233175459,16064542,0,0,1,5120,2880,2393,128,-2648,11387,0,0,0,0,0,-1,51,107040,134541,3,176,0,0,5,184544,0,2,181818,7,10,13,48625,0,152458,38166,0,34,3639,10303750,1,0,0,0,0,0,0,28875,0,0,1,2064,0,0,0,0,0,0,7625,15625,1,50,2,2560,1440,5120,2880,2500,2,2,0,1735,0,1,1783,1783,11309333,0
791,16249463084,16287625,0,0,1,5120,2880,2393,128,-2648,11387,0,0,0,0,0,-1,51,112876,140167,3,176,0,0,5,184432,0,2,181818,7,10,13,51503,0,174499,39208,0,34,3639,11131583,1,0,0,0,0,0,0,30125,0,0,1,2064,0,0,0,0,0,0,9083,15500,1,50,2,2560,1440,5120,2880,2500,2,2,0,1736,0,1,1784,1784,9691083,0
792,16266223625,16760541,0,0,1,5120,2880,2393,128,-2648,12631,0,0,0,0,0,-1,60,119792,169626,3,176,0,0,5,183872,0,2,181818,7,11,14,49417,0,139332,41958,0,41,3816,10174459,1,0,0,0,0,0,0,27833,0,0,1,2064,0,0,0,0,0,0,5083,16084,1,50,2,2560,1440,5120,2880,2500,2,2,0,1737,0,1,1785,1785,11306125,0
793,16282785625,16562000,0,0,1,5120,2880,2393,128,-2648,11387,0,0,0,0,0,-1,51,126665,130421,3,176,0,0,5,183872,0,2,181818,7,10,13,51751,0,138041,44834,0,34,3639,11329542,1,0,0,0,0,0,0,29125,0,0,1,2064,0,0,0,0,0,0,8417,15167,1,50,2,2560,1440,5120,2880,2500,2,2,0,1738,0,1,1786,1786,9704958,0
794,16298990375,16204750,0,0,1,5120,2880,2393,128,-2648,11387,0,0,0,0,0,-1,51,110830,130997,3,176,0,0,5,183872,0,2,181818,7,10,13,49664,0,180958,42166,0,34,3639,11552792,1,0,0,0,0,0,0,17291,0,0,1,2064,0,0,0,0,0,0,5250,9500,1,50,2,2560,1440,5120,2880,2500,2,2,0,1739,0,1,1787,1787,11233500,0
795,16316190084,17199709,0,0,1,5120,2880,2393,128,-2648,13048,0,0,0,0,0,-1,61,134376,165707,3,176,0,0,5,183536,0,2,181818,7,11,14,50127,0,156834,43667,0,42,3891,10530042,1,0,0,0,0,0,0,16334,0,0,1,2064,0,0,0,0,0,0,4333,8958,1,50,2,2560,1440,5120,2880,2500,2,2,0,1740,0,1,1788,1788,9817500,0
796,16332546459,16356375,0,0,1,5120,2880,2393,128,-2648,11387,0,0,0,0,0,-1,51,111371,124706,3,176,0,0,5,183424,0,2,181818,7,10,13,51210,0,144250,42876,0,34,3639,11032208,1,0,0,0,0,0,0,16875,0,0,1,2064,0,0,0,0,0,0,4875,8250,1,50,2,2560,1440,5120,2880,2500,2,2,0,1741,0,1,1789,1789,11220000,0
797,16349943500,17397041,0,0,1,5120,2880,2393,128,-2648,12908,0,0,0,0,0,-1,51,104126,145539,3,176,0,0,5,183536,0,2,181818,7,10,13,52710,0,153500,42459,0,34,4146,11810167,1,0,0,0,0,0,0,41000,0,0,1,2064,0,0,0,0,0,0,11166,20667,1,50,2,2560,1440,5120,2880,2500,2,2,0,1742,0,1,1790,1790,9758250,0
798,16367422167,17478667,0,0,1,5120,2880,2393,128,-2648,14669,0,0,0,0,0,-1,60,144499,167001,3,176,0,0,5,183872,0,2,181818,7,11,14,57417,0,177958,45085,0,41,4502,9662000,1,0,0,0,0,0,0,28166,0,0,1,2064,0,0,0,0,0,0,7167,16083,1,50,2,2560,1440,5120,2880,2500,2,2,0,1743,0,1,1791,1791,11459500,0
799,16383331042,15908875,0,0,1,5120,2880,2393,128,-2648,13468,0,0,0,0,0,-1,51,115458,142752,3,176,0,0,5,183760,0,2,181818,7,10,15,135540,0,160542,57834,0,34,4330,10152583,1,0,0,0,0,0,0,32125,0,0,1,2064,0,0,0,0,0,0,8875,17375,1,50,2,2560,1440,5120,2880,2500,2,2,0,1744,0,1,1792,1792,11453625,0
800,16399901959,16570917,0,0,1,5120,2880,2393,128,-2648,13460,0,0,0,0,0,-1,51,163836,143164,3,176,0,0,5,183760,0,2,181818,7,10,19,146291,0,164001,58708,0,34,4330,10806417,1,0,0,0,0,0,0,27125,0,0,1,2064,0,0,0,0,0,0,6333,14458,1,50,2,2560,1440,5120,2880,2500,2,2,0,1745,0,1,1793,1793,11537874,0
801,16418178542,18276583,0,0,1,5120,2880,2393,128,-2648,15722,0,0,0,0,0,-1,61,189921,175294,3,176,0,0,5,183872,0,2,181818,7,11,20,85919,0,185251,55916,0,42,4797,9116416,1,0,0,0,0,0,0,32333,0,0,1,2064,0,0,0,0,0,0,8208,16833,1,50,2,2560,1440,5120,2880,2500,2,2,0,1746,0,1,1794,1794,11825958,0
802,16434901125,16722583,0,0,1,5120,2880,2393,128,-2648,14197,0,0,0,0,0,-1,51,1308208,166669,3,176,0,0,5,183760,0,2,181818,7,10,15,147832,0,154375,477751,0,34,4573,9329459,1,0,0,0,0,0,0,39042,0,0,1,2064,0,0,0,0,0,0,13583,18417,1,50,2,2560,1440,5120,2880,2500,2,2,0,1747,0,1,1795,1795,11825958,0
803,16452309584,17408459,0,0,1,5120,2880,2393,128,-2648,14189,0,0,0,0,0,-1,51,2010082,157162,3,176,0,0,5,183760,0,2,181818,7,10,19,144584,0,152542,1333000,0,34,4573,9138375,1,0,0,0,0,0,0,35250,0,0,1,2064,0,0,0,0,0,0,10083,18459,1,50,2,2560,1440,5120,2880,2500,2,2,0,1748,0,1,1796,1796,11499916,0
804,16470788459,18478875,0,0,1,5120,2880,2393,128,-2648,15508,0,0,0,0,0,-1,60,3315708,174833,3,176,0,0,5,183536,0,2,181818,7,11,20,131955,0,165542,595376,0,41,4765,6713292,1,0,0,0,0,0,0,19750,0,0,1,2064,0,0,0,0,0,0,4667,11667,1,50,2,2560,1440,5120,2880,2500,2,2,0,1749,0,1,1797,1797,11572124,0
805,16487842000,17053541,0,0,1,5120,2880,2393,128,-2648,14189,0,0,0,0,0,-1,51,4201835,153374,3,176,0,0,5,183536,0,2,181818,7,10,19,136168,0,145127,3444041,0,34,4573,6686834,1,0,0,0,0,0,0,37833,0,0,1,2064,0,0,0,0,0,0,11542,19625,1,50,2,2560,1440,5120,2880,2500,2,2,0,1750,0,1,1798,1798,11732041,0
806,16505307750,17465750,0,0,1,5120,2880,2393,128,-2648,14189,0,0,0,0,0,-1,51,5596835,147333,3,176,0,0,5,183424,0,2,181818,7,10,19,127958,0,149167,4847418,0,34,4573,6605417,1,0,0,0,0,0,0,18500,0,0,1,2064,0,0,0,0,0,0,5708,9458,1,50,2,2560,1440,5120,2880,2500,2,2,0,1751,0,1,1799,1799,11440916,0
807,16532112209,26804459,0,0,1,5120,2880,2393,128,-2648,15925,0,0,0,0,0,-1,60,118038,154042,3,176,0,0,5,183312,0,2,181818,7,11,16,1622,0,151625,31500,0,42,4838,20266916,1,0,0,0,0,0,0,16333,0,0,1,2064,0,0,0,0,0,0,4708,8583,1,50,2,2560,1440,5120,2880,2500,2,2,0,1752,0,1,1800,1800,11400874,0
808,16549692250,17580041,0,0,1,5120,2880,2393,128,-2648,14189,0,0,0,0,0,-1,51,100084,130329,3,176,0,0,5,183200,0,2,181818,7,10,12,51501,0,138209,39791,0,34,4573,12251584,1,0,0,0,0,0,0,27042,0,0,1,2064,0,0,0,0,0,0,8333,13667,1,50,2,2560,1440,5120,2880,2500,2,2,0,1753,0,1,1801,1801,11394708,0
809,16567010667,17318417,0,0,1,5120,2880,2393,128,-2648,15401,0,0,0,0,0,-1,60,157205,169377,3,176,0,0,5,183200,0,2,181818,7,11,14,49042,0,193625,48458,0,41,4746,9979208,1,0,0,0,0,0,0,24750,0,0,1,2064,0,0,0,0,0,0,4417,14458,1,50,2,2560,1440,5120,2880,2500,2,2,0,1754,0,1,1802,1802,11451500,0
810,16583736709,16726042,0,0,1,5120,2880,2393,128,-2648,14221,0,0,0,0,0,-1,52,166670,148999,3,176,0,0,5,196724,0,2,181818,7,10,15,142916,0,167459,52458,0,35,4575,10751791,1,0,0,0,0,0,0,24584,0,0,1,2064,0,0,0,0,0,0,6250,14000,1,50,2,2560,1440,5120,2880,2500,2,2,0,1755,0,1,1803,1803,11429458,0
811,16600601042,16864333,0,0,1,5120,2880,2393,128,-2648,14213,0,0,0,0,0,-1,52,719959,138500,3,176,0,0,5,196836,0,2,181818,7,10,19,157209,0,153626,41042,0,35,4575,10730709,1,0,0,0,0,0,0,32000,0,0,1,2064,0,0,0,0,0,0,9875,14750,1,50,2,2560,1440,5120,2880,2500,2,2,0,1756,0,1,1804,1804,11429458,0
812,16619384834,18783792,0,0,1,5120,2880,2393,128,-2647,15834,0,0,0,0,0,-1,62,1999791,203661,3,176,0,0,5,197172,0,2,181818,7,11,20,140209,0,188460,51085,0,43,4819,8188416,1,0,0,0,0,0,0,32709,0,0,1,2064,0,0,0,0,0,0,6625,19125,1,50,2,2560,1440,5120,2880,2500,2,2,0,1757,0,1,1805,1805,11703500,0
813,16636944000,17559166,0,0,1,5120,2880,2393,128,-2647,14213,0,0,0,0,0,-1,52,3162328,165663,3,176,0,0,5,197172,0,2,181818,7,10,19,144207,0,155377,55291,0,35,4575,7503958,1,0,0,0,0,0,0,42792,0,0,1,2064,0,0,0,0,0,0,11292,22125,1,50,2,2560,1440,5120,2880,2500,2,2,0,1758,0,1,1806,1806,9997916,0
814,16655005459,18061459,0,0,1,5120,2880,2393,128,-2647,14213,0,0,0,0,0,-1,52,4909501,161204,3,176,0,0,5,197172,0,2,181818,7,10,19,146335,0,150834,49751,0,35,4575,7370125,1,0,0,0,0,0,0,35875,0,0,1,2064,0,0,0,0,0,0,8500,20875,1,50,2,2560,1440,5120,2880,2500,2,2,0,1759,0,1,1807,1807,11833875,0
815,16673516000,18510541,0,0,1,5120,2880,2392,128,-2647,15430,0,0,0,0,0,-1,62,7414625,182086,11,15404,0,0,5,212712,0,2,181818,7,11,20,152331,0,217125,50041,0,42,4747,3859959,1,0,0,0,0,0,0,14333,0,0,1,2064,0,0,0,0,0,0,3833,8292,1,50,2,2560,1440,5120,2880,2500,2,2,0,1760,0,1,1808,1808,9762749,0
816,16698606750,25090750,0,0,1,5120,2880,2392,128,-2647,14223,0,0,0,0,0,-1,51,472795,131790,3,176,0,0,5,212712,0,2,181818,7,10,15,2084,0,147751,35292,0,35,4575,20229375,1,0,0,0,0,0,0,16833,0,0,1,2064,0,0,0,0,0,0,5708,8500,1,50,2,2560,1440,5120,2880,2500,2,2,0,1761,0,1,1809,1809,9691625,0
817,16719016584,20409834,0,0,1,5120,2880,2392,128,-2647,23958,0,0,0,0,0,-1,63,152079,183000,5,1028,0,0,5,234412,0,2,181818,7,11,13,51208,0,186291,48876,0,43,7537,10462292,1,0,0,0,0,0,0,16416,0,0,1,2064,0,0,0,0,0,0,4375,9542,1,50,2,2560,1440,5120,2880,2500,2,2,0,1762,0,1,1810,1810,11864375,0
818,16738752959,19736375,0,0,1,5120,2880,2392,128,-2647,21626,0,0,0,0,0,-1,56,2500626,187662,6,3080,0,0,5,280504,0,2,181818,7,10,15,166669,0,187999,80666,0,38,7024,8596958,1,0,0,0,0,0,0,34667,0,0,1,2064,0,0,0,0,0,0,10208,17750,1,50,2,2560,1440,5120,2880,2500,2,2,0,1763,0,1,1811,1811,11864375,0
819,16791610875,52857916,0,0,1,5120,2880,2392,128,-2647,18205,0,0,1,34,0,-1,53,9273334,167250,3,176,0,0,5,268768,0,2,181818,7,10,19,108458,0,147542,63376,0,36,5898,4573583,1,0,0,0,0,0,0,15875,0,0,1,2064,0,0,0,0,0,0,4500,9250,1,50,2,2560,1440,5120,2880,2500,2,2,0,1764,0,1,1812,1812,10000999,0
820,16798931875,7321000,0,0,1,5120,2880,2392,129,-2647,13127,0,0,0,0,0,-1,75,184453,204578,3,176,0,0,5,387532,0,2,181818,7,11,14,1416,0,142334,36126,0,57,3876,16583,1,0,0,0,0,0,0,18375,0,0,1,2064,0,0,0,0,0,0,5375,9042,1,50,2,2560,1440,5120,2880,2500,2,2,0,1765,0,1,1813,1813,10566833,0
821,16815995709,17063834,0,0,1,5120,2880,2392,129,-2646,12416,0,0,0,0,0,-1,76,2825790,176955,3,176,0,0,5,461152,0,2,181818,7,11,11,1292,0,135832,28333,0,58,3616,7363084,1,0,0,0,0,0,0,13250,0,0,1,2064,0,0,0,0,0,0,2916,7834,1,50,2,2560,1440,5120,2880,2500,2,2,0,1766,0,1,1814,1814,9686458,0
822,16833551084,17555375,0,0,1,5120,2880,2392,129,-2646,9960,0,0,0,0,0,-1,68,141458,172542,3,176,0,0,5,488872,0,2,181818,7,10,12,56044,0,140124,44542,0,51,3072,11201250,1,0,0,0,0,0,0,35542,0,0,1,2064,0,0,0,0,0,0,5834,22416,1,50,2,2560,1440,5120,2880,2500,2,2,0,1767,0,1,1815,1815,11688124,0
823,16850059375,16508291,0,0,1,5120,2880,2392,129,-2646,9171,0,0,0,0,0,-1,69,147417,199255,3,176,0,0,5,510904,0,2,181818,7,10,13,52458,0,135707,46832,0,52,2803,10755875,1,0,0,0,0,0,0,19667,0,0,1,2064,0,0,0,0,0,0,4709,10416,1,50,2,2560,1440,5120,2880,2500,2,2,0,1768,0,1,1816,1816,10110375,0
824,16867012667,16953292,0,0,1,5120,2880,2392,129,-2646,9627,0,0,0,0,0,-1,78,2162958,223243,3,176,0,0,5,527464,0,2,181818,7,11,14,53335,0,173999,44750,0,59,2724,7077209,1,0,0,0,0,0,0,18083,0,0,1,2064,0,0,0,0,0,0,4083,9875,1,50,2,2560,1440,5120,2880,2500,2,2,0,1769,0,1,1817,1817,10514291,0
825,16883221500,16208833,0,0,1,5120,2880,2392,129,-2646,8274,0,0,0,0,0,-1,68,131757,168628,3,176,0,0,5,539488,0,2,181818,7,10,13,56250,0,148584,36458,0,51,2510,10591167,1,0,0,0,0,0,0,15750,0,0,1,2064,0,0,0,0,0,0,3709,9458,1,50,2,2560,1440,5120,2880,2500,2,2,0,1770,0,1,1818,1818,10462375,0
826,16899932209,16710709,0,0,1,5120,2880,2392,129,-2646,8160,0,0,0,0,0,-1,68,128539,177543,3,176,0,0,5,548524,0,2,181818,7,10,13,58872,0,144376,40708,0,51,2472,11053833,1,0,0,0,0,0,0,35750,0,0,1,2064,0,0,0,0,0,0,5958,21166,1,50,2,2560,1440,5120,2880,2500,2,2,0,1771,0,1,1819,1819,10308124,0
827,16916361584,16429375,0,0,1,5120,2880,2392,129,-2646,9056,0,0,0,0,0,-1,76,1893163,195378,3,176,0,0,5,564328,0,2,181818,7,11,14,52708,0,174207,49001,0,57,2463,7833542,1,0,0,0,0,0,0,29791,0,0,1,2064,0,0,0,0,0,0,4875,18250,1,50,2,2560,1440,5120,2880,2500,2,2,0,1772,0,1,1820,1820,11535625,0
828,16933008250,16646666,0,0,1,5120,2880,2392,129,-2646,7101,0,0,0,0,0,-1,68,135045,159292,3,176,0,0,5,550828,0,2,181818,7,10,13,54587,0,150333,43916,0,51,2119,11307542,1,0,0,0,0,0,0,23916,0,0,1,2064,0,0,0,0,0,0,5291,13750,1,50,2,2560,1440,5120,2880,2500,2,2,0,1773,0,1,1821,1821,11505666,0
829,16949387834,16379584,0,0,1,5120,2880,2392,129,-2646,7131,0,0,0,0,0,-1,68,137922,156084,3,176,0,0,5,558964,0,2,181818,7,10,13,46623,0,155582,52541,0,51,2129,11327375,1,0,0,0,0,0,0,21625,0,0,1,2064,0,0,0,0,0,0,4334,13709,1,50,2,2560,1440,5120,2880,2500,2,2,0,1774,0,1,1822,1822,10242999,0
830,16966258084,16870250,0,0,1,5120,2880,2392,129,-2646,8385,0,0,0,0,0,-1,76,1536707,198503,3,176,0,0,5,559288,0,2,181818,7,11,12,2377,0,160958,39125,0,58,2318,8745125,1,0,0,0,0,0,0,38792,0,0,1,2064,0,0,0,0,0,0,6125,25083,1,50,2,2560,1440,5120,2880,2500,2,2,0,1775,0,1,1823,1823,11622999,0
831,16982442584,16184500,0,0,1,5120,2880,2392,129,-2646,7182,0,0,0,0,0,-1,68,123543,147248,3,176,0,0,5,559288,0,2,181818,7,10,12,47961,0,135041,40500,0,51,2146,11531417,1,0,0,0,0,0,0,18584,0,0,1,2064,0,0,0,0,0,0,3792,11750,1,50,2,2560,1440,5120,2880,2500,2,2,0,1776,0,1,1824,1824,11593833,0
832,16998750292,16307708,0,0,1,5120,2880,2392,129,-2646,7180,0,0,0,0,0,-1,68,114458,146040,3,176,0,0,5,559288,0,2,181818,7,10,12,24292,0,118709,40959,0,51,2146,12165250,1,0,0,0,0,0,0,35958,0,0,1,2064,0,0,0,0,0,0,7375,20833,1,50,2,2560,1440,5120,2880,2500,2,2,0,1777,0,1,1825,1825,10246749,0
833,17015717250,16966958,0,0,1,5120,2880,2392,129,-2645,8734,0,0,0,0,0,-1,77,1759917,188501,3,176,0,0,5,559396,0,2,181818,7,11,11,1500,0,154709,28416,0,59,2378,9481083,1,0,0,0,0,0,0,17542,0,0,1,2064,0,0,0,0,0,0,3625,9750,1,50,2,2560,1440,5120,2880,2500,2,2,0,1778,0,1,1826,1826,11609750,0
834,17032065125,16347875,0,0,1,5120,2880,2392,129,-2645,7173,0,0,0,0,0,-1,67,117127,147330,3,176,0,0,5,559288,0,2,181818,7,10,10,3542,0,126833,30542,0,51,2146,11984167,1,0,0,0,0,0,0,32750,0,0,1,2064,0,0,0,0,0,0,6208,18375,1,50,2,2560,1440,5120,2880,2500,2,2,0,1779,0,1,1827,1827,11543666,0
835,17048290167,16225042,0,0,1,5120,2880,2392,129,-2645,7173,0,0,0,0,0,-1,67,118418,130541,3,176,0,0,5,559180,0,2,181818,7,10,10,917,0,124708,28208,0,51,2146,12472125,1,0,0,0,0,0,0,31958,0,0,1,2064,0,0,0,0,0,0,5875,18958,1,50,2,2560,1440,5120,2880,2500,2,2,0,1780,0,1,1828,1828,10234291,0
836,17065511584,17221417,0,0,1,5120,2880,2392,128,-2645,8492,0,0,0,0,0,-1,76,1960795,193125,3,176,0,0,5,558856,0,2,181818,7,11,11,2042,0,169750,29791,0,58,2338,9754209,1,0,0,0,0,0,0,29041,0,0,1,2064,0,0,0,0,0,0,4041,18709,1,50,2,2560,1440,5120,2880,2500,2,2,0,1781,0,1,1829,1829,11688291,0
837,17082144375,16632791,0,0,1,5120,2880,2392,128,-2645,7173,0,0,0,0,0,-1,67,124423,149959,3,176,0,0,5,558856,0,2,181818,7,10,10,1250,0,130958,30208,0,51,2146,12398209,1,0,0,0,0,0,0,23792,0,0,1,2064,0,0,0,0,0,0,4083,11000,1,50,2,2560,1440,5120,2880,2500,2,2,0,1782,0,1,1830,1830,11670458,0
838,17098834834,16690459,0,0,1,5120,2880,2392,128,-2645,7173,0,0,0,0,0,-1,67,121420,146665,3,176,0,0,5,558856,0,2,181818,7,10,10,1627,0,142250,38167,0,51,2146,12269625,1,0,0,0,0,0,0,37917,0,0,1,2064,0,0,0,0,0,0,7417,21667,1,50,2,2560,1440,5120,2880,2500,2,2,0,1783,0,1,1831,1831,10253541,0
839,17115570917,16736083,0,0,1,5120,2880,2392,128,-2645,8719,0,0,0,0,0,-1,77,1771081,176963,3,176,0,0,5,557956,0,2,181818,7,11,11,1625,0,151541,34708,0,59,2375,9192167,1,0,0,0,0,0,0,36083,0,0,1,2064,0,0,0,0,0,0,4959,21917,1,50,2,2560,1440,5120,2880,2500,2,2,0,1784,0,1,1832,1832,11694666,0
840,17131855000,16284083,0,0,1,5120,2880,2392,128,-2645,7173,0,0,0,0,0,-1,67,124751,136707,3,176,0,0,5,557848,0,2,181818,7,10,10,1165,0,128832,33416,0,51,2146,12298792,1,0,0,0,0,0,0,30709,0,0,1,2064,0,0,0,0,0,0,4333,18750,1,50,2,2560,1440,5120,2880,2500,2,2,0,1785,0,1,1833,1833,11687041,0
841,17148463209,16608209,0,0,1,5120,2880,2392,128,-2645,7173,0,0,0,0,0,-1,67,115876,142088,3,176,0,0,5,557848,0,2,181818,7,10,10,1084,0,131084,28375,0,51,2146,12812083,1,0,0,0,0,0,0,26542,0,0,1,2064,0,0,0,0,0,0,5500,15791,1,50,2,2560,1440,5120,2880,2500,2,2,0,1786,0,1,1834,1834,10230583,0
842,17165325459,16862250,0,0,1,5120,2880,2392,128,-2645,8382,0,0,0,0,0,-1,76,1930911,173412,3,176,0,0,5,558496,0,2,181818,7,11,11,1627,0,168291,28541,0,58,2318,9502334,1,0,0,0,0,0,0,22041,0,0,1,2064,0,0,0,0,0,0,4291,13458,1,50,2,2560,1440,5120,2880,2500,2,2,0,1787,0,1,1835,1835,11778999,0
843,17181851084,16525625,0,0,1,5120,2880,2392,128,-2645,7173,0,0,0,0,0,-1,67,118373,136878,3,176,0,0,5,558496,0,2,181818,7,10,10,998,0,130915,34249,0,51,2146,12489375,1,0,0,0,0,0,0,34167,0,0,1,2064,0,0,0,0,0,0,5958,20500,1,50,2,2560,1440,5120,2880,2500,2,2,0,1788,0,1,1836,1836,11693916,0
844,17198750375,16899291,0,0,1,5120,2880,2392,128,-2645,7173,0,0,0,0,0,-1,67,119664,153334,3,176,0,0,5,558496,0,2,181818,7,10,10,958,0,143917,26792,0,51,2146,12655584,1,0,0,0,0,0,0,28791,0,0,1,2064,0,0,0,0,0,0,4791,20792,1,50,2,2560,1440,5120,2880,2500,2,2,0,1789,0,1,1837,1837,10145333,0
845,17215650709,16900334,0,0,1,5120,2880,2392,127,-2645,8799,0,0,0,0,0,-1,77,1860382,196287,3,176,0,0,5,558388,0,2,181818,7,11,11,2294,0,164126,31667,0,59,2391,9218333,1,0,0,0,0,0,0,38125,0,0,1,2064,0,0,0,0,0,0,7208,20625,1,50,2,2560,1440,5120,2880,2500,2,2,0,1790,0,1,1838,1838,11613875,0
846,17232226417,16575708,0,0,1,5120,2880,2392,127,-2645,7173,0,0,0,0,0,-1,67,141380,159083,3,176,0,0,5,558388,0,2,181818,7,10,10,1792,0,147375,36168,0,51,2146,12115458,1,0,0,0,0,0,0,38334,0,0,1,2064,0,0,0,0,0,0,7750,21125,1,50,2,2560,1440,5120,2880,2500,2,2,0,1791,0,1,1839,1839,11625749,0
847,17249480792,17254375,0,0,1,5120,2880,2392,127,-2645,7356,0,0,0,0,0,-1,67,146290,200333,3,176,0,0,5,558388,0,2,181818,7,10,10,1084,0,171876,27834,0,51,2207,12217125,1,0,0,0,0,0,0,37625,0,0,1,2064,0,0,0,0,0,0,8625,20083,1,50,2,2560,1440,5120,2880,2500,2,2,0,1792,0,1,1840,1840,10266625,0
848,17266297750,16816958,0,0,1,5120,2880,2392,127,-2644,8984,0,0,0,0,0,-1,76,1769449,211537,3,176,0,0,5,558496,0,2,181818,7,11,11,1874,0,167875,37042,0,58,2512,8474917,1,0,0,0,0,0,0,18708,0,0,1,2064,0,0,0,0,0,0,3625,9250,1,50,2,2560,1440,5120,2880,2500,2,2,0,1793,0,1,1841,1841,11704916,0
849,17282988875,16691125,0,0,1,5120,2880,2392,127,-2644,8248,0,0,0,0,0,-1,68,136746,174587,3,176,0,0,5,564796,0,2,181818,7,10,11,31124,0,157708,65124,0,51,2503,11270666,1,0,0,0,0,0,0,23459,0,0,1,2064,0,0,0,0,0,0,4541,13250,1,50,2,2560,1440,5120,2880,2500,2,2,0,1794,0,1,1842,1842,11639375,0
850,17300067750,17078875,0,0,1,5120,2880,2392,127,-2644,9006,0,0,0,0,0,-1,67,137161,167496,3,176,0,0,5,556660,0,2,181818,7,10,12,63959,0,149543,59458,0,50,2760,11360917,1,0,0,0,0,0,0,20917,0,0,1,2064,0,0,0,0,0,0,5375,11208,1,50,2,2560,1440,5120,2880,2500,2,2,0,1795,0,1,1843,1843,10090750,0
851,17317050875,16983125,0,0,1,5120,2880,2392,127,-2644,11518,0,0,0,0,0,-1,77,2095871,198956,3,176,0,0,5,565408,0,2,181818,7,11,14,55211,0,172084,47667,0,58,3291,7533791,1,0,0,0,0,0,0,16917,0,0,1,2064,0,0,0,0,0,0,4084,9458,1,50,2,2560,1440,5120,2880,2500,2,2,0,1796,0,1,1844,1844,11732333,0
852,17333977959,16927084,0,0,1,5120,2880,2392,127,-2644,11115,0,0,0,0,0,-1,69,135207,166962,3,176,0,0,5,578368,0,2,181818,7,11,14,59166,0,166874,51334,0,51,3456,10582917,1,0,0,0,0,0,0,17125,0,0,1,2064,0,0,0,0,0,0,3625,9834,1,50,2,2560,1440,5120,2880,2500,2,2,0,1797,0,1,1845,1845,11713999,0
853,17351308084,17330125,0,0,1,5120,2880,2392,127,-2644,13908,0,0,0,0,0,-1,68,138041,170960,3,176,0,0,5,603208,0,2,181818,7,10,13,57668,0,134542,42792,0,51,4388,10392000,1,0,0,0,0,0,0,26375,0,0,1,2064,0,0,0,0,0,0,4958,15917,1,50,2,2560,1440,5120,2880,2500,2,2,0,1798,0,1,1846,1846,10154125,0
854,17368470042,17161958,0,0,1,5120,2880,2392,127,-2644,16004,0,0,0,0,0,-1,77,3613285,221831,3,176,0,0,5,602632,0,2,181818,7,11,14,52582,0,198499,44666,0,58,4839,4939375,1,0,0,0,0,0,0,25666,0,0,1,2064,0,0,0,0,0,0,5083,13958,1,50,2,2560,1440,5120,2880,2500,2,2,0,1799,0,1,1847,1847,12006791,0
855,17386261042,17791000,0,0,1,5120,2880,2392,127,-2644,17090,0,0,0,0,0,-1,68,174210,204253,3,176,0,0,5,595540,0,2,181818,7,10,15,94290,0,165124,68126,0,51,5446,9080000,1,0,0,0,0,0,0,20375,0,0,1,2064,0,0,0,0,0,0,4750,10583,1,50,2,2560,1440,5120,2880,2500,2,2,0,1800,0,1,1848,1848,11985124,0
856,17405320542,19059500,0,0,1,5120,2880,2392,127,-2644,18174,0,0,0,0,0,-1,68,2450001,201206,3,176,0,0,5,595396,0,2,181818,7,10,15,117332,0,162835,164375,0,51,5808,8132292,1,0,0,0,0,0,0,38333,0,0,1,2064,0,0,0,0,0,0,4750,24125,1,50,2,2560,1440,5120,2880,2500,2,2,0,1801,0,1,1849,1849,10388125,0
857,17424877042,19556500,0,0,1,5120,2880,2392,127,-2644,20431,0,0,0,0,0,-1,78,9143623,228796,3,176,0,0,5,595972,0,2,181818,7,11,16,58833,0,248375,49708,0,59,6278,14333,1,0,0,0,0,0,0,37958,0,0,1,2064,0,0,0,0,0,0,6083,23500,1,50,2,2560,1440,5120,2880,2500,2,2,0,1802,0,1,1850,1850,12286541,0
858,17449314209,24437167,0,0,1,5120,2880,2392,127,-2644,18900,0,0,0,0,0,-1,67,133459,148833,3,176,0,0,5,595864,0,2,181818,7,10,11,625,0,122958,31290,0,51,6054,19328125,1,0,0,0,0,0,0,17041,0,0,1,2064,0,0,0,0,0,0,4166,9292,1,50,2,2560,1440,5120,2880,2500,2,2,0,1803,0,1,1851,1851,12128375,0
859,17469569042,20254833,0,0,1,5120,2880,2392,127,-2644,20742,0,0,0,0,0,-1,77,5652419,200544,3,176,0,0,5,595540,0,2,181818,7,11,13,51209,0,169625,46375,0,58,6435,4865083,1,0,0,0,0,0,0,28959,0,0,1,2064,0,0,0,0,0,0,6125,16542,1,50,2,2560,1440,5120,2880,2500,2,2,0,1804,0,1,1852,1852,10359999,0
860,17488713000,19143958,0,0,1,5120,2880,2392,127,-2644,19539,0,0,0,0,0,-1,68,2953957,182831,3,176,0,0,5,595540,0,2,181818,7,10,15,116873,0,152915,106584,0,51,6263,8216417,1,0,0,0,0,0,0,36667,0,0,1,2064,0,0,0,0,0,0,7583,20875,1,50,2,2560,1440,5120,2880,2500,2,2,0,1805,0,1,1853,1853,12341124,0
861,17508634375,19921375,0,0,1,5120,2880,2392,127,-2644,19531,0,0,0,0,0,-1,68,8158084,178291,3,176,0,0,5,595540,0,2,181818,7,10,17,108708,0,153252,206541,0,51,6263,5778833,1,0,0,0,0,0,0,15750,0,0,1,2064,0,0,0,0,0,0,4375,8500,1,50,2,2560,1440,5120,2880,2500,2,2,0,1806,0,1,1854,1854,12311624,0
862,17533351375,24717000,0,0,1,5120,2880,2392,127,-2645,21228,0,0,0,0,0,-1,77,6725078,173294,3,176,0,0,5,595396,0,2,181818,7,11,14,1457,0,156001,30874,0,59,6521,11203000,1,0,0,0,0,0,0,14125,0,0,1,2064,0,0,0,0,0,0,2792,8500,1,50,2,2560,1440,5120,2880,2500,2,2,0,1807,0,1,1855,1855,10121083,0
863,17552978084,19626709,0,0,1,5120,2880,2392,127,-2645,19536,0,0,0,0,0,-1,69,167785,212078,3,176,0,0,5,595396,0,2,181818,7,11,13,51873,0,216333,39999,0,51,6263,11022125,1,0,0,0,0,0,0,31708,0,0,1,2064,0,0,0,0,0,0,7375,18500,1,50,2,2560,1440,5120,2880,2500,2,2,0,1808,0,1,1856,1856,12329000,0
864,17572380000,19401916,0,0,1,5120,2880,2392,127,-2645,20742,0,0,0,0,0,-1,77,8984037,226001,3,176,0,0,5,595756,0,2,181818,7,11,14,61331,0,219542,46041,0,58,6435,590709,1,0,0,0,0,0,0,35458,0,0,1,2064,0,0,0,0,0,0,5875,23166,1,50,2,2560,1440,5120,2880,2500,2,2,0,1809,0,1,1857,1857,10509666,0
865,17600194709,27814709,0,0,1,5120,2880,2392,127,-2645,19527,0,0,0,0,0,-1,67,140920,166835,3,176,0,0,5,595756,0,2,181818,7,10,11,1125,0,148251,32125,0,51,6263,22237667,1,0,0,0,0,0,0,15584,0,0,1,2064,0,0,0,0,0,0,3792,8791,1,50,2,2560,1440,5120,2880,2500,2,2,0,1810,0,1,1858,1858,10129458,0
866,17619847250,19652541,0,0,1,5120,2880,2392,127,-2645,21049,0,0,0,0,0,-1,78,5429288,221456,3,176,0,0,5,589996,0,2,181818,7,11,13,61416,0,192291,46625,0,59,6486,3834750,1,0,0,0,0,0,0,37584,0,0,1,2064,0,0,0,0,0,0,6875,22917,1,50,2,2560,1440,5120,2880,2500,2,2,0,1811,0,1,1859,1859,12498500,0
867,17639409875,19562625,0,0,1,5120,2880,2392,127,-2645,19540,0,0,0,0,0,-1,68,3649460,212871,3,176,0,0,5,589996,0,2,181818,7,10,15,108376,0,174375,89792,0,51,6263,7874000,1,0,0,0,0,0,0,31334,0,0,1,2064,0,0,0,0,0,0,6917,16875,1,50,2,2560,1440,5120,2880,2500,2,2,0,1812,0,1,1860,1860,12239333,0
868,17666895167,27485292,0,0,1,5120,2880,2392,127,-2645,19532,0,0,0,0,0,-1,67,155128,174797,3,176,0,0,5,589996,0,2,181818,7,10,12,833,0,157833,32376,0,51,6263,21720584,1,0,0,0,0,0,0,17292,0,0,1,2064,0,0,0,0,0,0,5000,9916,1,50,2,2560,1440,5120,2880,2500,2,2,0,1813,0,1,1861,1861,10099291,0
869,17686190875,19295708,0,0,1,5120,2880,2392,127,-2645,20852,0,0,0,0,0,-1,77,5942328,216830,3,176,0,0,5,596080,0,2,181818,7,11,13,53167,0,234958,44250,0,58,6455,3819916,1,0,0,0,0,0,0,31666,0,0,1,2064,0,0,0,0,0,0,5875,19333,1,50,2,2560,1440,5120,2880,2500,2,2,0,1814,0,1,1862,1862,10208249,0
870,17706067667,19876792,0,0,1,5120,2880,2392,127,-2645,19541,0,0,0,0,0,-1,68,3913832,210909,3,176,0,0,5,596188,0,2,181818,7,10,15,97167,0,173542,56083,0,51,6263,8104584,1,0,0,0,0,0,0,35459,0,0,1,2064,0,0,0,0,0,0,9209,19792,1,50,2,2560,1440,5120,2880,2500,2,2,0,1815,0,1,1863,1863,12210833,0
871,17734096459,28028792,0,0,1,5120,2880,2392,127,-2645,23004,0,0,0,0,0,-1,77,6842876,207874,3,176,0,0,5,596764,0,2,181818,7,11,12,1209,0,166500,34707,0,59,7115,12854209,1,0,0,0,0,0,0,16500,0,0,1,2064,0,0,0,0,0,0,3750,9667,1,50,2,2560,1440,5120,2880,2500,2,2,0,1816,0,1,1864,1864,12233416,0
872,17753815334,19718875,0,0,1,5120,2880,2392,127,-2645,21797,0,0,0,0,0,-1,68,348752,193588,3,176,0,0,5,605080,0,2,181818,7,10,14,92125,0,179209,58750,0,51,7015,10308917,1,0,0,0,0,0,0,31500,0,0,1,2064,0,0,0,0,0,0,5584,19541,1,50,2,2560,1440,5120,2880,2500,2,2,0,1817,0,1,1865,1865,10228958,0
873,17775046042,21230708,0,0,1,5120,2880,2392,127,-2645,23249,0,0,0,0,0,-1,77,10076413,241244,3,176,0,0,5,604504,0,2,181818,7,11,14,62333,0,220582,43209,0,58,7264,12375,1,0,0,0,0,0,0,35208,0,0,1,2064,0,0,0,0,0,0,5416,19917,1,50,2,2560,1440,5120,2880,2500,2,2,0,1818,0,1,1866,1866,12571333,0
874,17800906167,25860125,0,0,1,5120,2880,2392,127,-2645,22089,0,0,0,0,0,-1,67,152086,172293,3,176,0,0,5,604288,0,2,181818,7,10,11,748,0,147209,33626,0,51,7117,19250791,1,0,0,0,0,0,0,16417,0,0,1,2064,0,0,0,0,0,0,4500,9000,1,50,2,2560,1440,5120,2880,2500,2,2,0,1819,0,1,1867,1867,12167999,0
875,17820956375,20050208,0,0,1,5120,2880,2392,128,-2645,23737,0,0,0,0,0,-1,78,7152458,249164,3,176,0,0,5,593344,0,2,181818,7,11,13,56252,0,223958,47417,0,59,7368,2296000,1,0,0,0,0,0,0,33542,0,0,1,2064,0,0,0,0,0,0,5625,20584,1,50,2,2560,1440,5120,2880,2500,2,2,0,1820,0,1,1868,1868,10298625,0
876,17841565625,20609250,0,0,1,5120,2880,2392,128,-2645,21833,0,0,0,0,0,-1,68,6514580,172500,3,176,0,0,5,570484,0,2,181818,7,10,15,82836,0,158417,48792,0,51,7027,6665000,1,0,0,0,0,0,0,14416,0,0,1,2064,0,0,0,0,0,0,3375,8250,1,50,2,2560,1440,5120,2880,2500,2,2,0,1821,0,1,1869,1869,11793500,0
877,17867357500,25791875,0,0,1,5120,2880,2392,128,-2645,21819,0,0,0,0,0,-1,67,154124,180045,3,176,0,0,5,539884,0,2,181818,7,10,11,1500,0,145667,34917,0,51,7027,19583458,1,0,0,0,0,0,0,17166,0,0,1,2064,0,0,0,0,0,0,5792,8542,1,50,2,2560,1440,5120,2880,2500,2,2,0,1822,0,1,1870,1870,11884874,0
878,17886981500,19624000,0,0,1,5120,2880,2392,128,-2645,23034,0,0,0,0,0,-1,77,6825119,241915,3,176,0,0,5,522604,0,2,181818,7,11,13,55997,0,220209,37584,0,58,7199,2717333,1,0,0,0,0,0,0,36792,0,0,1,2064,0,0,0,0,0,0,7334,20625,1,50,2,2560,1440,5120,2880,2500,2,2,0,1823,0,1,1871,1871,10081250,0
879,17907354167,20372667,0,0,1,5120,2880,2392,128,-2645,21833,0,0,0,0,0,-1,68,4580499,239793,3,176,0,0,5,522496,0,2,181818,7,10,15,92292,0,178751,52000,0,51,7027,7389125,1,0,0,0,0,0,0,16458,0,0,1,2064,0,0,0,0,0,0,3709,9708,1,50,2,2560,1440,5120,2880,2500,2,2,0,1824,0,1,1872,1872,10056125,0
880,17933956042,26601875,0,0,1,5120,2880,2392,128,-2645,23360,0,0,0,0,0,-1,77,7468249,198001,3,176,0,0,5,517420,0,2,181818,7,11,12,1207,0,167208,34000,0,59,7255,11684750,1,0,0,0,0,0,0,16667,0,0,1,2064,0,0,0,0,0,0,3583,9333,1,50,2,2560,1440,5120,2880,2500,2,2,0,1825,0,1,1873,1873,11803708,0
881,17953428375,19472333,0,0,1,5120,2880,2392,128,-2645,21833,0,0,0,0,0,-1,68,299912,198208,3,176,0,0,5,517096,0,2,181818,7,10,14,92293,0,176502,59292,0,51,7027,10499584,1,0,0,0,0,0,0,29958,0,0,1,2064,0,0,0,0,0,0,6625,17167,1,50,2,2560,1440,5120,2880,2500,2,2,0,1826,0,1,1874,1874,10165166,0
882,17974073292,20644917,0,0,1,5120,2880,2392,128,-2645,23144,0,0,0,0,0,-1,77,10787496,251460,3,176,0,0,5,517096,0,2,181818,7,11,14,59334,0,231875,47751,0,58,7219,15083,1,0,0,0,0,0,0,81542,0,0,1,2064,0,0,0,0,0,0,6875,68125,1,50,2,2560,1440,5120,2880,2500,2,2,0,1827,0,1,1875,1875,10009249,0
883,18000132125,26058833,0,0,1,5120,2880,2392,128,-2645,21819,0,0,0,0,0,-1,67,136295,160123,3,176,0,0,5,517096,0,2,181818,7,10,11,1166,0,141291,32043,0,51,7027,20264459,1,0,0,0,0,0,0,18208,0,0,1,2064,0,0,0,0,0,0,4958,9833,1,50,2,2560,1440,5120,2880,2500,2,2,0,1828,0,1,1876,1876,11743208,0
884,18019773042,19640917,0,0,1,5120,2880,2392,128,-2645,23376,0,0,0,0,0,-1,78,6546500,218291,3,176,0,0,5,517096,0,2,181818,7,11,13,51334,0,224877,41875,0,59,7257,3130625,1,0,0,0,0,0,0,34208,0,0,1,2064,0,0,0,0,0,0,6292,20833,1,50,2,2560,1440,5120,2880,2500,2,2,0,1829,0,1,1877,1877,12047791,0
885,18040357125,20584083,0,0,1,5120,2880,2392,128,-2645,21831,0,0,0,0,0,-1,68,4703421,181747,3,176,0,0,5,516988,0,2,181818,7,10,15,120498,0,156168,75456,0,51,7027,8083417,1,0,0,0,0,0,0,16209,0,0,1,2064,0,0,0,0,0,0,3459,9416,1,50,2,2560,1440,5120,2880,2500,2,2,0,1830,0,1,1878,1878,10008083,0
886,18067181042,26823917,0,0,1,5120,2880,2392,128,-2645,21829,0,0,0,0,0,-1,67,143669,175335,3,176,0,0,5,516880,0,2,181818,7,10,13,1043,0,150042,33459,0,51,7027,20579375,1,0,0,0,0,0,0,17792,0,0,1,2064,0,0,0,0,0,0,4958,9541,1,50,2,2560,1440,5120,2880,2500,2,2,0,1831,0,1,1879,1879,11912375,0
887,18086710959,19529917,0,0,1,5120,2880,2392,128,-2646,23034,0,0,0,0,0,-1,77,7063623,202920,3,176,0,0,5,516664,0,2,181818,7,11,13,54626,0,208293,45541,0,58,7199,2868750,1,0,0,0,0,0,0,29500,0,0,1,2064,0,0,0,0,0,0,3959,20250,1,50,2,2560,1440,5120,2880,2500,2,2,0,1832,0,1,1880,1880,12058499,0
888,18107260834,20549875,0,0,1,5120,2880,2392,128,-2646,21833,0,0,0,0,0,-1,68,4213663,206544,3,176,0,0,5,516664,0,2,181818,7,10,15,96836,0,171084,60874,0,51,7027,7868500,1,0,0,0,0,0,0,18375,0,0,1,2064,0,0,0,0,0,0,5542,9791,1,50,2,2560,1440,5120,2880,2500,2,2,0,1833,0,1,1881,1881,10026208,0
889,18127827584,20566750,0,0,1,5120,2880,2392,128,-2646,23626,0,0,0,0,0,-1,78,10468327,234874,3,176,0,0,5,507916,0,2,181818,7,11,14,50377,0,248835,45083,0,59,7307,13292,1,0,0,0,0,0,0,30875,0,0,1,2064,0,0,0,0,0,0,5500,18333,1,50,2,2560,1440,5120,2880,2500,2,2,0,1834,0,1,1882,1882,11986500,0
890,18151640125,23812541,0,0,1,5120,2880,2392,128,-2646,21825,0,0,0,0,0,-1,68,146673,175042,3,176,0,0,5,507916,0,2,181818,7,10,13,56793,0,155334,39499,0,51,7027,16695250,1,0,0,0,0,0,0,35000,0,0,1,2064,0,0,0,0,0,0,7500,18917,1,50,2,2560,1440,5120,2880,2500,2,2,0,1835,0,1,1883,1883,11755750,0
891,18171270042,19629917,0,0,1,5120,2880,2392,128,-2646,23031,0,0,0,0,0,-1,77,7919791,235835,3,176,0,0,5,507808,0,2,181818,7,11,14,56293,0,229417,44333,0,58,7198,1926458,1,0,0,0,0,0,0,43334,0,0,1,2064,0,0,0,0,0,0,6125,26750,1,50,2,2560,1440,5120,2880,2500,2,2,0,1836,0,1,1884,1884,10017624,0
892,18191651125,20381083,0,0,1,5120,2880,2392,128,-2646,21830,0,0,0,0,0,-1,68,6281626,206621,3,176,0,0,5,507700,0,2,181818,7,10,15,87999,0,161708,47375,0,51,7026,6470375,1,0,0,0,0,0,0,18042,0,0,1,2064,0,0,0,0,0,0,5042,10125,1,50,2,2560,1440,5120,2880,2500,2,2,0,1837,0,1,1885,1885,10022083,0
893,18217410625,25759500,0,0,1,5120,2880,2392,128,-2646,21816,0,0,0,0,0,-1,67,145703,173378,3,176,0,0,5,507592,0,2,181818,7,10,11,1291,0,152375,31541,0,51,7026,19641750,1,0,0,0,0,0,0,16709,0,0,1,2064,0,0,0,0,0,0,5042,9208,1,50,2,2560,1440,5120,2880,2500,2,2,0,1838,0,1,1886,1886,11819458,0
894,18237027000,19616375,0,0,1,5120,2880,2392,128,-2646,23356,0,0,0,0,0,-1,78,6902339,203084,3,176,0,0,5,507592,0,2,181818,7,11,13,51251,0,228291,44332,0,59,7253,2531916,1,0,0,0,0,0,0,31417,0,0,1,2064,0,0,0,0,0,0,4417,19250,1,50,2,2560,1440,5120,2880,2500,2,2,0,1839,0,1,1887,1887,10003499,0
895,18257621250,20594250,0,0,1,5120,2880,2392,128,-2646,21831,0,0,0,0,0,-1,68,5359748,196204,3,176,0,0,5,507592,0,2,181818,7,10,15,121292,0,165917,52542,0,51,7027,7488792,1,0,0,0,0,0,0,16458,0,0,1,2064,0,0,0,0,0,0,3250,10417,1,50,2,2560,1440,5120,2880,2500,2,2,0,1840,0,1,1888,1888,9932874,0
896,18278156542,20535292,0,0,1,5120,2880,2392,128,-2646,23183,0,0,0,0,0,-1,77,10207792,260126,3,176,0,0,5,507700,0,2,181818,7,11,16,74624,0,250417,47834,0,58,7224,29292,1,0,0,0,0,0,0,40125,0,0,1,2064,0,0,0,0,0,0,6125,23792,1,50,2,2560,1440,5120,2880,2500,2,2,0,1841,0,1,1889,1889,11981375,0
897,18301825709,23669167,0,0,1,5120,2880,2392,128,-2646,21825,0,0,0,0,0,-1,68,136959,172248,3,176,0,0,5,507700,0,2,181818,7,10,13,53082,0,155667,43666,0,51,7027,13206666,1,0,0,0,0,0,0,19375,0,0,1,2064,0,0,0,0,0,0,4791,10750,1,50,2,2560,1440,5120,2880,2500,2,2,0,1842,0,1,1890,1890,11800833,0
898,18321878875,20053166,0,0,1,5120,2880,2392,128,-2646,23371,0,0,0,0,0,-1,78,7869298,225960,3,176,0,0,5,507016,0,2,181818,7,11,14,54751,0,226083,45543,0,59,7256,1368541,1,0,0,0,0,0,0,34667,0,0,1,2064,0,0,0,0,0,0,5000,26041,1,50,2,2560,1440,5120,2880,2500,2,2,0,1843,0,1,1891,1891,10186083,0
899,18342150417,20271542,0,0,1,5120,2880,2392,128,-2646,21833,0,0,0,0,0,-1,68,7550129,193581,3,176,0,0,5,507016,0,2,181818,7,10,15,82790,0,160416,49417,0,51,7027,5985917,1,0,0,0,0,0,0,16750,0,0,1,2064,0,0,0,0,0,0,4000,9417,1,50,2,2560,1440,5120,2880,2500,2,2,0,1844,0,1,1892,1892,11787750,0
900,18367507209,25356792,0,0,1,5120,2880,2392,128,-2646,21819,0,0,0,0,0,-1,67,137202,175498,3,176,0,0,5,507016,0,2,181818,7,10,11,1332,0,157250,31375,0,51,7027,19121375,1,0,0,0,0,0,0,13625,0,0,1,2064,0,0,0,0,0,0,2916,8584,1,50,2,2560,1440,5120,2880,2500,2,2,0,1845,0,1,1893,1893,11877874,0
901,18387070709,19563500,0,0,1,5120,2880,2392,128,-2646,23034,0,0,0,0,0,-1,77,7556115,204587,3,176,0,0,5,507016,0,2,181818,7,11,13,54585,0,231041,50165,0,58,7199,2681250,1,0,0,0,0,0,0,31583,0,0,1,2064,0,0,0,0,0,0,5458,18875,1,50,2,2560,1440,5120,2880,2500,2,2,0,1846,0,1,1894,1894,10028999,0
902,18407567334,20496625,0,0,1,5120,2880,2392,128,-2646,21831,0,0,0,0,0,-1,68,5647959,184331,3,176,0,0,5,507016,0,2,181818,7,10,15,116586,0,157208,109542,0,51,7027,7479083,1,0,0,0,0,0,0,15125,0,0,1,2064,0,0,0,0,0,0,2875,9958,1,50,2,2560,1440,5120,2880,2500,2,2,0,1847,0,1,1895,1895,11816041,0
903,18433777667,26210333,0,0,1,5120,2880,2392,128,-2646,23465,0,0,0,0,0,-1,77,7568294,188753,3,176,0,0,5,506692,0,2,181818,7,11,14,1460,0,167667,32499,0,59,7274,11443125,1,0,0,0,0,0,0,14666,0,0,1,2064,0,0,0,0,0,0,3084,8541,1,50,2,2560,1440,5120,2880,2500,2,2,0,1848,0,1,1896,1896,11889874,0
904,18453185417,19407750,0,0,1,5120,2880,2392,128,-2646,21825,0,0,0,0,0,-1,68,276712,210959,3,176,0,0,5,506692,0,2,181818,7,10,12,58207,0,187124,49124,0,51,7027,10742625,1,0,0,0,0,0,0,34292,0,0,1,2064,0,0,0,0,0,0,6375,21333,1,50,2,2560,1440,5120,2880,2500,2,2,0,1849,0,1,1897,1897,10032249,0
905,18473776792,20591375,0,0,1,5120,2880,2392,128,-2646,23031,0,0,0,0,0,-1,77,10031631,261998,3,176,0,0,5,506332,0,2,181818,7,11,14,77710,0,248208,42042,0,58,7198,30166,1,0,0,0,0,0,0,39958,0,0,1,2064,0,0,0,0,0,0,8041,23584,1,50,2,2560,1440,5120,2880,2500,2,2,0,1850,0,1,1898,1898,12077999,0
906,18500337834,26561042,0,0,1,5120,2880,2392,128,-2646,21816,0,0,0,0,0,-1,67,149167,171917,3,176,0,0,5,506332,0,2,181818,7,10,11,1166,0,159001,32835,0,51,7026,20197000,1,0,0,0,0,0,0,16625,0,0,1,2064,0,0,0,0,0,0,4291,9625,1,50,2,2560,1440,5120,2880,2500,2,2,0,1851,0,1,1899,1899,11813916,0
907,18520187167,19849333,0,0,1,5120,2880,2392,128,-2646,23548,0,0,0,0,0,-1,78,6389835,258753,3,176,0,0,5,506008,0,2,181818,7,11,13,52291,0,214958,42915,0,59,7291,3166416,1,0,0,0,0,0,0,34709,0,0,1,2064,0,0,0,0,0,0,7041,17875,1,50,2,2560,1440,5120,2880,2500,2,2,0,1852,0,1,1900,1900,10119916,0
908,18540685250,20498083,0,0,1,5120,2880,2392,128,-2646,21830,0,0,0,0,0,-1,68,4639419,201338,3,176,0,0,5,500680,0,2,181818,7,10,15,103374,0,165790,52708,0,51,7026,7195750,1,0,0,0,0,0,0,19834,0,0,1,2064,0,0,0,0,0,0,4833,12209,1,50,2,2560,1440,5120,2880,2500,2,2,0,1853,0,1,1901,1901,9943041,0
909,18566685917,26000667,0,0,1,5120,2880,2392,128,-2646,21816,0,0,0,0,0,-1,67,128129,156248,3,176,0,0,5,500572,0,2,181818,7,10,11,1416,0,131208,29749,0,51,7026,20505916,1,0,0,0,0,0,0,16375,0,0,1,2064,0,0,0,0,0,0,3916,10000,1,50,2,2560,1440,5120,2880,2500,2,2,0,1854,0,1,1902,1902,11822500,0
910,18586345625,19659708,0,0,1,5120,2880,2392,128,-2646,23144,0,0,0,0,0,-1,77,7206002,192920,3,176,0,0,5,509536,0,2,181818,7,11,13,54334,0,210334,41708,0,58,7219,3347250,1,0,0,0,0,0,0,25458,0,0,1,2064,0,0,0,0,0,0,2958,16542,1,50,2,2560,1440,5120,2880,2500,2,2,0,1855,0,1,1903,1903,9988708,0
911,18606960709,20615084,0,0,1,5120,2880,2392,128,-2646,21831,0,0,0,0,0,-1,68,5218417,174296,3,176,0,0,5,514864,0,2,181818,7,10,15,118332,0,141792,160042,0,51,7027,8178458,1,0,0,0,0,0,0,14875,0,0,1,2064,0,0,0,0,0,0,2958,9208,1,50,2,2560,1440,5120,2880,2500,2,2,0,1856,0,1,1904,1904,9937166,0
912,18632971209,26010500,0,0,1,5120,2880,2392,128,-2647,23345,0,0,0,0,0,-1,77,7486420,176120,3,176,0,0,5,516304,0,2,181818,7,11,14,1208,0,133043,30418,0,59,7250,12066750,1,0,0,0,0,0,0,13083,0,0,1,2064,0,0,0,0,0,0,2583,8250,1,50,2,2560,1440,5120,2880,2500,2,2,0,1857,0,1,1905,1905,11768500,0
913,18652414959,19443750,0,0,1,5120,2880,2392,128,-2647,21833,0,0,0,0,0,-1,68,368582,162378,3,176,0,0,5,537364,0,2,181818,7,10,14,73667,0,162417,46543,0,51,7027,11531208,1,0,0,0,0,0,0,28500,0,0,1,2064,0,0,0,0,0,0,6791,16250,1,50,2,2560,1440,5120,2880,2500,2,2,0,1858,0,1,1906,1906,11877874,0
914,18673094584,20679625,0,0,1,5120,2880,2392,129,-2647,23034,0,0,0,0,0,-1,77,10328378,223211,3,176,0,0,5,545320,0,2,181818,7,11,14,57164,0,205209,40959,0,58,7199,12666,1,0,0,0,0,0,0,23709,0,0,1,2064,0,0,0,0,0,0,4000,14042,1,50,2,2560,1440,5120,2880,2500,2,2,0,1859,0,1,1907,1907,10093624,0
915,18693522542,20427958,0,0,1,5120,2880,2392,129,-2647,22086,0,0,0,0,0,-1,68,9101250,180335,3,176,0,0,5,543880,0,2,181818,7,10,15,111000,0,144874,128376,0,51,7112,4503000,1,0,0,0,0,0,0,16958,0,0,1,2064,0,0,0,0,0,0,3834,10666,1,50,2,2560,1440,5120,2880,2500,2,2,0,1860,0,1,1908,1908,11800833,0
916,18717892584,24370042,0,0,1,5120,2880,2392,129,-2647,22156,0,0,0,0,0,-1,67,132464,171538,3,176,0,0,5,551188,0,2,181818,7,10,13,1334,0,166790,30749,0,51,7136,17618208,1,0,0,0,0,0,0,33208,0,0,1,2064,0,0,0,0,0,0,7917,18041,1,50,2,2560,1440,5120,2880,2500,2,2,0,1861,0,1,1909,1909,11952750,0
917,18738482000,20589416,0,0,1,5120,2880,2392,129,-2647,23633,0,0,0,0,0,-1,79,8329168,207503,3,176,0,0,5,550540,0,2,181818,7,11,13,50876,0,192499,38833,0,60,7324,2051375,1,0,0,0,0,0,0,29917,0,0,1,2064,0,0,0,0,0,0,5333,17000,1,50,2,2560,1440,5120,2880,2500,2,2,0,1862,0,1,1910,1910,10114916,0
918,18758725084,20243084,0,0,1,5120,2880,2392,129,-2647,21454,0,0,0,0,0,-1,68,7477915,178837,3,176,0,0,5,522028,0,2,181818,7,10,15,114332,0,140669,308583,0,51,6899,5860083,1,0,0,0,0,0,0,15792,0,0,1,2064,0,0,0,0,0,0,3541,9042,1,50,2,2560,1440,5120,2880,2500,2,2,0,1863,0,1,1911,1911,10273499,0
919,18783675209,24950125,0,0,1,5120,2880,2392,129,-2647,22345,0,0,0,0,0,-1,76,7439578,159875,3,176,0,0,5,513712,0,2,181818,7,11,14,1748,0,132666,27959,0,58,6959,9949291,1,0,0,0,0,0,0,14375,0,0,1,2064,0,0,0,0,0,0,2375,8875,1,50,2,2560,1440,5120,2880,2500,2,2,0,1864,0,1,1912,1912,12270750,0
920,18804165084,20489875,0,0,1,5120,2880,2392,129,-2647,20507,0,0,0,0,0,-1,69,1705458,175208,3,176,0,0,5,508744,0,2,181818,7,10,14,89585,0,152168,56334,0,52,6579,10613292,1,0,0,0,0,0,0,34834,0,0,1,2064,0,0,0,0,0,0,8625,19250,1,50,2,2560,1440,5120,2880,2500,2,2,0,1865,0,1,1913,1913,10272750,0
921,18825787042,21621958,0,0,1,5120,2880,2392,129,-2647,21646,0,0,0,0,0,-1,79,11875210,231083,3,176,0,0,5,508852,0,2,181818,7,11,14,61498,0,211625,32624,0,60,6679,16375,1,0,0,0,0,0,0,37708,0,0,1,2064,0,0,0,0,0,0,9000,19583,1,50,2,2560,1440,5120,2880,2500,2,2,0,1866,0,1,1914,1914,10221583,0
922,18850462709,24675667,0,0,1,5120,2880,2392,129,-2647,19107,0,0,0,0,0,-1,68,125581,156173,3,176,0,0,5,483832,0,2,181818,7,10,11,1249,0,136124,28833,0,52,6117,18739625,1,0,0,0,0,0,0,33042,0,0,1,2064,0,0,0,0,0,0,6916,20709,1,50,2,2560,1440,5120,2880,2500,2,2,0,1867,0,1,1915,1915,10342791,0
923,18870466000,20003291,0,0,1,5120,2880,2393,129,-2648,17942,0,0,0,0,0,-1,77,8616215,204127,3,176,0,0,5,444124,0,2,181818,7,11,13,59293,0,196542,44457,0,58,5485,2400958,1,0,0,0,0,0,0,31375,0,0,1,2064,0,0,0,0,0,0,6625,17708,1,50,2,2560,1440,5120,2880,2500,2,2,0,1868,0,1,1916,1916,10575874,0
924,18889769792,19303792,0,0,1,5120,2880,2393,129,-2648,14244,0,0,0,0,0,-1,68,5107082,183832,3,176,0,0,5,444232,0,2,181818,7,10,15,115832,0,146417,220457,0,51,4498,7153458,1,0,0,0,0,0,0,34750,0,0,1,2064,0,0,0,0,0,0,9583,19208,1,50,2,2560,1440,5120,2880,2500,2,2,0,1869,0,1,1917,1917,10104374,0
925,18915167792,25398000,0,0,1,5120,2880,2393,129,-2648,11596,0,0,0,0,0,-1,66,128339,135249,3,176,0,0,5,386056,0,2,181818,7,10,13,1167,0,123041,29417,0,50,3622,21283791,1,0,0,0,0,0,0,15292,0,0,1,2064,0,0,0,0,0,0,4042,8375,1,50,2,2560,1440,5120,2880,2500,2,2,0,1870,0,1,1918,1918,11826583,0
926,18932712917,17545125,0,0,1,5120,2880,2393,129,-2648,10251,0,0,0,0,0,-1,76,2605708,160210,3,176,0,0,5,335980,0,2,181818,7,11,13,51334,0,146793,37915,0,57,2874,8300250,1,0,0,0,0,0,0,17209,0,0,1,2064,0,0,0,0,0,0,2875,10917,1,50,2,2560,1440,5120,2880,2500,2,2,0,1871,0,1,1919,1919,11411958,0
927,18948206750,15493833,0,0,1,5120,2880,2393,129,-2648,7637,0,0,0,0,0,-1,64,116291,148041,11,15404,0,0,5,333388,0,2,181818,7,10,11,957,0,138502,27458,0,47,2321,11845375,1,0,0,0,0,0,0,14583,0,0,1,2064,0,0,0,0,0,0,4041,8375,1,50,2,2560,1440,5120,2880,2500,2,2,0,1872,0,1,1920,1920,8059541,0
928,18965237625,17030875,0,0,1,5120,2880,2393,128,-2648,8222,0,0,0,0,0,-1,73,148421,172078,3,176,0,0,5,410500,0,2,181818,7,11,11,874,0,138918,34041,0,55,2283,11757667,1,0,0,0,0,0,0,13917,0,0,1,2064,0,0,0,0,0,0,3250,8167,1,50,2,2560,1440,5120,2880,2500,2,2,0,1873,0,1,1921,1921,10989916,0
929,18982058542,16820917,0,0,1,5120,2880,2393,128,-2648,6611,0,0,0,0,0,-1,64,124250,157083,3,176,0,0,5,425152,0,2,181818,7,10,10,1044,0,140125,30333,0,48,1977,12514125,1,0,0,0,0,0,0,17416,0,0,1,2064,0,0,0,0,0,0,4500,9333,1,50,2,2560,1440,5120,2880,2500,2,2,0,1874,0,1,1922,1922,11196083,0
930,18998727125,16668583,0,0,1,5120,2880,2393,128,-2648,6989,0,0,0,0,0,-1,67,124500,139872,3,176,0,0,5,483400,0,2,181818,7,10,10,960,0,127458,28125,0,51,2085,12379459,1,0,0,0,0,0,0,14917,0,0,1,2064,0,0,0,0,0,0,3333,8833,1,50,2,2560,1440,5120,2880,2500,2,2,0,1875,0,1,1923,1923,9957833,0
931,19015810417,17083292,0,0,1,5120,2880,2393,128,-2648,8621,0,0,0,0,0,-1,77,1514712,178370,3,176,0,0,5,483292,0,2,181818,7,11,11,1083,0,146834,28833,0,59,2328,9597834,1,0,0,0,0,0,0,76292,0,0,1,2064,0,0,0,0,0,0,31333,31875,1,50,2,2560,1440,5120,2880,2500,2,2,0,1876,0,1,1924,1924,11254750,0
932,19032230334,16419917,0,0,1,5120,2880,2393,128,-2648,6965,0,0,0,0,0,-1,67,129757,153128,3,176,0,0,5,488512,0,2,181818,7,10,10,6250,0,178541,27707,0,51,2077,11955542,1,0,0,0,0,0,0,55417,0,0,1,2064,0,0,0,0,0,0,30250,18500,1,50,2,2560,1440,5120,2880,2500,2,2,0,1877,0,1,1925,1925,10047541,0
933,19048931459,16701125,0,0,1,5120,2880,2393,128,-2648,6932,0,0,0,0,0,-1,66,125665,142873,3,176,0,0,5,479872,0,2,181818,7,10,10,1210,0,126625,28417,0,50,2072,12318167,1,0,0,0,0,0,0,61791,0,0,1,2064,0,0,0,0,0,0,24042,27542,1,50,2,2560,1440,5120,2880,2500,2,2,0,1878,0,1,1926,1926,10136875,0
934,19065591000,16659541,0,0,1,5120,2880,2393,128,-2648,8141,0,0,0,0,0,-1,75,1712711,206749,3,176,0,0,5,479872,0,2,181818,7,11,11,2333,0,165083,30209,0,57,2244,9503333,1,0,0,0,0,0,0,31209,0,0,1,2064,0,0,0,0,0,0,10333,15416,1,50,2,2560,1440,5120,2880,2500,2,2,0,1879,0,1,1927,1927,11306500,0
935,19081852375,16261375,0,0,1,5120,2880,2393,128,-2648,6932,0,0,0,0,0,-1,66,119877,141333,3,176,0,0,5,479872,0,2,181818,7,10,10,872,0,132000,28625,0,50,2072,12378417,1,0,0,0,0,0,0,29667,0,0,1,2064,0,0,0,0,0,0,5167,18375,1,50,2,2560,1440,5120,2880,2500,2,2,0,1880,0,1,1928,1928,10053500,0
936,19099135417,17283042,0,0,1,5120,2880,2393,128,-2648,6936,0,0,0,0,0,-1,67,132330,175791,7,12104,0,0,5,472924,0,2,181818,7,10,10,1166,0,162747,30416,0,50,2072,12785084,1,0,0,0,0,0,0,54250,0,0,1,2064,0,0,0,0,0,0,13125,29958,1,50,2,2560,1440,5120,2880,2500,2,2,0,1881,0,1,1929,1929,11380375,0
937,19115946834,16811417,0,0,1,5120,2880,2393,128,-2648,8488,0,0,0,0,0,-1,76,1607417,209793,3,176,0,0,5,473500,0,2,181818,7,11,11,1457,0,210001,30958,0,58,2303,9186541,1,0,0,0,0,0,0,34083,0,0,1,2064,0,0,0,0,0,0,8208,18958,1,50,2,2560,1440,5120,2880,2500,2,2,0,1882,0,1,1930,1930,11323874,0
938,19131852167,15905333,0,0,1,5120,2880,2393,128,-2648,6932,0,0,0,0,0,-1,66,117667,135415,3,176,0,0,5,473500,0,2,181818,7,10,10,3500,0,138793,35834,0,50,2072,11954208,1,0,0,0,0,0,0,16167,0,0,1,2064,0,0,0,0,0,0,3833,9917,1,50,2,2560,1440,5120,2880,2500,2,2,0,1883,0,1,1931,1931,9984500,0
939,19148366084,16513917,0,0,1,5120,2880,2393,128,-2648,6932,0,0,0,0,0,-1,66,111958,140129,3,176,0,0,5,473500,0,2,181818,7,10,10,832,0,128708,29168,0,50,2072,12860167,1,0,0,0,0,0,0,28833,0,0,1,2064,0,0,0,0,0,0,6334,15708,1,50,2,2560,1440,5120,2880,2500,2,2,0,1884,0,1,1932,1932,11481541,0
940,19165219584,16853500,0,0,1,5120,2880,2393,128,-2648,8251,0,0,0,0,0,-1,75,1829958,187253,3,176,0,0,5,473716,0,2,181818,7,11,11,2583,0,161667,29292,0,57,2264,9883458,1,0,0,0,0,0,0,35292,0,0,1,2064,0,0,0,0,0,0,7917,20166,1,50,2,2560,1440,5120,2880,2500,2,2,0,1885,0,1,1933,1933,11484458,0
941,19181633667,16414083,0,0,1,5120,2880,2393,128,-2648,6932,0,0,0,0,0,-1,66,116456,147914,3,176,0,0,5,473716,0,2,181818,7,10,10,1000,0,115501,28042,0,50,2072,12642583,1,0,0,0,0,0,0,47000,0,0,1,2064,0,0,0,0,0,0,13291,24334,1,50,2,2560,1440,5120,2880,2500,2,2,0,1886,0,1,1934,1934,9978625,0
942,19198115667,16482000,0,0,1,5120,2880,2393,128,-2648,6932,0,0,0,0,0,-1,66,107459,127912,3,176,0,0,5,473716,0,2,181818,7,10,10,834,0,120041,26582,0,50,2072,12929166,1,0,0,0,0,0,0,41792,0,0,1,2064,0,0,0,0,0,0,8875,24500,1,50,2,2560,1440,5120,2880,2500,2,2,0,1887,0,1,1935,1935,11592625,0
943,19215296209,17180542,0,0,1,5120,2880,2393,128,-2648,8453,0,0,0,0,0,-1,76,1916334,172290,3,176,0,0,5,473824,0,2,181818,7,11,11,1418,0,138123,31459,0,58,2296,10077292,1,0,0,0,0,0,0,43958,0,0,1,2064,0,0,0,0,0,0,11500,22667,1,50,2,2560,1440,5120,2880,2500,2,2,0,1888,0,1,1936,1936,11475250,0
944,19231670125,16373916,0,0,1,5120,2880,2393,128,-2648,6932,0,0,0,0,0,-1,66,124543,140457,3,176,0,0,5,453700,0,2,181818,7,10,10,916,0,129666,36876,0,50,2072,12643791,1,0,0,0,0,0,0,28542,0,0,1,2064,0,0,0,0,0,0,7709,17458,1,50,2,2560,1440,5120,2880,2500,2,2,0,1889,0,1,1937,1937,9971958,0
945,19248022542,16352417,0,0,1,5120,2880,2393,128,-2648,6932,0,0,0,0,0,-1,66,105083,131165,3,176,0,0,5,453700,0,2,181818,7,10,10,500,0,112750,25126,0,50,2072,13001875,1,0,0,0,0,0,0,37250,0,0,1,2064,0,0,0,0,0,0,7208,20584,1,50,2,2560,1440,5120,2880,2500,2,2,0,1890,0,1,1938,1938,11456624,0
946,19265030875,17008333,0,0,1,5120,2880,2393,128,-2648,8176,0,0,0,0,0,-1,75,1886123,161379,3,176,0,0,5,453700,0,2,181818,7,11,11,958,0,131916,28416,0,57,2249,10214458,1,0,0,0,0,0,0,29500,0,0,1,2064,0,0,0,0,0,0,7333,17958,1,50,2,2560,1440,5120,2880,2500,2,2,0,1891,0,1,1939,1939,11469041,0
947,19281467459,16436584,0,0,1,5120,2880,2393,128,-2648,6932,0,0,0,0,0,-1,66,107663,121375,3,176,0,0,5,453700,0,2,181818,7,10,10,708,0,118459,26500,0,50,2072,12980042,1,0,0,0,0,0,0,42667,0,0,1,2064,0,0,0,0,0,0,9625,23709,1,50,2,2560,1440,5120,2880,2500,2,2,0,1892,0,1,1940,1940,9932250,0
948,19298050625,16583166,0,0,1,5120,2880,2393,128,-2648,6932,0,0,0,0,0,-1,66,113546,128002,3,176,0,0,5,453700,0,2,181818,7,10,10,833,0,120874,25584,0,50,2072,13037292,1,0,0,0,0,0,0,40250,0,0,1,2064,0,0,0,0,0,0,7625,24833,1,50,2,2560,1440,5120,2880,2500,2,2,0,1893,0,1,1941,1941,11347041,0
949,19315349959,17299334,0,0,1,5120,2880,2394,128,-2649,9090,0,0,0,0,0,-1,77,1802291,172205,3,176,0,0,5,442036,0,2,181818,7,11,11,1166,0,133791,28251,0,59,2465,10035000,1,0,0,0,0,0,0,13792,0,0,1,2064,0,0,0,0,0,0,3625,8250,1,50,2,2560,1440,5120,2880,2500,2,2,0,1894,0,1,1942,1942,11514750,0
950,19332021542,16671583,0,0,1,5120,2880,2394,128,-2649,7664,0,0,0,0,0,-1,59,110007,120165,3,176,0,0,5,366184,0,2,181818,7,10,10,832,0,125459,29833,0,43,2351,12431000,1,0,0,0,0,0,0,49417,0,0,1,2064,0,0,0,0,0,0,12750,24041,1,50,2,2560,1440,5120,2880,2500,2,2,0,1895,0,1,1943,1943,9890083,0
951,19352545917,20524375,0,0,1,5120,2880,2394,128,-2649,8169,0,0,1,2,0,-1,54,135666,150667,4,1556,0,0,5,266356,0,2,181818,7,10,10,1126,0,146167,39460,0,37,2551,12478500,1,0,0,0,0,0,0,42666,0,0,1,2064,0,0,0,0,0,0,10458,21000,1,50,2,2560,1440,5120,2880,2500,2,2,0,1896,0,1,1944,1944,10972833,0
952,19366367959,13822042,0,0,1,5120,2880,2394,128,-2649,9868,0,0,0,0,0,-1,62,164210,190625,11,15404,0,0,5,238384,0,2,181818,7,11,11,1335,0,200375,26957,0,43,2890,5505292,1,0,0,0,0,0,0,48208,0,0,1,2064,0,0,0,0,0,0,7791,21750,1,50,2,2560,1440,5120,2880,2500,2,2,0,1897,0,1,1945,1945,10029875,0
953,19383053125,16685166,0,0,1,5120,2880,2394,128,-2649,9566,0,0,0,0,0,-1,53,109625,149793,3,176,0,0,5,220744,0,2,181818,7,10,12,60332,0,164751,50500,0,36,3020,11206875,1,0,0,0,0,0,0,25625,0,0,1,2064,0,0,0,0,0,0,6791,13750,1,50,2,2560,1440,5120,2880,2500,2,2,0,1898,0,1,1946,1946,11118124,0
954,19400025709,16972584,0,0,1,5120,2880,2394,128,-2649,9758,0,0,0,0,0,-1,53,110413,142915,3,176,0,0,5,220636,0,2,181818,7,10,13,69336,0,138876,52041,0,36,3084,11423166,1,0,0,0,0,0,0,42459,0,0,1,2064,0,0,0,0,0,0,12834,22458,1,50,2,2560,1440,5120,2880,2500,2,2,0,1899,0,1,1947,1947,9835083,0
955,19416808834,16783125,0,0,1,5120,2880,2394,128,-2649,11258,0,0,0,0,0,-1,62,143413,191411,3,176,0,0,5,208144,0,2,181818,7,11,14,57209,0,167334,43625,0,43,3307,9810416,1,0,0,0,0,0,0,17458,0,0,1,2064,0,0,0,0,0,0,4875,9167,1,50,2,2560,1440,5120,2880,2500,2,2,0,1900,0,1,1948,1948,11405249,0
956,19433466167,16657333,0,0,1,5120,2880,2394,128,-2649,11141,0,0,0,0,0,-1,52,119209,176876,3,176,0,0,5,202096,0,2,181818,7,10,13,61958,0,153082,40417,0,35,3551,10955000,1,0,0,0,0,0,0,18541,0,0,1,2064,0,0,0,0,0,0,4625,9709,1,50,2,2560,1440,5120,2880,2500,2,2,0,1901,0,1,1949,1949,9920291,0
957,19450327625,16861458,0,0,1,5120,2880,2394,128,-2649,11570,0,0,0,0,0,-1,52,111961,146917,3,176,0,0,5,202096,0,2,181818,7,10,13,64249,0,142959,60335,0,35,3694,11011500,1,0,0,0,0,0,0,20583,0,0,1,2064,0,0,0,0,0,0,6583,9584,1,50,2,2560,1440,5120,2880,2500,2,2,0,1902,0,1,1950,1950,11403499,0
958,19467251417,16923792,0,0,1,5120,2880,2394,128,-2649,13306,0,0,0,0,0,-1,61,128289,167668,3,176,0,0,5,201988,0,2,181818,7,11,14,52375,0,146667,47292,0,42,4025,9446792,1,0,0,0,0,0,0,31333,0,0,1,2064,0,0,0,0,0,0,9042,15791,1,50,2,2560,1440,5120,2880,2500,2,2,0,1903,0,1,1951,1951,10114291,0
959,19483679417,16428000,0,0,1,5120,2880,2394,128,-2649,11966,0,0,0,0,0,-1,51,116583,171418,3,176,0,0,5,193028,0,2,181818,7,10,13,58706,0,181625,49125,0,34,3832,10495625,1,0,0,0,0,0,0,28375,0,0,1,2064,0,0,0,0,0,0,8541,12250,1,50,2,2560,1440,5120,2880,2500,2,2,0,1904,0,1,1952,1952,11451041,0
960,19500399834,16720417,0,0,1,5120,2880,2394,128,-2649,11966,0,0,0,0,0,-1,51,118373,179916,3,176,0,0,5,192804,0,2,181818,7,10,13,60916,0,180418,54126,0,34,3832,10807042,1,0,0,0,0,0,0,29834,0,0,1,2064,0,0,0,0,0,0,8917,15208,1,50,2,2560,1440,5120,2880,2500,2,2,0,1905,0,1,1953,1953,11469458,0
961,19516863292,16463458,0,0,1,5120,2880,2394,128,-2649,13542,0,0,0,0,0,-1,61,139584,181375,3,176,0,0,5,192692,0,2,181818,7,11,14,49042,0,193832,47293,0,42,4067,9306167,1,0,0,0,0,0,0,29833,0,0,1,2064,0,0,0,0,0,0,8458,16291,1,50,2,2560,1440,5120,2880,2500,2,2,0,1906,0,1,1954,1954,11552041,0
962,19538191417,21328125,0,0,1,5120,2880,2394,128,-2649,13238,0,0,1,4,0,-1,51,115831,198164,3,176,0,0,5,192692,0,2,181818,7,10,13,59290,0,183751,43709,0,34,4256,10965541,1,0,0,0,0,0,0,29667,0,0,1,2064,0,0,0,0,0,0,6667,17750,1,50,2,2560,1440,5120,2880,2500,2,2,0,1907,0,1,1955,1955,11466625,0
963,19551571500,13380083,0,0,1,5120,2880,2394,128,-2649,13637,0,0,0,0,0,-1,51,136131,150002,3,176,0,0,5,192468,0,2,181818,7,10,13,62498,0,167125,49207,0,34,4389,6079958,1,0,0,0,0,0,0,38625,0,0,1,2064,0,0,0,0,0,0,7042,15792,1,50,2,2560,1440,5120,2880,2500,2,2,0,1908,0,1,1956,1956,11315583,0
964,19568119584,16548084,0,0,1,5120,2880,2394,128,-2649,14952,0,0,0,0,0,-1,60,152581,192044,3,176,0,0,5,191908,0,2,181818,7,11,16,135170,0,193835,61041,0,41,4594,7596458,1,0,0,0,0,0,0,44333,0,0,1,2064,0,0,0,0,0,0,8458,29125,1,50,2,2560,1440,5120,2880,2500,2,2,0,1909,0,1,1957,1957,11759166,0
965,19585053209,16933625,0,0,1,5120,2880,2394,128,-2649,13736,0,0,0,0,0,-1,51,1223959,179872,3,176,0,0,5,191908,0,2,181818,7,10,18,140626,0,176458,473626,0,34,4422,9409458,1,0,0,0,0,0,0,38000,0,0,1,2064,0,0,0,0,0,0,10958,18958,1,50,2,2560,1440,5120,2880,2500,2,2,0,1910,0,1,1958,1958,11759166,0
966,19602597250,17544041,0,0,1,5120,2880,2394,128,-2649,13736,0,0,0,0,0,-1,51,2069959,176454,3,176,0,0,5,191908,0,2,181818,7,10,19,153916,0,164125,1207083,0,34,4422,9158916,1,0,0,0,0,0,0,35500,0,0,1,2064,0,0,0,0,0,0,8250,17583,1,50,2,2560,1440,5120,2880,2500,2,2,0,1911,0,1,1959,1959,11663833,0
967,19621082209,18484959,0,0,1,5120,2880,2394,128,-2648,15367,0,0,1,0,0,-1,61,2981077,198459,3,176,0,0,5,185216,0,2,181818,7,11,20,136831,0,182499,2131333,0,42,4668,6687708,1,0,0,0,0,0,0,26875,0,0,1,2064,0,0,0,0,0,0,6958,14083,1,50,2,2560,1440,5120,2880,2500,2,2,0,1912,0,1,1960,1960,11774041,0
968,19637836875,16754666,0,0,1,5120,2880,2394,128,-2648,13736,0,0,0,0,0,-1,51,4035831,169832,3,176,0,0,5,185216,0,2,181818,7,10,19,151623,0,151876,2894667,0,34,4422,6281416,1,0,0,0,0,0,0,41584,0,0,1,2064,0,0,0,0,0,0,11500,20208,1,50,2,2560,1440,5120,2880,2500,2,2,0,1913,0,1,1961,1961,11953499,0
969,19655093584,17256709,0,0,1,5120,2880,2394,128,-2648,13743,0,0,0,0,0,-1,52,4921499,170623,10,21548,0,0,5,185216,0,2,181818,7,10,19,148335,0,201752,79291,0,34,4422,6500041,1,0,0,0,0,0,0,42917,0,0,1,2064,0,0,0,0,0,0,10500,24333,1,50,2,2560,1440,5120,2880,2500,2,2,0,1914,0,1,1962,1962,11362208,0
970,19682070375,26976791,0,0,1,5120,2880,2394,128,-2648,14490,0,0,0,0,0,-1,59,116207,143541,3,176,0,0,5,184880,0,2,181818,7,11,16,1669,0,142918,30834,0,41,4439,20649208,1,0,0,0,0,0,0,15791,0,0,1,2064,0,0,0,0,0,0,4833,8208,1,50,2,2560,1440,5120,2880,2500,2,2,0,1915,0,1,1963,1963,11349125,0
971,19700215542,18145167,0,0,1,5120,2880,2394,128,-2648,13310,0,0,0,0,0,-1,52,107213,121581,3,176,0,0,5,184880,0,2,181818,7,11,13,49749,0,156625,38458,0,34,4279,12262583,1,0,0,0,0,0,0,35542,0,0,1,2064,0,0,0,0,0,0,7542,20209,1,50,2,2560,1440,5120,2880,2500,2,2,0,1916,0,1,1964,1964,11235750,0
972,19717047542,16832000,0,0,1,5120,2880,2394,128,-2648,14998,0,0,0,0,0,-1,61,138749,182371,3,176,0,0,5,185104,0,2,181818,7,11,14,48333,0,177583,49044,0,42,4537,9616958,1,0,0,0,0,0,0,29000,0,0,1,2064,0,0,0,0,0,0,8458,14500,1,50,2,2560,1440,5120,2880,2500,2,2,0,1917,0,1,1965,1965,11346583,0
973,19732958334,15910792,0,0,1,5120,2880,2394,128,-2648,13315,0,0,0,0,0,-1,51,131250,129377,3,176,0,0,5,185104,0,2,181818,7,10,15,132458,0,140625,45959,0,34,4279,10713417,1,0,0,0,0,0,0,22875,0,0,1,2064,0,0,0,0,0,0,4708,13625,1,50,2,2560,1440,5120,2880,2500,2,2,0,1918,0,1,1966,1966,9714291,0
974,19750201250,17242916,0,0,1,5120,2880,2394,128,-2648,13877,0,0,0,0,0,-1,51,133794,130373,3,176,0,0,5,185104,0,2,181818,7,10,19,136750,0,159457,58708,0,34,4469,11423834,1,0,0,0,0,0,0,23750,0,0,1,2064,0,0,0,0,0,0,5917,13334,1,50,2,2560,1440,5120,2880,2500,2,2,0,1919,0,1,1967,1967,11437541,0
975,19767571042,17369792,0,0,1,5120,2880,2394,128,-2648,15231,0,0,0,0,0,-1,60,712040,175664,3,176,0,0,5,184656,0,2,181818,7,11,20,156083,0,162667,235834,0,41,4666,8513958,1,0,0,0,0,0,0,26791,0,0,1,2064,0,0,0,0,0,0,6000,14459,1,50,2,2560,1440,5120,2880,2500,2,2,0,1920,0,1,1968,1968,9815124,0
976,19784510834,16939792,0,0,1,5120,2880,2394,128,-2648,14510,0,0,0,0,0,-1,51,773833,139457,3,176,0,0,5,184544,0,2,181818,7,10,19,140045,0,136834,44708,0,34,4680,9947875,1,0,0,0,0,0,0,23666,0,0,1,2064,0,0,0,0,0,0,7208,12042,1,50,2,2560,1440,5120,2880,2500,2,2,0,1921,0,1,1969,1969,9815124,0
977,19802253667,17742833,0,0,1,5120,2880,2394,128,-2648,14855,0,0,0,0,0,-1,52,1917542,139247,3,176,0,0,5,197396,0,2,181818,7,10,19,136961,0,148000,45167,0,35,4789,9754167,1,0,0,0,0,0,0,32375,0,0,1,2064,0,0,0,0,0,0,7958,18416,1,50,2,2560,1440,5120,2880,2500,2,2,0,1922,0,1,1970,1970,11433666,0
978,19820533250,18279583,0,0,1,5120,2880,2393,128,-2648,16384,0,0,0,0,0,-1,62,3302876,180792,3,176,0,0,5,196948,0,2,181818,7,11,20,131999,0,179084,50375,0,43,5015,6918666,1,0,0,0,0,0,0,17709,0,0,1,2064,0,0,0,0,0,0,4000,10333,1,50,2,2560,1440,5120,2880,2500,2,2,0,1923,0,1,1971,1971,9757291,0
979,19838177792,17644542,0,0,1,5120,2880,2393,128,-2648,17726,0,0,0,0,0,-1,53,3461876,149002,3,176,0,0,5,197172,0,2,181818,7,11,20,139212,0,166001,44126,0,35,5745,6846375,1,0,0,0,0,0,0,36875,0,0,1,2064,0,0,0,0,0,0,9541,19584,1,50,2,2560,1440,5120,2880,2500,2,2,0,1924,0,1,1972,1972,11599500,0
980,19856958584,18780792,0,0,1,5120,2880,2393,128,-2648,19651,0,0,0,0,0,-1,53,6495461,144752,11,15404,0,0,5,211956,0,2,181818,7,10,19,142919,0,201545,47460,0,35,6385,6098041,1,0,0,0,0,0,0,16125,0,0,1,2064,0,0,0,0,0,0,4584,9375,1,50,2,2560,1440,5120,2880,2500,2,2,0,1925,0,1,1973,1973,9805333,0
981,19882586459,25627875,0,0,1,5120,2880,2393,128,-2648,20862,0,0,0,0,0,-1,60,329956,150794,3,176,0,0,5,212516,0,2,181818,7,11,16,2415,0,151668,32082,0,42,6557,18614291,1,0,0,0,0,0,0,15042,0,0,1,2064,0,0,0,0,0,0,4042,8125,1,50,2,2560,1440,5120,2880,2500,2,2,0,1926,0,1,1974,1974,9772749,0
982,19902286875,19700416,0,0,1,5120,2880,2393,128,-2648,21737,0,0,0,0,0,-1,52,111923,147542,3,176,0,0,5,235196,0,2,181818,7,10,12,54290,0,171209,41250,0,35,7083,11508583,1,0,0,0,0,0,0,23833,0,0,1,2064,0,0,0,0,0,0,5583,13542,1,50,2,2560,1440,5120,2880,2500,2,2,0,1927,0,1,1975,1975,12060291,0
983,19922624250,20337375,0,0,1,5120,2880,2393,128,-2647,23841,0,0,0,0,0,-1,63,2964499,199297,3,176,0,0,5,250156,0,2,181818,7,11,16,142706,0,2429791,52959,0,44,7476,7371833,1,0,0,0,0,0,0,37417,0,0,1,2064,0,0,0,0,0,0,9917,20166,1,50,2,2560,1440,5120,2880,2500,2,2,0,1928,0,1,1976,1976,12060291,0
984,19949956834,27332584,0,0,1,5120,2880,2393,128,-2647,22197,0,0,0,0,0,-1,52,480286,139212,3,176,0,0,5,258832,0,2,181818,7,10,15,1331,0,149209,33584,0,36,7227,21471458,1,0,0,0,0,0,0,14833,0,0,1,2064,0,0,0,0,0,0,3875,8416,1,50,2,2560,1440,5120,2880,2500,2,2,0,1929,0,1,1977,1977,12293125,0
985,19970668084,20711250,0,0,1,5120,2880,2393,128,-2647,23752,0,0,0,0,0,-1,64,495624,197206,7,2972,0,0,5,260668,0,2,181818,7,11,15,127919,0,241833,59291,0,44,7508,9792708,1,0,0,0,0,0,0,31875,0,0,1,2064,0,0,0,0,0,0,7375,19708,1,50,2,2560,1440,5120,2880,2500,2,2,0,1930,0,1,1978,1978,12614500,0
986,19991883000,21214916,0,0,1,5120,2880,2393,128,-2647,22290,0,0,0,0,0,-1,56,7615749,143040,6,9920,0,0,5,281044,0,2,181818,7,10,17,149626,0,194458,42958,0,38,7248,6526041,1,0,0,0,0,0,0,16500,0,0,1,2064,0,0,0,0,0,0,4208,9333,1,50,2,2560,1440,5120,2880,2500,2,2,0,1931,0,1,1979,1979,12614500,0
987,20018535375,26652375,0,0,1,5120,2880,2393,128,-2647,21622,0,0,0,0,0,-1,55,609999,150878,3,176,0,0,5,287452,0,2,181818,7,10,17,61253,0,159290,54083,0,38,7023,18548625,1,0,0,0,0,0,0,33917,0,0,1,2064,0,0,0,0,0,0,9875,17916,1,50,2,2560,1440,5120,2880,2500,2,2,0,1932,0,1,1980,1980,9946500,0
988,20039055000,20519625,0,0,1,5120,2880,2393,129,-2647,20392,0,0,0,0,0,-1,68,2988332,198590,3,176,0,0,5,292132,0,2,181818,7,11,16,100417,0,180582,79750,0,49,6311,7766917,1,0,0,0,0,0,0,23375,0,0,1,2064,0,0,0,0,0,0,3083,15583,1,50,2,2560,1440,5120,2880,2500,2,2,0,1933,0,1,1981,1981,12496750,0
989,20058648417,19593417,0,0,1,5120,2880,2393,129,-2647,17467,0,0,0,0,0,-1,57,8049879,166337,3,176,0,0,5,290944,0,2,181818,7,10,16,142413,0,158500,463749,0,40,5630,5438083,1,0,0,0,0,0,0,15709,0,0,1,2064,0,0,0,0,0,0,3917,8583,1,50,2,2560,1440,5120,2880,2500,2,2,0,1934,0,1,1982,1982,12496750,0
990,20082893542,24245125,0,0,1,5120,2880,2393,129,-2647,16560,0,0,0,0,0,-1,65,129166,174832,3,176,0,0,5,290728,0,2,181818,7,11,16,1375,0,163625,32626,0,47,5078,17201041,1,0,0,0,0,0,0,17542,0,0,1,2064,0,0,0,0,0,0,4583,9458,1,50,2,2560,1440,5120,2880,2500,2,2,0,1935,0,1,1983,1983,12015166,0
991,20100879042,17985500,0,0,1,5120,2880,2393,129,-2647,12669,0,0,0,0,0,-1,58,137458,163123,3,176,0,0,5,323128,0,2,181818,7,10,12,54837,0,156164,41126,0,41,4026,11475542,1,0,0,0,0,0,0,26458,0,0,1,2064,0,0,0,0,0,0,6833,14250,1,50,2,2560,1440,5120,2880,2500,2,2,0,1936,0,1,1984,1984,9968208,0
992,20117758875,16879833,0,0,1,5120,2880,2393,129,-2646,13432,0,0,0,0,0,-1,71,183082,214496,3,176,0,0,5,342712,0,2,181818,7,11,14,42249,0,196957,39375,0,52,3960,8762834,1,0,0,0,0,0,0,25917,0,0,1,2064,0,0,0,0,0,0,6000,15167,1,50,2,2560,1440,5120,2880,2500,2,2,0,1937,0,1,1985,1985,11730625,0
993,20134238292,16479417,0,0,1,5120,2880,2393,129,-2646,11202,0,0,0,0,0,-1,67,290376,179123,3,176,0,0,5,367156,0,2,181818,7,10,13,57959,0,181793,53833,0,50,3492,10090667,1,0,0,0,0,0,0,25666,0,0,1,2064,0,0,0,0,0,0,5500,16084,1,50,2,2560,1440,5120,2880,2500,2,2,0,1938,0,1,1986,1986,11539791,0
994,20150988709,16750417,0,0,1,5120,2880,2393,129,-2646,11327,0,0,0,0,0,-1,68,150797,187205,5,1724,0,0,5,367156,0,2,181818,7,10,13,52669,0,216624,48084,0,50,3533,9852458,1,0,0,0,0,0,0,28000,0,0,1,2064,0,0,0,0,0,0,6458,15291,1,50,2,2560,1440,5120,2880,2500,2,2,0,1939,0,1,1987,1987,10035374,0
995,20167740209,16751500,0,0,1,5120,2880,2393,129,-2646,11871,0,0,0,0,0,-1,76,3787914,222881,3,176,0,0,5,392752,0,2,181818,7,11,14,52250,0,190250,44627,0,57,3484,5168625,1,0,0,0,0,0,0,28042,0,0,1,2064,0,0,0,0,0,0,6042,16416,1,50,2,2560,1440,5120,2880,2500,2,2,0,1940,0,1,1988,1988,11708125,0
996,20184220792,16480583,0,0,1,5120,2880,2393,129,-2646,10082,0,0,0,0,0,-1,67,332997,176545,3,176,0,0,5,416152,0,2,181818,7,10,15,87167,0,156040,59375,0,50,3116,10008167,1,0,0,0,0,0,0,27375,0,0,1,2064,0,0,0,0,0,0,6834,14750,1,50,2,2560,1440,5120,2880,2500,2,2,0,1941,0,1,1989,1989,11578333,0
997,20200568584,16347792,0,0,1,5120,2880,2393,129,-2646,9426,0,0,0,0,0,-1,67,648250,160294,3,176,0,0,5,424000,0,2,181818,7,10,15,114835,0,156417,49250,0,50,2898,10147958,1,0,0,0,0,0,0,26167,0,0,1,2064,0,0,0,0,0,0,5291,14958,1,50,2,2560,1440,5120,2880,2500,2,2,0,1942,0,1,1990,1990,10086208,0
998,20217560750,16992166,0,0,1,5120,2880,2393,129,-2646,10438,0,0,0,0,0,-1,78,2979708,230041,3,176,0,0,5,452116,0,2,181818,7,11,16,52584,0,181875,50208,0,59,2933,6191834,1,0,0,0,0,0,0,27375,0,0,1,2064,0,0,0,0,0,0,5208,15583,1,50,2,2560,1440,5120,2880,2500,2,2,0,1943,0,1,1991,1991,11685875,0
999,20233362750,15802000,0,0,1,5120,2880,2393,129,-2646,8282,0,0,0,0,0,-1,68,178753,180334,3,176,0,0,5,452332,0,2,181818,7,10,13,52916,0,151043,41167,0,51,2513,10236208,1,0,0,0,0,0,0,26583,0,0,1,2064,0,0,0,0,0,0,6000,14167,1,50,2,2560,1440,5120,2880,2500,2,2,0,1944,0,1,1992,1992,11392874,0
1000,20249397750,16035000,0,0,1,5120,2880,2393,129,-2646,8003,0,0,0,0,0,-1,69,122169,154206,3,176,0,0,5,481600,0,2,181818,7,10,13,48372,0,132000,41751,0,52,2414,11163500,1,0,0,0,0,0,0,30000,0,0,1,2064,0,0,0,0,0,0,5917,17458,1,50,2,2560,1440,5120,2880,2500,2,2,0,1945,0,1,1993,1993,10012374,0
1001,20266258000,16860250,0,0,1,5120,2880,2393,129,-2646,9106,0,0,0,0,0,-1,78,2175044,196082,3,176,0,0,5,482068,0,2,181818,7,11,14,53375,0,160250,43544,0,59,2544,8295375,1,0,0,0,0,0,0,19833,0,0,1,2064,0,0,0,0,0,0,3791,11959,1,50,2,2560,1440,5120,2880,2500,2,2,0,1946,0,1,1994,1994,10334124,0
1002,20282716042,16458042,0,0,1,5120,2880,2393,129,-2646,7744,0,0,0,0,0,-1,69,117792,143920,3,176,0,0,5,482176,0,2,181818,7,10,12,43627,0,132417,42085,0,52,2329,11540083,1,0,0,0,0,0,0,32167,0,0,1,2064,0,0,0,0,0,0,6458,18667,1,50,2,2560,1440,5120,2880,2500,2,2,0,1947,0,1,1995,1995,10337333,0
1003,20299176209,16460167,0,0,1,5120,2880,2393,129,-2646,7640,0,0,0,0,0,-1,69,122001,148751,3,176,0,0,5,482284,0,2,181818,7,10,13,49959,0,126459,39209,0,52,2293,11747875,1,0,0,0,0,0,0,31667,0,0,1,2064,0,0,0,0,0,0,6583,19417,1,50,2,2560,1440,5120,2880,2500,2,2,0,1948,0,1,1996,1996,10067208,0
1004,20316033084,16856875,0,0,1,5120,2880,2393,128,-2645,9190,0,0,0,0,0,-1,78,1962669,200747,3,176,0,0,5,482068,0,2,181818,7,11,12,1460,0,158375,34627,0,60,2524,8800541,1,0,0,0,0,0,0,35833,0,0,1,2064,0,0,0,0,0,0,6584,20375,1,50,2,2560,1440,5120,2880,2500,2,2,0,1949,0,1,1997,1997,10348375,0
1005,20332524250,16491166,0,0,1,5120,2880,2393,128,-2645,7640,0,0,0,0,0,-1,69,118421,156338,3,176,0,0,5,482068,0,2,181818,7,10,12,57249,0,135375,43958,0,52,2293,11753709,1,0,0,0,0,0,0,35125,0,0,1,2064,0,0,0,0,0,0,5459,22541,1,50,2,2560,1440,5120,2880,2500,2,2,0,1950,0,1,1998,1998,10275874,0
1006,20348891750,16367500,0,0,1,5120,2880,2393,128,-2645,7640,0,0,0,0,0,-1,69,123917,154207,3,176,0,0,5,482068,0,2,181818,7,10,13,51585,0,126459,47458,0,52,2293,12225791,1,0,0,0,0,0,0,38209,0,0,1,2064,0,0,0,0,0,0,8500,20750,1,50,2,2560,1440,5120,2880,2500,2,2,0,1951,0,1,1999,1999,10053874,0
1007,20365673209,16781459,0,0,1,5120,2880,2393,128,-2645,8953,0,0,0,0,0,-1,77,2043169,160790,3,176,0,0,5,482500,0,2,181818,7,11,12,4043,0,147043,32460,0,59,2485,9184250,1,0,0,0,0,0,0,29958,0,0,1,2064,0,0,0,0,0,0,3625,20042,1,50,2,2560,1440,5120,2880,2500,2,2,0,1952,0,1,2000,2000,10363083,0
1008,20382063417,16390208,0,0,1,5120,2880,2393,128,-2645,7634,0,0,0,0,0,-1,69,116124,142626,6,3776,0,0,5,476452,0,2,181818,7,10,10,1583,0,137708,28542,0,52,2293,12369375,1,0,0,0,0,0,0,35792,0,0,1,2064,0,0,0,0,0,0,6959,20709,1,50,2,2560,1440,5120,2880,2500,2,2,0,1953,0,1,2001,2001,10295708,0
1009,20398628500,16565083,0,0,1,5120,2880,2393,128,-2645,7636,0,0,0,0,0,-1,69,120080,131879,3,176,0,0,5,476452,0,2,181818,7,10,11,38748,0,119541,36667,0,52,2293,12633958,1,0,0,0,0,0,0,28542,0,0,1,2064,0,0,0,0,0,0,4208,17291,1,50,2,2560,1440,5120,2880,2500,2,2,0,1954,0,1,2002,2002,9964750,0
1010,20415588542,16960042,0,0,1,5120,2880,2393,128,-2645,9155,0,0,0,0,0,-1,78,2192246,186667,3,176,0,0,5,476092,0,2,181818,7,11,12,1585,0,152290,25332,0,60,2517,9122458,1,0,0,0,0,0,0,20791,0,0,1,2064,0,0,0,0,0,0,2792,13750,1,50,2,2560,1440,5120,2880,2500,2,2,0,1955,0,1,2003,2003,10231124,0
1011,20432050875,16462333,0,0,1,5120,2880,2393,128,-2645,7631,0,0,0,0,0,-1,68,114997,130662,3,176,0,0,5,475984,0,2,181818,7,10,10,917,0,131208,33084,0,52,2293,12497041,1,0,0,0,0,0,0,31250,0,0,1,2064,0,0,0,0,0,0,5542,18167,1,50,2,2560,1440,5120,2880,2500,2,2,0,1956,0,1,2004,2004,10284833,0
1012,20448779209,16728334,0,0,1,5120,2880,2393,128,-2645,7632,0,0,0,0,0,-1,69,113338,140547,4,1400,0,0,5,475984,0,2,181818,7,10,10,917,0,133500,30208,0,52,2293,12689875,1,0,0,0,0,0,0,21542,0,0,1,2064,0,0,0,0,0,0,3500,12875,1,50,2,2560,1440,5120,2880,2500,2,2,0,1957,0,1,2005,2005,9970000,0
1013,20465621292,16842083,0,0,1,5120,2880,2393,128,-2645,8840,0,0,0,0,0,-1,77,2224583,176623,3,176,0,0,5,476200,0,2,181818,7,11,11,1541,0,140833,30250,0,59,2465,9065083,1,0,0,0,0,0,0,31583,0,0,1,2064,0,0,0,0,0,0,6208,19334,1,50,2,2560,1440,5120,2880,2500,2,2,0,1958,0,1,2006,2006,9916874,0
1014,20482003042,16381750,0,0,1,5120,2880,2393,128,-2645,7635,0,0,0,0,0,-1,69,112251,137415,3,176,0,0,5,476200,0,2,181818,7,10,11,24582,0,122166,39251,0,52,2293,12441500,1,0,0,0,0,0,0,29750,0,0,1,2064,0,0,0,0,0,0,4542,18333,1,50,2,2560,1440,5120,2880,2500,2,2,0,1959,0,1,2007,2007,10207125,0
1015,20498532959,16529917,0,0,1,5120,2880,2393,128,-2645,7631,0,0,0,0,0,-1,68,112539,144500,3,176,0,0,5,476200,0,2,181818,7,10,10,1376,0,122626,28750,0,52,2293,12670833,1,0,0,0,0,0,0,13416,0,0,1,2064,0,0,0,0,0,0,3042,8292,1,50,2,2560,1440,5120,2880,2500,2,2,0,1960,0,1,2008,2008,9955541,0
1016,20515592292,17059333,0,0,1,5120,2880,2393,128,-2645,9472,0,0,0,0,0,-1,78,2283829,189712,3,176,0,0,5,475552,0,2,181818,7,11,11,1752,0,151959,26166,0,60,2581,9218833,1,0,0,0,0,0,0,14833,0,0,1,2064,0,0,0,0,0,0,3125,9666,1,50,2,2560,1440,5120,2880,2500,2,2,0,1961,0,1,2009,2009,10307291,0
1017,20532018292,16426000,0,0,1,5120,2880,2393,128,-2645,7636,0,0,0,0,0,-1,69,113379,132746,3,176,0,0,5,475552,0,2,181818,7,10,11,36627,0,124877,40710,0,52,2293,12500208,1,0,0,0,0,0,0,32834,0,0,1,2064,0,0,0,0,0,0,6250,21375,1,50,2,2560,1440,5120,2880,2500,2,2,0,1962,0,1,2010,2010,10218250,0
1018,20548454000,16435708,0,0,1,5120,2880,2393,128,-2645,7640,0,0,0,0,0,-1,69,113959,136413,3,176,0,0,5,475552,0,2,181818,7,10,13,51041,0,112832,35293,0,52,2293,12720000,1,0,0,0,0,0,0,27750,0,0,1,2064,0,0,0,0,0,0,5708,17375,1,50,2,2560,1440,5120,2880,2500,2,2,0,1963,0,1,2011,2011,10002625,0
1019,20565368500,16914500,0,0,1,5120,2880,2393,128,-2645,8843,0,0,0,0,0,-1,77,2363506,179463,3,176,0,0,5,475552,0,2,181818,7,11,12,1168,0,156666,26041,0,59,2465,9372875,1,0,0,0,0,0,0,17083,0,0,1,2064,0,0,0,0,0,0,4834,9542,1,50,2,2560,1440,5120,2880,2500,2,2,0,1964,0,1,2012,2012,10343250,0
1020,20581992417,16623917,0,0,1,5120,2880,2393,128,-2645,7631,0,0,0,0,0,-1,68,114664,145041,3,176,0,0,5,475552,0,2,181818,7,10,10,1459,0,132417,30584,0,52,2293,12461542,1,0,0,0,0,0,0,30959,0,0,1,2064,0,0,0,0,0,0,5708,19875,1,50,2,2560,1440,5120,2880,2500,2,2,0,1965,0,1,2013,2013,10280583,0
1021,20598791459,16799042,0,0,1,5120,2880,2393,128,-2645,7559,0,0,0,0,0,-1,68,116161,139244,3,176,0,0,5,484264,0,2,181818,7,10,10,1291,0,129541,27458,0,52,2269,12577541,1,0,0,0,0,0,0,29083,0,0,1,2064,0,0,0,0,0,0,4833,18542,1,50,2,2560,1440,5120,2880,2500,2,2,0,1966,0,1,2014,2014,10013874,0
1022,20616498292,17706833,0,0,1,5120,2880,2393,128,-2645,9613,0,0,0,0,0,-1,78,2192582,199168,3,176,0,0,5,492832,0,2,181818,7,11,11,1832,0,184875,28958,0,60,2671,9023084,1,0,0,0,0,0,0,36916,0,0,1,2064,0,0,0,0,0,0,8458,20083,1,50,2,2560,1440,5120,2880,2500,2,2,0,1967,0,1,2015,2015,10422666,0
1023,20633473834,16975542,0,0,1,5120,2880,2393,128,-2645,9318,0,0,0,0,0,-1,69,118673,164624,3,176,0,0,5,498448,0,2,181818,7,10,12,59165,0,141750,46209,0,52,2852,11314209,1,0,0,0,0,0,0,25917,0,0,1,2064,0,0,0,0,0,0,7542,11791,1,50,2,2560,1440,5120,2880,2500,2,2,0,1968,0,1,2016,2016,10321041,0
1024,20650750042,17276208,0,0,1,5120,2880,2393,128,-2645,11453,0,0,0,0,0,-1,70,137962,186123,5,356448,0,0,5,498124,0,2,181818,7,10,13,61668,0,158834,41959,0,52,3563,11046333,1,0,0,0,0,0,0,16542,0,0,1,2064,0,0,0,0,0,0,4458,9292,1,50,2,2560,1440,5120,2880,2500,2,2,0,1969,0,1,2017,2017,10133750,0
1025,20668108042,17358000,0,0,1,5120,2880,2393,128,-2645,14483,0,0,0,0,0,-1,79,3198204,229001,6,126400,0,0,5,505864,0,2,181818,7,11,14,54959,0,173917,37082,0,59,4325,5922459,1,0,0,0,0,0,0,27459,0,0,1,2064,0,0,0,0,0,0,5542,16541,1,50,2,2560,1440,5120,2880,2500,2,2,0,1970,0,1,2018,2018,10192083,0
1026,20684975917,16867875,0,0,1,5120,2880,2393,128,-2645,14839,0,0,0,0,0,-1,69,189292,166124,3,176,0,0,5,505864,0,2,181818,7,10,14,66667,0,157500,57626,0,52,4691,9744250,1,0,0,0,0,0,0,23750,0,0,1,2064,0,0,0,0,0,0,4459,14375,1,50,2,2560,1440,5120,2880,2500,2,2,0,1971,0,1,2019,2019,10345124,0
1027,20703203709,18227792,0,0,1,5120,2880,2393,128,-2645,14847,0,0,0,0,0,-1,70,1944413,184580,7,128308,0,0,5,497980,0,2,181818,7,10,15,82748,0,206290,41458,0,52,4691,9523625,1,0,0,0,0,0,0,29000,0,0,1,2064,0,0,0,0,0,0,5917,16666,1,50,2,2560,1440,5120,2880,2500,2,2,0,1972,0,1,2020,2020,10252624,0
1028,20722195834,18992125,0,0,1,5120,2880,2393,128,-2645,18689,0,0,0,0,0,-1,79,7405996,241007,3,176,0,0,5,490312,0,2,181818,7,11,14,51085,0,198875,40540,0,60,5690,1498542,1,0,0,0,0,0,0,38375,0,0,1,2064,0,0,0,0,0,0,9958,17625,1,50,2,2560,1440,5120,2880,2500,2,2,0,1973,0,1,2021,2021,10462125,0
1029,20740930625,18734791,0,0,1,5120,2880,2393,128,-2645,17156,0,0,0,0,0,-1,69,6727126,189085,3,176,0,0,5,490312,0,2,181818,7,10,15,77749,0,155041,45083,0,52,5462,5573834,1,0,0,0,0,0,0,15875,0,0,1,2064,0,0,0,0,0,0,3708,9667,1,50,2,2560,1440,5120,2880,2500,2,2,0,1974,0,1,2022,2022,10426374,0
1030,20765886667,24956042,0,0,1,5120,2880,2393,128,-2645,17142,0,0,0,0,0,-1,68,136041,146962,3,176,0,0,5,490312,0,2,181818,7,10,11,1083,0,128375,28459,0,52,5462,20181167,1,0,0,0,0,0,0,15917,0,0,1,2064,0,0,0,0,0,0,3875,9500,1,50,2,2560,1440,5120,2880,2500,2,2,0,1975,0,1,2023,2023,10387541,0
1031,20784931542,19044875,0,0,1,5120,2880,2393,128,-2645,18392,0,0,0,0,0,-1,78,5075956,212503,3,176,0,0,5,489736,0,2,181818,7,11,13,49626,0,156751,39708,0,59,5639,5643833,1,0,0,0,0,0,0,27292,0,0,1,2064,0,0,0,0,0,0,7500,14292,1,50,2,2560,1440,5120,2880,2500,2,2,0,1976,0,1,2024,2024,10249249,0
1032,20803770292,18838750,0,0,1,5120,2880,2393,128,-2645,17156,0,0,0,0,0,-1,69,1434793,206331,3,176,0,0,5,489736,0,2,181818,7,10,15,89705,0,160875,66626,0,52,5462,9570333,1,0,0,0,0,0,0,35000,0,0,1,2064,0,0,0,0,0,0,8416,18208,1,50,2,2560,1440,5120,2880,2500,2,2,0,1977,0,1,2025,2025,10611125,0
1033,20823091917,19321625,0,0,1,5120,2880,2393,128,-2645,18769,0,0,0,0,0,-1,79,8896491,251459,3,176,0,0,5,490060,0,2,181818,7,11,14,56998,0,202249,40833,0,60,5706,21625,1,0,0,0,0,0,0,40750,0,0,1,2064,0,0,0,0,0,0,6667,22375,1,50,2,2560,1440,5120,2880,2500,2,2,0,1978,0,1,2026,2026,10579541,0
1034,20849244459,26152542,0,0,1,5120,2880,2393,128,-2645,17142,0,0,0,0,0,-1,68,125295,152090,3,176,0,0,5,489952,0,2,181818,7,10,11,1250,0,115959,28291,0,52,5462,21527750,1,0,0,0,0,0,0,15250,0,0,1,2064,0,0,0,0,0,0,4000,9208,1,50,2,2560,1440,5120,2880,2500,2,2,0,1979,0,1,2027,2027,10105749,0
1035,20868200209,18955750,0,0,1,5120,2880,2393,128,-2645,18357,0,0,0,0,0,-1,78,5263585,209585,3,176,0,0,5,489520,0,2,181818,7,11,13,51334,0,167167,41708,0,59,5634,5434667,1,0,0,0,0,0,0,26250,0,0,1,2064,0,0,0,0,0,0,5875,14125,1,50,2,2560,1440,5120,2880,2500,2,2,0,1980,0,1,2028,2028,10331374,0
1036,20886696250,18496041,0,0,1,5120,2880,2393,128,-2645,17156,0,0,0,0,0,-1,69,1703170,171882,3,176,0,0,5,489520,0,2,181818,7,10,15,83582,0,183917,48999,0,52,5462,9492625,1,0,0,0,0,0,0,32292,0,0,1,2064,0,0,0,0,0,0,6833,19583,1,50,2,2560,1440,5120,2880,2500,2,2,0,1981,0,1,2029,2029,10475624,0
1037,20906038750,19342500,0,0,1,5120,2880,2393,128,-2645,17156,0,0,0,0,0,-1,69,4347370,193699,3,176,0,0,5,489520,0,2,181818,7,10,15,99747,0,170834,48793,0,52,5462,7722875,1,0,0,0,0,0,0,34458,0,0,1,2064,0,0,0,0,0,0,6291,20625,1,50,2,2560,1440,5120,2880,2500,2,2,0,1982,0,1,2030,2030,10474333,0
1038,20933113250,27074500,0,0,1,5120,2880,2393,128,-2645,18830,0,0,0,0,0,-1,78,5886498,192040,3,176,0,0,5,490060,0,2,181818,7,11,12,1333,0,150126,32957,0,60,5719,14614416,1,0,0,0,0,0,0,16583,0,0,1,2064,0,0,0,0,0,0,4125,8917,1,50,2,2560,1440,5120,2880,2500,2,2,0,1983,0,1,2031,2031,10124166,0
1039,20952171792,19058542,0,0,1,5120,2880,2393,128,-2645,18099,0,0,0,0,0,-1,69,162956,190540,3,176,0,0,5,490060,0,2,181818,7,10,12,54375,0,153416,44918,0,52,5779,11411541,1,0,0,0,0,0,0,26416,0,0,1,2064,0,0,0,0,0,0,6417,15250,1,50,2,2560,1440,5120,2880,2500,2,2,0,1984,0,1,2032,2032,10398916,0
1040,20971039542,18867750,0,0,1,5120,2880,2393,128,-2645,19418,0,0,0,0,0,-1,78,7141000,250334,3,176,0,0,5,489952,0,2,181818,7,11,14,58623,0,224541,45251,0,59,5971,2032167,1,0,0,0,0,0,0,29834,0,0,1,2064,0,0,0,0,0,0,6625,16583,1,50,2,2560,1440,5120,2880,2500,2,2,0,1985,0,1,2033,2033,10561500,0
1041,20990694000,19654458,0,0,1,5120,2880,2393,128,-2645,18299,0,0,0,0,0,-1,69,4967590,208251,3,176,0,0,5,514360,0,2,181818,7,10,15,94918,0,177125,56000,0,52,5843,6701208,1,0,0,0,0,0,0,16625,0,0,1,2064,0,0,0,0,0,0,4083,10042,1,50,2,2560,1440,5120,2880,2500,2,2,0,1986,0,1,2034,2034,10200124,0
1042,21017175625,26481625,0,0,1,5120,2880,2393,128,-2645,18219,0,0,0,0,0,-1,68,148255,193665,3,176,0,0,5,514504,0,2,181818,7,10,11,1208,0,153501,32292,0,52,5821,20036750,1,0,0,0,0,0,0,16500,0,0,1,2064,0,0,0,0,0,0,4791,8750,1,50,2,2560,1440,5120,2880,2500,2,2,0,1987,0,1,2035,2035,10384749,0
1043,21036034250,18858625,0,0,1,5120,2880,2392,128,-2645,19891,0,0,0,0,0,-1,79,5168041,222793,3,176,0,0,5,525952,0,2,181818,7,11,13,54917,0,225374,42042,0,60,6088,3985417,1,0,0,0,0,0,0,27875,0,0,1,2064,0,0,0,0,0,0,5042,15750,1,50,2,2560,1440,5120,2880,2500,2,2,0,1988,0,1,2036,2036,10499291,0
1044,21055272750,19238500,0,0,1,5120,2880,2392,128,-2645,19088,0,0,0,0,0,-1,69,1998706,192459,3,176,0,0,5,540352,0,2,181818,7,10,15,91292,0,177126,52209,0,52,6106,8553083,1,0,0,0,0,0,0,32250,0,0,1,2064,0,0,0,0,0,0,6125,15250,1,50,2,2560,1440,5120,2880,2500,2,2,0,1989,0,1,2037,2037,10296416,0
1045,21075238209,19965459,0,0,1,5120,2880,2392,128,-2645,20292,0,0,0,0,0,-1,78,10439998,233660,3,176,0,0,5,540460,0,2,181818,7,11,14,62876,0,237083,40834,0,59,6279,12166,1,0,0,0,0,0,0,32042,0,0,1,2064,0,0,0,0,0,0,5333,19625,1,50,2,2560,1440,5120,2880,2500,2,2,0,1990,0,1,2038,2038,10224708,0
1046,21100153959,24915750,0,0,1,5120,2880,2392,128,-2645,20043,0,0,0,0,0,-1,68,128713,153467,3,176,0,0,5,575884,0,2,181818,7,10,11,1043,0,131458,28833,0,52,6429,19157416,1,0,0,0,0,0,0,14458,0,0,1,2064,0,0,0,0,0,0,3166,8667,1,50,2,2560,1440,5120,2880,2500,2,2,0,1991,0,1,2039,2039,10435250,0
1047,21120149417,19995458,0,0,1,5120,2880,2392,128,-2646,22729,0,0,0,0,0,-1,79,6092955,236207,3,176,0,0,5,593704,0,2,181818,7,11,13,56334,0,202918,48626,0,60,7022,3617667,1,0,0,0,0,0,0,24625,0,0,1,2064,0,0,0,0,0,0,6583,13625,1,50,2,2560,1440,5120,2880,2500,2,2,0,1992,0,1,2040,2040,10785750,0
1048,21140782709,20633292,0,0,1,5120,2880,2392,128,-2646,21455,0,0,0,0,0,-1,69,4372410,199041,3,176,0,0,5,609796,0,2,181818,7,10,15,92542,0,153292,71249,0,52,6895,7586333,1,0,0,0,0,0,0,24208,0,0,1,2064,0,0,0,0,0,0,4917,14167,1,50,2,2560,1440,5120,2880,2500,2,2,0,1993,0,1,2041,2041,10444916,0
1049,21166884959,26102250,0,0,1,5120,2880,2392,128,-2646,21752,0,0,0,0,0,-1,69,127000,154961,20,30188,0,0,5,610012,0,2,181818,7,10,11,1042,0,152499,28958,0,52,6993,20073917,1,0,0,0,0,0,0,15917,0,0,1,2064,0,0,0,0,0,0,4500,8958,1,50,2,2560,1440,5120,2880,2500,2,2,0,1994,0,1,2042,2042,10589916,0
1050,21187264042,20379083,0,0,1,5120,2880,2392,128,-2646,23112,0,0,0,0,0,-1,77,7559998,208712,3,176,0,0,5,592840,0,2,181818,7,11,13,46040,0,216168,41415,0,58,7225,2810292,1,0,0,0,0,0,0,33500,0,0,1,2064,0,0,0,0,0,0,6417,18750,1,50,2,2560,1440,5120,2880,2500,2,2,0,1995,0,1,2043,2043,10366750,0
1051,21208414625,21150583,0,0,1,5120,2880,2392,128,-2646,21998,0,0,0,0,0,-1,68,6598626,192878,3,176,0,0,5,599752,0,2,181818,7,10,15,94958,0,147251,57499,0,51,7082,7209625,1,0,0,0,0,0,0,16292,0,0,1,2064,0,0,0,0,0,0,3333,9708,1,50,2,2560,1440,5120,2880,2500,2,2,0,1996,0,1,2044,2044,10279916,0
1052,21233884750,25470125,0,0,1,5120,2880,2392,128,-2646,23611,0,0,0,0,0,-1,77,7659419,159126,3,176,0,0,5,590680,0,2,181818,7,11,12,1417,0,138917,28126,0,59,7340,10583250,1,0,0,0,0,0,0,14250,0,0,1,2064,0,0,0,0,0,0,2667,8459,1,50,2,2560,1440,5120,2880,2500,2,2,0,1997,0,1,2045,2045,12410083,0
1053,21254079542,20194792,0,0,1,5120,2880,2392,128,-2646,22131,0,0,0,0,0,-1,68,958462,200041,3,176,0,0,5,582904,0,2,181818,7,10,14,120623,0,152750,97125,0,51,7127,10499667,1,0,0,0,0,0,0,33917,0,0,1,2064,0,0,0,0,0,0,7959,19792,1,50,2,2560,1440,5120,2880,2500,2,2,0,1998,0,1,2046,2046,12605416,0
1054,21275319625,21240083,0,0,1,5120,2880,2392,129,-2647,23483,0,0,0,0,0,-1,77,11885166,218333,3,176,0,0,5,582796,0,2,181818,7,11,16,59461,0,237375,38667,0,58,7324,15958,1,0,0,0,0,0,0,15209,0,0,1,2064,0,0,0,0,0,0,3666,8583,1,50,2,2560,1440,5120,2880,2500,2,2,0,1999,0,1,2047,2047,10301000,0
1055,21300563584,25243959,0,0,1,5120,2880,2392,129,-2647,22119,0,0,0,0,0,-1,67,120206,151375,3,176,0,0,5,582796,0,2,181818,7,10,11,1168,0,121833,28250,0,51,7127,19012583,1,0,0,0,0,0,0,46666,0,0,1,2064,0,0,0,0,0,0,10416,27167,1,50,2,2560,1440,5120,2880,2500,2,2,0,2000,0,1,2048,2048,10207958,0
1056,21321054500,20490916,0,0,1,5120,2880,2392,129,-2647,23821,0,0,0,0,0,-1,78,8257376,203784,3,176,0,0,5,583120,0,2,181818,7,11,13,52418,0,207750,44376,0,59,7386,2507042,1,0,0,0,0,0,0,20334,0,0,1,2064,0,0,0,0,0,0,2417,12750,1,50,2,2560,1440,5120,2880,2500,2,2,0,2001,0,1,2049,2049,12663749,0
1057,21341988417,20933917,0,0,1,5120,2880,2392,129,-2647,22131,0,0,0,0,0,-1,68,7350294,170411,3,176,0,0,5,583120,0,2,181818,7,10,15,115750,0,146708,90624,0,51,7127,6709875,1,0,0,0,0,0,0,13250,0,0,1,2064,0,0,0,0,0,0,2583,8250,1,50,2,2560,1440,5120,2880,2500,2,2,0,2002,0,1,2050,2050,12368875,0
1058,21367507875,25519458,0,0,1,5120,2880,2392,129,-2647,22333,0,0,0,0,0,-1,67,135461,141714,3,176,0,0,5,591652,0,2,181818,7,10,13,1081,0,122416,28625,0,51,7194,19312250,1,0,0,0,0,0,0,14209,0,0,1,2064,0,0,0,0,0,0,3375,8792,1,50,2,2560,1440,5120,2880,2500,2,2,0,2003,0,1,2051,2051,10203166,0
1059,21387957375,20449500,0,0,1,5120,2880,2392,129,-2647,23682,0,0,0,0,0,-1,78,8503293,196372,3,176,0,0,5,608356,0,2,181818,7,11,13,58126,0,214792,39041,0,59,7409,2014709,1,0,0,0,0,0,0,33834,0,0,1,2064,0,0,0,0,0,0,6208,21708,1,50,2,2560,1440,5120,2880,2500,2,2,0,2004,0,1,2052,2052,12558374,0
1060,21409179750,21222375,0,0,1,5120,2880,2392,129,-2647,22670,0,0,0,0,0,-1,69,7644085,188543,3,176,0,0,5,577648,0,2,181818,7,10,15,83292,0,145166,136333,0,52,7300,6566958,1,0,0,0,0,0,0,14958,0,0,1,2064,0,0,0,0,0,0,2958,9042,1,50,2,2560,1440,5120,2880,2500,2,2,0,2005,0,1,2053,2053,10647374,0
1061,21434669792,25490042,0,0,1,5120,2880,2392,129,-2647,24591,0,0,0,0,0,-1,78,7495751,197377,3,176,0,0,5,546796,0,2,181818,7,11,12,1708,0,171790,26916,0,60,7648,9465209,1,0,0,0,0,0,0,34333,0,0,1,2064,0,0,0,0,0,0,6125,22084,1,50,2,2560,1440,5120,2880,2500,2,2,0,2006,0,1,2054,2054,10271458,0
1062,21455539500,20869708,0,0,1,5120,2880,2392,129,-2647,22580,0,0,0,0,0,-1,69,2312663,178458,3,176,0,0,5,528616,0,2,181818,7,10,14,88207,0,147957,54500,0,52,7270,9911792,1,0,0,0,0,0,0,19166,0,0,1,2064,0,0,0,0,0,0,4792,11000,1,50,2,2560,1440,5120,2880,2500,2,2,0,2007,0,1,2055,2055,10625374,0
1063,21477596459,22056959,0,0,1,5120,2880,2392,129,-2648,23754,0,0,0,0,0,-1,78,12174374,199334,3,176,0,0,5,504280,0,2,181818,7,11,14,59207,0,197917,39334,0,59,7433,12000,1,0,0,0,0,0,0,32167,0,0,1,2064,0,0,0,0,0,0,4875,19291,1,50,2,2560,1440,5120,2880,2500,2,2,0,2008,0,1,2056,2056,10637875,0
1064,21502179167,24582708,0,0,1,5120,2880,2392,129,-2648,22413,0,0,0,0,0,-1,69,123617,154583,3,176,0,0,5,504280,0,2,181818,7,10,13,55913,0,126917,42334,0,52,7217,16900834,1,0,0,0,0,0,0,26459,0,0,1,2064,0,0,0,0,0,0,5416,16167,1,50,2,2560,1440,5120,2880,2500,2,2,0,2009,0,1,2057,2057,10204249,0
1065,21523764542,21585375,0,0,1,5120,2880,2393,129,-2648,23794,0,0,0,0,0,-1,80,10630459,235080,3,176,0,0,5,496432,0,2,181818,7,12,15,63249,0,207668,41000,0,60,7386,11583,1,0,0,0,0,0,0,36333,0,0,1,2064,0,0,0,0,0,0,8250,20541,1,50,2,2560,1440,5120,2880,2500,2,2,0,2010,0,1,2058,2058,10419166,0
1066,21550418959,26654417,0,0,1,5120,2880,2393,129,-2648,22173,0,0,0,0,0,-1,68,125960,142375,3,176,0,0,5,490564,0,2,181818,7,10,11,1375,0,124585,27583,0,52,7139,20836834,1,0,0,0,0,0,0,14000,0,0,1,2064,0,0,0,0,0,0,3666,7834,1,50,2,2560,1440,5120,2880,2500,2,2,0,2011,0,1,2059,2059,10257333,0
1067,21571773209,21354250,0,0,1,5120,2880,2393,128,-2648,22082,0,0,0,0,0,-1,77,9720167,223289,3,176,0,0,5,474940,0,2,181818,7,11,13,51584,0,208542,38499,0,58,6865,1694792,1,0,0,0,0,0,0,33167,0,0,1,2064,0,0,0,0,0,0,7208,19333,1,50,2,2560,1440,5120,2880,2500,2,2,0,2012,0,1,2060,2060,10343999,0
1068,21592657459,20884250,0,0,1,5120,2880,2393,128,-2648,17625,0,0,0,0,0,-1,69,8652956,180294,7,6092,0,0,5,429724,0,2,181818,7,10,15,81501,0,186042,42292,0,51,5623,5838042,1,0,0,0,0,0,0,16166,0,0,1,2064,0,0,0,0,0,0,5041,8167,1,50,2,2560,1440,5120,2880,2500,2,2,0,2013,0,1,2061,2061,10103916,0
1069,21616138167,23480708,0,0,1,5120,2880,2393,128,-2648,15159,0,0,0,0,0,-1,66,128872,160424,3,176,0,0,5,408952,0,2,181818,7,10,11,1166,0,123542,31418,0,50,4813,18575875,1,0,0,0,0,0,0,16000,0,0,1,2064,0,0,0,0,0,0,4917,9209,1,50,2,2560,1440,5120,2880,2500,2,2,0,2014,0,1,2062,2062,10333500,0
1070,21634079667,17941500,0,0,1,5120,2880,2393,128,-2649,13675,0,0,0,0,0,-1,77,4153545,202921,3,176,0,0,5,366364,0,2,181818,7,11,13,59209,0,160334,38959,0,58,4034,6141625,1,0,0,0,0,0,0,24791,0,0,1,2064,0,0,0,0,0,0,6417,13083,1,50,2,2560,1440,5120,2880,2500,2,2,0,2015,0,1,2063,2063,11760208,0
1071,21650722959,16643292,0,0,1,5120,2880,2393,128,-2649,10947,0,0,0,0,0,-1,58,133754,165505,3,176,0,0,5,309016,0,2,181818,7,10,13,55292,0,193375,47084,0,41,3452,10199125,1,0,0,0,0,0,0,31167,0,0,1,2064,0,0,0,0,0,0,8166,17667,1,50,2,2560,1440,5120,2880,2500,2,2,0,2016,0,1,2064,2064,10119291,0
1072,21667286792,16563833,0,0,1,5120,2880,2393,128,-2649,11589,0,0,0,0,0,-1,66,153369,193040,3,176,0,0,5,290044,0,2,181818,7,11,14,54709,0,214416,45084,0,47,3441,9197375,1,0,0,0,0,0,0,27458,0,0,1,2064,0,0,0,0,0,0,7125,15417,1,50,2,2560,1440,5120,2880,2500,2,2,0,2017,0,1,2065,2065,11601041,0
1073,21683731500,16444708,0,0,1,5120,2880,2393,128,-2649,9842,0,0,0,0,0,-1,56,115668,177664,5,1028,0,0,5,280576,0,2,181818,7,10,13,64083,0,220335,40625,0,38,3101,10528417,1,0,0,0,0,0,0,27042,0,0,1,2064,0,0,0,0,0,0,6291,15042,1,50,2,2560,1440,5120,2880,2500,2,2,0,2018,0,1,2066,2066,11450083,0
1074,21700033375,16301875,0,0,1,5120,2880,2393,128,-2649,9955,0,0,0,0,0,-1,57,135332,167914,4,944,0,0,5,287956,0,2,181818,7,10,13,51166,0,156416,55457,0,39,3133,10853125,1,0,0,0,0,0,0,24666,0,0,1,2064,0,0,0,0,0,0,4583,14125,1,50,2,2560,1440,5120,2880,2500,2,2,0,2019,0,1,2067,2067,11438875,0
1075,21716563042,16529667,0,0,1,5120,2880,2393,128,-2649,11529,0,0,0,0,0,-1,66,141119,177458,3,176,0,0,5,288388,0,2,181818,7,11,14,59376,0,179917,41791,0,47,3337,9742209,1,0,0,0,0,0,0,14417,0,0,1,2064,0,0,0,0,0,0,3250,8375,1,50,2,2560,1440,5120,2880,2500,2,2,0,2020,0,1,2068,2068,11315374,0
1076,21732838834,16275792,0,0,1,5120,2880,2393,128,-2649,9284,0,0,0,0,0,-1,56,115337,131836,3,176,0,0,5,303076,0,2,181818,7,10,13,50957,0,136542,37249,0,39,2910,11353292,1,0,0,0,0,0,0,29542,0,0,1,2064,0,0,0,0,0,0,5333,16750,1,50,2,2560,1440,5120,2880,2500,2,2,0,2021,0,1,2069,2069,11277249,0
1077,21749695542,16856708,0,0,1,5120,2880,2393,128,-2649,8783,0,0,0,0,0,-1,58,114583,147417,3,176,0,0,5,290116,0,2,181818,7,10,13,63417,0,141041,39582,0,41,2731,11771875,1,0,0,0,0,0,0,24750,0,0,1,2064,0,0,0,0,0,0,7375,12375,1,50,2,2560,1440,5120,2880,2500,2,2,0,2022,0,1,2070,2070,11336541,0
1078,21766426750,16731208,0,0,1,5120,2880,2393,128,-2649,9775,0,0,0,0,0,-1,67,136832,186248,3,176,0,0,5,295588,0,2,181818,7,11,14,56501,0,162584,53291,0,48,2824,10228416,1,0,0,0,0,0,0,24291,0,0,1,2064,0,0,0,0,0,0,3917,16000,1,50,2,2560,1440,5120,2880,2500,2,2,0,2023,0,1,2071,2071,11249000,0
1079,21782763000,16336250,0,0,1,5120,2880,2393,128,-2649,7916,0,0,0,0,0,-1,60,118250,153120,3,176,0,0,5,360244,0,2,181818,7,10,13,55001,0,152167,36583,0,43,2432,11400958,1,0,0,0,0,0,0,33667,0,0,1,2064,0,0,0,0,0,0,8708,18084,1,50,2,2560,1440,5120,2880,2500,2,2,0,2024,0,1,2072,2072,11098249,0
1080,21799179709,16416709,0,0,1,5120,2880,2393,128,-2649,7830,0,0,0,0,0,-1,61,120711,147999,3,176,0,0,5,379756,0,2,181818,7,10,12,25500,0,144543,43165,0,44,2400,11912667,1,0,0,0,0,0,0,33291,0,0,1,2064,0,0,0,0,0,0,7708,17958,1,50,2,2560,1440,5120,2880,2500,2,2,0,2025,0,1,2073,2073,9932916,0
1081,21815948000,16768291,0,0,1,5120,2880,2393,128,-2650,9300,0,0,0,0,0,-1,70,153457,184964,3,176,0,0,5,389800,0,2,181818,7,11,11,1415,0,190584,34876,0,52,2610,10788958,1,0,0,0,0,0,0,24250,0,0,1,2064,0,0,0,0,0,0,3166,14917,1,50,2,2560,1440,5120,2880,2500,2,2,0,2026,0,1,2074,2074,11265041,0
1082,21832416125,16468125,0,0,1,5120,2880,2393,128,-2650,7811,0,0,0,0,0,-1,60,117750,143120,3,176,0,0,5,409600,0,2,181818,7,10,10,2040,0,146250,31542,0,44,2396,12017583,1,0,0,0,0,0,0,25417,0,0,1,2064,0,0,0,0,0,0,4833,16042,1,50,2,2560,1440,5120,2880,2500,2,2,0,2027,0,1,2075,2075,9879249,0
1083,21849223250,16807125,0,0,1,5120,2880,2393,128,-2650,7754,0,0,0,0,0,-1,60,110249,147257,3,176,0,0,5,395200,0,2,181818,7,10,10,918,0,136249,27500,0,44,2377,12331958,1,0,0,0,0,0,0,37458,0,0,1,2064,0,0,0,0,0,0,9333,20959,1,50,2,2560,1440,5120,2880,2500,2,2,0,2028,0,1,2076,2076,11242999,0
1084,21865689000,16465750,0,0,1,5120,2880,2393,128,-2650,9073,0,0,0,0,0,-1,69,134213,173752,3,176,0,0,5,395092,0,2,181818,7,11,11,1291,0,144500,33625,0,51,2569,10892167,1,0,0,0,0,0,0,36291,0,0,1,2064,0,0,0,0,0,0,7000,21375,1,50,2,2560,1440,5120,2880,2500,2,2,0,2029,0,1,2077,2077,9901208,0
1085,21881900917,16211917,0,0,1,5120,2880,2393,128,-2650,7764,0,0,0,0,0,-1,61,106872,133579,13,22664,0,0,5,395092,0,2,181818,7,10,10,1085,0,140292,28000,0,44,2377,12413792,1,0,0,0,0,0,0,24083,0,0,1,2064,0,0,0,0,0,0,5041,14792,1,50,2,2560,1440,5120,2880,2500,2,2,0,2030,0,1,2078,2078,10912124,0
1086,21898490459,16589542,0,0,1,5120,2880,2393,128,-2650,7754,0,0,0,0,0,-1,60,103547,129922,3,176,0,0,5,395092,0,2,181818,7,10,10,835,0,124916,27459,0,44,2377,12830083,1,0,0,0,0,0,0,33125,0,0,1,2064,0,0,0,0,0,0,7208,17291,1,50,2,2560,1440,5120,2880,2500,2,2,0,2031,0,1,2079,2079,11093624,0
1087,21915232084,16741625,0,0,1,5120,2880,2393,128,-2650,9305,0,0,0,0,0,-1,70,151086,178126,3,176,0,0,5,395200,0,2,181818,7,11,11,1501,0,169667,29457,0,52,2607,11636792,1,0,0,0,0,0,0,32125,0,0,1,2064,0,0,0,0,0,0,4167,21500,1,50,2,2560,1440,5120,2880,2500,2,2,0,2032,0,1,2080,2080,9949250,0
1088,21931848584,16616500,0,0,1,5120,2880,2393,128,-2650,7754,0,0,0,0,0,-1,60,102830,132830,3,176,0,0,5,395200,0,2,181818,7,10,10,875,0,122001,28791,0,44,2377,12902708,1,0,0,0,0,0,0,49584,0,0,1,2064,0,0,0,0,0,0,12666,26958,1,50,2,2560,1440,5120,2880,2500,2,2,0,2033,0,1,2081,2081,11009958,0
1089,21948448500,16599916,0,0,1,5120,2880,2393,128,-2650,7754,0,0,0,0,0,-1,60,110831,138294,3,176,0,0,5,395200,0,2,181818,7,10,10,1042,0,128334,31249,0,44,2377,12980084,1,0,0,0,0,0,0,32125,0,0,1,2064,0,0,0,0,0,0,6667,19500,1,50,2,2560,1440,5120,2880,2500,2,2,0,2034,0,1,2082,2082,9879708,0
1090,21965311375,16862875,0,0,1,5120,2880,2393,128,-2650,8963,0,0,0,0,0,-1,69,134333,176041,3,176,0,0,5,388072,0,2,181818,7,11,11,1417,0,163624,28167,0,51,2549,11718708,1,0,0,0,0,0,0,33083,0,0,1,2064,0,0,0,0,0,0,8708,19000,1,50,2,2560,1440,5120,2880,2500,2,2,0,2035,0,1,2083,2083,11112458,0
1091,21981805459,16494084,0,0,1,5120,2880,2393,128,-2650,7754,0,0,0,0,0,-1,60,114042,126920,3,176,0,0,5,388072,0,2,181818,7,10,10,833,0,136417,27917,0,44,2377,12800917,1,0,0,0,0,0,0,30000,0,0,1,2064,0,0,0,0,0,0,4375,19208,1,50,2,2560,1440,5120,2880,2500,2,2,0,2036,0,1,2084,2084,11022749,0
1092,21998419875,16614416,0,0,1,5120,2880,2393,128,-2650,7754,0,0,0,0,0,-1,60,103328,137083,3,176,0,0,5,388072,0,2,181818,7,10,10,917,0,132207,30457,0,44,2377,12968792,1,0,0,0,0,0,0,32375,0,0,1,2064,0,0,0,0,0,0,5333,15500,1,50,2,2560,1440,5120,2880,2500,2,2,0,2037,0,1,2085,2085,10868999,0
1093,22015322584,16902709,0,0,1,5120,2880,2393,128,-2650,9410,0,0,0,0,0,-1,70,139828,156953,3,176,0,0,5,387532,0,2,181818,7,11,11,1207,0,139624,28792,0,52,2628,11820875,1,0,0,0,0,0,0,49292,0,0,1,2064,0,0,0,0,0,0,8958,28208,1,50,2,2560,1440,5120,2880,2500,2,2,0,2038,0,1,2086,2086,10834958,0
1094,22031783959,16461375,0,0,1,5120,2880,2393,128,-2650,7754,0,0,0,0,0,-1,60,106046,128456,3,176,0,0,5,387532,0,2,181818,7,10,10,751,0,125000,27416,0,44,2377,12785708,1,0,0,0,0,0,0,35250,0,0,1,2064,0,0,0,0,0,0,6625,14417,1,50,2,2560,1440,5120,2880,2500,2,2,0,2039,0,1,2087,2087,9841833,0
1095,22048180292,16396333,0,0,1,5120,2880,2393,128,-2650,7754,0,0,0,0,0,-1,60,104710,116579,3,176,0,0,5,387532,0,2,181818,7,10,10,1083,0,126376,24541,0,44,2377,13057917,1,0,0,0,0,0,0,28292,0,0,1,2064,0,0,0,0,0,0,6000,16041,1,50,2,2560,1440,5120,2880,2500,2,2,0,2040,0,1,2088,2088,10855416,0
1096,22065387750,17207458,0,0,1,5120,2880,2393,128,-2650,8963,0,0,0,0,0,-1,69,132871,154667,3,176,0,0,5,387856,0,2,181818,7,11,11,871,0,134376,29957,0,51,2549,12117250,1,0,0,0,0,0,0,42042,0,0,1,2064,0,0,0,0,0,0,9041,23834,1,50,2,2560,1440,5120,2880,2500,2,2,0,2041,0,1,2089,2089,9812291,0
1097,22082115709,16727959,0,0,1,5120,2880,2393,128,-2650,7754,0,0,0,0,0,-1,60,112416,149295,3,176,0,0,5,387856,0,2,181818,7,10,10,1166,0,123624,30834,0,44,2377,12671500,1,0,0,0,0,0,0,55917,0,0,1,2064,0,0,0,0,0,0,11167,34625,1,50,2,2560,1440,5120,2880,2500,2,2,0,2042,0,1,2090,2090,11083499,0
1098,22098740542,16624833,0,0,1,5120,2880,2393,128,-2650,7754,0,0,0,0,0,-1,60,117623,141124,3,176,0,0,5,387856,0,2,181818,7,10,10,1625,0,156459,30417,0,44,2377,12477500,1,0,0,0,0,0,0,35375,0,0,1,2064,0,0,0,0,0,0,8334,20917,1,50,2,2560,1440,5120,2880,2500,2,2,0,2043,0,1,2091,2091,10814208,0
1099,22115885125,17144583,0,0,1,5120,2880,2393,128,-2650,9450,0,0,0,0,0,-1,70,135081,165797,3,176,0,0,5,387856,0,2,181818,7,11,11,1043,0,144501,35377,0,52,2636,11316333,1,0,0,0,0,0,0,48334,0,0,1,2064,0,0,0,0,0,0,12709,25833,1,50,2,2560,1440,5120,2880,2500,2,2,0,2044,0,1,2092,2092,11030374,0
1100,22131898667,16013542,0,0,1,5120,2880,2393,128,-2650,7744,0,0,0,0,0,-1,60,101792,114955,3,176,0,0,5,343252,0,2,181818,7,10,11,41750,0,132251,40458,0,43,2376,12049791,1,0,0,0,0,0,0,31333,0,0,1,2064,0,0,0,0,0,0,4875,20583,1,50,2,2560,1440,5120,2880,2500,2,2,0,2045,0,1,2093,2093,10749833,0
1101,22148646375,16747708,0,0,1,5120,2880,2393,128,-2650,8258,0,0,0,0,0,-1,56,101499,112420,3,176,0,0,5,298756,0,2,181818,7,10,11,1040,0,132875,28918,0,40,2564,12781042,1,0,0,0,0,0,0,40042,0,0,1,2064,0,0,0,0,0,0,10791,21000,1,50,2,2560,1440,5120,2880,2500,2,2,0,2046,0,1,2094,2094,9781250,0
1102,22165509834,16863459,0,0,1,5120,2880,2393,128,-2650,9946,0,0,0,0,0,-1,63,126040,153128,3,176,0,0,5,266968,0,2,181818,7,11,11,1207,0,162833,28375,0,45,2890,11484167,1,0,0,0,0,0,0,49667,0,0,1,2064,0,0,0,0,0,0,5167,33958,1,50,2,2560,1440,5120,2880,2500,2,2,0,2047,0,1,2095,2095,11120166,0
1103,22182081500,16571666,0,0,1,5120,2880,2393,128,-2650,9245,0,0,0,0,0,-1,51,86372,115423,3,176,0,0,5,218844,0,2,181818,7,10,10,4039,0,134833,27833,0,35,2922,12473750,1,0,0,0,0,0,0,24458,0,0,1,2064,0,0,0,0,0,0,4792,15125,1,50,2,2560,1440,5120,2880,2500,2,2,0,2048,0,1,2096,2096,9745625,0
1104,22198990542,16909042,0,0,1,5120,2880,2393,128,-2650,10142,0,0,0,0,0,-1,51,99958,108836,3,176,0,0,5,211956,0,2,181818,7,10,10,3957,0,143209,31583,0,35,3221,12161333,1,0,0,0,0,0,0,27083,0,0,1,2064,0,0,0,0,0,0,6334,15500,1,50,2,2560,1440,5120,2880,2500,2,2,0,2049,0,1,2097,2097,11101458,0
1105,22216538084,17547542,0,0,1,5120,2880,2393,128,-2650,13008,0,0,0,0,0,-1,62,124336,163170,3,176,0,0,5,205908,0,2,181818,7,11,12,29999,0,147918,51751,0,43,3892,10958250,1,0,0,0,0,0,0,38375,0,0,1,2064,0,0,0,0,0,0,8708,21334,1,50,2,2560,1440,5120,2880,2500,2,2,0,2050,0,1,2098,2098,11095124,0
1106,22233598917,17060833,0,0,1,5120,2880,2393,128,-2650,13205,0,0,0,0,0,-1,52,116254,145292,3,176,0,0,5,205460,0,2,181818,7,10,12,60708,0,145875,40083,0,35,4239,11372458,1,0,0,0,0,0,0,18583,0,0,1,2064,0,0,0,0,0,0,4959,9958,1,50,2,2560,1440,5120,2880,2500,2,2,0,2051,0,1,2099,2099,11207083,0
1107,22250279375,16680458,0,0,1,5120,2880,2393,128,-2650,14258,0,0,0,0,0,-1,52,107705,128505,3,176,0,0,5,205348,0,2,181818,7,10,13,50003,0,157543,32624,0,35,4590,11010000,1,0,0,0,0,0,0,24292,0,0,1,2064,0,0,0,0,0,0,5916,13208,1,50,2,2560,1440,5120,2880,2500,2,2,0,2052,0,1,2100,2100,11310916,0
1108,22267510375,17231000,0,0,1,5120,2880,2393,128,-2650,16213,0,0,0,0,0,-1,61,140918,183920,3,176,0,0,5,205460,0,2,181818,7,11,14,51584,0,178083,44459,0,42,5004,9715541,1,0,0,0,0,0,0,25167,0,0,1,2064,0,0,0,0,0,0,6708,13792,1,50,2,2560,1440,5120,2880,2500,2,2,0,2053,0,1,2101,2101,11539666,0
1109,22284286125,16775750,0,0,1,5120,2880,2393,128,-2650,15784,0,0,0,0,0,-1,52,392245,123831,3,176,0,0,5,205460,0,2,181818,7,10,15,144666,0,162208,46249,0,35,5096,10349667,1,0,0,0,0,0,0,24333,0,0,1,2064,0,0,0,0,0,0,6375,11875,1,50,2,2560,1440,5120,2880,2500,2,2,0,2054,0,1,2102,2102,11539666,0
1110,22302332042,18045917,0,0,1,5120,2880,2393,128,-2650,15776,0,0,0,0,0,-1,52,2167663,133334,3,176,0,0,5,205348,0,2,181818,7,10,19,132791,0,133501,69333,0,35,5096,10080250,1,0,0,0,0,0,0,30000,0,0,1,2064,0,0,0,0,0,0,7791,17292,1,50,2,2560,1440,5120,2880,2500,2,2,0,2055,0,1,2103,2103,11493500,0
1111,22321138500,18806458,0,0,1,5120,2880,2393,128,-2650,17427,0,0,0,0,0,-1,62,3706416,171164,3,176,0,0,5,204452,0,2,181818,7,11,20,142710,0,149916,49834,0,43,5346,6940292,1,0,0,0,0,0,0,24583,0,0,1,2064,0,0,0,0,0,0,5292,12833,1,50,2,2560,1440,5120,2880,2500,2,2,0,2056,0,1,2104,2104,11647791,0
1112,22338806459,17667959,0,0,1,5120,2880,2393,128,-2650,15776,0,0,0,0,0,-1,52,5522456,154836,3,176,0,0,5,198404,0,2,181818,7,10,19,142248,0,151833,49126,0,35,5096,6250209,1,0,0,0,0,0,0,17625,0,0,1,2064,0,0,0,0,0,0,4583,9750,1,50,2,2560,1440,5120,2880,2500,2,2,0,2057,0,1,2105,2105,11719250,0
1113,22365322625,26516166,0,0,1,5120,2880,2393,128,-2650,15786,0,0,0,0,0,-1,51,110999,121171,3,176,0,0,5,198404,0,2,181818,7,10,15,1333,0,136918,30958,0,35,5096,22225125,1,0,0,0,0,0,0,15125,0,0,1,2064,0,0,0,0,0,0,3542,9375,1,50,2,2560,1440,5120,2880,2500,2,2,0,2058,0,1,2106,2106,11505625,0
1114,22383758417,18435792,0,0,1,5120,2880,2393,128,-2649,16985,0,0,0,0,0,-1,61,116671,163165,3,176,0,0,5,198628,0,2,181818,7,11,13,51207,0,158707,34915,0,42,5268,11526250,1,0,0,0,0,0,0,26042,0,0,1,2064,0,0,0,0,0,0,4833,15709,1,50,2,2560,1440,5120,2880,2500,2,2,0,2059,0,1,2107,2107,11538458,0
1115,22400417167,16658750,0,0,1,5120,2880,2393,128,-2649,15784,0,0,0,0,0,-1,52,135460,130499,3,176,0,0,5,198628,0,2,181818,7,10,15,145585,0,130541,42750,0,35,5096,10568708,1,0,0,0,0,0,0,24000,0,0,1,2064,0,0,0,0,0,0,5625,14416,1,50,2,2560,1440,5120,2880,2500,2,2,0,2060,0,1,2108,2108,11582125,0
1116,22418936167,18519000,0,0,1,5120,2880,2393,128,-2649,17310,0,0,0,0,0,-1,63,1245165,210916,6,3080,0,0,5,198628,0,2,181818,7,11,20,141163,0,604875,42584,0,43,5322,9432292,1,0,0,0,0,0,0,31375,0,0,1,2064,0,0,0,0,0,0,6500,18334,1,50,2,2560,1440,5120,2880,2500,2,2,0,2061,0,1,2109,2109,11582125,0
1117,22436632959,17696792,0,0,1,5120,2880,2393,128,-2649,15776,0,0,0,0,0,-1,52,3339922,139042,3,176,0,0,5,198628,0,2,181818,7,10,19,126584,0,136043,45375,0,35,5096,8783625,1,0,0,0,0,0,0,17792,0,0,1,2064,0,0,0,0,0,0,5084,10000,1,50,2,2560,1440,5120,2880,2500,2,2,0,2062,0,1,2110,2110,11724874,0
1118,22454657792,18024833,0,0,1,5120,2880,2393,128,-2649,15776,0,0,0,0,0,-1,52,4255832,132164,3,176,0,0,5,198628,0,2,181818,7,10,19,139958,0,155208,44334,0,35,5096,8078500,1,0,0,0,0,0,0,37334,0,0,1,2064,0,0,0,0,0,0,10250,19125,1,50,2,2560,1440,5120,2880,2500,2,2,0,2063,0,1,2111,2111,11536083,0
1119,22473336750,18678958,0,0,1,5120,2880,2393,128,-2649,17098,0,0,0,0,0,-1,61,5700422,209379,3,176,0,0,5,198516,0,2,181818,7,11,20,146545,0,183292,4387584,0,42,5289,4439167,1,0,0,0,0,0,0,18750,0,0,1,2064,0,0,0,0,0,0,4750,11375,1,50,2,2560,1440,5120,2880,2500,2,2,0,2064,0,1,2112,2112,11585500,0
1120,22499600709,26263959,0,0,1,5120,2880,2393,128,-2649,15789,0,0,0,0,0,-1,51,499127,140626,3,176,0,0,5,213412,0,2,181818,7,10,15,1249,0,160167,36123,0,35,5097,21156500,1,0,0,0,0,0,0,14083,0,0,1,2064,0,0,0,0,0,0,3334,8834,1,50,2,2560,1440,5120,2880,2500,2,2,0,2065,0,1,2113,2113,11478250,0
1121,22517761750,18161041,0,0,1,5120,2880,2393,128,-2649,17505,0,0,0,0,0,-1,62,164875,182332,3,176,0,0,5,213300,0,2,181818,7,11,13,49582,0,217875,41584,0,43,5362,9697625,1,0,0,0,0,0,0,25000,0,0,1,2064,0,0,0,0,0,0,7084,13375,1,50,2,2560,1440,5120,2880,2500,2,2,0,2066,0,1,2114,2114,11901499,0
1122,22534963084,17201334,0,0,1,5120,2880,2393,128,-2649,15787,0,0,0,0,0,-1,52,801587,166919,3,176,0,0,5,222064,0,2,181818,7,10,15,140500,0,156083,53916,0,35,5097,10342834,1,0,0,0,0,0,0,32083,0,0,1,2064,0,0,0,0,0,0,8250,18416,1,50,2,2560,1440,5120,2880,2500,2,2,0,2067,0,1,2115,2115,11901499,0
1123,22553757542,18794458,0,0,1,5120,2880,2393,128,-2649,15779,0,0,0,0,0,-1,52,3075544,162129,3,176,0,0,5,228112,0,2,181818,7,10,19,153831,0,151624,49290,0,35,5097,9805292,1,0,0,0,0,0,0,23084,0,0,1,2064,0,0,0,0,0,0,5417,13875,1,50,2,2560,1440,5120,2880,2500,2,2,0,2068,0,1,2116,2116,11950874,0
1124,22573186167,19428625,0,0,1,5120,2880,2393,128,-2649,16988,0,0,0,0,0,-1,61,5534253,198086,3,176,0,0,5,228224,0,2,181818,7,11,20,155085,0,172542,4403624,0,42,5269,5539625,1,0,0,0,0,0,0,20292,0,0,1,2064,0,0,0,0,0,0,6166,10625,1,50,2,2560,1440,5120,2880,2500,2,2,0,2069,0,1,2117,2117,12087333,0
1125,22599555542,26369375,0,0,1,5120,2880,2393,128,-2649,15795,0,0,0,0,0,-1,52,494413,147627,9,27284,0,0,5,228224,0,2,181818,7,10,15,1042,0,181293,32999,0,35,5097,21086542,1,0,0,0,0,0,0,18125,0,0,1,2064,0,0,0,0,0,0,5750,9541,1,50,2,2560,1440,5120,2880,2500,2,2,0,2070,0,1,2118,2118,11930124,0
1126,22617776375,18220833,0,0,1,5120,2880,2392,129,-2648,17410,0,0,0,0,0,-1,62,146665,165039,3,176,0,0,5,227664,0,2,181818,7,11,13,52748,0,204416,51458,0,43,5343,9788584,1,0,0,0,0,0,0,24625,0,0,1,2064,0,0,0,0,0,0,7000,13667,1,50,2,2560,1440,5120,2880,2500,2,2,0,2071,0,1,2119,2119,12213374,0
1127,22635425084,17648709,0,0,1,5120,2880,2392,129,-2648,15793,0,0,0,0,0,-1,53,1134333,174745,9,12644,0,0,5,227664,0,2,181818,7,10,15,142085,0,179042,76916,0,35,5097,10302292,1,0,0,0,0,0,0,34208,0,0,1,2064,0,0,0,0,0,0,8666,19042,1,50,2,2560,1440,5120,2880,2500,2,2,0,2072,0,1,2120,2120,12213374,0
1128,22654469375,19044291,0,0,1,5120,2880,2392,129,-2648,15786,0,0,0,0,0,-1,53,3000291,175459,10,21548,0,0,5,234580,0,2,181818,7,10,19,146168,0,199377,64082,0,35,5097,9306917,1,0,0,0,0,0,0,42542,0,0,1,2064,0,0,0,0,0,0,13125,20500,1,50,2,2560,1440,5120,2880,2500,2,2,0,2073,0,1,2121,2121,12119541,0
1129,22673880667,19411292,0,0,1,5120,2880,2392,129,-2648,23990,0,0,0,0,0,-1,61,5471501,205454,3,176,0,0,5,227104,0,2,181818,7,11,20,132710,0,175124,4045001,0,42,7603,4724708,1,0,0,0,0,0,0,20167,0,0,1,2064,0,0,0,0,0,0,5375,11750,1,50,2,2560,1440,5120,2880,2500,2,2,0,2074,0,1,2122,2122,12255666,0
1130,22700453375,26572708,0,0,1,5120,2880,2392,129,-2648,22791,0,0,0,0,0,-1,51,462663,122712,3,176,0,0,5,221056,0,2,181818,7,10,15,1375,0,134500,34750,0,35,7431,20188667,1,0,0,0,0,0,0,51250,0,0,1,2064,0,0,0,0,0,0,12542,27458,1,50,2,2560,1440,5120,2880,2500,2,2,0,2075,0,1,2123,2123,12196875,0
1131,22720596125,20142750,0,0,1,5120,2880,2392,129,-2648,24330,0,0,0,0,0,-1,62,1055794,201540,3,176,0,0,5,212292,0,2,181818,7,11,15,161709,0,191209,53793,0,43,7659,9564125,1,0,0,0,0,0,0,40875,0,0,1,2064,0,0,0,0,0,0,12167,23375,1,50,2,2560,1440,5120,2880,2500,2,2,0,2076,0,1,2124,2124,12196875,0
1132,22741150709,20554584,0,0,1,5120,2880,2392,129,-2648,17876,0,0,0,0,0,-1,52,8278376,128589,3,176,0,0,5,218340,0,2,181818,7,10,19,143125,0,146709,46750,0,35,5796,6073584,1,0,0,0,0,0,0,14333,0,0,1,2064,0,0,0,0,0,0,3208,8916,1,50,2,2560,1440,5120,2880,2500,2,2,0,2077,0,1,2125,2125,12336249,0
1133,22765894875,24744166,0,0,1,5120,2880,2392,129,-2648,17886,0,0,0,0,0,-1,51,113166,124458,3,176,0,0,5,218340,0,2,181818,7,10,15,1042,0,142707,31333,0,35,5796,19922667,1,0,0,0,0,0,0,15917,0,0,1,2064,0,0,0,0,0,0,4041,9667,1,50,2,2560,1440,5120,2880,2500,2,2,0,2078,0,1,2126,2126,11713624,0
1134,22783905459,18010584,0,0,1,5120,2880,2392,129,-2648,13163,0,0,0,0,0,-1,64,157337,169252,3,176,0,0,5,279928,0,2,181818,7,11,15,84707,0,168000,57169,0,45,3950,10730666,1,0,0,0,0,0,0,26583,0,0,1,2064,0,0,0,0,0,0,5667,15500,1,50,2,2560,1440,5120,2880,2500,2,2,0,2079,0,1,2127,2127,9811249,0
1135,22800043334,16137875,0,0,1,5120,2880,2392,129,-2648,10490,0,0,0,0,0,-1,53,144417,152413,3,176,0,0,5,267184,0,2,181818,7,10,15,150208,0,163292,53043,0,36,3325,10695708,1,0,0,0,0,0,0,22625,0,0,1,2064,0,0,0,0,0,0,5875,12875,1,50,2,2560,1440,5120,2880,2500,2,2,0,2080,0,1,2128,2128,11595333,0
1136,22817510042,17466708,0,0,1,5120,2880,2392,129,-2648,10868,0,0,0,0,0,-1,66,601502,209545,3,176,0,0,5,286372,0,2,181818,7,11,20,109167,0,193083,57917,0,47,3154,9212542,1,0,0,0,0,0,0,31125,0,0,1,2064,0,0,0,0,0,0,7750,16167,1,50,2,2560,1440,5120,2880,2500,2,2,0,2081,0,1,2129,2129,10013874,0
1137,22833608750,16098708,0,0,1,5120,2880,2392,129,-2648,8851,0,0,0,0,0,-1,60,170957,167418,3,176,0,0,5,309736,0,2,181818,7,10,15,56375,0,171708,55334,0,43,2744,10384250,1,0,0,0,0,0,0,28917,0,0,1,2064,0,0,0,0,0,0,6750,15458,1,50,2,2560,1440,5120,2880,2500,2,2,0,2082,0,1,2130,2130,11376458,0
1138,22850090167,16481417,0,0,1,5120,2880,2392,129,-2648,8115,0,0,0,0,0,-1,66,161295,169919,3,176,0,0,5,414676,0,2,181818,7,10,13,62084,0,191459,45876,0,49,2469,10976333,1,0,0,0,0,0,0,24834,0,0,1,2064,0,0,0,0,0,0,4959,15375,1,50,2,2560,1440,5120,2880,2500,2,2,0,2083,0,1,2131,2131,11268750,0
1139,22866537500,16447333,0,0,1,5120,2880,2392,129,-2647,8493,0,0,0,0,0,-1,76,150462,188801,3,176,0,0,5,442900,0,2,181818,7,11,14,57751,0,153291,35834,0,57,2358,9846250,1,0,0,0,0,0,0,38375,0,0,1,2064,0,0,0,0,0,0,8416,21708,1,50,2,2560,1440,5120,2880,2500,2,2,0,2084,0,1,2132,2132,11385874,0
1140,22882432209,15894709,0,0,1,5120,2880,2392,129,-2647,6582,0,0,0,0,0,-1,64,113833,140707,3,176,0,0,5,446932,0,2,181818,7,10,11,1250,0,124249,30916,0,48,1966,11336875,1,0,0,0,0,0,0,34542,0,0,1,2064,0,0,0,0,0,0,6958,19875,1,50,2,2560,1440,5120,2880,2500,2,2,0,2085,0,1,2133,2133,10952499,0
1141,22898527084,16094875,0,0,1,5120,2880,2392,129,-2647,6461,0,0,0,0,0,-1,64,109296,119001,3,176,0,0,5,441604,0,2,181818,7,10,10,706,0,117041,26042,0,48,1927,12273542,1,0,0,0,0,0,0,38334,0,0,1,2064,0,0,0,0,0,0,8167,21500,1,50,2,2560,1440,5120,2880,2500,2,2,0,2086,0,1,2134,2134,9950500,0
1142,22915216375,16689291,0,0,1,5120,2880,2392,128,-2647,8308,0,0,0,0,0,-1,74,134587,148962,3,176,0,0,5,441280,0,2,181818,7,11,11,1001,0,129708,30208,0,56,2223,11664500,1,0,0,0,0,0,0,13167,0,0,1,2064,0,0,0,0,0,0,2292,8750,1,50,2,2560,1440,5120,2880,2500,2,2,0,2087,0,1,2135,2135,10869458,0
1143,22931680209,16463834,0,0,1,5120,2880,2392,128,-2647,6593,0,0,0,0,0,-1,63,111667,129539,3,176,0,0,5,450604,0,2,181818,7,10,10,709,0,115957,26417,0,47,1977,12828250,1,0,0,0,0,0,0,13834,0,0,1,2064,0,0,0,0,0,0,3166,8084,1,50,2,2560,1440,5120,2880,2500,2,2,0,2088,0,1,2136,2136,10955249,0
1144,22948225125,16544916,0,0,1,5120,2880,2392,128,-2647,6629,0,0,0,0,0,-1,63,113544,126005,3,176,0,0,5,457516,0,2,181818,7,10,10,665,0,116874,29209,0,47,1989,13053625,1,0,0,0,0,0,0,11666,0,0,1,2064,0,0,0,0,0,0,2083,7750,1,50,2,2560,1440,5120,2880,2500,2,2,0,2089,0,1,2137,2137,9959374,0
1145,22965230959,17005834,0,0,1,5120,2880,2392,128,-2647,7760,0,0,0,0,0,-1,72,137468,159584,3,176,0,0,5,464248,0,2,181818,7,11,11,1375,0,136626,32585,0,54,2135,11995792,1,0,0,0,0,0,0,12875,0,0,1,2064,0,0,0,0,0,0,2667,7750,1,50,2,2560,1440,5120,2880,2500,2,2,0,2090,0,1,2138,2138,11053791,0
1146,22982062500,16831541,0,0,1,5120,2880,2392,128,-2647,6545,0,0,0,0,0,-1,63,121415,133668,3,176,0,0,5,471124,0,2,181818,7,10,10,876,0,130915,29416,0,47,1961,12808750,1,0,0,0,0,0,0,15625,0,0,1,2064,0,0,0,0,0,0,3583,8625,1,50,2,2560,1440,5120,2880,2500,2,2,0,2091,0,1,2139,2139,11197208,0
1147,22998435542,16373042,0,0,1,5120,2880,2392,128,-2647,6509,0,0,0,0,0,-1,63,110084,139508,3,176,0,0,5,471016,0,2,181818,7,10,10,1208,0,119918,28791,0,47,1949,12535000,1,0,0,0,0,0,0,12708,0,0,1,2064,0,0,0,0,0,0,2916,8167,1,50,2,2560,1440,5120,2880,2500,2,2,0,2092,0,1,2140,2140,11045041,0
1148,23015550084,17114542,0,0,1,5120,2880,2392,128,-2647,8012,0,0,0,0,0,-1,73,143627,174957,3,176,0,0,5,471016,0,2,181818,7,11,11,1751,0,142791,28293,0,55,2163,11740958,1,0,0,0,0,0,0,15666,0,0,1,2064,0,0,0,0,0,0,3583,8916,1,50,2,2560,1440,5120,2880,2500,2,2,0,2093,0,1,2141,2141,11044125,0
1149,23032123084,16573000,0,0,1,5120,2880,2392,128,-2647,6431,0,0,0,0,0,-1,63,118375,136999,3,176,0,0,5,470908,0,2,181818,7,10,10,876,0,128209,28457,0,47,1923,12513917,1,0,0,0,0,0,0,14875,0,0,1,2064,0,0,0,0,0,0,3541,8375,1,50,2,2560,1440,5120,2880,2500,2,2,0,2094,0,1,2142,2142,9958083,0
1150,23048625500,16502416,0,0,1,5120,2880,2392,128,-2647,6386,0,0,0,0,0,-1,63,112121,133455,3,176,0,0,5,470692,0,2,181818,7,10,10,749,0,123000,27875,0,47,1908,12644417,1,0,0,0,0,0,0,13750,0,0,1,2064,0,0,0,0,0,0,3125,8125,1,50,2,2560,1440,5120,2880,2500,2,2,0,2095,0,1,2143,2143,11097875,0
1151,23065415917,16790417,0,0,1,5120,2880,2392,128,-2647,7684,0,0,0,0,0,-1,72,134046,156750,3,176,0,0,5,470908,0,2,181818,7,11,11,1168,0,138749,30916,0,54,2093,11618625,1,0,0,0,0,0,0,12375,0,0,1,2064,0,0,0,0,0,0,2583,7708,1,50,2,2560,1440,5120,2880,2500,2,2,0,2096,0,1,2144,2144,11234125,0
1152,23081852500,16436583,0,0,1,5120,2880,2392,128,-2647,6365,0,0,0,0,0,-1,63,115458,124754,3,176,0,0,5,481312,0,2,181818,7,10,10,791,0,125251,27833,0,47,1901,12488500,1,0,0,0,0,0,0,21916,0,0,1,2064,0,0,0,0,0,0,9250,9250,1,50,2,2560,1440,5120,2880,2500,2,2,0,2097,0,1,2145,2145,9986500,0
1153,23098929500,17077000,0,0,1,5120,2880,2392,128,-2647,6329,0,0,0,0,0,-1,63,120034,157412,3,176,0,0,5,488872,0,2,181818,7,10,10,792,0,133000,28874,0,47,1889,12806500,1,0,0,0,0,0,0,16583,0,0,1,2064,0,0,0,0,0,0,4166,8917,1,50,2,2560,1440,5120,2880,2500,2,2,0,2098,0,1,2146,2146,11291375,0
1154,23115570167,16640667,0,0,1,5120,2880,2392,128,-2646,7885,0,0,0,0,0,-1,73,142373,168580,3,176,0,0,5,489196,0,2,181818,7,11,11,1041,0,143458,29875,0,55,2120,11192583,1,0,0,0,0,0,0,49709,0,0,1,2064,0,0,0,0,0,0,11125,25500,1,50,2,2560,1440,5120,2880,2500,2,2,0,2099,0,1,2147,2147,10077749,0
1155,23131841250,16271083,0,0,1,5120,2880,2392,128,-2646,6329,0,0,0,0,0,-1,63,116335,128048,3,176,0,0,5,489196,0,2,181818,7,10,10,1374,0,127874,28666,0,47,1889,12561667,1,0,0,0,0,0,0,47792,0,0,1,2064,0,0,0,0,0,0,13209,25125,1,50,2,2560,1440,5120,2880,2500,2,2,0,2100,0,1,2148,2148,11154250,0
1156,23148161209,16319959,0,0,1,5120,2880,2392,128,-2646,6329,0,0,0,0,0,-1,63,105248,120916,3,176,0,0,5,489304,0,2,181818,7,10,10,874,0,116501,29042,0,47,1889,13035125,1,0,0,0,0,0,0,16000,0,0,1,2064,0,0,0,0,0,0,3500,9583,1,50,2,2560,1440,5120,2880,2500,2,2,0,2101,0,1,2149,2149,11156249,0
1157,23165271334,17110125,0,0,1,5120,2880,2392,128,-2646,7538,0,0,0,0,0,-1,72,140791,168039,3,176,0,0,5,488980,0,2,181818,7,11,11,915,0,138042,31167,0,54,2061,12206042,1,0,0,0,0,0,0,15916,0,0,1,2064,0,0,0,0,0,0,4042,8625,1,50,2,2560,1440,5120,2880,2500,2,2,0,2102,0,1,2150,2150,9972291,0
1158,23181515875,16244541,0,0,1,5120,2880,2392,128,-2646,6329,0,0,0,0,0,-1,63,106835,123957,3,176,0,0,5,488980,0,2,181818,7,10,10,916,0,123750,26041,0,47,1889,12901208,1,0,0,0,0,0,0,12792,0,0,1,2064,0,0,0,0,0,0,2708,8083,1,50,2,2560,1440,5120,2880,2500,2,2,0,2103,0,1,2151,2151,11142124,0
1159,23197880500,16364625,0,0,1,5120,2880,2392,128,-2646,6329,0,0,0,0,0,-1,63,102624,128500,3,176,0,0,5,488980,0,2,181818,7,10,10,875,0,114457,25333,0,47,1889,13350375,1,0,0,0,0,0,0,11709,0,0,1,2064,0,0,0,0,0,0,2208,7583,1,50,2,2560,1440,5120,2880,2500,2,2,0,2104,0,1,2152,2152,11188624,0
1160,23214822667,16942167,0,0,1,5120,2880,2392,128,-2646,7955,0,0,0,0,0,-1,73,145787,160497,3,176,0,0,5,488656,0,2,181818,7,11,11,1126,0,135375,28958,0,55,2134,12469958,1,0,0,0,0,0,0,13250,0,0,1,2064,0,0,0,0,0,0,3333,7708,1,50,2,2560,1440,5120,2880,2500,2,2,0,2105,0,1,2153,2153,11129833,0
1161,23231195792,16373125,0,0,1,5120,2880,2392,128,-2646,6329,0,0,0,0,0,-1,63,101125,116747,3,176,0,0,5,488512,0,2,181818,7,10,10,708,0,114626,25083,0,47,1889,13420208,1,0,0,0,0,0,0,11792,0,0,1,2064,0,0,0,0,0,0,2292,7416,1,50,2,2560,1440,5120,2880,2500,2,2,0,2106,0,1,2154,2154,11163499,0
1162,23247647375,16451583,0,0,1,5120,2880,2392,128,-2646,6329,0,0,0,0,0,-1,63,107123,120998,3,176,0,0,5,488512,0,2,181818,7,10,10,665,0,123459,26333,0,47,1889,13768500,1,0,0,0,0,0,0,11500,0,0,1,2064,0,0,0,0,0,0,2750,7000,1,50,2,2560,1440,5120,2880,2500,2,2,0,2107,0,1,2155,2155,9967499,0
1163,23264770042,17122667,0,0,1,5120,2880,2392,128,-2646,7573,0,0,0,0,0,-1,72,142827,161667,3,176,0,0,5,488764,0,2,181818,7,11,11,1250,0,142626,30209,0,54,2066,12611833,1,0,0,0,0,0,0,13083,0,0,1,2064,0,0,0,0,0,0,2792,7750,1,50,2,2560,1440,5120,2880,2500,2,2,0,2108,0,1,2156,2156,11074833,0
1164,23281556209,16786167,0,0,1,5120,2880,2392,128,-2646,6329,0,0,0,0,0,-1,63,113752,141834,3,176,0,0,5,488764,0,2,181818,7,10,10,999,0,128793,27959,0,47,1889,13306250,1,0,0,0,0,0,0,14791,0,0,1,2064,0,0,0,0,0,0,3625,8125,1,50,2,2560,1440,5120,2880,2500,2,2,0,2109,0,1,2157,2157,11092250,0
1165,23297853209,16297000,0,0,1,5120,2880,2392,128,-2646,6329,0,0,0,0,0,-1,63,100831,118836,3,176,0,0,5,488764,0,2,181818,7,10,10,874,0,113584,25125,0,47,1889,13271875,1,0,0,0,0,0,0,12209,0,0,1,2064,0,0,0,0,0,0,2959,7167,1,50,2,2560,1440,5120,2880,2500,2,2,0,2110,0,1,2158,2158,9923708,0
1166,23314662042,16808833,0,0,1,5120,2880,2392,128,-2646,8035,0,0,0,0,0,-1,73,135837,145915,3,176,0,0,5,488188,0,2,181818,7,11,11,959,0,135874,32916,0,55,2150,12472333,1,0,0,0,0,0,0,11917,0,0,1,2064,0,0,0,0,0,0,2375,7167,1,50,2,2560,1440,5120,2880,2500,2,2,0,2111,0,1,2159,2159,11225875,0
1167,23331011292,16349250,0,0,1,5120,2880,2392,128,-2646,6329,0,0,0,0,0,-1,63,108501,123921,3,176,0,0,5,488188,0,2,181818,7,10,10,709,0,120957,26210,0,47,1889,13521541,1,0,0,0,0,0,0,13584,0,0,1,2064,0,0,0,0,0,0,3542,7625,1,50,2,2560,1440,5120,2880,2500,2,2,0,2112,0,1,2160,2160,9946166,0
1168,23347566209,16554917,0,0,1,5120,2880,2392,128,-2646,6329,0,0,0,0,0,-1,63,105790,112837,3,176,0,0,5,488188,0,2,181818,7,10,10,917,0,119290,24125,0,47,1889,13893958,1,0,0,0,0,0,0,11958,0,0,1,2064,0,0,0,0,0,0,2458,7542,1,50,2,2560,1440,5120,2880,2500,2,2,0,2113,0,1,2161,2161,11143583,0
1169,23364782125,17215916,0,0,1,5120,2880,2392,128,-2646,7648,0,0,0,0,0,-1,72,136875,169627,3,176,0,0,5,488296,0,2,181818,7,11,11,1293,0,144542,29125,0,54,2081,12722625,1,0,0,0,0,0,0,14917,0,0,1,2064,0,0,0,0,0,0,3625,8750,1,50,2,2560,1440,5120,2880,2500,2,2,0,2114,0,1,2162,2162,11206875,0
1170,23381409750,16627625,0,0,1,5120,2880,2392,128,-2646,6329,0,0,0,0,0,-1,63,119791,125878,3,176,0,0,5,488296,0,2,181818,7,10,10,751,0,121041,28624,0,47,1889,13384916,1,0,0,0,0,0,0,15166,0,0,1,2064,0,0,0,0,0,0,3792,8625,1,50,2,2560,1440,5120,2880,2500,2,2,0,2115,0,1,2163,2163,9951874,0
1171,23398164167,16754417,0,0,1,5120,2880,2392,128,-2646,6329,0,0,0,0,0,-1,63,110962,123916,3,176,0,0,5,500500,0,2,181818,7,10,10,918,0,127333,33168,0,47,1889,13345792,1,0,0,0,0,0,0,14333,0,0,1,2064,0,0,0,0,0,0,3417,8416,1,50,2,2560,1440,5120,2880,2500,2,2,0,2116,0,1,2164,2164,11207375,0
1172,23415022792,16858625,0,0,1,5120,2880,2392,128,-2646,7838,0,0,0,0,0,-1,73,129003,153334,3,176,0,0,5,500608,0,2,181818,7,11,11,874,0,131666,27125,0,55,2109,12083625,1,0,0,0,0,0,0,13833,0,0,1,2064,0,0,0,0,0,0,2916,8375,1,50,2,2560,1440,5120,2880,2500,2,2,0,2117,0,1,2165,2165,10034625,0
1173,23431710334,16687542,0,0,1,5120,2880,2392,128,-2646,6371,0,0,0,0,0,-1,65,110288,125953,3,176,0,0,5,517024,0,2,181818,7,10,10,624,0,120875,27791,0,49,1891,12974625,1,0,0,0,0,0,0,13041,0,0,1,2064,0,0,0,0,0,0,2500,8083,1,50,2,2560,1440,5120,2880,2500,2,2,0,2118,0,1,2166,2166,10010250,0
1174,23448511584,16801250,0,0,1,5120,2880,2392,128,-2646,6494,0,0,0,0,0,-1,65,108874,117704,3,176,0,0,5,515224,0,2,181818,7,10,10,751,0,114625,27875,0,49,1932,13028375,1,0,0,0,0,0,0,12958,0,0,1,2064,0,0,0,0,0,0,3208,7708,1,50,2,2560,1440,5120,2880,2500,2,2,0,2119,0,1,2167,2167,11470625,0
1175,23466100417,17588833,0,0,1,5120,2880,2392,128,-2646,8012,0,0,0,0,0,-1,75,140417,173840,5,296976,0,0,5,522460,0,2,181818,7,11,11,1459,0,163083,28417,0,56,2206,11794667,1,0,0,0,0,0,0,15292,0,0,1,2064,0,0,0,0,0,0,3416,8709,1,50,2,2560,1440,5120,2880,2500,2,2,0,2120,0,1,2168,2168,10078958,0
1176,23482721167,16620750,0,0,1,5120,2880,2392,128,-2646,6723,0,0,0,0,0,-1,65,121962,143871,3,176,0,0,5,505828,0,2,181818,7,10,10,666,0,137292,27542,0,49,2008,11858792,1,0,0,0,0,0,0,59750,0,0,1,2064,0,0,0,0,0,0,14458,34500,1,50,2,2560,1440,5120,2880,2500,2,2,0,2121,0,1,2169,2169,11502000,0
1177,23498929375,16208208,0,0,1,5120,2880,2392,128,-2646,6990,0,0,0,0,0,-1,67,109291,135919,3,176,0,0,5,515440,0,2,181818,7,10,10,1292,0,143375,26626,0,51,2085,12018000,1,0,0,0,0,0,0,23750,0,0,1,2064,0,0,0,0,0,0,5042,14500,1,50,2,2560,1440,5120,2880,2500,2,2,0,2122,0,1,2170,2170,11474250,0
1178,23515965584,17036209,0,0,1,5120,2880,2392,128,-2646,8767,0,0,0,0,0,-1,77,1791458,210454,3,176,0,0,5,515656,0,2,181818,7,11,11,1043,0,161791,35042,0,59,2373,9332500,1,0,0,0,0,0,0,31417,0,0,1,2064,0,0,0,0,0,0,4791,20459,1,50,2,2560,1440,5120,2880,2500,2,2,0,2123,0,1,2171,2171,10083750,0
1179,23532455167,16489583,0,0,1,5120,2880,2392,128,-2646,7206,0,0,0,0,0,-1,67,111960,126999,3,176,0,0,5,515044,0,2,181818,7,10,10,1792,0,134001,26751,0,51,2157,12096125,1,0,0,0,0,0,0,27583,0,0,1,2064,0,0,0,0,0,0,5125,16583,1,50,2,2560,1440,5120,2880,2500,2,2,0,2124,0,1,2172,2172,11515749,0
1180,23548693084,16237917,0,0,1,5120,2880,2392,128,-2646,7210,0,0,0,0,0,-1,68,109791,144004,3,176,0,0,5,515152,0,2,181818,7,10,11,33333,0,121417,38666,0,51,2157,12291542,1,0,0,0,0,0,0,29666,0,0,1,2064,0,0,0,0,0,0,6417,16459,1,50,2,2560,1440,5120,2880,2500,2,2,0,2125,0,1,2173,2173,11533333,0
1181,23565730417,17037333,0,0,1,5120,2880,2392,128,-2646,8415,0,0,0,0,0,-1,76,1936748,177711,3,176,0,0,5,515404,0,2,181818,7,11,11,1623,0,172958,27499,0,58,2329,9498583,1,0,0,0,0,0,0,28959,0,0,1,2064,0,0,0,0,0,0,5125,16458,1,50,2,2560,1440,5120,2880,2500,2,2,0,2126,0,1,2174,2174,10089833,0
1182,23582198667,16468250,0,0,1,5120,2880,2392,128,-2646,7206,0,0,0,0,0,-1,67,114831,137126,3,176,0,0,5,515404,0,2,181818,7,10,10,1165,0,128959,27167,0,51,2157,12315792,1,0,0,0,0,0,0,21625,0,0,1,2064,0,0,0,0,0,0,2625,13875,1,50,2,2560,1440,5120,2880,2500,2,2,0,2127,0,1,2175,2175,11548125,0
1183,23598836334,16637667,0,0,1,5120,2880,2392,128,-2646,7206,0,0,0,0,0,-1,67,112714,140293,3,176,0,0,5,515404,0,2,181818,7,10,10,1166,0,135041,25417,0,51,2157,12123666,1,0,0,0,0,0,0,27333,0,0,1,2064,0,0,0,0,0,0,6333,14417,1,50,2,2560,1440,5120,2880,2500,2,2,0,2128,0,1,2176,2176,11502125,0
1184,23616234417,17398083,0,0,1,5120,2880,2392,128,-2646,8722,0,0,0,0,0,-1,77,1888586,207708,3,176,0,0,5,515512,0,2,181818,7,11,11,1460,0,139334,28043,0,59,2380,9481208,1,0,0,0,0,0,0,54167,0,0,1,2064,0,0,0,0,0,0,10875,31667,1,50,2,2560,1440,5120,2880,2500,2,2,0,2129,0,1,2177,2177,9975958,0
1185,23632841084,16606667,0,0,1,5120,2880,2392,128,-2646,7206,0,0,0,0,0,-1,67,119087,154626,3,176,0,0,5,515512,0,2,181818,7,10,10,6333,0,141834,37166,0,51,2157,11828500,1,0,0,0,0,0,0,46333,0,0,1,2064,0,0,0,0,0,0,10084,21833,1,50,2,2560,1440,5120,2880,2500,2,2,0,2130,0,1,2178,2178,11481749,0
1186,23649119542,16278458,0,0,1,5120,2880,2392,128,-2646,7206,0,0,0,0,0,-1,67,113999,140372,3,176,0,0,5,515512,0,2,181818,7,10,10,1334,0,122416,31667,0,51,2157,11832209,1,0,0,0,0,0,0,38417,0,0,1,2064,0,0,0,0,0,0,7750,22875,1,50,2,2560,1440,5120,2880,2500,2,2,0,2131,0,1,2179,2179,11530000,0
1187,23665659542,16540000,0,0,1,5120,2880,2392,128,-2647,8522,0,0,0,0,0,-1,76,1821423,172210,3,176,0,0,5,515512,0,2,181818,7,11,11,1750,0,156833,31500,0,58,2348,9202209,1,0,0,0,0,0,0,35875,0,0,1,2064,0,0,0,0,0,0,6542,22375,1,50,2,2560,1440,5120,2880,2500,2,2,0,2132,0,1,2180,2180,10140750,0
1188,23682327292,16667750,0,0,1,5120,2880,2392,128,-2647,7203,0,0,0,0,0,-1,67,114249,143668,3,176,0,0,5,515512,0,2,181818,7,10,10,1208,0,135374,28459,0,51,2156,12263416,1,0,0,0,0,0,0,28250,0,0,1,2064,0,0,0,0,0,0,6333,16458,1,50,2,2560,1440,5120,2880,2500,2,2,0,2133,0,1,2181,2181,11476666,0
1189,23698863625,16536333,0,0,1,5120,2880,2392,128,-2647,7203,0,0,0,0,0,-1,67,117703,139785,3,176,0,0,5,515260,0,2,181818,7,10,10,583,0,125084,28875,0,51,2156,12331209,1,0,0,0,0,0,0,25792,0,0,1,2064,0,0,0,0,0,0,5250,14542,1,50,2,2560,1440,5120,2880,2500,2,2,0,2134,0,1,2182,2182,11498583,0
1190,23715863500,16999875,0,0,1,5120,2880,2392,128,-2647,8894,0,0,0,0,0,-1,77,1768752,193962,3,176,0,0,5,515728,0,2,181818,7,11,11,2043,0,175750,29998,0,59,2414,9369334,1,0,0,0,0,0,0,27833,0,0,1,2064,0,0,0,0,0,0,4750,16917,1,50,2,2560,1440,5120,2880,2500,2,2,0,2135,0,1,2183,2183,10074624,0
1191,23732198875,16335375,0,0,1,5120,2880,2392,128,-2647,7203,0,0,0,0,0,-1,67,116999,137713,3,176,0,0,5,515728,0,2,181818,7,10,10,1917,0,128668,32459,0,51,2156,12226000,1,0,0,0,0,0,0,16667,0,0,1,2064,0,0,0,0,0,0,3250,9375,1,50,2,2560,1440,5120,2880,2500,2,2,0,2136,0,1,2184,2184,11519874,0
1192,23748982625,16783750,0,0,1,5120,2880,2392,128,-2647,7203,0,0,0,0,0,-1,67,117997,147585,3,176,0,0,5,515728,0,2,181818,7,10,10,1457,0,140874,27624,0,51,2156,12538625,1,0,0,0,0,0,0,30959,0,0,1,2064,0,0,0,0,0,0,6083,18333,1,50,2,2560,1440,5120,2880,2500,2,2,0,2137,0,1,2185,2185,11508124,0
1193,23765973792,16991167,0,0,1,5120,2880,2392,128,-2647,8447,0,0,0,0,0,-1,76,1802960,181749,3,176,0,0,5,516160,0,2,181818,7,11,11,1627,0,171375,30043,0,58,2333,9378584,1,0,0,0,0,0,0,26084,0,0,1,2064,0,0,0,0,0,0,5125,15375,1,50,2,2560,1440,5120,2880,2500,2,2,0,2138,0,1,2186,2186,10080124,0
1194,23782567667,16593875,0,0,1,5120,2880,2392,128,-2647,7746,0,0,0,0,0,-1,67,112707,139495,3,176,0,0,5,516160,0,2,181818,7,10,10,791,0,138209,25957,0,51,2337,11994541,1,0,0,0,0,0,0,31959,0,0,1,2064,0,0,0,0,0,0,8000,17958,1,50,2,2560,1440,5120,2880,2500,2,2,0,2139,0,1,2187,2187,11532750,0
1195,23799033042,16465375,0,0,1,5120,2880,2392,128,-2647,7746,0,0,0,0,0,-1,67,126619,145710,3,176,0,0,5,516052,0,2,181818,7,10,10,3625,0,120708,29750,0,51,2337,11822166,1,0,0,0,0,0,0,34041,0,0,1,2064,0,0,0,0,0,0,7333,20500,1,50,2,2560,1440,5120,2880,2500,2,2,0,2140,0,1,2188,2188,11478125,0
1196,23816161625,17128583,0,0,1,5120,2880,2392,128,-2647,9578,0,0,0,0,0,-1,77,1930958,186584,3,176,0,0,5,516268,0,2,181818,7,11,11,2624,0,169126,27583,0,59,2650,9165250,1,0,0,0,0,0,0,21875,0,0,1,2064,0,0,0,0,0,0,3750,13083,1,50,2,2560,1440,5120,2880,2500,2,2,0,2141,0,1,2189,2189,10101166,0
1197,23832683750,16522125,0,0,1,5120,2880,2392,128,-2647,7956,0,0,0,0,0,-1,68,114672,132456,3,176,0,0,5,508348,0,2,181818,7,10,12,50335,0,130168,38458,0,51,2404,11829000,1,0,0,0,0,0,0,24250,0,0,1,2064,0,0,0,0,0,0,4125,16292,1,50,2,2560,1440,5120,2880,2500,2,2,0,2142,0,1,2190,2190,11614458,0
1198,23849301250,16617500,0,0,1,5120,2880,2392,128,-2647,8871,0,0,0,0,0,-1,67,116459,129878,3,176,0,0,5,511516,0,2,181818,7,10,11,1125,0,127832,29791,0,51,2711,12076084,1,0,0,0,0,0,0,12833,0,0,1,2064,0,0,0,0,0,0,2708,7875,1,50,2,2560,1440,5120,2880,2500,2,2,0,2143,0,1,2191,2191,11424458,0
1199,23866765000,17463750,0,0,1,5120,2880,2393,128,-2647,11076,0,0,0,0,0,-1,76,2271121,180043,3,176,0,0,5,528256,0,2,181818,7,11,11,4419,0,156999,32667,0,58,3216,8492792,1,0,0,0,0,0,0,37625,0,0,1,2064,0,0,0,0,0,0,7042,22000,1,50,2,2560,1440,5120,2880,2500,2,2,0,2144,0,1,2192,2192,10118958,0
1200,23883882625,17117625,0,0,1,5120,2880,2393,128,-2647,12219,0,0,0,0,0,-1,69,118751,152249,3,176,0,0,5,576136,0,2,181818,7,10,12,54960,0,135709,39540,0,52,3819,10827042,1,0,0,0,0,0,0,31917,0,0,1,2064,0,0,0,0,0,0,6708,19084,1,50,2,2560,1440,5120,2880,2500,2,2,0,2145,0,1,2193,2193,11551250,0
1201,23901373375,17490750,0,0,1,5120,2880,2393,128,-2647,15780,0,0,0,0,0,-1,69,133703,177583,3,176,0,0,5,575704,0,2,181818,7,10,13,53874,0,128334,47417,0,52,5006,10839625,1,0,0,0,0,0,0,22208,0,0,1,2064,0,0,0,0,0,0,3875,13792,1,50,2,2560,1440,5120,2880,2500,2,2,0,2146,0,1,2194,2194,10505874,0
1202,23919410917,18037542,0,0,1,5120,2880,2392,128,-2647,20777,0,0,0,0,0,-1,79,4051374,219792,3,176,0,0,5,574660,0,2,181818,7,11,14,54334,0,159667,39375,0,60,6386,4626375,1,0,0,0,0,0,0,26625,0,0,1,2064,0,0,0,0,0,0,4792,16500,1,50,2,2560,1440,5120,2880,2500,2,2,0,2147,0,1,2195,2195,10438708,0
1203,23938843000,19432083,0,0,1,5120,2880,2392,128,-2647,21086,0,0,0,0,0,-1,69,1850374,197671,3,176,0,0,5,570016,0,2,181818,7,10,15,87835,0,159125,87833,0,52,6772,8568875,1,0,0,0,0,0,0,42167,0,0,1,2064,0,0,0,0,0,0,10250,23833,1,50,2,2560,1440,5120,2880,2500,2,2,0,2148,0,1,2196,2196,10730708,0
1204,23959348459,20505459,0,0,1,5120,2880,2392,128,-2647,22061,0,0,0,0,0,-1,69,7621992,194455,3,176,0,0,5,521668,0,2,181818,7,10,15,79458,0,136125,66960,0,52,7097,5763875,1,0,0,0,0,0,0,13500,0,0,1,2064,0,0,0,0,0,0,2541,8584,1,50,2,2560,1440,5120,2880,2500,2,2,0,2149,0,1,2197,2197,10671583,0
1205,23984893209,25544750,0,0,1,5120,2880,2392,128,-2648,23357,0,0,0,0,0,-1,77,7984957,173835,3,176,0,0,5,528832,0,2,181818,7,11,12,1582,0,138082,28543,0,59,7286,9313334,1,0,0,0,0,0,0,50958,0,0,1,2064,0,0,0,0,0,0,10625,27292,1,50,2,2560,1440,5120,2880,2500,2,2,0,2150,0,1,2198,2198,10214833,0
1206,24005688834,20795625,0,0,1,5120,2880,2392,128,-2648,21770,0,0,0,0,0,-1,69,1638790,215633,3,176,0,0,5,496648,0,2,181818,7,10,14,92498,0,170376,53375,0,52,7000,9416333,1,0,0,0,0,0,0,49375,0,0,1,2064,0,0,0,0,0,0,10375,29542,1,50,2,2560,1440,5120,2880,2500,2,2,0,2151,0,1,2199,2199,10797666,0
1207,24027928792,22239958,0,0,1,5120,2880,2392,129,-2648,22984,0,0,0,0,0,-1,79,11325129,225328,3,176,0,0,5,493408,0,2,181818,7,11,14,55419,0,201418,47333,0,60,7119,12625,1,0,0,0,0,0,0,33209,0,0,1,2064,0,0,0,0,0,0,8166,19333,1,50,2,2560,1440,5120,2880,2500,2,2,0,2152,0,1,2200,2200,10742333,0
1208,24052245292,24316500,0,0,1,5120,2880,2392,129,-2648,19290,0,0,0,0,0,-1,69,141334,186041,3,176,0,0,5,493300,0,2,181818,7,10,13,63416,0,154833,42708,0,52,6176,16756125,1,0,0,0,0,0,0,19041,0,0,1,2064,0,0,0,0,0,0,4792,10083,1,50,2,2560,1440,5120,2880,2500,2,2,0,2153,0,1,2201,2201,10170333,0
1209,24071742042,19496750,0,0,1,5120,2880,2392,129,-2648,16521,0,0,0,0,0,-1,77,8038166,238953,3,176,0,0,5,439840,0,2,181818,7,11,14,60749,0,208208,49583,0,58,5028,1879333,1,0,0,0,0,0,0,32125,0,0,1,2064,0,0,0,0,0,0,7458,19292,1,50,2,2560,1440,5120,2880,2500,2,2,0,2154,0,1,2202,2202,10362875,0
1210,24090043292,18301250,0,0,1,5120,2880,2392,129,-2648,13457,0,0,0,0,0,-1,67,4077460,214747,3,176,0,0,5,419428,0,2,181818,7,10,15,89040,0,181710,55458,0,50,4241,6046333,1,0,0,0,0,0,0,39875,0,0,1,2064,0,0,0,0,0,0,8583,23958,1,50,2,2560,1440,5120,2880,2500,2,2,0,2155,0,1,2203,2203,11945499,0
1211,24116127042,26083750,0,0,1,5120,2880,2392,129,-2648,12093,0,0,0,0,0,-1,66,128550,148463,3,176,0,0,5,401320,0,2,181818,7,10,11,1542,0,128041,30292,0,50,3791,21222208,1,0,0,0,0,0,0,17708,0,0,1,2064,0,0,0,0,0,0,5083,9542,1,50,2,2560,1440,5120,2880,2500,2,2,0,2156,0,1,2204,2204,11822374,0
1212,24133712167,17585125,0,0,1,5120,2880,2393,129,-2648,12406,0,0,0,0,0,-1,77,3115373,177533,3,176,0,0,5,376192,0,2,181818,7,11,13,55956,0,134418,38834,0,58,3573,7445000,1,0,0,0,0,0,0,16000,0,0,1,2064,0,0,0,0,0,0,4166,8375,1,50,2,2560,1440,5120,2880,2500,2,2,0,2157,0,1,2205,2205,10060291,0
1213,24149910375,16198208,0,0,1,5120,2880,2393,129,-2648,10233,0,0,0,0,0,-1,67,128996,147333,3,176,0,0,5,376516,0,2,181818,7,10,13,54501,0,120916,43791,0,50,3169,10654875,1,0,0,0,0,0,0,16542,0,0,1,2064,0,0,0,0,0,0,4417,8958,1,50,2,2560,1440,5120,2880,2500,2,2,0,2158,0,1,2206,2206,11459916,0
1214,24166845959,16935584,0,0,1,5120,2880,2393,129,-2649,10420,0,0,0,0,0,-1,70,2678457,183626,4,512,0,0,5,326044,0,2,181818,7,11,14,54374,0,175917,36750,0,50,3037,7545625,1,0,0,0,0,0,0,18042,0,0,1,2064,0,0,0,0,0,0,3875,11334,1,50,2,2560,1440,5120,2880,2500,2,2,0,2159,0,1,2207,2207,11502750,0
1215,24183172542,16326583,0,0,1,5120,2880,2393,129,-2649,8787,0,0,0,0,0,-1,60,119792,147841,3,176,0,0,5,320680,0,2,181818,7,10,13,54623,0,138582,43582,0,43,2724,11084750,1,0,0,0,0,0,0,33917,0,0,1,2064,0,0,0,0,0,0,8542,18541,1,50,2,2560,1440,5120,2880,2500,2,2,0,2160,0,1,2208,2208,9926833,0
1216,24199733917,16561375,0,0,1,5120,2880,2393,129,-2649,8370,0,0,0,0,0,-1,60,111164,141996,3,176,0,0,5,328564,0,2,181818,7,10,13,51670,0,140085,40665,0,43,2585,11444791,1,0,0,0,0,0,0,24583,0,0,1,2064,0,0,0,0,0,0,6500,13375,1,50,2,2560,1440,5120,2880,2500,2,2,0,2161,0,1,2209,2209,11297874,0
1217,24216357500,16623583,0,0,1,5120,2880,2393,129,-2649,9364,0,0,0,0,0,-1,74,135704,180745,4,1400,0,0,5,348364,0,2,181818,7,11,12,2208,0,176833,32167,0,55,2616,10299166,1,0,0,0,0,0,0,36250,0,0,1,2064,0,0,0,0,0,0,8250,21083,1,50,2,2560,1440,5120,2880,2500,2,2,0,2162,0,1,2210,2210,10026999,0
1218,24232714375,16356875,0,0,1,5120,2880,2393,129,-2649,7212,0,0,0,0,0,-1,64,129707,155916,3,176,0,0,5,407080,0,2,181818,7,10,10,1665,0,155250,29167,0,48,2177,11548083,1,0,0,0,0,0,0,15125,0,0,1,2064,0,0,0,0,0,0,4125,8625,1,50,2,2560,1440,5120,2880,2500,2,2,0,2163,0,1,2211,2211,11289749,0
1219,24249301000,16586625,0,0,1,5120,2880,2393,129,-2649,6948,0,0,0,0,0,-1,67,121294,164002,3,176,0,0,5,498952,0,2,181818,7,10,10,1335,0,152001,30501,0,51,2071,12102334,1,0,0,0,0,0,0,32292,0,0,1,2064,0,0,0,0,0,0,7750,16833,1,50,2,2560,1440,5120,2880,2500,2,2,0,2164,0,1,2212,2212,11122625,0
1220,24265799834,16498834,0,0,1,5120,2880,2393,129,-2649,8305,0,0,0,0,0,-1,76,1688374,186082,3,176,0,0,5,499168,0,2,181818,7,11,11,1999,0,160500,35626,0,58,2269,9190125,1,0,0,0,0,0,0,33458,0,0,1,2064,0,0,0,0,0,0,4958,20417,1,50,2,2560,1440,5120,2880,2500,2,2,0,2165,0,1,2213,2213,10107541,0
1221,24282409042,16609208,0,0,1,5120,2880,2393,129,-2649,6909,0,0,0,0,0,-1,65,129834,156203,3,176,0,0,5,488764,0,2,181818,7,10,10,1459,0,158417,28501,0,49,2070,12378500,1,0,0,0,0,0,0,32292,0,0,1,2064,0,0,0,0,0,0,5084,19667,1,50,2,2560,1440,5120,2880,2500,2,2,0,2166,0,1,2214,2214,11458249,0
1222,24298637417,16228375,0,0,1,5120,2880,2393,129,-2649,6909,0,0,0,0,0,-1,65,114043,149837,3,176,0,0,5,488764,0,2,181818,7,10,10,500,0,147084,27750,0,49,2070,12479625,1,0,0,0,0,0,0,27875,0,0,1,2064,0,0,0,0,0,0,3416,17833,1,50,2,2560,1440,5120,2880,2500,2,2,0,2167,0,1,2215,2215,10065416,0
1223,24315725792,17088375,0,0,1,5120,2880,2393,128,-2649,8455,0,0,0,0,0,-1,75,1677665,202923,3,176,0,0,5,488548,0,2,181818,7,11,11,1750,0,150458,31333,0,57,2299,9634250,1,0,0,0,0,0,0,51542,0,0,1,2064,0,0,0,0,0,0,11000,30042,1,50,2,2560,1440,5120,2880,2500,2,2,0,2168,0,1,2216,2216,11457374,0
1224,24332611500,16885708,0,0,1,5120,2880,2393,128,-2649,6909,0,0,0,0,0,-1,65,158957,163579,3,176,0,0,5,488548,0,2,181818,7,10,10,1750,0,148542,57333,0,49,2070,12529792,1,0,0,0,0,0,0,36375,0,0,1,2064,0,0,0,0,0,0,9000,21375,1,50,2,2560,1440,5120,2880,2500,2,2,0,2169,0,1,2217,2217,11347166,0
1225,24348963334,16351834,0,0,1,5120,2880,2393,128,-2649,6909,0,0,0,0,0,-1,65,126752,146962,3,176,0,0,5,482500,0,2,181818,7,10,10,1169,0,147251,29877,0,49,2070,11944667,1,0,0,0,0,0,0,28667,0,0,1,2064,0,0,0,0,0,0,4167,18791,1,50,2,2560,1440,5120,2880,2500,2,2,0,2170,0,1,2218,2218,10077958,0
1226,24365932584,16969250,0,0,1,5120,2880,2393,128,-2649,8118,0,0,0,0,0,-1,74,155794,203461,3,176,0,0,5,482716,0,2,181818,7,11,11,1501,0,193000,34000,0,56,2242,11258541,1,0,0,0,0,0,0,33459,0,0,1,2064,0,0,0,0,0,0,6583,19041,1,50,2,2560,1440,5120,2880,2500,2,2,0,2171,0,1,2219,2219,11349000,0
1227,24382842959,16910375,0,0,1,5120,2880,2393,128,-2649,6888,0,0,0,0,0,-1,64,145206,178335,3,176,0,0,5,474004,0,2,181818,7,10,10,1541,0,190626,37750,0,48,2069,12281167,1,0,0,0,0,0,0,35333,0,0,1,2064,0,0,0,0,0,0,7375,21250,1,50,2,2560,1440,5120,2880,2500,2,2,0,2172,0,1,2220,2220,11486625,0
1228,24399433917,16590958,0,0,1,5120,2880,2393,128,-2649,6888,0,0,0,0,0,-1,64,135708,156753,3,176,0,0,5,473896,0,2,181818,7,10,10,1167,0,149084,30458,0,48,2069,12113667,1,0,0,0,0,0,0,18208,0,0,1,2064,0,0,0,0,0,0,4500,10042,1,50,2,2560,1440,5120,2880,2500,2,2,0,2173,0,1,2221,2221,10087416,0
1229,24415826792,16392875,0,0,1,5120,2880,2393,128,-2650,8514,0,0,0,0,0,-1,74,142209,168000,3,176,0,0,5,473896,0,2,181818,7,11,11,1417,0,160126,33208,0,56,2314,10687875,1,0,0,0,0,0,0,33708,0,0,1,2064,0,0,0,0,0,0,6208,19542,1,50,2,2560,1440,5120,2880,2500,2,2,0,2174,0,1,2222,2222,11626791,0
1230,24432322125,16495333,0,0,1,5120,2880,2393,128,-2650,6888,0,0,0,0,0,-1,64,116002,148880,3,176,0,0,5,473896,0,2,181818,7,10,10,1251,0,137373,30833,0,48,2069,12397916,1,0,0,0,0,0,0,36917,0,0,1,2064,0,0,0,0,0,0,8791,19625,1,50,2,2560,1440,5120,2880,2500,2,2,0,2175,0,1,2223,2223,11223916,0
1231,24448587500,16265375,0,0,1,5120,2880,2393,128,-2650,6888,0,0,0,0,0,-1,64,105956,132499,3,176,0,0,5,473896,0,2,181818,7,10,10,1126,0,130208,27666,0,48,2069,12632584,1,0,0,0,0,0,0,30041,0,0,1,2064,0,0,0,0,0,0,7292,16417,1,50,2,2560,1440,5120,2880,2500,2,2,0,2176,0,1,2224,2224,9938333,0
1232,24465679542,17092042,0,0,1,5120,2880,2393,128,-2650,8098,0,0,0,0,0,-1,74,138331,167502,4,1400,0,0,5,473644,0,2,181818,7,11,11,1333,0,163750,27291,0,55,2241,11828250,1,0,0,0,0,0,0,43459,0,0,1,2064,0,0,0,0,0,0,6042,26208,1,50,2,2560,1440,5120,2880,2500,2,2,0,2177,0,1,2225,2225,11303166,0
1233,24481979209,16299667,0,0,1,5120,2880,2393,128,-2650,6888,0,0,0,0,0,-1,64,109625,139377,3,176,0,0,5,473644,0,2,181818,7,10,10,876,0,130667,29166,0,48,2069,12533459,1,0,0,0,0,0,0,57958,0,0,1,2064,0,0,0,0,0,0,14208,33333,1,50,2,2560,1440,5120,2880,2500,2,2,0,2178,0,1,2226,2226,9933083,0
1234,24498506875,16527666,0,0,1,5120,2880,2393,128,-2650,6888,0,0,0,0,0,-1,64,105749,126838,3,176,0,0,5,473644,0,2,181818,7,10,10,792,0,123000,29999,0,48,2069,12976084,1,0,0,0,0,0,0,42625,0,0,1,2064,0,0,0,0,0,0,7916,23709,1,50,2,2560,1440,5120,2880,2500,2,2,0,2179,0,1,2227,2227,11416875,0
1235,24515640375,17133500,0,0,1,5120,2880,2393,128,-2650,8483,0,0,0,0,0,-1,74,141375,170539,3,176,0,0,5,492148,0,2,181818,7,11,11,1456,0,140460,28000,0,56,2289,11599834,1,0,0,0,0,0,0,15750,0,0,1,2064,0,0,0,0,0,0,3209,10125,1,50,2,2560,1440,5120,2880,2500,2,2,0,2180,0,1,2228,2228,11422250,0
1236,24532117750,16477375,0,0,1,5120,2880,2393,128,-2650,6765,0,0,0,0,0,-1,64,108586,123418,3,176,0,0,5,492544,0,2,181818,7,10,10,875,0,119292,29000,0,48,2028,12435834,1,0,0,0,0,0,0,38708,0,0,1,2064,0,0,0,0,0,0,6625,23333,1,50,2,2560,1440,5120,2880,2500,2,2,0,2181,0,1,2229,2229,9998499,0
1237,24548456000,16338250,0,0,1,5120,2880,2393,128,-2650,6765,0,0,0,0,0,-1,64,103746,135169,3,176,0,0,5,492544,0,2,181818,7,10,10,708,0,127291,25124,0,48,2028,12803500,1,0,0,0,0,0,0,29250,0,0,1,2064,0,0,0,0,0,0,5708,16959,1,50,2,2560,1440,5120,2880,2500,2,2,0,2182,0,1,2230,2230,11500166,0
1238,24566061042,17605042,0,0,1,5120,2880,2393,128,-2650,8216,0,0,0,0,0,-1,73,147829,174333,3,176,0,0,5,479692,0,2,181818,7,11,11,1501,0,156124,38585,0,55,2264,11714959,1,0,0,0,0,0,0,20125,0,0,1,2064,0,0,0,0,0,0,4916,11000,1,50,2,2560,1440,5120,2880,2500,2,2,0,2183,0,1,2231,2231,11561874,0
1239,24582649917,16588875,0,0,1,5120,2880,2393,128,-2650,7037,0,0,0,0,0,-1,64,113295,131081,3,176,0,0,5,473644,0,2,181818,7,10,10,789,0,124376,27332,0,48,2119,11979459,1,0,0,0,0,0,0,61292,0,0,1,2064,0,0,0,0,0,0,13000,33542,1,50,2,2560,1440,5120,2880,2500,2,2,0,2184,0,1,2232,2232,10045999,0
1240,24599061750,16411833,0,0,1,5120,2880,2393,128,-2650,7199,0,0,0,0,0,-1,64,109001,134000,3,176,0,0,5,453844,0,2,181818,7,10,10,1166,0,130667,26416,0,48,2173,12160208,1,0,0,0,0,0,0,31167,0,0,1,2064,0,0,0,0,0,0,6041,17750,1,50,2,2560,1440,5120,2880,2500,2,2,0,2185,0,1,2233,2233,11227250,0
1241,24616144375,17082625,0,0,1,5120,2880,2393,128,-2650,8727,0,0,0,0,0,-1,73,145002,169208,3,176,0,0,5,426268,0,2,181818,7,11,11,1001,0,139916,30292,0,55,2406,11023541,1,0,0,0,0,0,0,47834,0,0,1,2064,0,0,0,0,0,0,11708,27208,1,50,2,2560,1440,5120,2880,2500,2,2,0,2186,0,1,2234,2234,10070874,0
1242,24632833209,16688834,0,0,1,5120,2880,2393,128,-2650,7295,0,0,0,0,0,-1,63,135204,170041,3,176,0,0,5,426160,0,2,181818,7,10,10,1126,0,146793,29791,0,47,2211,11922500,1,0,0,0,0,0,0,39958,0,0,1,2064,0,0,0,0,0,0,8833,22084,1,50,2,2560,1440,5120,2880,2500,2,2,0,2187,0,1,2235,2235,10928875,0
1243,24648768875,15935666,0,0,1,5120,2880,2393,128,-2650,7295,0,0,0,0,0,-1,63,118664,125545,3,176,0,0,5,426052,0,2,181818,7,10,10,791,0,130751,28541,0,47,2211,11923042,1,0,0,0,0,0,0,40583,0,0,1,2064,0,0,0,0,0,0,8667,23083,1,50,2,2560,1440,5120,2880,2500,2,2,0,2188,0,1,2236,2236,10943000,0
1244,24665516709,16747834,0,0,1,5120,2880,2393,128,-2650,8504,0,0,0,0,0,-1,72,144418,190831,3,176,0,0,5,425620,0,2,181818,7,11,11,1250,0,172124,30708,0,54,2383,11443958,1,0,0,0,0,0,0,34000,0,0,1,2064,0,0,0,0,0,0,7625,20458,1,50,2,2560,1440,5120,2880,2500,2,2,0,2189,0,1,2237,2237,9928999,0
1245,24682127125,16610416,0,0,1,5120,2880,2393,128,-2650,7481,0,0,0,0,0,-1,63,106955,123248,3,176,0,0,5,425620,0,2,181818,7,10,10,832,0,117168,25915,0,47,2273,12574375,1,0,0,0,0,0,0,15209,0,0,1,2064,0,0,0,0,0,0,3625,9333,1,50,2,2560,1440,5120,2880,2500,2,2,0,2190,0,1,2238,2238,11161833,0
1246,24698528792,16401667,0,0,1,5120,2880,2393,128,-2650,7523,0,0,0,0,0,-1,65,112877,125169,3,176,0,0,5,435952,0,2,181818,7,10,10,791,0,126918,27667,0,49,2275,12610625,1,0,0,0,0,0,0,28583,0,0,1,2064,0,0,0,0,0,0,4667,17916,1,50,2,2560,1440,5120,2880,2500,2,2,0,2191,0,1,2239,2239,10729708,0
1247,24715886625,17357833,0,0,1,5120,2880,2393,128,-2650,9284,0,0,0,0,0,-1,75,1839211,159003,3,176,0,0,5,435412,0,2,181818,7,11,11,1291,0,148000,31626,0,57,2561,9654959,1,0,0,0,0,0,0,19583,0,0,1,2064,0,0,0,0,0,0,5417,9500,1,50,2,2560,1440,5120,2880,2500,2,2,0,2192,0,1,2240,2240,10057374,0
1248,24732106334,16219709,0,0,1,5120,2880,2393,128,-2650,7628,0,0,0,0,0,-1,65,104830,145118,3,176,0,0,5,435412,0,2,181818,7,10,10,1167,0,128457,25542,0,49,2310,12373917,1,0,0,0,0,0,0,28416,0,0,1,2064,0,0,0,0,0,0,5584,17041,1,50,2,2560,1440,5120,2880,2500,2,2,0,2193,0,1,2241,2241,10935958,0
1249,24748623792,16517458,0,0,1,5120,2880,2393,128,-2650,7628,0,0,0,0,0,-1,65,108286,153423,3,176,0,0,5,435412,0,2,181818,7,10,10,835,0,130625,28501,0,49,2310,12814792,1,0,0,0,0,0,0,30666,0,0,1,2064,0,0,0,0,0,0,7542,17416,1,50,2,2560,1440,5120,2880,2500,2,2,0,2194,0,1,2242,2242,9929208,0
1250,24765549042,16925250,0,0,1,5120,2880,2393,128,-2650,8872,0,0,0,0,0,-1,74,151000,184879,3,176,0,0,5,435952,0,2,181818,7,11,11,2207,0,173541,31251,0,56,2487,11752916,1,0,0,0,0,0,0,33375,0,0,1,2064,0,0,0,0,0,0,4917,20166,1,50,2,2560,1440,5120,2880,2500,2,2,0,2195,0,1,2243,2243,10965749,0
1251,24782015625,16466583,0,0,1,5120,2880,2393,128,-2650,7628,0,0,0,0,0,-1,65,104709,143454,3,176,0,0,5,435952,0,2,181818,7,10,10,832,0,129958,24542,0,49,2310,12764375,1,0,0,0,0,0,0,33333,0,0,1,2064,0,0,0,0,0,0,8125,18042,1,50,2,2560,1440,5120,2880,2500,2,2,0,2196,0,1,2244,2244,10828833,0
1252,24798639792,16624167,0,0,1,5120,2880,2393,128,-2650,7628,0,0,0,0,0,-1,65,115249,129167,3,176,0,0,5,435952,0,2,181818,7,10,10,1041,0,125334,27876,0,49,2310,12883917,1,0,0,0,0,0,0,35459,0,0,1,2064,0,0,0,0,0,0,3500,20333,1,50,2,2560,1440,5120,2880,2500,2,2,0,2197,0,1,2245,2245,9916708,0
1253,24815684584,17044792,0,0,1,5120,2880,2393,128,-2650,9144,0,0,0,0,0,-1,75,1946456,181290,3,176,0,0,5,435952,0,2,181818,7,11,11,1001,0,138583,29874,0,57,2533,9670375,1,0,0,0,0,0,0,47833,0,0,1,2064,0,0,0,0,0,0,4000,32000,1,50,2,2560,1440,5120,2880,2500,2,2,0,2198,0,1,2246,2246,11042124,0
1254,24832152709,16468125,0,0,1,5120,2880,2393,128,-2650,7628,0,0,0,0,0,-1,65,108293,132871,3,176,0,0,5,435952,0,2,181818,7,10,10,875,0,133374,25499,0,49,2310,12493334,1,0,0,0,0,0,0,31958,0,0,1,2064,0,0,0,0,0,0,6750,18584,1,50,2,2560,1440,5120,2880,2500,2,2,0,2199,0,1,2247,2247,10980208,0
1255,24848881500,16728791,0,0,1,5120,2880,2393,128,-2650,7628,0,0,0,0,0,-1,65,126333,142875,3,176,0,0,5,435952,0,2,181818,7,10,10,622,0,136876,28707,0,49,2310,12818458,1,0,0,0,0,0,0,35292,0,0,1,2064,0,0,0,0,0,0,7417,19750,1,50,2,2560,1440,5120,2880,2500,2,2,0,2200,0,1,2248,2248,9923041,0
1256,24865841125,16959625,0,0,1,5120,2880,2393,128,-2650,8947,0,0,0,0,0,-1,74,153960,192842,3,176,0,0,5,436528,0,2,181818,7,11,11,1623,0,173792,30165,0,56,2502,11463458,1,0,0,0,0,0,0,31459,0,0,1,2064,0,0,0,0,0,0,5209,18750,1,50,2,2560,1440,5120,2880,2500,2,2,0,2201,0,1,2249,2249,11277749,0
1257,24882176459,16335334,0,0,1,5120,2880,2393,128,-2650,7628,0,0,0,0,0,-1,65,111633,140002,3,176,0,0,5,436528,0,2,181818,7,10,10,917,0,134166,31208,0,49,2310,11901167,1,0,0,0,0,0,0,21750,0,0,1,2064,0,0,0,0,0,0,4500,12917,1,50,2,2560,1440,5120,2880,2500,2,2,0,2202,0,1,2250,2250,11039499,0
1258,24898743709,16567250,0,0,1,5120,2880,2393,128,-2650,7628,0,0,0,0,0,-1,65,114789,133579,3,176,0,0,5,436528,0,2,181818,7,10,10,666,0,129291,30750,0,49,2310,12768458,1,0,0,0,0,0,0,30125,0,0,1,2064,0,0,0,0,0,0,7208,17417,1,50,2,2560,1440,5120,2880,2500,2,2,0,2203,0,1,2251,2251,9937875,0
1259,24915782042,17038333,0,0,1,5120,2880,2393,128,-2650,9319,0,0,0,0,0,-1,75,1965128,202290,3,176,0,0,5,436312,0,2,181818,7,11,11,1542,0,163917,31627,0,57,2568,9547042,1,0,0,0,0,0,0,31042,0,0,1,2064,0,0,0,0,0,0,5417,19125,1,50,2,2560,1440,5120,2880,2500,2,2,0,2204,0,1,2252,2252,10944458,0
1260,24932249459,16467417,0,0,1,5120,2880,2393,128,-2650,7628,0,0,0,0,0,-1,65,116837,143130,3,176,0,0,5,436312,0,2,181818,7,10,10,1582,0,137208,27043,0,49,2310,12331250,1,0,0,0,0,0,0,34917,0,0,1,2064,0,0,0,0,0,0,6750,21167,1,50,2,2560,1440,5120,2880,2500,2,2,0,2205,0,1,2253,2253,9895499,0
1261,24948942250,16692791,0,0,1,5120,2880,2393,128,-2650,7739,0,0,0,0,0,-1,65,113921,120753,3,176,0,0,5,429724,0,2,181818,7,10,10,959,0,126458,27458,0,49,2347,12531250,1,0,0,0,0,0,0,40917,0,0,1,2064,0,0,0,0,0,0,8083,24417,1,50,2,2560,1440,5120,2880,2500,2,2,0,2206,0,1,2254,2254,11014999,0
1262,24965820250,16878000,0,0,1,5120,2880,2393,128,-2650,9224,0,0,0,0,0,-1,69,135504,169086,3,176,0,0,5,399052,0,2,181818,7,11,11,1416,0,164083,28335,0,51,2636,11276625,1,0,0,0,0,0,0,31833,0,0,1,2064,0,0,0,0,0,0,4584,19625,1,50,2,2560,1440,5120,2880,2500,2,2,0,2207,0,1,2255,2255,10926083,0
1263,24982299042,16478792,0,0,1,5120,2880,2393,128,-2650,8681,0,0,0,0,0,-1,55,102707,115207,3,176,0,0,5,287812,0,2,181818,7,10,10,1209,0,136040,25042,0,39,2712,12178000,1,0,0,0,0,0,0,25375,0,0,1,2064,0,0,0,0,0,0,5042,15250,1,50,2,2560,1440,5120,2880,2500,2,2,0,2208,0,1,2256,2256,9870749,0
1264,24998960417,16661375,0,0,1,5120,2880,2393,128,-2650,9974,0,0,0,0,0,-1,52,88329,113543,3,176,0,0,5,236620,0,2,181818,7,10,10,3458,0,145209,26084,0,36,3159,12432167,1,0,0,0,0,0,0,29459,0,0,1,2064,0,0,0,0,0,0,5542,18000,1,50,2,2560,1440,5120,2880,2500,2,2,0,2209,0,1,2257,2257,10948500,0
1265,25016402542,17442125,0,0,1,5120,2880,2393,128,-2650,13682,0,0,0,0,0,-1,62,121283,148789,3,176,0,0,5,224812,0,2,181818,7,11,11,1124,0,177500,29500,0,44,4094,11209208,1,0,0,0,0,0,0,20459,0,0,1,2064,0,0,0,0,0,0,2791,10584,1,50,2,2560,1440,5120,2880,2500,2,2,0,2210,0,1,2258,2258,9638708,0
1266,25033455292,17052750,0,0,1,5120,2880,2393,128,-2650,13628,0,0,0,0,0,-1,51,104041,129713,3,176,0,0,5,201596,0,2,181818,7,10,12,50833,0,133790,38166,0,34,4386,11748667,1,0,0,0,0,0,0,17667,0,0,1,2064,0,0,0,0,0,0,5083,9083,1,50,2,2560,1440,5120,2880,2500,2,2,0,2211,0,1,2259,2259,11158500,0
1267,25050334917,16879625,0,0,1,5120,2880,2393,128,-2650,13636,0,0,0,0,0,-1,51,141834,142289,3,176,0,0,5,201484,0,2,181818,7,10,15,86126,0,152916,50083,0,34,4386,11320375,1,0,0,0,0,0,0,27000,0,0,1,2064,0,0,0,0,0,0,6792,15000,1,50,2,2560,1440,5120,2880,2500,2,2,0,2212,0,1,2260,2260,10121625,0
1268,25067960542,17625625,0,0,1,5120,2880,2393,128,-2650,17762,0,0,0,0,0,-1,60,142505,168791,3,176,0,0,5,195968,0,2,181818,7,11,14,55292,0,177000,40542,0,41,5533,9151791,1,0,0,0,0,0,0,26750,0,0,1,2064,0,0,0,0,0,0,6083,15417,1,50,2,2560,1440,5120,2880,2500,2,2,0,2213,0,1,2261,2261,11461750,0
1269,25085014959,17054417,0,0,1,5120,2880,2393,128,-2650,16561,0,0,0,0,0,-1,51,1057916,121831,3,176,0,0,5,195744,0,2,181818,7,10,15,136123,0,143918,305625,0,34,5361,10094792,1,0,0,0,0,0,0,30208,0,0,1,2064,0,0,0,0,0,0,7334,16166,1,50,2,2560,1440,5120,2880,2500,2,2,0,2214,0,1,2262,2262,11461750,0
1270,25103262667,18247708,0,0,1,5120,2880,2393,128,-2650,18632,0,0,0,0,0,-1,51,933917,168087,3,176,0,0,5,195744,0,2,181818,7,10,19,146416,0,157874,130959,0,34,6054,9660208,1,0,0,0,0,0,0,43583,0,0,1,2064,0,0,0,0,0,0,12000,21167,1,50,2,2560,1440,5120,2880,2500,2,2,0,2215,0,1,2263,2263,9965041,0
1271,25122825125,19562458,0,0,1,5120,2880,2393,128,-2650,20181,0,0,0,0,0,-1,61,4512583,211793,3,176,0,0,5,195744,0,2,181818,7,11,20,146334,0,170625,3556333,0,42,6284,5968250,1,0,0,0,0,0,0,21041,0,0,1,2064,0,0,0,0,0,0,6167,10750,1,50,2,2560,1440,5120,2880,2500,2,2,0,2216,0,1,2264,2264,11712958,0
1272,25149663834,26838709,0,0,1,5120,2880,2393,128,-2650,18645,0,0,0,0,0,-1,50,519502,139627,3,176,0,0,5,195744,0,2,181818,7,10,15,1165,0,157250,33292,0,34,6055,21491083,1,0,0,0,0,0,0,16250,0,0,1,2064,0,0,0,0,0,0,4875,8583,1,50,2,2560,1440,5120,2880,2500,2,2,0,2217,0,1,2265,2265,11476749,0
1273,25168633167,18969333,0,0,1,5120,2880,2393,128,-2649,19975,0,0,0,0,0,-1,61,126584,187871,3,176,0,0,5,204904,0,2,181818,7,11,13,51751,0,237919,48167,0,42,6248,10386666,1,0,0,0,0,0,0,22166,0,0,1,2064,0,0,0,0,0,0,4334,14500,1,50,2,2560,1440,5120,2880,2500,2,2,0,2218,0,1,2266,2266,11979000,0
1274,25186838209,18205042,0,0,1,5120,2880,2393,128,-2649,18664,0,0,0,0,0,-1,52,1815043,166333,3,176,0,0,5,204904,0,2,181818,7,10,15,151918,0,157418,43792,0,35,6056,9482083,1,0,0,0,0,0,0,19584,0,0,1,2064,0,0,0,0,0,0,4875,11542,1,50,2,2560,1440,5120,2880,2500,2,2,0,2219,0,1,2267,2267,11979000,0
1275,25206370334,19532125,0,0,1,5120,2880,2393,128,-2649,18664,0,0,0,0,0,-1,53,5460877,153330,11,15404,0,0,5,210196,0,2,181818,7,10,19,145499,0,175042,69124,0,35,6056,7989583,1,0,0,0,0,0,0,26667,0,0,1,2064,0,0,0,0,0,0,4292,14916,1,50,2,2560,1440,5120,2880,2500,2,2,0,2220,0,1,2268,2268,11940625,0
1276,25233685334,27315000,0,0,1,5120,2880,2393,128,-2649,20197,0,0,0,0,0,-1,61,628050,182713,3,176,0,0,5,212428,0,2,181818,7,11,16,3082,0,180999,34790,0,43,6282,19535916,1,0,0,0,0,0,0,20417,0,0,1,2064,0,0,0,0,0,0,5333,10666,1,50,2,2560,1440,5120,2880,2500,2,2,0,2221,0,1,2269,2269,11820083,0
1277,25252308875,18623541,0,0,1,5120,2880,2393,128,-2649,18656,0,0,0,0,0,-1,52,138623,161710,3,176,0,0,5,218368,0,2,181818,7,10,12,57000,0,206083,65624,0,35,6056,11270291,1,0,0,0,0,0,0,29459,0,0,1,2064,0,0,0,0,0,0,8958,14791,1,50,2,2560,1440,5120,2880,2500,2,2,0,2222,0,1,2270,2270,11910041,0
1278,25271131625,18822750,0,0,1,5120,2880,2392,128,-2649,19908,0,0,0,0,0,-1,61,1983873,218335,3,176,0,0,5,218476,0,2,181818,7,11,16,151335,0,205708,1176085,0,42,6233,7812917,1,0,0,0,0,0,0,23542,0,0,1,2064,0,0,0,0,0,0,5416,13708,1,50,2,2560,1440,5120,2880,2500,2,2,0,2223,0,1,2271,2271,11910041,0
1279,25290246084,19114459,0,0,1,5120,2880,2392,128,-2649,18656,0,0,0,0,0,-1,52,6512172,148788,3,176,0,0,5,218476,0,2,181818,7,10,19,146709,0,157083,57166,0,35,6056,6546542,1,0,0,0,0,0,0,20084,0,0,1,2064,0,0,0,0,0,0,5958,10834,1,50,2,2560,1440,5120,2880,2500,2,2,0,2224,0,1,2272,2272,12039624,0
1280,25316639959,26393875,0,0,1,5120,2880,2392,128,-2649,18666,0,0,0,0,0,-1,51,132337,157124,3,176,0,0,5,224524,0,2,181818,7,10,15,1251,0,158209,34876,0,35,6056,20336083,1,0,0,0,0,0,0,17917,0,0,1,2064,0,0,0,0,0,0,5625,9083,1,50,2,2560,1440,5120,2880,2500,2,2,0,2225,0,1,2273,2273,11837625,0
1281,25335062167,18422208,0,0,1,5120,2880,2392,128,-2648,20464,0,0,0,0,0,-1,63,146580,176910,10,15140,0,0,5,224776,0,2,181818,7,11,13,50415,0,225166,52623,0,43,6336,10006417,1,0,0,0,0,0,0,26458,0,0,1,2064,0,0,0,0,0,0,6417,15166,1,50,2,2560,1440,5120,2880,2500,2,2,0,2226,0,1,2274,2274,11909666,0
1282,25353739834,18677667,0,0,1,5120,2880,2392,128,-2648,18664,0,0,0,0,0,-1,52,1736169,166041,3,176,0,0,5,224776,0,2,181818,7,10,15,147167,0,164210,54375,0,35,6056,9942333,1,0,0,0,0,0,0,18959,0,0,1,2064,0,0,0,0,0,0,5416,9958,1,50,2,2560,1440,5120,2880,2500,2,2,0,2227,0,1,2275,2275,11909666,0
1283,25373859375,20119541,0,0,1,5120,2880,2392,128,-2648,19873,0,0,0,0,0,-1,62,5346334,230001,11,15404,0,0,5,230356,0,2,181818,7,11,20,152623,0,211166,52459,0,42,6228,5423417,1,0,0,0,0,0,0,14584,0,0,1,2064,0,0,0,0,0,0,3916,8292,1,50,2,2560,1440,5120,2880,2500,2,2,0,2228,0,1,2276,2276,11878749,0
1284,25400360750,26501375,0,0,1,5120,2880,2392,128,-2648,22919,0,0,0,0,0,-1,52,468040,138915,5,1028,0,0,5,230356,0,2,181818,7,10,15,1539,0,159167,31083,0,35,7473,20575125,1,0,0,0,0,0,0,19083,0,0,1,2064,0,0,0,0,0,0,5791,9917,1,50,2,2560,1440,5120,2880,2500,2,2,0,2229,0,1,2277,2277,11771583,0
1285,25420399167,20038417,0,0,1,5120,2880,2392,129,-2648,24446,0,0,0,0,0,-1,62,825501,189377,3,176,0,0,5,229708,0,2,181818,7,11,15,143874,0,197416,53042,0,43,7699,9661250,1,0,0,0,0,0,0,35917,0,0,1,2064,0,0,0,0,0,0,8375,18750,1,50,2,2560,1440,5120,2880,2500,2,2,0,2230,0,1,2278,2278,11771583,0
1286,25441228417,20829250,0,0,1,5120,2880,2392,129,-2648,22907,0,0,0,0,0,-1,52,7838583,141085,3,176,0,0,5,229708,0,2,181818,7,10,19,136710,0,146624,39375,0,35,7473,6852042,1,0,0,0,0,0,0,17417,0,0,1,2064,0,0,0,0,0,0,4167,10125,1,50,2,2560,1440,5120,2880,2500,2,2,0,2231,0,1,2279,2279,12324416,0
1287,25467882334,26653917,0,0,1,5120,2880,2392,129,-2648,22917,0,0,0,0,0,-1,51,131381,146125,3,176,0,0,5,229564,0,2,181818,7,10,15,1499,0,166666,33960,0,35,7473,20354333,1,0,0,0,0,0,0,45334,0,0,1,2064,0,0,0,0,0,0,13334,22042,1,50,2,2560,1440,5120,2880,2500,2,2,0,2232,0,1,2280,2280,12065624,0
1288,25487715209,19832875,0,0,1,5120,2880,2392,129,-2648,24234,0,0,0,0,0,-1,61,1823126,202089,3,176,0,0,5,231148,0,2,181818,7,11,15,147209,0,184167,929583,0,42,7665,8774834,1,0,0,0,0,0,0,23500,0,0,1,2064,0,0,0,0,0,0,4750,12958,1,50,2,2560,1440,5120,2880,2500,2,2,0,2233,0,1,2281,2281,12065624,0
1289,25508579584,20864375,0,0,1,5120,2880,2392,129,-2648,22907,0,0,0,0,0,-1,52,8242249,143124,3,176,0,0,5,230932,0,2,181818,7,10,19,144958,0,157959,45001,0,35,7473,6724666,1,0,0,0,0,0,0,20375,0,0,1,2064,0,0,0,0,0,0,5583,11542,1,50,2,2560,1440,5120,2880,2500,2,2,0,2234,0,1,2282,2282,12166250,0
1290,25534931084,26351500,0,0,1,5120,2880,2392,129,-2647,24493,0,0,0,0,0,-1,62,141957,169748,3,176,0,0,5,213184,0,2,181818,7,11,18,59959,0,177918,55168,0,43,7708,17474625,1,0,0,0,0,0,0,38167,0,0,1,2064,0,0,0,0,0,0,9666,20292,1,50,2,2560,1440,5120,2880,2500,2,2,0,2235,0,1,2283,2283,11975916,0
1291,25554121625,19190541,0,0,1,5120,2880,2392,129,-2647,22066,0,0,0,0,0,-1,52,1443043,166999,6,9476,0,0,5,203164,0,2,181818,7,10,15,143830,0,182457,49207,0,34,7195,9815458,1,0,0,0,0,0,0,21667,0,0,1,2064,0,0,0,0,0,0,6459,12083,1,50,2,2560,1440,5120,2880,2500,2,2,0,2236,0,1,2284,2284,11975916,0
1292,25575775917,21654292,0,0,1,5120,2880,2392,129,-2647,22373,0,0,0,0,0,-1,60,8049375,186084,3,176,0,0,5,195016,0,2,181818,7,11,20,151458,0,177459,503540,0,41,7070,5212875,1,0,0,0,0,0,0,17416,0,0,1,2064,0,0,0,0,0,0,4250,10416,1,50,2,2560,1440,5120,2880,2500,2,2,0,2237,0,1,2285,2285,12178750,0
1293,25600849334,25073417,0,0,1,5120,2880,2392,129,-2647,17121,0,0,0,0,0,-1,52,110916,137584,3,176,0,0,5,253720,0,2,181818,7,10,15,2166,0,157792,33919,0,36,5535,18633708,1,0,0,0,0,0,0,50875,0,0,1,2064,0,0,0,0,0,0,13125,28083,1,50,2,2560,1440,5120,2880,2500,2,2,0,2238,0,1,2286,2286,11824666,0
1294,25619160667,18311333,0,0,1,5120,2880,2392,129,-2647,12619,0,0,0,0,0,-1,67,551871,226920,3,176,0,0,5,301888,0,2,181818,7,11,15,104878,0,201833,71585,0,48,3717,9130667,1,0,0,0,0,0,0,28625,0,0,1,2064,0,0,0,0,0,0,6584,15916,1,50,2,2560,1440,5120,2880,2500,2,2,0,2239,0,1,2287,2287,10130624,0
1295,25634548792,15388125,0,0,1,5120,2880,2392,129,-2647,9340,0,0,0,0,0,-1,66,167715,198203,3,176,0,0,5,352144,0,2,181818,7,10,15,61041,0,208543,42001,0,49,2874,8753417,1,0,0,0,0,0,0,28292,0,0,1,2064,0,0,0,0,0,0,7167,15791,1,50,2,2560,1440,5120,2880,2500,2,2,0,2240,0,1,2288,2288,9673083,0
1296,25650698625,16149833,0,0,1,5120,2880,2392,129,-2647,7467,0,0,0,0,0,-1,65,168999,189166,3,176,0,0,5,444124,0,2,181818,7,10,13,57500,0,186958,43586,0,48,2259,9790209,1,0,0,0,0,0,0,25417,0,0,1,2064,0,0,0,0,0,0,5917,13958,1,50,2,2560,1440,5120,2880,2500,2,2,0,2241,0,1,2289,2289,11248041,0
1297,25667172417,16473792,0,0,1,5120,2880,2392,129,-2647,8048,0,0,0,0,0,-1,74,167951,225709,3,176,0,0,5,463348,0,2,181818,7,11,14,60125,0,188750,53208,0,55,2222,9412833,1,0,0,0,0,0,0,38208,0,0,1,2064,0,0,0,0,0,0,9375,19833,1,50,2,2560,1440,5120,2880,2500,2,2,0,2242,0,1,2290,2290,10089166,0
1298,25683229375,16056958,0,0,1,5120,2880,2392,129,-2647,6720,0,0,0,0,0,-1,64,138709,175580,3,176,0,0,5,483544,0,2,181818,7,10,12,35456,0,152832,56917,0,47,2017,10739459,1,0,0,0,0,0,0,18167,0,0,1,2064,0,0,0,0,0,0,5125,8792,1,50,2,2560,1440,5120,2880,2500,2,2,0,2243,0,1,2291,2291,10829833,0
1299,25699413709,16184334,0,0,1,5120,2880,2392,129,-2647,6290,0,0,0,0,0,-1,65,128367,154045,3,176,0,0,5,540928,0,2,181818,7,10,10,1211,0,150292,32708,0,49,1864,11588625,1,0,0,0,0,0,0,30167,0,0,1,2064,0,0,0,0,0,0,7292,15875,1,50,2,2560,1440,5120,2880,2500,2,2,0,2244,0,1,2292,2292,10089083,0
1300,25716329959,16916250,0,0,1,5120,2880,2392,128,-2646,7960,0,0,0,0,0,-1,74,1269087,237080,3,176,0,0,5,532288,0,2,181818,7,11,11,1541,0,188999,29502,0,56,2121,9267375,1,0,0,0,0,0,0,36291,0,0,1,2064,0,0,0,0,0,0,9125,18834,1,50,2,2560,1440,5120,2880,2500,2,2,0,2245,0,1,2293,2293,10979916,0
1301,25732553917,16223958,0,0,1,5120,2880,2392,128,-2646,6471,0,0,0,0,0,-1,64,114751,148164,3,176,0,0,5,506764,0,2,181818,7,10,10,1332,0,144666,26915,0,48,1930,11767875,1,0,0,0,0,0,0,36541,0,0,1,2064,0,0,0,0,0,0,8917,18791,1,50,2,2560,1440,5120,2880,2500,2,2,0,2246,0,1,2294,2294,10885166,0
1302,25749304000,16750083,0,0,1,5120,2880,2392,128,-2646,6450,0,0,0,0,0,-1,64,124458,171875,3,176,0,0,5,506764,0,2,181818,7,10,10,1082,0,141374,30543,0,48,1923,12272458,1,0,0,0,0,0,0,56084,0,0,1,2064,0,0,0,0,0,0,12209,31750,1,50,2,2560,1440,5120,2880,2500,2,2,0,2247,0,1,2295,2295,10160749,0
1303,25765926125,16622125,0,0,1,5120,2880,2392,128,-2646,7777,0,0,0,0,0,-1,74,132792,174244,12,23120,0,0,5,506296,0,2,181818,7,11,11,1377,0,159959,28624,0,55,2108,10869833,1,0,0,0,0,0,0,45500,0,0,1,2064,0,0,0,0,0,0,9916,26709,1,50,2,2560,1440,5120,2880,2500,2,2,0,2248,0,1,2296,2296,11278375,0
1304,25782794542,16868417,0,0,1,5120,2880,2392,128,-2646,6423,0,0,0,0,0,-1,64,128839,176457,3,176,0,0,5,513244,0,2,181818,7,10,10,1043,0,132292,29999,0,48,1914,12233417,1,0,0,0,0,0,0,49708,0,0,1,2064,0,0,0,0,0,0,12084,26000,1,50,2,2560,1440,5120,2880,2500,2,2,0,2249,0,1,2297,2297,11310083,0
1305,25799387375,16592833,0,0,1,5120,2880,2392,128,-2646,6468,0,0,0,0,0,-1,66,137790,148878,3,176,0,0,5,523612,0,2,181818,7,10,10,1124,0,131375,29667,0,50,1917,11955833,1,0,0,0,0,0,0,74292,0,0,1,2064,0,0,0,0,0,0,18375,38834,1,50,2,2560,1440,5120,2880,2500,2,2,0,2250,0,1,2298,2298,10123624,0
1306,25815973084,16585709,0,0,1,5120,2880,2392,128,-2646,7936,0,0,0,0,0,-1,76,1448538,197291,3,176,0,0,5,508600,0,2,181818,7,11,11,1376,0,184001,31876,0,58,2124,9221916,1,0,0,0,0,0,0,32417,0,0,1,2064,0,0,0,0,0,0,6583,17417,1,50,2,2560,1440,5120,2880,2500,2,2,0,2251,0,1,2299,2299,11425999,0
1307,25832424542,16451458,0,0,1,5120,2880,2392,128,-2646,6744,0,0,0,0,0,-1,66,115710,148872,3,176,0,0,5,488584,0,2,181818,7,10,10,1041,0,142585,27709,0,50,2009,12112375,1,0,0,0,0,0,0,33250,0,0,1,2064,0,0,0,0,0,0,7000,19750,1,50,2,2560,1440,5120,2880,2500,2,2,0,2252,0,1,2300,2300,11275791,0
1308,25848712750,16288208,0,0,1,5120,2880,2392,128,-2646,6744,0,0,0,0,0,-1,66,116543,158000,3,176,0,0,5,488476,0,2,181818,7,10,10,750,0,136665,26458,0,50,2009,12431333,1,0,0,0,0,0,0,24250,0,0,1,2064,0,0,0,0,0,0,4417,14416,1,50,2,2560,1440,5120,2880,2500,2,2,0,2253,0,1,2301,2301,10044666,0
1309,25865833000,17120250,0,0,1,5120,2880,2392,128,-2646,7953,0,0,0,0,0,-1,75,1783366,191088,3,176,0,0,5,488800,0,2,181818,7,11,11,1750,0,148958,36626,0,57,2181,9856208,1,0,0,0,0,0,0,47416,0,0,1,2064,0,0,0,0,0,0,9541,27583,1,50,2,2560,1440,5120,2880,2500,2,2,0,2254,0,1,2302,2302,11251999,0
1310,25882265584,16432584,0,0,1,5120,2880,2392,128,-2646,6744,0,0,0,0,0,-1,66,120833,154041,3,176,0,0,5,488800,0,2,181818,7,10,10,1166,0,154207,28584,0,50,2009,12414084,1,0,0,0,0,0,0,33416,0,0,1,2064,0,0,0,0,0,0,6750,20541,1,50,2,2560,1440,5120,2880,2500,2,2,0,2255,0,1,2303,2303,9997708,0
1311,25898907625,16642041,0,0,1,5120,2880,2392,128,-2646,6744,0,0,0,0,0,-1,66,121005,164336,3,176,0,0,5,488800,0,2,181818,7,10,10,875,0,153499,29291,0,50,2009,12637708,1,0,0,0,0,0,0,33167,0,0,1,2064,0,0,0,0,0,0,6708,19625,1,50,2,2560,1440,5120,2880,2500,2,2,0,2256,0,1,2304,2304,11200125,0
1312,25916228084,17320459,0,0,1,5120,2880,2392,128,-2646,8403,0,0,0,0,0,-1,76,1607503,223330,3,176,0,0,5,488800,0,2,181818,7,11,11,1625,0,170083,33624,0,58,2261,9626958,1,0,0,0,0,0,0,39583,0,0,1,2064,0,0,0,0,0,0,7625,18209,1,50,2,2560,1440,5120,2880,2500,2,2,0,2257,0,1,2305,2305,11263874,0
1313,25932566459,16338375,0,0,1,5120,2880,2392,128,-2646,6747,0,0,0,0,0,-1,66,115623,149748,3,176,0,0,5,488800,0,2,181818,7,10,10,709,0,144208,35375,0,50,2010,12082833,1,0,0,0,0,0,0,30458,0,0,1,2064,0,0,0,0,0,0,6375,17875,1,50,2,2560,1440,5120,2880,2500,2,2,0,2258,0,1,2306,2306,9998499,0
1314,25948852000,16285541,0,0,1,5120,2880,2392,128,-2646,6747,0,0,0,0,0,-1,66,118498,142122,3,176,0,0,5,488800,0,2,181818,7,10,10,1085,0,130292,33959,0,50,2010,12457958,1,0,0,0,0,0,0,25959,0,0,1,2064,0,0,0,0,0,0,6500,13417,1,50,2,2560,1440,5120,2880,2500,2,2,0,2259,0,1,2307,2307,11455874,0
1315,25965817292,16965292,0,0,1,5120,2880,2392,128,-2646,7956,0,0,0,0,0,-1,75,1878168,233205,3,176,0,0,5,488692,0,2,181818,7,11,11,2543,0,183000,27918,0,57,2182,9648750,1,0,0,0,0,0,0,35250,0,0,1,2064,0,0,0,0,0,0,7292,20166,1,50,2,2560,1440,5120,2880,2500,2,2,0,2260,0,1,2308,2308,11272250,0
1316,25982446375,16629083,0,0,1,5120,2880,2392,128,-2646,6747,0,0,0,0,0,-1,66,130172,171834,3,176,0,0,5,488692,0,2,181818,7,10,10,1081,0,171416,26833,0,50,2010,12364250,1,0,0,0,0,0,0,37583,0,0,1,2064,0,0,0,0,0,0,7542,19458,1,50,2,2560,1440,5120,2880,2500,2,2,0,2261,0,1,2309,2309,10030541,0
1317,25999018542,16572167,0,0,1,5120,2880,2392,128,-2646,6747,0,0,0,0,0,-1,66,119128,151000,3,176,0,0,5,488584,0,2,181818,7,10,10,835,0,159668,28500,0,50,2010,12489167,1,0,0,0,0,0,0,35417,0,0,1,2064,0,0,0,0,0,0,6917,20750,1,50,2,2560,1440,5120,2880,2500,2,2,0,2262,0,1,2310,2310,11211500,0
1318,26015905375,16886833,0,0,1,5120,2880,2392,128,-2645,8298,0,0,0,0,0,-1,76,1770169,211916,3,176,0,0,5,488476,0,2,181818,7,11,11,3583,0,187001,27501,0,58,2240,9550083,1,0,0,0,0,0,0,33417,0,0,1,2064,0,0,0,0,0,0,7084,19666,1,50,2,2560,1440,5120,2880,2500,2,2,0,2263,0,1,2311,2311,11174875,0
1319,26032568042,16662667,0,0,1,5120,2880,2392,128,-2645,6747,0,0,0,0,0,-1,66,133876,172539,3,176,0,0,5,488368,0,2,181818,7,10,10,1541,0,164458,28167,0,50,2010,12368083,1,0,0,0,0,0,0,39583,0,0,1,2064,0,0,0,0,0,0,8959,22083,1,50,2,2560,1440,5120,2880,2500,2,2,0,2264,0,1,2312,2312,10044708,0
1320,26049149167,16581125,0,0,1,5120,2880,2392,128,-2645,6747,0,0,0,0,0,-1,66,132080,160124,3,176,0,0,5,488368,0,2,181818,7,10,10,1043,0,157333,27625,0,50,2010,12360625,1,0,0,0,0,0,0,38667,0,0,1,2064,0,0,0,0,0,0,7708,21000,1,50,2,2560,1440,5120,2880,2500,2,2,0,2265,0,1,2313,2313,11214500,0
1321,26065768209,16619042,0,0,1,5120,2880,2392,128,-2645,8066,0,0,0,0,0,-1,75,1737665,185124,3,176,0,0,5,488584,0,2,181818,7,11,11,1791,0,153583,29291,0,57,2202,9248417,1,0,0,0,0,0,0,21666,0,0,1,2064,0,0,0,0,0,0,2834,13750,1,50,2,2560,1440,5120,2880,2500,2,2,0,2266,0,1,2314,2314,11257124,0
1322,26082203667,16435458,0,0,1,5120,2880,2392,128,-2645,6749,0,0,0,0,0,-1,67,124295,138668,5,1028,0,0,5,488692,0,2,181818,7,10,10,666,0,153041,28044,0,50,2010,12405250,1,0,0,0,0,0,0,32458,0,0,1,2064,0,0,0,0,0,0,5958,19542,1,50,2,2560,1440,5120,2880,2500,2,2,0,2267,0,1,2315,2315,10091416,0
1323,26099072625,16868958,0,0,1,5120,2880,2392,128,-2645,6693,0,0,0,0,0,-1,66,125124,132418,3,176,0,0,5,495856,0,2,181818,7,10,10,1168,0,121291,27958,0,50,1992,12597375,1,0,0,0,0,0,0,42958,0,0,1,2064,0,0,0,0,0,0,8500,25375,1,50,2,2560,1440,5120,2880,2500,2,2,0,2268,0,1,2316,2316,11204708,0
1324,26115951584,16878959,0,0,1,5120,2880,2392,128,-2645,8480,0,0,0,0,0,-1,76,1548624,172999,3,176,0,0,5,503200,0,2,181818,7,11,11,1249,0,135416,30250,0,58,2280,9578917,1,0,0,0,0,0,0,38833,0,0,1,2064,0,0,0,0,0,0,7958,24000,1,50,2,2560,1440,5120,2880,2500,2,2,0,2269,0,1,2317,2317,10049874,0
1325,26132387875,16436291,0,0,1,5120,2880,2392,128,-2645,6834,0,0,0,0,0,-1,67,113210,151122,3,176,0,0,5,511084,0,2,181818,7,10,10,667,0,134000,26208,0,51,2033,12212917,1,0,0,0,0,0,0,31167,0,0,1,2064,0,0,0,0,0,0,6208,18750,1,50,2,2560,1440,5120,2880,2500,2,2,0,2270,0,1,2318,2318,10060750,0
1326,26148861584,16473709,0,0,1,5120,2880,2392,128,-2645,6768,0,0,0,0,0,-1,67,113751,136084,3,176,0,0,5,533584,0,2,181818,7,10,10,1166,0,127124,26585,0,51,2011,12499833,1,0,0,0,0,0,0,31084,0,0,1,2064,0,0,0,0,0,0,6541,18500,1,50,2,2560,1440,5120,2880,2500,2,2,0,2271,0,1,2319,2319,11506875,0
1327,26166179417,17317833,0,0,1,5120,2880,2392,128,-2645,8991,0,0,0,0,0,-1,76,1870792,169542,3,176,0,0,5,539452,0,2,181818,7,11,11,1540,0,140166,29375,0,58,2521,9577334,1,0,0,0,0,0,0,48458,0,0,1,2064,0,0,0,0,0,0,8708,27209,1,50,2,2560,1440,5120,2880,2500,2,2,0,2272,0,1,2320,2320,10087375,0
1328,26182893209,16713792,0,0,1,5120,2880,2392,128,-2645,9028,0,0,0,0,0,-1,68,112417,135792,3,176,0,0,5,550828,0,2,181818,7,10,11,24001,0,119835,41625,0,51,2763,11882875,1,0,0,0,0,0,0,30416,0,0,1,2064,0,0,0,0,0,0,6417,18334,1,50,2,2560,1440,5120,2880,2500,2,2,0,2273,0,1,2321,2321,10134500,0
1329,26200161042,17267833,0,0,1,5120,2880,2392,128,-2645,10878,0,0,0,0,0,-1,69,128376,153037,3,176,0,0,5,552124,0,2,181818,7,10,12,53166,0,124875,41082,0,52,3372,11929459,1,0,0,0,0,0,0,16708,0,0,1,2064,0,0,0,0,0,0,3417,10209,1,50,2,2560,1440,5120,2880,2500,2,2,0,2274,0,1,2322,2322,11538958,0
1330,26217911292,17750250,0,0,1,5120,2880,2392,128,-2645,14109,0,0,0,0,0,-1,79,2618294,180286,3,176,0,0,5,560008,0,2,181818,7,11,14,55377,0,143249,43293,0,60,4152,7306167,1,0,0,0,0,0,0,16709,0,0,1,2064,0,0,0,0,0,0,4125,9333,1,50,2,2560,1440,5120,2880,2500,2,2,0,2275,0,1,2323,2323,10278916,0
1331,26234397167,16485875,0,0,1,5120,2880,2392,128,-2645,13308,0,0,0,0,0,-1,69,158172,181040,3,176,0,0,5,559864,0,2,181818,7,10,13,55500,0,159084,48208,0,52,4182,10228584,1,0,0,0,0,0,0,22458,0,0,1,2064,0,0,0,0,0,0,4042,14333,1,50,2,2560,1440,5120,2880,2500,2,2,0,2276,0,1,2324,2324,10274541,0
1332,26251570834,17173667,0,0,1,5120,2880,2392,128,-2645,15996,0,0,0,0,0,-1,69,156041,159714,3,176,0,0,5,569512,0,2,181818,7,10,13,50582,0,146124,49916,0,52,5078,10470083,1,0,0,0,0,0,0,22250,0,0,1,2064,0,0,0,0,0,0,4875,12625,1,50,2,2560,1440,5120,2880,2500,2,2,0,2277,0,1,2325,2325,10615416,0
1333,26270350542,18779708,0,0,1,5120,2880,2392,128,-2645,18518,0,0,0,0,0,-1,78,5904836,266409,3,176,0,0,5,540100,0,2,181818,7,11,14,53249,0,213667,42916,0,59,5681,3262958,1,0,0,0,0,0,0,35958,0,0,1,2064,0,0,0,0,0,0,8166,17750,1,50,2,2560,1440,5120,2880,2500,2,2,0,2278,0,1,2326,2326,10796874,0
1334,26289387042,19036500,0,0,1,5120,2880,2392,128,-2645,17681,0,0,0,0,0,-1,69,3271121,175333,3,176,0,0,5,540100,0,2,181818,7,10,15,87788,0,144999,63875,0,52,5637,7726583,1,0,0,0,0,0,0,26291,0,0,1,2064,0,0,0,0,0,0,6500,13166,1,50,2,2560,1440,5120,2880,2500,2,2,0,2279,0,1,2327,2327,10322499,0
1335,26308539750,19152708,0,0,1,5120,2880,2392,128,-2645,18140,0,0,0,0,0,-1,69,6355541,184535,3,176,0,0,5,540100,0,2,181818,7,10,15,84418,0,143542,46750,0,52,5790,5358666,1,0,0,0,0,0,0,25666,0,0,1,2064,0,0,0,0,0,0,4667,15166,1,50,2,2560,1440,5120,2880,2500,2,2,0,2280,0,1,2328,2328,10813458,0
1336,26333613500,25073750,0,0,1,5120,2880,2392,128,-2645,19915,0,0,0,0,0,-1,78,5899871,179997,3,176,0,0,5,540460,0,2,181818,7,11,12,1209,0,139707,28708,0,60,6100,12354625,1,0,0,0,0,0,0,16333,0,0,1,2064,0,0,0,0,0,0,3834,9209,1,50,2,2560,1440,5120,2880,2500,2,2,0,2281,0,1,2329,2329,10515874,0
1337,26352408834,18795334,0,0,1,5120,2880,2392,128,-2645,18375,0,0,0,0,0,-1,69,161714,196417,3,176,0,0,5,540460,0,2,181818,7,10,12,54460,0,215833,41375,0,52,5871,11145209,1,0,0,0,0,0,0,29417,0,0,1,2064,0,0,0,0,0,0,5708,16708,1,50,2,2560,1440,5120,2880,2500,2,2,0,2282,0,1,2330,2330,10326124,0
1338,26371661167,19252333,0,0,1,5120,2880,2392,128,-2645,19694,0,0,0,0,0,-1,78,7521791,244876,3,176,0,0,5,540784,0,2,181818,7,11,14,61708,0,232999,44208,0,59,6063,2104750,1,0,0,0,0,0,0,25583,0,0,1,2064,0,0,0,0,0,0,6292,14916,1,50,2,2560,1440,5120,2880,2500,2,2,0,2283,0,1,2331,2331,10793791,0
1339,26390712417,19051250,0,0,1,5120,2880,2392,128,-2645,18383,0,0,0,0,0,-1,69,4714248,217207,3,176,0,0,5,540784,0,2,181818,7,10,15,92043,0,154874,53167,0,52,5871,6540167,1,0,0,0,0,0,0,16875,0,0,1,2064,0,0,0,0,0,0,3917,9000,1,50,2,2560,1440,5120,2880,2500,2,2,0,2284,0,1,2332,2332,10377999,0
1340,26416432959,25720542,0,0,1,5120,2880,2392,128,-2645,18369,0,0,0,0,0,-1,68,128957,149919,3,176,0,0,5,540784,0,2,181818,7,10,11,1705,0,127500,33832,0,52,5871,20693542,1,0,0,0,0,0,0,15334,0,0,1,2064,0,0,0,0,0,0,4542,8208,1,50,2,2560,1440,5120,2880,2500,2,2,0,2285,0,1,2333,2333,10076874,0
1341,26435131834,18698875,0,0,1,5120,2880,2392,128,-2645,19896,0,0,0,0,0,-1,79,5232289,225216,3,176,0,0,5,540568,0,2,181818,7,11,13,48250,0,193958,35710,0,60,6095,5127792,1,0,0,0,0,0,0,26083,0,0,1,2064,0,0,0,0,0,0,5417,14583,1,50,2,2560,1440,5120,2880,2500,2,2,0,2286,0,1,2334,2334,10143958,0
1342,26454350334,19218500,0,0,1,5120,2880,2392,128,-2645,18383,0,0,0,0,0,-1,69,2351208,182544,3,176,0,0,5,540568,0,2,181818,7,10,15,83709,0,149125,48708,0,52,5871,9700417,1,0,0,0,0,0,0,33084,0,0,1,2064,0,0,0,0,0,0,5250,20708,1,50,2,2560,1440,5120,2880,2500,2,2,0,2287,0,1,2335,2335,10544791,0
1343,26474474292,20123958,0,0,1,5120,2880,2392,128,-2645,19584,0,0,0,0,0,-1,78,10341877,230047,3,176,0,0,5,541252,0,2,181818,7,11,14,63374,0,212125,40834,0,59,6043,11250,1,0,0,0,0,0,0,34042,0,0,1,2064,0,0,0,0,0,0,7458,20375,1,50,2,2560,1440,5120,2880,2500,2,2,0,2288,0,1,2336,2336,10790791,0
1344,26499819834,25345542,0,0,1,5120,2880,2392,128,-2645,18369,0,0,0,0,0,-1,68,133541,146257,3,176,0,0,5,541252,0,2,181818,7,10,11,1291,0,138707,27624,0,52,5871,20084708,1,0,0,0,0,0,0,15542,0,0,1,2064,0,0,0,0,0,0,4292,8417,1,50,2,2560,1440,5120,2880,2500,2,2,0,2289,0,1,2337,2337,10160124,0
1345,26519231084,19411250,0,0,1,5120,2880,2392,128,-2645,20152,0,0,0,0,0,-1,79,5265378,223093,3,176,0,0,5,541360,0,2,181818,7,11,13,52330,0,153167,44250,0,60,6139,5025334,1,0,0,0,0,0,0,26958,0,0,1,2064,0,0,0,0,0,0,6208,15125,1,50,2,2560,1440,5120,2880,2500,2,2,0,2290,0,1,2338,2338,10594999,0
1346,26537759542,18528458,0,0,1,5120,2880,2392,128,-2645,18329,0,0,0,0,0,-1,69,2239917,192248,3,176,0,0,5,541360,0,2,181818,7,10,15,85042,0,153709,53166,0,52,5853,8917625,1,0,0,0,0,0,0,29458,0,0,1,2064,0,0,0,0,0,0,5875,18417,1,50,2,2560,1440,5120,2880,2500,2,2,0,2291,0,1,2339,2339,10580250,0
1347,26557381959,19622417,0,0,1,5120,2880,2392,128,-2645,18329,0,0,0,0,0,-1,69,4840167,210290,3,176,0,0,5,541360,0,2,181818,7,10,15,91166,0,147876,62125,0,52,5853,6703250,1,0,0,0,0,0,0,20958,0,0,1,2064,0,0,0,0,0,0,4958,9875,1,50,2,2560,1440,5120,2880,2500,2,2,0,2292,0,1,2340,2340,10270250,0
1348,26576656625,19274666,0,0,1,5120,2880,2392,128,-2646,19530,0,0,0,0,0,-1,78,10213536,223503,3,176,0,0,5,541252,0,2,181818,7,11,14,60500,0,219834,38292,0,59,6025,11833,1,0,0,0,0,0,0,32333,0,0,1,2064,0,0,0,0,0,0,6334,18667,1,50,2,2560,1440,5120,2880,2500,2,2,0,2293,0,1,2341,2341,10325250,0
1349,26600267250,23610625,0,0,1,5120,2880,2392,128,-2646,18315,0,0,0,0,0,-1,68,130464,160790,3,176,0,0,5,541252,0,2,181818,7,10,11,1210,0,130958,29999,0,52,5853,18338292,1,0,0,0,0,0,0,15625,0,0,1,2064,0,0,0,0,0,0,3583,9542,1,50,2,2560,1440,5120,2880,2500,2,2,0,2294,0,1,2342,2342,10270208,0
1350,26619913417,19646167,0,0,1,5120,2880,2392,128,-2646,19847,0,0,0,0,0,-1,79,5217708,263750,3,176,0,0,5,541468,0,2,181818,7,11,13,59585,0,167751,48792,0,60,6078,4774458,1,0,0,0,0,0,0,28709,0,0,1,2064,0,0,0,0,0,0,7000,15709,1,50,2,2560,1440,5120,2880,2500,2,2,0,2295,0,1,2343,2343,10409291,0
1351,26638735792,18822375,0,0,1,5120,2880,2392,128,-2646,18329,0,0,0,0,0,-1,69,1444170,240007,3,176,0,0,5,541468,0,2,181818,7,10,15,97624,0,187166,58916,0,52,5853,8210875,1,0,0,0,0,0,0,24000,0,0,1,2064,0,0,0,0,0,0,6625,12625,1,50,2,2560,1440,5120,2880,2500,2,2,0,2296,0,1,2344,2344,10482791,0
1352,26657720625,18984833,0,0,1,5120,2880,2392,128,-2646,18329,0,0,0,0,0,-1,69,5548462,178539,3,176,0,0,5,541360,0,2,181818,7,10,15,86249,0,146334,55125,0,52,5853,5877834,1,0,0,0,0,0,0,22083,0,0,1,2064,0,0,0,0,0,0,7375,11625,1,50,2,2560,1440,5120,2880,2500,2,2,0,2297,0,1,2345,2345,10532749,0
1353,26683503917,25783292,0,0,1,5120,2880,2392,128,-2646,19634,0,0,0,0,0,-1,77,6414834,205208,3,176,0,0,5,541684,0,2,181818,7,11,12,1585,0,142125,34166,0,59,6045,12617417,1,0,0,0,0,0,0,15750,0,0,1,2064,0,0,0,0,0,0,4167,8750,1,50,2,2560,1440,5120,2880,2500,2,2,0,2298,0,1,2346,2346,10509749,0
1354,26702294500,18790583,0,0,1,5120,2880,2392,128,-2646,18321,0,0,0,0,0,-1,69,153293,182870,3,176,0,0,5,541684,0,2,181818,7,10,12,55084,0,185708,38166,0,52,5853,11295708,1,0,0,0,0,0,0,23208,0,0,1,2064,0,0,0,0,0,0,4833,14250,1,50,2,2560,1440,5120,2880,2500,2,2,0,2299,0,1,2347,2347,10252000,0
1355,26721457625,19163125,0,0,1,5120,2880,2392,128,-2646,19862,0,0,0,0,0,-1,79,7211292,255288,3,176,0,0,5,541792,0,2,181818,7,11,14,59082,0,225500,48541,0,60,6081,2060416,1,0,0,0,0,0,0,32167,0,0,1,2064,0,0,0,0,0,0,6917,18625,1,50,2,2560,1440,5120,2880,2500,2,2,0,2300,0,1,2348,2348,10699458,0
1356,26740698959,19241334,0,0,1,5120,2880,2392,128,-2646,18329,0,0,0,0,0,-1,69,5040751,189132,3,176,0,0,5,541792,0,2,181818,7,10,15,96292,0,159208,53167,0,52,5853,6682667,1,0,0,0,0,0,0,21167,0,0,1,2064,0,0,0,0,0,0,5708,12375,1,50,2,2560,1440,5120,2880,2500,2,2,0,2301,0,1,2349,2349,10480375,0
1357,26766914792,26215833,0,0,1,5120,2880,2392,128,-2646,18315,0,0,0,0,0,-1,68,132297,174369,3,176,0,0,5,541792,0,2,181818,7,10,11,1207,0,145751,33417,0,52,5853,20366125,1,0,0,0,0,0,0,16666,0,0,1,2064,0,0,0,0,0,0,4625,9083,1,50,2,2560,1440,5120,2880,2500,2,2,0,2302,0,1,2350,2350,10157791,0
1358,26785474917,18560125,0,0,1,5120,2880,2392,128,-2646,19565,0,0,0,0,0,-1,78,5036042,208080,3,176,0,0,5,542008,0,2,181818,7,11,13,52457,0,167208,42793,0,59,6030,4858458,1,0,0,0,0,0,0,26417,0,0,1,2064,0,0,0,0,0,0,3833,16959,1,50,2,2560,1440,5120,2880,2500,2,2,0,2303,0,1,2351,2351,10336499,0
1359,26804426875,18951958,0,0,1,5120,2880,2392,128,-2646,18329,0,0,0,0,0,-1,69,1739421,203999,3,176,0,0,5,542008,0,2,181818,7,10,15,94126,0,165707,49500,0,52,5853,9469000,1,0,0,0,0,0,0,32667,0,0,1,2064,0,0,0,0,0,0,7125,16916,1,50,2,2560,1440,5120,2880,2500,2,2,0,2304,0,1,2352,2352,10463958,0
1360,26824264834,19837959,0,0,1,5120,2880,2392,128,-2646,20534,0,0,0,0,0,-1,79,9147127,217165,3,176,0,0,5,542368,0,2,181818,7,11,14,60540,0,214207,53666,0,60,6293,25250,1,0,0,0,0,0,0,30709,0,0,1,2064,0,0,0,0,0,0,4292,19750,1,50,2,2560,1440,5120,2880,2500,2,2,0,2305,0,1,2353,2353,10658375,0
1361,26843928459,19663625,0,0,1,5120,2880,2392,128,-2646,18911,0,0,0,0,0,-1,69,9215037,200501,3,176,0,0,5,542368,0,2,181818,7,10,15,80459,0,167375,1462832,0,52,6047,3713916,1,0,0,0,0,0,0,15667,0,0,1,2064,0,0,0,0,0,0,3417,9333,1,50,2,2560,1440,5120,2880,2500,2,2,0,2306,0,1,2354,2354,10143999,0
1362,26868689584,24761125,0,0,1,5120,2880,2392,128,-2646,21216,0,0,0,0,0,-1,68,147214,180545,3,176,0,0,5,577900,0,2,181818,7,10,11,1042,0,143792,33584,0,52,6820,17630083,1,0,0,0,0,0,0,15834,0,0,1,2064,0,0,0,0,0,0,4000,9333,1,50,2,2560,1440,5120,2880,2500,2,2,0,2307,0,1,2355,2355,10458000,0
1363,26888653042,19963458,0,0,1,5120,2880,2392,128,-2646,22836,0,0,0,0,0,-1,78,7681627,226210,3,176,0,0,5,596620,0,2,181818,7,11,13,56246,0,234251,44582,0,59,7127,1538042,1,0,0,0,0,0,0,29292,0,0,1,2064,0,0,0,0,0,0,4459,18375,1,50,2,2560,1440,5120,2880,2500,2,2,0,2308,0,1,2356,2356,10769625,0
1364,26909647542,20994500,0,0,1,5120,2880,2392,128,-2646,21443,0,0,0,0,0,-1,69,7710785,178710,3,176,0,0,5,612280,0,2,181818,7,10,15,93626,0,159042,74666,0,52,6891,6138125,1,0,0,0,0,0,0,14417,0,0,1,2064,0,0,0,0,0,0,3167,8917,1,50,2,2560,1440,5120,2880,2500,2,2,0,2309,0,1,2357,2357,10304124,0
1365,26934698667,25051125,0,0,1,5120,2880,2392,128,-2647,23453,0,0,0,0,0,-1,78,7523287,173000,3,176,0,0,5,604072,0,2,181818,7,11,12,1373,0,134333,28210,0,60,7260,9792708,1,0,0,0,0,0,0,16292,0,0,1,2064,0,0,0,0,0,0,4084,9417,1,50,2,2560,1440,5120,2880,2500,2,2,0,2310,0,1,2358,2358,10609166,0
1366,26954725292,20026625,0,0,1,5120,2880,2392,128,-2647,21885,0,0,0,0,0,-1,68,1594542,174919,3,176,0,0,5,595648,0,2,181818,7,10,14,119417,0,156958,91958,0,51,7045,9793750,1,0,0,0,0,0,0,29750,0,0,1,2064,0,0,0,0,0,0,6000,17916,1,50,2,2560,1440,5120,2880,2500,2,2,0,2311,0,1,2359,2359,10729083,0
1367,26975840750,21115458,0,0,1,5120,2880,2392,128,-2647,23202,0,0,0,0,0,-1,77,12138626,212291,3,176,0,0,5,596080,0,2,181818,7,11,16,60374,0,209916,44833,0,58,7237,12208,1,0,0,0,0,0,0,13583,0,0,1,2064,0,0,0,0,0,0,2792,8583,1,50,2,2560,1440,5120,2880,2500,2,2,0,2312,0,1,2360,2360,10324708,0
1368,27000978500,25137750,0,0,1,5120,2880,2392,128,-2647,21873,0,0,0,0,0,-1,67,124334,147707,3,176,0,0,5,602992,0,2,181818,7,10,11,1084,0,142586,29375,0,51,7045,18912083,1,0,0,0,0,0,0,48375,0,0,1,2064,0,0,0,0,0,0,2458,34625,1,50,2,2560,1440,5120,2880,2500,2,2,0,2313,0,1,2361,2361,10182750,0
1369,27021391167,20412667,0,0,1,5120,2880,2392,128,-2647,23430,0,0,0,0,0,-1,78,8209961,244544,3,176,0,0,5,602776,0,2,181818,7,11,13,52749,0,217956,42833,0,59,7275,2242000,1,0,0,0,0,0,0,61458,0,0,1,2064,0,0,0,0,0,0,7166,47625,1,50,2,2560,1440,5120,2880,2500,2,2,0,2314,0,1,2362,2362,12656291,0
1370,27042533792,21142625,0,0,1,5120,2880,2392,128,-2647,21885,0,0,0,0,0,-1,68,7621711,166875,3,176,0,0,5,602776,0,2,181818,7,10,15,110164,0,138707,178040,0,51,7045,6655000,1,0,0,0,0,0,0,18250,0,0,1,2064,0,0,0,0,0,0,4041,9500,1,50,2,2560,1440,5120,2880,2500,2,2,0,2315,0,1,2363,2363,12473250,0
1371,27068055042,25521250,0,0,1,5120,2880,2392,128,-2647,21883,0,0,0,0,0,-1,67,127754,158168,3,176,0,0,5,602776,0,2,181818,7,10,13,1250,0,127791,30751,0,51,7045,19005584,1,0,0,0,0,0,0,45000,0,0,1,2064,0,0,0,0,0,0,9459,25375,1,50,2,2560,1440,5120,2880,2500,2,2,0,2316,0,1,2364,2364,10265166,0
1372,27088316250,20261208,0,0,1,5120,2880,2392,129,-2648,23088,0,0,0,0,0,-1,77,8106086,185373,3,176,0,0,5,595756,0,2,181818,7,11,13,51918,0,199625,37250,0,58,7217,2257958,1,0,0,0,0,0,0,28792,0,0,1,2064,0,0,0,0,0,0,5750,16375,1,50,2,2560,1440,5120,2880,2500,2,2,0,2317,0,1,2365,2365,12684541,0
1373,27109215084,20898834,0,0,1,5120,2880,2392,129,-2648,21885,0,0,0,0,0,-1,68,7698458,166124,3,176,0,0,5,579916,0,2,181818,7,10,15,108336,0,142416,141750,0,51,7045,6625042,1,0,0,0,0,0,0,14500,0,0,1,2064,0,0,0,0,0,0,3334,8875,1,50,2,2560,1440,5120,2880,2500,2,2,0,2318,0,1,2366,2366,12340250,0
1374,27134222209,25007125,0,0,1,5120,2880,2392,129,-2648,23534,0,0,0,0,0,-1,77,7495790,173994,3,176,0,0,5,572284,0,2,181818,7,11,14,1333,0,137373,34165,0,59,7295,10285709,1,0,0,0,0,0,0,44292,0,0,1,2064,0,0,0,0,0,0,5958,26041,1,50,2,2560,1440,5120,2880,2500,2,2,0,2319,0,1,2367,2367,10250125,0
1375,27154105917,19883708,0,0,1,5120,2880,2392,129,-2648,21885,0,0,0,0,0,-1,68,1392709,163545,3,176,0,0,5,572176,0,2,181818,7,10,14,112498,0,150791,173334,0,51,7045,10183792,1,0,0,0,0,0,0,28833,0,0,1,2064,0,0,0,0,0,0,6042,17333,1,50,2,2560,1440,5120,2880,2500,2,2,0,2320,0,1,2368,2368,12465875,0
1376,27174947375,20841458,0,0,1,5120,2880,2392,129,-2648,23092,0,0,0,0,0,-1,77,11034579,221166,3,176,0,0,5,571960,0,2,181818,7,11,16,58000,0,197291,54458,0,58,7217,13625,1,0,0,0,0,0,0,35334,0,0,1,2064,0,0,0,0,0,0,6250,20333,1,50,2,2560,1440,5120,2880,2500,2,2,0,2321,0,1,2369,2369,12473791,0
1377,27200404250,25456875,0,0,1,5120,2880,2392,129,-2648,21873,0,0,0,0,0,-1,67,128212,156538,3,176,0,0,5,571852,0,2,181818,7,10,11,792,0,126500,30042,0,51,7045,19900084,1,0,0,0,0,0,0,16042,0,0,1,2064,0,0,0,0,0,0,3916,8667,1,50,2,2560,1440,5120,2880,2500,2,2,0,2322,0,1,2370,2370,10213208,0
1378,27220356542,19952292,0,0,1,5120,2880,2392,129,-2648,23400,0,0,0,0,0,-1,78,6473165,249292,3,176,0,0,5,571168,0,2,181818,7,11,13,53461,0,205750,44873,0,59,7269,3574500,1,0,0,0,0,0,0,35750,0,0,1,2064,0,0,0,0,0,0,7542,19792,1,50,2,2560,1440,5120,2880,2500,2,2,0,2323,0,1,2371,2371,12495291,0
1379,27240965000,20608458,0,0,1,5120,2880,2392,129,-2648,21885,0,0,0,0,0,-1,68,4603168,221292,3,176,0,0,5,571168,0,2,181818,7,10,15,118458,0,153041,55707,0,51,7045,7622500,1,0,0,0,0,0,0,19500,0,0,1,2064,0,0,0,0,0,0,4167,11083,1,50,2,2560,1440,5120,2880,2500,2,2,0,2324,0,1,2372,2372,12294708,0
1380,27261447875,20482875,0,0,1,5120,2880,2392,129,-2648,19009,0,0,0,0,0,-1,68,10368997,184922,3,176,0,0,5,555400,0,2,181818,7,10,17,113792,0,154167,199376,0,51,6089,3807583,1,0,0,0,0,0,0,24875,0,0,1,2064,0,0,0,0,0,0,5834,13500,1,50,2,2560,1440,5120,2880,2500,2,2,0,2325,0,1,2373,2373,10250958,0
1381,27284597084,23149209,0,0,1,5120,2880,2392,129,-2648,19610,0,0,0,0,0,-1,77,6296497,205163,3,176,0,0,5,560296,0,2,181818,7,11,14,959,0,176749,28084,0,59,6027,9121333,1,0,0,0,0,0,0,30792,0,0,1,2064,0,0,0,0,0,0,5292,16833,1,50,2,2560,1440,5120,2880,2500,2,2,0,2326,0,1,2374,2374,10402499,0
1382,27302842750,18245666,0,0,1,5120,2880,2392,129,-2648,15011,0,0,0,0,0,-1,69,823713,202376,3,176,0,0,5,491968,0,2,181818,7,10,14,83083,0,149832,48291,0,52,4747,9863334,1,0,0,0,0,0,0,28083,0,0,1,2064,0,0,0,0,0,0,4625,17625,1,50,2,2560,1440,5120,2880,2500,2,2,0,2327,0,1,2375,2375,10670166,0
1383,27321290167,18447417,0,0,1,5120,2880,2392,129,-2648,14171,0,0,0,0,0,-1,79,7459339,234503,3,176,0,0,5,493480,0,2,181818,7,11,14,55623,0,198626,42624,0,60,4162,2290042,1,0,0,0,0,0,0,29667,0,0,1,2064,0,0,0,0,0,0,6584,17375,1,50,2,2560,1440,5120,2880,2500,2,2,0,2328,0,1,2376,2376,10439750,0
1384,27338960875,17670708,0,0,1,5120,2880,2392,129,-2648,11868,0,0,0,0,0,-1,68,4088539,170540,3,176,0,0,5,462988,0,2,181818,7,10,15,112124,0,156124,236041,0,51,3706,6904000,1,0,0,0,0,0,0,15292,0,0,1,2064,0,0,0,0,0,0,3833,9250,1,50,2,2560,1440,5120,2880,2500,2,2,0,2329,0,1,2377,2377,10327625,0
1385,27355850042,16889167,0,0,1,5120,2880,2392,129,-2648,11242,0,0,0,0,0,-1,67,4566250,172873,3,176,0,0,5,378640,0,2,181818,7,10,17,112790,0,138874,44166,0,50,3506,6079500,1,0,0,0,0,0,0,26625,0,0,1,2064,0,0,0,0,0,0,6167,14875,1,50,2,2560,1440,5120,2880,2500,2,2,0,2330,0,1,2378,2378,11915166,0
1386,27372719292,16869250,0,0,1,5120,2880,2392,128,-2648,11812,0,0,0,0,0,-1,67,8137081,197497,3,176,0,0,5,321508,0,2,181818,7,11,18,121624,0,251292,73459,0,48,3510,310500,1,0,0,0,0,0,0,30292,0,0,1,2064,0,0,0,0,0,0,6500,17667,1,50,2,2560,1440,5120,2880,2500,2,2,0,2331,0,1,2379,2379,11852166,0
1387,27389156917,16437625,0,0,1,5120,2880,2392,128,-2648,10296,0,0,0,0,0,-1,57,4891373,157955,3,176,0,0,5,302680,0,2,181818,7,10,17,139750,0,163874,419126,0,40,3241,5351250,1,0,0,0,0,0,0,32333,0,0,1,2064,0,0,0,0,0,0,8958,16708,1,50,2,2560,1440,5120,2880,2500,2,2,0,2332,0,1,2380,2380,11852166,0
1388,27405291417,16134500,0,0,1,5120,2880,2392,128,-2648,9816,0,0,0,0,0,-1,57,4594962,147625,3,176,0,0,5,303436,0,2,181818,7,10,19,141831,0,146540,477624,0,40,3081,5481792,1,0,0,0,0,0,0,26416,0,0,1,2064,0,0,0,0,0,0,7375,15417,1,50,2,2560,1440,5120,2880,2500,2,2,0,2333,0,1,2381,2381,10280583,0
1389,27421973375,16681958,0,0,1,5120,2880,2392,128,-2649,11247,0,0,0,0,0,-1,65,4146078,176417,3,176,0,0,5,294076,0,2,181818,7,11,20,136588,0,194792,109084,0,46,3273,4521583,1,0,0,0,0,0,0,17333,0,0,1,2064,0,0,0,0,0,0,4584,9916,1,50,2,2560,1440,5120,2880,2500,2,2,0,2334,0,1,2382,2382,10089124,0
1390,27437257959,15284584,0,0,1,5120,2880,2392,128,-2649,9828,0,0,0,0,0,-1,56,3104461,181498,3,176,0,0,5,301996,0,2,181818,7,10,19,152295,0,163751,56250,0,39,3091,6251541,1,0,0,0,0,0,0,40875,0,0,1,2064,0,0,0,0,0,0,9666,22208,1,50,2,2560,1440,5120,2880,2500,2,2,0,2335,0,1,2383,2383,10089124,0
1391,27453303125,16045166,0,0,1,5120,2880,2392,128,-2649,9738,0,0,0,0,0,-1,56,3012500,177961,3,176,0,0,5,302212,0,2,181818,7,10,19,156709,0,162791,60293,0,39,3061,6742042,1,0,0,0,0,0,0,39958,0,0,1,2064,0,0,0,0,0,0,9833,22000,1,50,2,2560,1440,5120,2880,2500,2,2,0,2336,0,1,2384,2384,11655500,0
1392,27469908459,16605334,0,0,1,5120,2880,2392,128,-2649,10908,0,0,0,0,0,-1,62,3161621,179998,3,176,0,0,5,288640,0,2,181818,7,11,20,137580,0,174709,51291,0,43,3236,6001125,1,0,0,0,0,0,0,32333,0,0,1,2064,0,0,0,0,0,0,7625,18167,1,50,2,2560,1440,5120,2880,2500,2,2,0,2337,0,1,2385,2385,10050083,0
1393,27485537375,15628916,0,0,1,5120,2880,2392,128,-2649,9636,0,0,0,0,0,-1,53,2577123,135376,3,176,0,0,5,303328,0,2,181818,7,10,19,141125,0,141250,64333,0,36,3043,7761041,1,0,0,0,0,0,0,31583,0,0,1,2064,0,0,0,0,0,0,5375,18000,1,50,2,2560,1440,5120,2880,2500,2,2,0,2338,0,1,2386,2386,11627708,0
1394,27501403000,15865625,0,0,1,5120,2880,2392,128,-2649,9643,0,0,0,0,0,-1,54,1731209,140874,10,13436,0,0,5,303328,0,2,181818,7,10,19,136543,0,160666,1116918,0,36,3043,9354792,1,0,0,0,0,0,0,34958,0,0,1,2064,0,0,0,0,0,0,5750,16875,1,50,2,2560,1440,5120,2880,2500,2,2,0,2339,0,1,2387,2387,11436708,0
1395,27518155834,16752834,0,0,1,5120,2880,2392,128,-2649,11222,0,0,0,0,0,-1,63,2187083,195835,3,176,0,0,5,303112,0,2,181818,7,11,20,130003,0,1016124,50793,0,44,3280,8064250,1,0,0,0,0,0,0,19541,0,0,1,2064,0,0,0,0,0,0,4541,11291,1,50,2,2560,1440,5120,2880,2500,2,2,0,2340,0,1,2388,2388,11430416,0
1396,27533624500,15468666,0,0,1,5120,2880,2392,128,-2649,9636,0,0,0,0,0,-1,53,1254127,148877,3,176,0,0,5,303112,0,2,181818,7,10,19,127791,0,144000,54833,0,36,3043,9815375,1,0,0,0,0,0,0,23042,0,0,1,2064,0,0,0,0,0,0,4917,14083,1,50,2,2560,1440,5120,2880,2500,2,2,0,2341,0,1,2389,2389,11451875,0
1397,27549620125,15995625,0,0,1,5120,2880,2392,128,-2649,9636,0,0,0,0,0,-1,53,301461,130163,3,176,0,0,5,303112,0,2,181818,7,10,19,144503,0,144666,45500,0,36,3043,11414209,1,0,0,0,0,0,0,24625,0,0,1,2064,0,0,0,0,0,0,5500,14125,1,50,2,2560,1440,5120,2880,2500,2,2,0,2342,0,1,2390,2390,11411624,0
1398,27566898125,17278000,0,0,1,5120,2880,2392,128,-2649,10965,0,0,0,0,0,-1,62,499206,182749,3,176,0,0,5,303580,0,2,181818,7,11,18,57500,0,194499,52791,0,43,3235,9802000,1,0,0,0,0,0,0,25875,0,0,1,2064,0,0,0,0,0,0,4542,15458,1,50,2,2560,1440,5120,2880,2500,2,2,0,2343,0,1,2391,2391,11532125,0
1399,27583266417,16368292,0,0,1,5120,2880,2392,128,-2649,9636,0,0,0,0,0,-1,53,113168,150840,3,176,0,0,5,303580,0,2,181818,7,10,13,56332,0,164125,55124,0,36,3043,11297375,1,0,0,0,0,0,0,25041,0,0,1,2064,0,0,0,0,0,0,7250,13583,1,50,2,2560,1440,5120,2880,2500,2,2,0,2344,0,1,2392,2392,11348500,0
1400,27599393959,16127542,0,0,1,5120,2880,2392,128,-2649,9636,0,0,0,0,0,-1,53,122669,142536,3,176,0,0,5,303580,0,2,181818,7,10,13,57165,0,168584,40750,0,36,3043,11750083,1,0,0,0,0,0,0,14792,0,0,1,2064,0,0,0,0,0,0,3209,8500,1,50,2,2560,1440,5120,2880,2500,2,2,0,2345,0,1,2393,2393,11351833,0
1401,27616973250,17579291,0,0,1,5120,2880,2392,128,-2649,11152,0,0,0,0,0,-1,63,144504,188460,3,176,0,0,5,304228,0,2,181818,7,11,14,63001,0,163583,47583,0,44,3266,10780875,1,0,0,0,0,0,0,38875,0,0,1,2064,0,0,0,0,0,0,6583,22959,1,50,2,2560,1440,5120,2880,2500,2,2,0,2346,0,1,2394,2394,11401249,0
1402,27633139292,16166042,0,0,1,5120,2880,2392,128,-2649,9636,0,0,0,0,0,-1,53,104334,136748,3,176,0,0,5,304228,0,2,181818,7,10,13,50790,0,153375,43166,0,36,3043,11213000,1,0,0,0,0,0,0,16250,0,0,1,2064,0,0,0,0,0,0,3917,8958,1,50,2,2560,1440,5120,2880,2500,2,2,0,2347,0,1,2395,2395,11373708,0
1403,27649651792,16512500,0,0,1,5120,2880,2392,128,-2649,9636,0,0,0,0,0,-1,53,109290,140382,3,176,0,0,5,304228,0,2,181818,7,10,13,52790,0,156543,44917,0,36,3043,11836458,1,0,0,0,0,0,0,32625,0,0,1,2064,0,0,0,0,0,0,7959,18208,1,50,2,2560,1440,5120,2880,2500,2,2,0,2348,0,1,2396,2396,11272833,0
1404,27666642709,16990917,0,0,1,5120,2880,2392,128,-2649,10845,0,0,0,0,0,-1,62,131298,162337,3,176,0,0,5,304120,0,2,181818,7,11,14,53292,0,170417,49709,0,43,3215,10717250,1,0,0,0,0,0,0,37875,0,0,1,2064,0,0,0,0,0,0,8458,21750,1,50,2,2560,1440,5120,2880,2500,2,2,0,2349,0,1,2397,2397,11356791,0
1405,27682669917,16027208,0,0,1,5120,2880,2392,128,-2649,9636,0,0,0,0,0,-1,53,87874,132583,3,176,0,0,5,304120,0,2,181818,7,10,13,52126,0,133209,33457,0,36,3043,11625125,1,0,0,0,0,0,0,14500,0,0,1,2064,0,0,0,0,0,0,3292,8541,1,50,2,2560,1440,5120,2880,2500,2,2,0,2350,0,1,2398,2398,11353375,0
1406,27699510584,16840667,0,0,1,5120,2880,2392,128,-2649,9636,0,0,0,0,0,-1,53,103751,127288,3,176,0,0,5,304120,0,2,181818,7,10,13,51459,0,139250,35959,0,36,3043,11915500,1,0,0,0,0,0,0,18291,0,0,1,2064,0,0,0,0,0,0,3458,10792,1,50,2,2560,1440,5120,2880,2500,2,2,0,2351,0,1,2399,2399,11351124,0
1407,27716715834,17205250,0,0,1,5120,2880,2392,128,-2649,11432,0,0,0,0,0,-1,63,128830,162541,3,176,0,0,5,304120,0,2,181818,7,11,14,54667,0,153958,45334,0,44,3322,10708875,1,0,0,0,0,0,0,33667,0,0,1,2064,0,0,0,0,0,0,5959,20959,1,50,2,2560,1440,5120,2880,2500,2,2,0,2352,0,1,2400,2400,9857625,0
1408,27732985209,16269375,0,0,1,5120,2880,2392,128,-2649,9636,0,0,0,0,0,-1,53,109087,148043,3,176,0,0,5,304120,0,2,181818,7,10,13,53083,0,157208,37957,0,36,3043,11642875,1,0,0,0,0,0,0,18459,0,0,1,2064,0,0,0,0,0,0,4583,11084,1,50,2,2560,1440,5120,2880,2500,2,2,0,2353,0,1,2401,2401,11365249,0
1409,27749957834,16972625,0,0,1,5120,2880,2392,128,-2649,9570,0,0,0,0,0,-1,53,110373,138250,3,176,0,0,5,304228,0,2,181818,7,10,13,51543,0,141085,44333,0,36,3021,11880917,1,0,0,0,0,0,0,18792,0,0,1,2064,0,0,0,0,0,0,3750,10708,1,50,2,2560,1440,5120,2880,2500,2,2,0,2354,0,1,2402,2402,9876791,0
1410,27766934084,16976250,0,0,1,5120,2880,2392,128,-2649,10796,0,0,0,0,0,-1,62,136495,185585,3,176,0,0,5,303904,0,2,181818,7,11,14,51498,0,182292,47250,0,43,3192,10110167,1,0,0,0,0,0,0,33541,0,0,1,2064,0,0,0,0,0,0,6250,20541,1,50,2,2560,1440,5120,2880,2500,2,2,0,2355,0,1,2403,2403,11400749,0
1411,27783511334,16577250,0,0,1,5120,2880,2392,128,-2649,9525,0,0,0,0,0,-1,55,116750,147749,3,176,0,0,5,290836,0,2,181818,7,10,13,58419,0,154751,43459,0,38,2994,11216417,1,0,0,0,0,0,0,36709,0,0,1,2064,0,0,0,0,0,0,9375,18917,1,50,2,2560,1440,5120,2880,2500,2,2,0,2356,0,1,2404,2404,9874666,0
1412,27799977792,16466458,0,0,1,5120,2880,2392,128,-2649,9605,0,0,0,0,0,-1,54,126711,142582,3,176,0,0,5,274312,0,2,181818,7,10,13,56293,0,160792,43625,0,37,3027,11432084,1,0,0,0,0,0,0,33166,0,0,1,2064,0,0,0,0,0,0,6458,19459,1,50,2,2560,1440,5120,2880,2500,2,2,0,2357,0,1,2405,2405,11326124,0
1413,27816959292,16981500,0,0,1,5120,2880,2392,128,-2649,11064,0,0,0,0,0,-1,62,120246,165502,3,176,0,0,5,233012,0,2,181818,7,11,14,53334,0,158042,46541,0,43,3243,10145958,1,0,0,0,0,0,0,35791,0,0,1,2064,0,0,0,0,0,0,8500,18708,1,50,2,2560,1440,5120,2880,2500,2,2,0,2358,0,1,2406,2406,9817041,0
1414,27833497459,16538167,0,0,1,5120,2880,2392,128,-2649,10031,0,0,0,0,0,-1,52,107501,146418,3,176,0,0,5,227076,0,2,181818,7,10,13,57835,0,151709,45958,0,35,3181,11140333,1,0,0,0,0,0,0,35833,0,0,1,2064,0,0,0,0,0,0,8875,18167,1,50,2,2560,1440,5120,2880,2500,2,2,0,2359,0,1,2407,2407,11190000,0
1415,27849733542,16236083,0,0,1,5120,2880,2392,128,-2649,10382,0,0,0,0,0,-1,52,107334,130291,3,176,0,0,5,233852,0,2,181818,7,10,13,54209,0,152334,37874,0,35,3298,11386333,1,0,0,0,0,0,0,30000,0,0,1,2064,0,0,0,0,0,0,7292,16416,1,50,2,2560,1440,5120,2880,2500,2,2,0,2360,0,1,2408,2408,9699583,0
1416,27866734292,17000750,0,0,1,5120,2880,2392,128,-2649,11944,0,0,0,0,0,-1,60,123626,137466,3,176,0,0,5,220916,0,2,181818,7,11,14,55835,0,139749,43624,0,41,3577,10483916,1,0,0,0,0,0,0,33834,0,0,1,2064,0,0,0,0,0,0,7250,19709,1,50,2,2560,1440,5120,2880,2500,2,2,0,2361,0,1,2409,2409,11284375,0
1417,27882559209,15824917,0,0,1,5120,2880,2392,128,-2649,10646,0,0,0,0,0,-1,52,98204,111792,3,176,0,0,5,228672,0,2,181818,7,10,13,51459,0,146874,39293,0,35,3386,11343458,1,0,0,0,0,0,0,14333,0,0,1,2064,0,0,0,0,0,0,3292,8416,1,50,2,2560,1440,5120,2880,2500,2,2,0,2362,0,1,2410,2410,9812000,0
1418,27899004792,16445583,0,0,1,5120,2880,2392,128,-2649,10646,0,0,0,0,0,-1,52,94711,113124,3,176,0,0,5,220916,0,2,181818,7,10,13,53709,0,124625,34415,0,35,3386,12372500,1,0,0,0,0,0,0,31084,0,0,1,2064,0,0,0,0,0,0,6417,17666,1,50,2,2560,1440,5120,2880,2500,2,2,0,2363,0,1,2411,2411,11239749,0
1419,27916627500,17622708,0,0,1,5120,2880,2392,128,-2649,13009,0,0,0,0,0,-1,62,118331,142042,3,176,0,0,5,221140,0,2,181818,7,11,14,62123,0,136500,45459,0,43,3888,11278041,1,0,0,0,0,0,0,32167,0,0,1,2064,0,0,0,0,0,0,6041,18875,1,50,2,2560,1440,5120,2880,2500,2,2,0,2364,0,1,2412,2412,11176958,0
1420,27933151500,16524000,0,0,1,5120,2880,2392,128,-2649,12092,0,0,0,0,0,-1,51,93792,147626,3,176,0,0,5,207196,0,2,181818,7,10,13,51210,0,123167,38960,0,34,3874,11597792,1,0,0,0,0,0,0,16167,0,0,1,2064,0,0,0,0,0,0,4708,8958,1,50,2,2560,1440,5120,2880,2500,2,2,0,2365,0,1,2413,2413,11216083,0
1421,27949702292,16550792,0,0,1,5120,2880,2392,128,-2649,12092,0,0,0,0,0,-1,51,112957,126086,3,176,0,0,5,206972,0,2,181818,7,10,13,50416,0,123292,40666,0,34,3874,11737000,1,0,0,0,0,0,0,33458,0,0,1,2064,0,0,0,0,0,0,4917,24500,1,50,2,2560,1440,5120,2880,2500,2,2,0,2366,0,1,2414,2414,11190374,0
1422,27967318209,17615917,0,0,1,5120,2880,2392,128,-2649,15005,0,0,0,0,0,-1,61,124958,162749,3,176,0,0,5,208988,0,2,181818,7,11,14,58041,0,169167,37458,0,42,4608,10552042,1,0,0,0,0,0,0,17125,0,0,1,2064,0,0,0,0,0,0,4167,9167,1,50,2,2560,1440,5120,2880,2500,2,2,0,2367,0,1,2415,2415,11483875,0
1423,27984073084,16754875,0,0,1,5120,2880,2392,128,-2649,14963,0,0,0,0,0,-1,53,104624,123470,3,176,0,0,5,217612,0,2,181818,7,10,13,55626,0,185625,39416,0,36,4819,10880834,1,0,0,0,0,0,0,25292,0,0,1,2064,0,0,0,0,0,0,6708,13417,1,50,2,2560,1440,5120,2880,2500,2,2,0,2368,0,1,2416,2416,11331125,0
1424,28001011000,16937916,0,0,1,5120,2880,2392,128,-2649,16618,0,0,0,0,0,-1,53,143710,129035,3,176,0,0,5,209728,0,2,181818,7,10,15,145916,0,139291,49084,0,36,5368,10863291,1,0,0,0,0,0,0,23833,0,0,1,2064,0,0,0,0,0,0,5208,13250,1,50,2,2560,1440,5120,2880,2500,2,2,0,2369,0,1,2417,2417,11379999,0
1425,28019068334,18057334,0,0,1,5120,2880,2392,128,-2649,19575,0,0,0,0,0,-1,63,786168,163458,3,176,0,0,5,227980,0,2,181818,7,11,20,142957,0,175583,47417,0,44,6054,8973417,1,0,0,0,0,0,0,21334,0,0,1,2064,0,0,0,0,0,0,6000,12041,1,50,2,2560,1440,5120,2880,2500,2,2,0,2370,0,1,2418,2418,11601625,0
1426,28037455375,18387041,0,0,1,5120,2880,2392,128,-2649,17909,0,0,0,0,0,-1,53,3434662,140413,3,176,0,0,5,227980,0,2,181818,7,10,19,138626,0,143374,47376,0,36,5801,8626292,1,0,0,0,0,0,0,31459,0,0,1,2064,0,0,0,0,0,0,9042,19084,1,50,2,2560,1440,5120,2880,2500,2,2,0,2371,0,1,2419,2419,11601625,0
1427,28056116209,18660834,0,0,1,5120,2880,2392,128,-2649,19028,0,0,0,0,0,-1,53,4329542,182040,3,176,0,0,5,234028,0,2,181818,7,10,19,148209,0,162127,53001,0,36,6174,7199708,1,0,0,0,0,0,0,20875,0,0,1,2064,0,0,0,0,0,0,5459,11875,1,50,2,2560,1440,5120,2880,2500,2,2,0,2372,0,1,2420,2420,11582708,0
1428,28082711667,26595458,0,0,1,5120,2880,2392,128,-2649,20247,0,0,0,0,0,-1,61,255662,138457,3,176,0,0,5,234244,0,2,181818,7,11,16,1541,0,138708,31168,0,43,6346,20019625,1,0,0,0,0,0,0,13667,0,0,1,2064,0,0,0,0,0,0,3083,8084,1,50,2,2560,1440,5120,2880,2500,2,2,0,2373,0,1,2421,2421,11568125,0
1429,28102005875,19294208,0,0,1,5120,2880,2392,128,-2649,19538,0,0,0,0,0,-1,53,120375,158205,3,176,0,0,5,234244,0,2,181818,7,10,12,56956,0,140749,45457,0,36,6344,12159792,1,0,0,0,0,0,0,29959,0,0,1,2064,0,0,0,0,0,0,8000,16250,1,50,2,2560,1440,5120,2880,2500,2,2,0,2374,0,1,2422,2422,11725249,0
1430,28120104167,18098292,0,0,1,5120,2880,2392,128,-2649,21242,0,0,0,0,0,-1,63,927373,216835,3,176,0,0,5,234028,0,2,181818,7,11,16,146832,0,310749,50666,0,44,6603,8158916,1,0,0,0,0,0,0,36500,0,0,1,2064,0,0,0,0,0,0,10541,19292,1,50,2,2560,1440,5120,2880,2500,2,2,0,2375,0,1,2423,2423,11725249,0
1431,28138974500,18870333,0,0,1,5120,2880,2392,128,-2649,19538,0,0,0,0,0,-1,53,4460751,156543,3,176,0,0,5,234028,0,2,181818,7,10,19,143834,0,147167,45458,0,36,6344,7243458,1,0,0,0,0,0,0,19708,0,0,1,2064,0,0,0,0,0,0,6000,11084,1,50,2,2560,1440,5120,2880,2500,2,2,0,2376,0,1,2424,2424,11839833,0
1432,28166417667,27443167,0,0,1,5120,2880,2392,128,-2649,19548,0,0,0,0,0,-1,52,121129,130339,3,176,0,0,5,234028,0,2,181818,7,10,15,1665,0,136541,32834,0,36,6344,22363750,1,0,0,0,0,0,0,17083,0,0,1,2064,0,0,0,0,0,0,5125,8625,1,50,2,2560,1440,5120,2880,2500,2,2,0,2377,0,1,2425,2425,11475250,0
1433,28184834042,18416375,0,0,1,5120,2880,2392,128,-2649,20857,0,0,0,0,0,-1,62,130498,163627,3,176,0,0,5,234244,0,2,181818,7,11,13,55917,0,177207,47042,0,43,6536,10416834,1,0,0,0,0,0,0,25291,0,0,1,2064,0,0,0,0,0,0,5458,14459,1,50,2,2560,1440,5120,2880,2500,2,2,0,2378,0,1,2426,2426,11521125,0
1434,28203229709,18395667,0,0,1,5120,2880,2392,128,-2649,19546,0,0,0,0,0,-1,53,1589586,144789,3,176,0,0,5,234244,0,2,181818,7,10,15,150419,0,154791,40084,0,36,6344,10093167,1,0,0,0,0,0,0,33667,0,0,1,2064,0,0,0,0,0,0,7041,19167,1,50,2,2560,1440,5120,2880,2500,2,2,0,2379,0,1,2427,2427,11521125,0
1435,28223164250,19934541,0,0,1,5120,2880,2392,128,-2649,21069,0,0,0,0,0,-1,63,4625419,193580,3,176,0,0,5,234136,0,2,181818,7,11,20,151586,0,3736959,63417,0,44,6570,6176500,1,0,0,0,0,0,0,21375,0,0,1,2064,0,0,0,0,0,0,6417,10375,1,50,2,2560,1440,5120,2880,2500,2,2,0,2380,0,1,2428,2428,11623750,0
1436,28249738167,26573917,0,0,1,5120,2880,2392,128,-2649,19548,0,0,0,0,0,-1,52,474501,131287,3,176,0,0,5,234136,0,2,181818,7,10,15,1126,0,140000,35626,0,36,6344,21151834,1,0,0,0,0,0,0,17041,0,0,1,2064,0,0,0,0,0,0,4583,9417,1,50,2,2560,1440,5120,2880,2500,2,2,0,2381,0,1,2429,2429,11476624,0
1437,28268704000,18965833,0,0,1,5120,2880,2392,128,-2649,20740,0,0,0,0,0,-1,62,152495,177872,3,176,0,0,5,234136,0,2,181818,7,11,13,55416,0,198417,44624,0,43,6507,10544708,1,0,0,0,0,0,0,24125,0,0,1,2064,0,0,0,0,0,0,6541,12542,1,50,2,2560,1440,5120,2880,2500,2,2,0,2382,0,1,2430,2430,11703666,0
1438,28286667209,17963209,0,0,1,5120,2880,2392,128,-2649,19504,0,0,0,0,0,-1,53,1752960,135043,3,176,0,0,5,241804,0,2,181818,7,10,15,140753,0,156709,42042,0,36,6330,9479417,1,0,0,0,0,0,0,28708,0,0,1,2064,0,0,0,0,0,0,5875,15417,1,50,2,2560,1440,5120,2880,2500,2,2,0,2383,0,1,2431,2431,11703666,0
1439,28306005667,19338458,0,0,1,5120,2880,2392,128,-2649,19496,0,0,0,0,0,-1,53,4647839,145833,3,176,0,0,5,235756,0,2,181818,7,10,19,141542,0,154417,38791,0,36,6330,8044542,1,0,0,0,0,0,0,20042,0,0,1,2064,0,0,0,0,0,0,5250,10667,1,50,2,2560,1440,5120,2880,2500,2,2,0,2384,0,1,2432,2432,11628833,0
1440,28333169125,27163458,0,0,1,5120,2880,2392,128,-2649,21187,0,0,0,0,0,-1,62,252410,157498,3,176,0,0,5,234856,0,2,181818,7,11,16,1836,0,142667,30126,0,44,6590,20042333,1,0,0,0,0,0,0,14375,0,0,1,2064,0,0,0,0,0,0,2958,8583,1,50,2,2560,1440,5120,2880,2500,2,2,0,2385,0,1,2433,2433,11659958,0
1441,28351305334,18136209,0,0,1,5120,2880,2392,128,-2649,19532,0,0,0,0,0,-1,53,135668,129501,3,176,0,0,5,222652,0,2,181818,7,10,14,108502,0,157334,50375,0,36,6340,11798291,1,0,0,0,0,0,0,27625,0,0,1,2064,0,0,0,0,0,0,6541,15417,1,50,2,2560,1440,5120,2880,2500,2,2,0,2386,0,1,2434,2434,11719041,0
1442,28371190584,19885250,0,0,1,5120,2880,2392,128,-2649,20735,0,0,0,0,0,-1,62,1982122,189249,3,176,0,0,5,222760,0,2,181818,7,11,18,144912,0,186500,52376,0,43,6512,8772875,1,0,0,0,0,0,0,48833,0,0,1,2064,0,0,0,0,0,0,10917,29084,1,50,2,2560,1440,5120,2880,2500,2,2,0,2387,0,1,2435,2435,11719041,0
1443,28390251000,19060416,0,0,1,5120,2880,2392,128,-2649,19589,0,0,0,0,0,-1,53,5853586,143166,3,176,0,0,5,216712,0,2,181818,7,10,19,144625,0,149374,50624,0,36,6361,6458750,1,0,0,0,0,0,0,14833,0,0,1,2064,0,0,0,0,0,0,3875,8834,1,50,2,2560,1440,5120,2880,2500,2,2,0,2388,0,1,2436,2436,12071125,0
1444,28416402334,26151334,0,0,1,5120,2880,2392,128,-2649,19599,0,0,0,0,0,-1,52,123619,131041,3,176,0,0,5,216712,0,2,181818,7,10,15,1500,0,150208,31083,0,36,6361,21003083,1,0,0,0,0,0,0,15333,0,0,1,2064,0,0,0,0,0,0,4250,8083,1,50,2,2560,1440,5120,2880,2500,2,2,0,2389,0,1,2437,2437,11641124,0
1445,28434971000,18568666,0,0,1,5120,2880,2392,128,-2649,21110,0,0,0,0,0,-1,63,150088,168706,3,176,0,0,5,216604,0,2,181818,7,11,13,50375,0,194584,57415,0,44,6585,10457584,1,0,0,0,0,0,0,25250,0,0,1,2064,0,0,0,0,0,0,4709,14500,1,50,2,2560,1440,5120,2880,2500,2,2,0,2390,0,1,2438,2438,11671083,0
1446,28453619417,18648417,0,0,1,5120,2880,2392,128,-2649,19597,0,0,0,0,0,-1,53,1825255,146042,3,176,0,0,5,216604,0,2,181818,7,10,15,140917,0,161375,51542,0,36,6361,9988292,1,0,0,0,0,0,0,44500,0,0,1,2064,0,0,0,0,0,0,10292,25750,1,50,2,2560,1440,5120,2880,2500,2,2,0,2391,0,1,2439,2439,11671083,0
1447,28473563834,19944417,0,0,1,5120,2880,2392,128,-2649,20908,0,0,0,0,0,-1,62,5125549,188631,3,176,0,0,5,216352,0,2,181818,7,11,20,152875,0,182249,51957,0,43,6553,5819458,1,0,0,0,0,0,0,25667,0,0,1,2064,0,0,0,0,0,0,6834,13542,1,50,2,2560,1440,5120,2880,2500,2,2,0,2392,0,1,2440,2440,11678333,0
1448,28499734250,26170416,0,0,1,5120,2880,2392,128,-2649,19599,0,0,0,0,0,-1,52,474832,126541,3,176,0,0,5,216352,0,2,181818,7,10,15,1459,0,137874,32293,0,36,6361,20993125,1,0,0,0,0,0,0,14625,0,0,1,2064,0,0,0,0,0,0,3541,8875,1,50,2,2560,1440,5120,2880,2500,2,2,0,2393,0,1,2441,2441,11536250,0
1449,28518759125,19024875,0,0,1,5120,2880,2392,128,-2649,21315,0,0,0,0,0,-1,63,125170,190665,3,176,0,0,5,216460,0,2,181818,7,11,13,50001,0,201751,41292,0,44,6626,9813958,1,0,0,0,0,0,0,23583,0,0,1,2064,0,0,0,0,0,0,4084,15750,1,50,2,2560,1440,5120,2880,2500,2,2,0,2394,0,1,2442,2442,11709333,0
1450,28536921625,18162500,0,0,1,5120,2880,2392,128,-2649,19597,0,0,0,0,0,-1,53,1753413,156832,3,176,0,0,5,222508,0,2,181818,7,10,15,151667,0,161501,47459,0,36,6361,9690375,1,0,0,0,0,0,0,50458,0,0,1,2064,0,0,0,0,0,0,11416,27208,1,50,2,2560,1440,5120,2880,2500,2,2,0,2395,0,1,2443,2443,11709333,0
1451,28556421334,19499709,0,0,1,5120,2880,2392,128,-2649,19589,0,0,0,0,0,-1,53,5140001,155084,3,176,0,0,5,222508,0,2,181818,7,10,19,143540,0,159542,47583,0,36,6361,7738042,1,0,0,0,0,0,0,16000,0,0,1,2064,0,0,0,0,0,0,3583,10208,1,50,2,2560,1440,5120,2880,2500,2,2,0,2396,0,1,2444,2444,11695458,0
1452,28583303250,26881916,0,0,1,5120,2880,2392,128,-2649,20808,0,0,0,0,0,-1,61,131879,161417,3,176,0,0,5,216604,0,2,181818,7,11,16,1791,0,167041,33499,0,43,6533,19569250,1,0,0,0,0,0,0,15583,0,0,1,2064,0,0,0,0,0,0,4375,8500,1,50,2,2560,1440,5120,2880,2500,2,2,0,2397,0,1,2445,2445,11639333,0
1453,28601986917,18683667,0,0,1,5120,2880,2392,128,-2649,19587,0,0,0,0,0,-1,53,134918,149879,14,28112,0,0,5,208828,0,2,181818,7,10,14,84501,0,227163,56958,0,35,6360,11250292,1,0,0,0,0,0,0,26084,0,0,1,2064,0,0,0,0,0,0,5667,15542,1,50,2,2560,1440,5120,2880,2500,2,2,0,2398,0,1,2446,2446,11768666,0
1454,28621006375,19019458,0,0,1,5120,2880,2392,129,-2649,21131,0,0,0,0,0,-1,62,412416,227082,3,176,0,0,5,208612,0,2,181818,7,11,16,155749,0,222375,61249,0,43,6582,8144750,1,0,0,0,0,0,0,40833,0,0,1,2064,0,0,0,0,0,0,11416,22917,1,50,2,2560,1440,5120,2880,2500,2,2,0,2399,0,1,2447,2447,11977374,0
1455,28639966750,18960375,0,0,1,5120,2880,2392,129,-2649,19139,0,0,0,0,0,-1,52,5273462,168583,3,176,0,0,5,208612,0,2,181818,7,10,19,136582,0,161501,49707,0,35,6217,6707834,1,0,0,0,0,0,0,21541,0,0,1,2064,0,0,0,0,0,0,5875,13875,1,50,2,2560,1440,5120,2880,2500,2,2,0,2400,0,1,2448,2448,11977374,0
1456,28666875375,26908625,0,0,1,5120,2880,2392,129,-2649,19098,0,0,0,0,0,-1,50,114246,142541,3,176,0,0,5,199552,0,2,181818,7,10,15,1419,0,152876,35834,0,34,6206,21345958,1,0,0,0,0,0,0,15458,0,0,1,2064,0,0,0,0,0,0,3792,9208,1,50,2,2560,1440,5120,2880,2500,2,2,0,2401,0,1,2449,2449,11562625,0
1457,28685429125,18553750,0,0,1,5120,2880,2392,129,-2649,20276,0,0,0,0,0,-1,60,123830,171084,3,176,0,0,5,205264,0,2,181818,7,11,13,51252,0,187960,37125,0,41,6371,9951250,1,0,0,0,0,0,0,26417,0,0,1,2064,0,0,0,0,0,0,6750,14916,1,50,2,2560,1440,5120,2880,2500,2,2,0,2402,0,1,2450,2450,11656499,0
1458,28703930209,18501084,0,0,1,5120,2880,2392,129,-2649,18979,0,0,0,0,0,-1,51,1737709,138880,3,176,0,0,5,212796,0,2,181818,7,10,15,141039,0,155207,942750,0,34,6167,9173166,1,0,0,0,0,0,0,30292,0,0,1,2064,0,0,0,0,0,0,7500,17459,1,50,2,2560,1440,5120,2880,2500,2,2,0,2403,0,1,2451,2451,11656499,0
1459,28724053959,20123750,0,0,1,5120,2880,2392,129,-2649,20702,0,0,0,0,0,-1,61,5140331,190334,3,176,0,0,5,228140,0,2,181818,7,11,20,142708,0,169834,4254541,0,42,6457,5524250,1,0,0,0,0,0,0,18416,0,0,1,2064,0,0,0,0,0,0,6000,8875,1,50,2,2560,1440,5120,2880,2500,2,2,0,2404,0,1,2452,2452,11778291,0
1460,28750328125,26274166,0,0,1,5120,2880,2392,129,-2649,19900,0,0,0,0,0,-1,50,488750,124040,3,176,0,0,5,247600,0,2,181818,7,10,15,1917,0,145833,32458,0,34,6471,20361083,1,0,0,0,0,0,0,17875,0,0,1,2064,0,0,0,0,0,0,5292,9542,1,50,2,2560,1440,5120,2880,2500,2,2,0,2405,0,1,2453,2453,11765541,0
1461,28769611542,19283417,0,0,1,5120,2880,2392,129,-2649,20017,0,0,0,0,0,-1,60,153329,209042,3,176,0,0,5,259120,0,2,181818,7,11,15,92710,0,188167,57957,0,41,6256,9861125,1,0,0,0,0,0,0,26583,0,0,1,2064,0,0,0,0,0,0,7041,14208,1,50,2,2560,1440,5120,2880,2500,2,2,0,2406,0,1,2454,2454,12123916,0
1462,28788515334,18903792,0,0,1,5120,2880,2392,129,-2649,17670,0,0,0,0,0,-1,50,2924957,156251,3,176,0,0,5,245136,0,2,181818,7,10,15,133832,0,154126,59790,0,33,5734,8490833,1,0,0,0,0,0,0,38250,0,0,1,2064,0,0,0,0,0,0,8667,22750,1,50,2,2560,1440,5120,2880,2500,2,2,0,2407,0,1,2455,2455,12123916,0
1463,28807795375,19280041,0,0,1,5120,2880,2392,129,-2649,17074,0,0,0,0,0,-1,49,7636624,134206,3,176,0,0,5,238108,0,2,181818,7,10,19,132209,0,151751,40916,0,32,5544,6134292,1,0,0,0,0,0,0,16791,0,0,1,2064,0,0,0,0,0,0,4500,9500,1,50,2,2560,1440,5120,2880,2500,2,2,0,2408,0,1,2456,2456,12045500,0
1464,28833140292,25344917,0,0,1,5120,2880,2392,129,-2649,18315,0,0,0,0,0,-1,60,120875,156376,3,176,0,0,5,257824,0,2,181818,7,11,16,1834,0,159375,32333,0,42,5660,18374000,1,0,0,0,0,0,0,12792,0,0,1,2064,0,0,0,0,0,0,2917,8000,1,50,2,2560,1440,5120,2880,2500,2,2,0,2409,0,1,2457,2457,9795249,0
1465,28851611084,18470792,0,0,1,5120,2880,2392,129,-2649,16135,0,0,0,0,0,-1,51,104626,138461,3,176,0,0,5,264124,0,2,181818,7,10,12,51707,0,175667,43543,0,34,5219,11822791,1,0,0,0,0,0,0,26542,0,0,1,2064,0,0,0,0,0,0,6375,14000,1,50,2,2560,1440,5120,2880,2500,2,2,0,2410,0,1,2458,2458,11933000,0
1466,28869617125,18006041,0,0,1,5120,2880,2392,129,-2649,17349,0,0,0,0,0,-1,60,1025454,190997,3,176,0,0,5,263656,0,2,181818,7,11,16,142208,0,194333,467541,0,41,5390,8702042,1,0,0,0,0,0,0,29042,0,0,1,2064,0,0,0,0,0,0,7083,17458,1,50,2,2560,1440,5120,2880,2500,2,2,0,2411,0,1,2459,2459,11933000,0
1467,28887925292,18308167,0,0,1,5120,2880,2392,129,-2649,16132,0,0,0,0,0,-1,51,3068619,148871,3,176,0,0,5,263656,0,2,181818,7,10,19,146209,0,159376,2327417,0,34,5218,8395000,1,0,0,0,0,0,0,40291,0,0,1,2064,0,0,0,0,0,0,10583,22000,1,50,2,2560,1440,5120,2880,2500,2,2,0,2412,0,1,2460,2460,10168999,0
1468,28906678917,18753625,0,0,1,5120,2880,2392,129,-2649,16132,0,0,0,0,0,-1,51,6538164,162792,3,176,0,0,5,263764,0,2,181818,7,10,19,159042,0,162082,5728416,0,34,5218,6757917,1,0,0,0,0,0,0,16459,0,0,1,2064,0,0,0,0,0,0,3917,9584,1,50,2,2560,1440,5120,2880,2500,2,2,0,2413,0,1,2461,2461,11905624,0
1469,28933094667,26415750,0,0,1,5120,2880,2392,128,-2649,17948,0,0,0,0,0,-1,60,128749,172840,3,176,0,0,5,263332,0,2,181818,7,11,16,1376,0,161249,34834,0,42,5499,19403666,1,0,0,0,0,0,0,17709,0,0,1,2064,0,0,0,0,0,0,5042,9000,1,50,2,2560,1440,5120,2880,2500,2,2,0,2414,0,1,2462,2462,11812875,0
1470,28951399834,18305167,0,0,1,5120,2880,2392,128,-2649,15208,0,0,0,0,0,-1,51,120290,165376,3,176,0,0,5,263548,0,2,181818,7,10,12,53125,0,180915,36959,0,34,4910,11712250,1,0,0,0,0,0,0,26125,0,0,1,2064,0,0,0,0,0,0,7541,13625,1,50,2,2560,1440,5120,2880,2500,2,2,0,2415,0,1,2463,2463,10087250,0
1471,28968699875,17300041,0,0,1,5120,2880,2392,128,-2649,15837,0,0,0,0,0,-1,61,162250,201755,3,176,0,0,5,264808,0,2,181818,7,11,16,116416,0,183750,56041,0,42,4883,8641709,1,0,0,0,0,0,0,25291,0,0,1,2064,0,0,0,0,0,0,6375,14958,1,50,2,2560,1440,5120,2880,2500,2,2,0,2416,0,1,2464,2464,11937750,0
1472,28986159542,17459667,0,0,1,5120,2880,2392,128,-2649,14229,0,0,0,0,0,-1,52,1814455,152289,3,176,0,0,5,264592,0,2,181818,7,10,17,138959,0,158084,42706,0,35,4580,9164042,1,0,0,0,0,0,0,35875,0,0,1,2064,0,0,0,0,0,0,8208,18625,1,50,2,2560,1440,5120,2880,2500,2,2,0,2417,0,1,2465,2465,11937750,0
1473,29003819584,17660042,0,0,1,5120,2880,2392,128,-2649,13782,0,0,0,0,0,-1,52,2962751,130000,3,176,0,0,5,264592,0,2,181818,7,10,19,141874,0,150459,46874,0,35,4431,8677708,1,0,0,0,0,0,0,45958,0,0,1,2064,0,0,0,0,0,0,9750,26917,1,50,2,2560,1440,5120,2880,2500,2,2,0,2418,0,1,2466,2466,10103208,0
1474,29022072584,18253000,0,0,1,5120,2880,2392,128,-2649,14619,0,0,0,0,0,-1,62,4123543,163878,3,176,0,0,5,264592,0,2,181818,7,11,20,130831,0,165667,51084,0,43,4423,5714000,1,0,0,0,0,0,0,22334,0,0,1,2064,0,0,0,0,0,0,5375,12750,1,50,2,2560,1440,5120,2880,2500,2,2,0,2419,0,1,2467,2467,11875500,0
1475,29038832750,16760166,0,0,1,5120,2880,2392,128,-2649,13068,0,0,0,0,0,-1,52,5638083,153508,3,176,0,0,5,264592,0,2,181818,7,10,19,145915,0,158666,52750,0,35,4193,5715750,1,0,0,0,0,0,0,16292,0,0,1,2064,0,0,0,0,0,0,4375,9334,1,50,2,2560,1440,5120,2880,2500,2,2,0,2420,0,1,2468,2468,11874250,0
1476,29065613417,26780667,0,0,1,5120,2880,2392,128,-2649,13086,0,0,0,0,0,-1,52,111628,134999,11,15404,0,0,5,264592,0,2,181818,7,10,15,1126,0,162708,32792,0,35,4193,22596125,1,0,0,0,0,0,0,14042,0,0,1,2064,0,0,0,0,0,0,3959,8166,1,50,2,2560,1440,5120,2880,2500,2,2,0,2421,0,1,2469,2469,11636041,0
1477,29084229959,18616542,0,0,1,5120,2880,2392,128,-2649,15407,0,0,0,0,0,-1,61,126662,160583,3,176,0,0,5,264592,0,2,181818,7,11,13,52081,0,171416,41916,0,42,4725,11241208,1,0,0,0,0,0,0,32125,0,0,1,2064,0,0,0,0,0,0,6917,19667,1,50,2,2560,1440,5120,2880,2500,2,2,0,2422,0,1,2470,2470,11669416,0
1478,29102546542,18316583,0,0,1,5120,2880,2392,128,-2649,16599,0,0,0,0,0,-1,53,133253,184500,3,176,0,0,5,265564,0,2,181818,7,10,13,61040,0,160792,58625,0,36,5364,10733125,1,0,0,0,0,0,0,46500,0,0,1,2064,0,0,0,0,0,0,6959,16500,1,50,2,2560,1440,5120,2880,2500,2,2,0,2423,0,1,2471,2471,11831333,0
1479,29120230917,17684375,0,0,1,5120,2880,2392,128,-2649,21332,0,0,0,0,0,-1,61,200290,212539,3,176,0,0,5,217808,0,2,181818,7,11,16,98125,0,203417,79249,0,42,6665,7529292,1,0,0,0,0,0,0,52791,0,0,1,2064,0,0,0,0,0,0,8708,19708,1,50,2,2560,1440,5120,2880,2500,2,2,0,2424,0,1,2472,2472,12046499,0
1480,29139919375,19688458,0,0,1,5120,2880,2392,128,-2649,20995,0,0,0,0,0,-1,52,4364035,174041,3,176,0,0,5,205912,0,2,181818,7,10,15,148914,0,160958,78624,0,35,6833,7772167,1,0,0,0,0,0,0,39208,0,0,1,2064,0,0,0,0,0,0,11375,12542,1,50,2,2560,1440,5120,2880,2500,2,2,0,2425,0,1,2473,2473,12046499,0
1481,29167310709,27391334,0,0,1,5120,2880,2392,128,-2649,20591,0,0,0,0,0,-1,53,135502,175709,3,176,0,0,5,305488,0,2,181818,7,10,15,1418,0,156458,34708,0,37,6688,21329500,1,0,0,0,0,0,0,17291,0,0,1,2064,0,0,0,0,0,0,4916,9000,1,50,2,2560,1440,5120,2880,2500,2,2,0,2426,0,1,2474,2474,10222458,0
1482,29186053584,18742875,0,0,1,5120,2880,2392,128,-2649,22093,0,0,0,0,0,-1,66,138042,181000,3,176,0,0,5,392824,0,2,181818,7,11,13,54834,0,169001,42290,0,47,6945,9400250,1,0,0,0,0,0,0,28583,0,0,1,2064,0,0,0,0,0,0,6708,15792,1,50,2,2560,1440,5120,2880,2500,2,2,0,2427,0,1,2475,2475,10181999,0
1483,29204769750,18716166,0,0,1,5120,2880,2392,128,-2649,20763,0,0,0,0,0,-1,57,1704793,177831,3,176,0,0,5,397972,0,2,181818,7,10,15,145791,0,153916,409250,0,40,6730,8889584,1,0,0,0,0,0,0,48292,0,0,1,2064,0,0,0,0,0,0,12791,26209,1,50,2,2560,1440,5120,2880,2500,2,2,0,2428,0,1,2476,2476,10181999,0
1484,29225236500,20466750,0,0,1,5120,2880,2393,128,-2649,22382,0,0,0,0,0,-1,67,6290501,210170,3,176,0,0,5,397972,0,2,181818,7,11,18,51416,0,168749,78000,0,48,6972,5064000,1,0,0,0,0,0,0,16875,0,0,1,2064,0,0,0,0,0,0,4333,9333,1,50,2,2560,1440,5120,2880,2500,2,2,0,2429,0,1,2477,2477,12021624,0
1485,29250685625,25449125,0,0,1,5120,2880,2393,128,-2649,20740,0,0,0,0,0,-1,56,134789,150710,3,176,0,0,5,392824,0,2,181818,7,10,11,833,0,150333,40583,0,40,6727,19601750,1,0,0,0,0,0,0,20584,0,0,1,2064,0,0,0,0,0,0,5834,10583,1,50,2,2560,1440,5120,2880,2500,2,2,0,2430,0,1,2478,2478,11858124,0
1486,29269979209,19293584,0,0,1,5120,2880,2393,128,-2649,21993,0,0,0,0,0,-1,67,174041,220583,6,3272,0,0,5,392824,0,2,181818,7,11,13,53957,0,225541,55709,0,47,6904,9474709,1,0,0,0,0,0,0,34041,0,0,1,2064,0,0,0,0,0,0,7916,19250,1,50,2,2560,1440,5120,2880,2500,2,2,0,2431,0,1,2479,2479,10019875,0
1487,29289733000,19753791,0,0,1,5120,2880,2393,128,-2649,20754,0,0,0,0,0,-1,57,3521464,225793,3,176,0,0,5,392824,0,2,181818,7,10,15,158876,0,168749,349207,0,40,6727,8115750,1,0,0,0,0,0,0,22292,0,0,1,2064,0,0,0,0,0,0,6667,11458,1,50,2,2560,1440,5120,2880,2500,2,2,0,2432,0,1,2480,2480,10019875,0
1488,29317321084,27588084,0,0,1,5120,2880,2393,128,-2649,20756,0,0,0,0,0,-1,56,145003,166710,3,176,0,0,5,398116,0,2,181818,7,10,15,1458,0,152249,35042,0,40,6727,21576417,1,0,0,0,0,0,0,18417,0,0,1,2064,0,0,0,0,0,0,4916,11375,1,50,2,2560,1440,5120,2880,2500,2,2,0,2433,0,1,2481,2481,9799624,0
1489,29337271500,19950416,0,0,1,5120,2880,2393,128,-2649,22592,0,0,0,0,0,-1,67,162210,215540,3,176,0,0,5,392932,0,2,181818,7,11,13,58334,0,203000,53833,0,48,7036,9485042,1,0,0,0,0,0,0,30792,0,0,1,2064,0,0,0,0,0,0,8458,15916,1,50,2,2560,1440,5120,2880,2500,2,2,0,2434,0,1,2482,2482,12311166,0
1490,29356463500,19192000,0,0,1,5120,2880,2393,128,-2649,20916,0,0,0,0,0,-1,57,3329378,200625,3,176,0,0,5,392932,0,2,181818,7,10,15,145834,0,172999,429126,0,40,6781,7606875,1,0,0,0,0,0,0,36916,0,0,1,2064,0,0,0,0,0,0,10333,20334,1,50,2,2560,1440,5120,2880,2500,2,2,0,2435,0,1,2483,2483,12311166,0
1491,29376900917,20437417,0,0,1,5120,2880,2393,128,-2649,22231,0,0,0,0,0,-1,66,9194461,178375,3,176,0,0,5,392824,0,2,181818,7,11,20,125171,0,186291,52249,0,47,6973,3313375,1,0,0,0,0,0,0,17292,0,0,1,2064,0,0,0,0,0,0,4250,9792,1,50,2,2560,1440,5120,2880,2500,2,2,0,2436,0,1,2484,2484,11990166,0
1492,29401343125,24442208,0,0,1,5120,2880,2393,128,-2649,20957,0,0,0,0,0,-1,56,119376,129000,3,176,0,0,5,392824,0,2,181818,7,10,13,875,0,143834,31876,0,40,6796,17955584,1,0,0,0,0,0,0,42167,0,0,1,2064,0,0,0,0,0,0,10583,22958,1,50,2,2560,1440,5120,2880,2500,2,2,0,2437,0,1,2485,2485,11869458,0
1493,29420630250,19287125,0,0,1,5120,2880,2393,128,-2649,22491,0,0,0,0,0,-1,67,1324707,210709,3,176,0,0,5,393040,0,2,181818,7,11,15,115417,0,197125,59207,0,48,7022,8734583,1,0,0,0,0,0,0,32625,0,0,1,2064,0,0,0,0,0,0,7375,18792,1,50,2,2560,1440,5120,2880,2500,2,2,0,2438,0,1,2486,2486,12209166,0
1494,29440532375,19902125,0,0,1,5120,2880,2393,128,-2649,20957,0,0,0,0,0,-1,57,4997540,165334,3,176,0,0,5,393040,0,2,181818,7,10,16,145750,0,162250,474667,0,40,6796,7159833,1,0,0,0,0,0,0,17792,0,0,1,2064,0,0,0,0,0,0,4541,9875,1,50,2,2560,1440,5120,2880,2500,2,2,0,2439,0,1,2487,2487,12209166,0
1495,29467116542,26584167,0,0,1,5120,2880,2393,128,-2649,20963,0,0,0,0,0,-1,56,144042,142708,3,176,0,0,5,393040,0,2,181818,7,10,15,1667,0,147123,33124,0,40,6796,20770209,1,0,0,0,0,0,0,17334,0,0,1,2064,0,0,0,0,0,0,5083,8917,1,50,2,2560,1440,5120,2880,2500,2,2,0,2440,0,1,2488,2488,9813791,0
1496,29486160959,19044417,0,0,1,5120,2880,2392,128,-2649,22170,0,0,0,0,0,-1,66,162915,192290,3,176,0,0,5,392932,0,2,181818,7,11,15,84289,0,203375,54208,0,47,6968,9715167,1,0,0,0,0,0,0,35000,0,0,1,2064,0,0,0,0,0,0,5666,21958,1,50,2,2560,1440,5120,2880,2500,2,2,0,2441,0,1,2489,2489,12040125,0
1497,29506212875,20051916,0,0,1,5120,2880,2392,128,-2649,20961,0,0,0,0,0,-1,57,3794043,165334,3,176,0,0,5,392932,0,2,181818,7,10,15,142542,0,153083,415249,0,40,6796,8946750,1,0,0,0,0,0,0,27166,0,0,1,2064,0,0,0,0,0,0,5958,15958,1,50,2,2560,1440,5120,2880,2500,2,2,0,2442,0,1,2490,2490,12040125,0
1498,29534230334,28017459,0,0,1,5120,2880,2392,128,-2649,22644,0,0,0,0,0,-1,66,286791,186711,3,176,0,0,5,393040,0,2,181818,7,11,16,1751,0,164250,40585,0,48,7052,20427000,1,0,0,0,0,0,0,18583,0,0,1,2064,0,0,0,0,0,0,5708,9458,1,50,2,2560,1440,5120,2880,2500,2,2,0,2443,0,1,2491,2491,11936916,0
1499,29553143334,18913000,0,0,1,5120,2880,2392,128,-2649,20961,0,0,0,0,0,-1,57,162127,187539,3,176,0,0,5,393040,0,2,181818,7,10,14,93166,0,176791,53376,0,40,6796,10453833,1,0,0,0,0,0,0,32500,0,0,1,2064,0,0,0,0,0,0,6792,21333,1,50,2,2560,1440,5120,2880,2500,2,2,0,2444,0,1,2492,2492,12098833,0
1500,29573396625,20253291,0,0,1,5120,2880,2392,128,-2649,22168,0,0,0,0,0,-1,66,3331373,240382,3,176,0,0,5,393364,0,2,181818,7,11,16,124251,0,204083,64500,0,47,6968,6995667,1,0,0,0,0,0,0,32875,0,0,1,2064,0,0,0,0,0,0,7125,18000,1,50,2,2560,1440,5120,2880,2500,2,2,0,2445,0,1,2493,2493,12096624,0
1501,29600324667,26928042,0,0,1,5120,2880,2392,128,-2649,20957,0,0,0,0,0,-1,56,119207,140540,3,176,0,0,5,393364,0,2,181818,7,10,13,1292,0,147750,32418,0,40,6796,21588667,1,0,0,0,0,0,0,15542,0,0,1,2064,0,0,0,0,0,0,3708,9000,1,50,2,2560,1440,5120,2880,2500,2,2,0,2446,0,1,2494,2494,11886666,0
1502,29620608042,20283375,0,0,1,5120,2880,2392,128,-2649,22479,0,0,0,0,0,-1,67,176751,258539,3,176,0,0,5,393148,0,2,181818,7,11,13,51916,0,214415,48168,0,48,7021,9849083,1,0,0,0,0,0,0,35541,0,0,1,2064,0,0,0,0,0,0,9042,20667,1,50,2,2560,1440,5120,2880,2500,2,2,0,2447,0,1,2495,2495,12245083,0
1503,29639517792,18909750,0,0,1,5120,2880,2392,128,-2649,20961,0,0,0,0,0,-1,57,3419039,193707,3,176,0,0,5,393148,0,2,181818,7,10,15,159917,0,168375,443918,0,40,6796,7598375,1,0,0,0,0,0,0,35875,0,0,1,2064,0,0,0,0,0,0,7458,19875,1,50,2,2560,1440,5120,2880,2500,2,2,0,2448,0,1,2496,2496,12245083,0
1504,29667555334,28037542,0,0,1,5120,2880,2392,128,-2649,21089,0,0,0,0,0,-1,56,146209,165252,3,176,0,0,5,386812,0,2,181818,7,10,15,998,0,159833,34834,0,40,6838,21761709,1,0,0,0,0,0,0,15667,0,0,1,2064,0,0,0,0,0,0,3959,9875,1,50,2,2560,1440,5120,2880,2500,2,2,0,2449,0,1,2497,2497,9791374,0
1505,29686656709,19101375,0,0,1,5120,2880,2392,128,-2649,22301,0,0,0,0,0,-1,67,241585,201330,3,176,0,0,5,378928,0,2,181818,7,11,15,89668,0,196665,59874,0,48,6989,9130709,1,0,0,0,0,0,0,35250,0,0,1,2064,0,0,0,0,0,0,7000,21500,1,50,2,2560,1440,5120,2880,2500,2,2,0,2450,0,1,2498,2498,12122999,0
1506,29706088417,19431708,0,0,1,5120,2880,2392,128,-2649,20658,0,0,0,0,0,-1,55,3553373,168873,3,176,0,0,5,330400,0,2,181818,7,10,15,152710,0,159001,56584,0,38,6705,8218041,1,0,0,0,0,0,0,15125,0,0,1,2064,0,0,0,0,0,0,3375,9208,1,50,2,2560,1440,5120,2880,2500,2,2,0,2451,0,1,2499,2499,12122999,0
1507,29733362209,27273792,0,0,1,5120,2880,2392,128,-2649,22351,0,0,0,0,0,-1,63,662958,155709,3,176,0,0,5,299872,0,2,181818,7,11,16,1458,0,136543,32333,0,45,6969,19445167,1,0,0,0,0,0,0,14416,0,0,1,2064,0,0,0,0,0,0,3417,8416,1,50,2,2560,1440,5120,2880,2500,2,2,0,2452,0,1,2500,2500,11825041,0
1508,29752628625,19266416,0,0,1,5120,2880,2392,128,-2649,21172,0,0,0,0,0,-1,54,152579,153168,3,176,0,0,5,302140,0,2,181818,7,10,12,52040,0,162750,58500,0,37,6885,11717000,1,0,0,0,0,0,0,24292,0,0,1,2064,0,0,0,0,0,0,5375,15042,1,50,2,2560,1440,5120,2880,2500,2,2,0,2453,0,1,2501,2501,9897499,0
1509,29772102959,19474334,0,0,1,5120,2880,2392,128,-2649,22622,0,0,0,0,0,-1,63,1768248,200038,3,176,0,0,5,302140,0,2,181818,7,11,16,163081,0,1285418,54960,0,44,7128,7666000,1,0,0,0,0,0,0,30375,0,0,1,2064,0,0,0,0,0,0,8584,14708,1,50,2,2560,1440,5120,2880,2500,2,2,0,2454,0,1,2502,2502,9897499,0
1510,29791855917,19752958,0,0,1,5120,2880,2392,128,-2649,21412,0,0,0,0,0,-1,56,7994334,148541,3,176,0,0,5,296164,0,2,181818,7,10,19,152710,0,153374,42332,0,39,6953,5619625,1,0,0,0,0,0,0,14833,0,0,1,2064,0,0,0,0,0,0,3333,9125,1,50,2,2560,1440,5120,2880,2500,2,2,0,2455,0,1,2503,2503,12130666,0
1511,29817570500,25714583,0,0,1,5120,2880,2392,128,-2649,21422,0,0,0,0,0,-1,55,643079,142246,3,176,0,0,5,296164,0,2,181818,7,10,15,1458,0,148459,32876,0,39,6953,18967542,1,0,0,0,0,0,0,16750,0,0,1,2064,0,0,0,0,0,0,5417,8541,1,50,2,2560,1440,5120,2880,2500,2,2,0,2456,0,1,2504,2504,11911999,0
1512,29836604959,19034459,0,0,1,5120,2880,2392,128,-2649,23005,0,0,0,0,0,-1,64,939629,189664,3,176,0,0,5,282520,0,2,181818,7,11,15,136622,0,185460,47416,0,45,7195,8779209,1,0,0,0,0,0,0,38958,0,0,1,2064,0,0,0,0,0,0,9667,20542,1,50,2,2560,1440,5120,2880,2500,2,2,0,2457,0,1,2505,2505,12021541,0
1513,29855999042,19394083,0,0,1,5120,2880,2392,128,-2649,21376,0,0,0,0,0,-1,54,4396080,141583,3,176,0,0,5,282520,0,2,181818,7,10,19,140792,0,142791,3703375,0,37,6951,8318167,1,0,0,0,0,0,0,18750,0,0,1,2064,0,0,0,0,0,0,5042,10292,1,50,2,2560,1440,5120,2880,2500,2,2,0,2458,0,1,2506,2506,12021541,0
1514,29876747167,20748125,0,0,1,5120,2880,2392,128,-2649,22585,0,0,0,0,0,-1,63,9407995,163750,3,176,0,0,5,282520,0,2,181818,7,11,20,132253,0,8236334,44000,0,44,7123,3440375,1,0,0,0,0,0,0,17625,0,0,1,2064,0,0,0,0,0,0,3791,10292,1,50,2,2560,1440,5120,2880,2500,2,2,0,2459,0,1,2507,2507,11945499,0
1515,29901065709,24318542,0,0,1,5120,2880,2392,128,-2649,21386,0,0,0,0,0,-1,54,503333,134338,3,176,0,0,5,282520,0,2,181818,7,10,17,54708,0,155084,51501,0,37,6951,17970250,1,0,0,0,0,0,0,33541,0,0,1,2064,0,0,0,0,0,0,7917,20000,1,50,2,2560,1440,5120,2880,2500,2,2,0,2460,0,1,2508,2508,11769666,0
1516,29920262125,19196416,0,0,1,5120,2880,2392,128,-2649,22925,0,0,0,0,0,-1,64,575838,201878,3,176,0,0,5,282412,0,2,181818,7,11,16,150333,0,198209,58666,0,45,7179,9132167,1,0,0,0,0,0,0,33667,0,0,1,2064,0,0,0,0,0,0,8083,19334,1,50,2,2560,1440,5120,2880,2500,2,2,0,2461,0,1,2509,2509,12053874,0
1517,29939594167,19332042,0,0,1,5120,2880,2392,128,-2649,21418,0,0,0,0,0,-1,54,4266203,163462,3,176,0,0,5,273772,0,2,181818,7,10,19,146211,0,155959,3606207,0,37,6965,7839042,1,0,0,0,0,0,0,19667,0,0,1,2064,0,0,0,0,0,0,5542,11125,1,50,2,2560,1440,5120,2880,2500,2,2,0,2462,0,1,2510,2510,12053874,0
1518,29959590125,19995958,0,0,1,5120,2880,2392,128,-2649,21397,0,0,0,0,0,-1,53,9497209,143328,3,176,0,0,5,265996,0,2,181818,7,10,19,136956,0,140001,41832,0,36,6964,4520667,1,0,0,0,0,0,0,15208,0,0,1,2064,0,0,0,0,0,0,4000,8875,1,50,2,2560,1440,5120,2880,2500,2,2,0,2463,0,1,2511,2511,11891083,0
1519,29985059584,25469459,0,0,1,5120,2880,2392,128,-2649,22792,0,0,0,0,0,-1,61,241746,189537,3,176,0,0,5,267760,0,2,181818,7,11,16,1750,0,165792,36460,0,43,7178,16665459,1,0,0,0,0,0,0,51708,0,0,1,2064,0,0,0,0,0,0,12625,27792,1,50,2,2560,1440,5120,2880,2500,2,2,0,2464,0,1,2512,2512,11788374,0
1520,30003068250,18008666,0,0,1,5120,2880,2392,128,-2649,21501,0,0,0,0,0,-1,53,362167,156793,3,176,0,0,5,264160,0,2,181818,7,10,14,146334,0,180126,56999,0,36,6996,9787500,1,0,0,0,0,0,0,32667,0,0,1,2064,0,0,0,0,0,0,9541,17208,1,50,2,2560,1440,5120,2880,2500,2,2,0,2465,0,1,2513,2513,11788374,0
1521,30023947000,20878750,0,0,1,5120,2880,2392,128,-2649,23044,0,0,0,0,0,-1,63,5007453,171876,3,176,0,0,5,264484,0,2,181818,7,11,20,146547,0,4145457,45833,0,44,7226,6191000,1,0,0,0,0,0,0,18375,0,0,1,2064,0,0,0,0,0,0,3750,12083,1,50,2,2560,1440,5120,2880,2500,2,2,0,2466,0,1,2514,2514,11984125,0
1522,30043680625,19733625,0,0,1,5120,2880,2392,128,-2649,21493,0,0,0,0,0,-1,53,9804081,128876,3,176,0,0,5,264484,0,2,181818,7,10,19,145584,0,150083,45542,0,36,6996,3912708,1,0,0,0,0,0,0,18917,0,0,1,2064,0,0,0,0,0,0,4416,11292,1,50,2,2560,1440,5120,2880,2500,2,2,0,2467,0,1,2515,2515,11985874,0
1523,30068345125,24664500,0,0,1,5120,2880,2392,128,-2649,21503,0,0,0,0,0,-1,53,119667,160204,3,176,0,0,5,264484,0,2,181818,7,10,17,63249,0,155501,61873,0,36,6996,17792791,1,0,0,0,0,0,0,36666,0,0,1,2064,0,0,0,0,0,0,9084,19166,1,50,2,2560,1440,5120,2880,2500,2,2,0,2468,0,1,2516,2516,11968125,0
1524,30087082834,18737709,0,0,1,5120,2880,2392,128,-2649,22686,0,0,0,0,0,-1,62,678496,174335,3,176,0,0,5,264844,0,2,181818,7,11,16,157583,0,189042,54418,0,43,7160,8307792,1,0,0,0,0,0,0,35833,0,0,1,2064,0,0,0,0,0,0,8042,19250,1,50,2,2560,1440,5120,2880,2500,2,2,0,2469,0,1,2517,2517,12077791,0
1525,30107147042,20064208,0,0,1,5120,2880,2392,128,-2649,21469,0,0,0,0,0,-1,53,4851037,185419,3,176,0,0,5,264844,0,2,181818,7,10,19,143418,0,168376,48916,0,36,6988,7410958,1,0,0,0,0,0,0,37416,0,0,1,2064,0,0,0,0,0,0,6958,26542,1,50,2,2560,1440,5120,2880,2500,2,2,0,2470,0,1,2518,2518,12077791,0
1526,30133396292,26249250,0,0,1,5120,2880,2392,128,-2649,23290,0,0,0,0,0,-1,62,267045,150624,3,176,0,0,5,258688,0,2,181818,7,11,16,1751,0,159292,32208,0,44,7270,18931166,1,0,0,0,0,0,0,16458,0,0,1,2064,0,0,0,0,0,0,4583,8709,1,50,2,2560,1440,5120,2880,2500,2,2,0,2471,0,1,2519,2519,11915624,0
1527,30153149459,19753167,0,0,1,5120,2880,2392,128,-2649,21433,0,0,0,0,0,-1,53,136709,164583,3,176,0,0,5,272188,0,2,181818,7,10,12,55084,0,193249,56710,0,36,6976,11668958,1,0,0,0,0,0,0,30333,0,0,1,2064,0,0,0,0,0,0,7333,16458,1,50,2,2560,1440,5120,2880,2500,2,2,0,2472,0,1,2520,2520,12100458,0
1528,30172675750,19526291,0,0,1,5120,2880,2392,128,-2649,22525,0,0,0,0,0,-1,61,3162128,181878,3,176,0,0,5,256348,0,2,181818,7,11,16,157957,0,179665,2315208,0,42,7112,7083667,1,0,0,0,0,0,0,37125,0,0,1,2064,0,0,0,0,0,0,9708,18875,1,50,2,2560,1440,5120,2880,2500,2,2,0,2473,0,1,2521,2521,12100458,0
1529,30199970417,27294667,0,0,1,5120,2880,2392,128,-2649,21252,0,0,0,0,0,-1,51,493665,127832,3,176,0,0,5,231472,0,2,181818,7,10,15,1164,0,135292,30332,0,35,6918,21699583,1,0,0,0,0,0,0,16583,0,0,1,2064,0,0,0,0,0,0,4459,9750,1,50,2,2560,1440,5120,2880,2500,2,2,0,2474,0,1,2522,2522,11991375,0
1530,30219956625,19986208,0,0,1,5120,2880,2392,128,-2649,22547,0,0,0,0,0,-1,62,127419,176127,3,176,0,0,5,206704,0,2,181818,7,11,13,55917,0,192250,52960,0,43,7070,10057667,1,0,0,0,0,0,0,33292,0,0,1,2064,0,0,0,0,0,0,9292,16875,1,50,2,2560,1440,5120,2880,2500,2,2,0,2475,0,1,2523,2523,12184874,0
1531,30239065209,19108584,0,0,1,5120,2880,2392,128,-2649,21034,0,0,0,0,0,-1,52,3818211,158080,3,176,0,0,5,206704,0,2,181818,7,10,15,138875,0,152376,43751,0,35,6846,8167750,1,0,0,0,0,0,0,36791,0,0,1,2064,0,0,0,0,0,0,9667,20125,1,50,2,2560,1440,5120,2880,2500,2,2,0,2476,0,1,2524,2524,12184874,0
1532,30266823084,27757875,0,0,1,5120,2880,2392,128,-2649,20913,0,0,0,0,0,-1,51,117542,139084,3,176,0,0,5,206704,0,2,181818,7,10,15,1499,0,149333,34459,0,35,6805,22283834,1,0,0,0,0,0,0,14833,0,0,1,2064,0,0,0,0,0,0,4750,7833,1,50,2,2560,1440,5120,2880,2500,2,2,0,2477,0,1,2525,2525,11888374,0
1533,30285731625,18908541,0,0,1,5120,2880,2392,128,-2649,22265,0,0,0,0,0,-1,61,411872,180622,3,176,0,0,5,206488,0,2,181818,7,11,15,145121,0,178416,49126,0,42,7002,9952250,1,0,0,0,0,0,0,32541,0,0,1,2064,0,0,0,0,0,0,5958,20125,1,50,2,2560,1440,5120,2880,2500,2,2,0,2478,0,1,2526,2526,12011166,0
1534,30305627042,19895417,0,0,1,5120,2880,2392,128,-2649,20903,0,0,0,0,0,-1,52,4271831,151752,3,176,0,0,5,206488,0,2,181818,7,10,19,149834,0,157126,46000,0,35,6805,8855625,1,0,0,0,0,0,0,33083,0,0,1,2064,0,0,0,0,0,0,8042,19333,1,50,2,2560,1440,5120,2880,2500,2,2,0,2479,0,1,2527,2527,12011166,0
1535,30333798750,28171708,0,0,1,5120,2880,2392,128,-2649,22469,0,0,0,0,0,-1,61,299496,172585,3,176,0,0,5,206272,0,2,181818,7,11,16,1957,0,165958,35458,0,43,7036,20354709,1,0,0,0,0,0,0,16416,0,0,1,2064,0,0,0,0,0,0,4041,9125,1,50,2,2560,1440,5120,2880,2500,2,2,0,2480,0,1,2528,2528,11859874,0
1536,30352661250,18862500,0,0,1,5120,2880,2392,128,-2649,20911,0,0,0,0,0,-1,52,156747,150793,3,176,0,0,5,206272,0,2,181818,7,10,14,149999,0,182042,47457,0,35,6805,11408292,1,0,0,0,0,0,0,36208,0,0,1,2064,0,0,0,0,0,0,10208,18709,1,50,2,2560,1440,5120,2880,2500,2,2,0,2481,0,1,2529,2529,12029749,0
1537,30372974917,20313667,0,0,1,5120,2880,2392,128,-2649,22112,0,0,0,0,0,-1,61,3724292,205082,3,176,0,0,5,206128,0,2,181818,7,11,20,148083,0,191584,2757541,0,42,6977,7307750,1,0,0,0,0,0,0,32417,0,0,1,2064,0,0,0,0,0,0,7500,17416,1,50,2,2560,1440,5120,2880,2500,2,2,0,2482,0,1,2530,2530,12029749,0
1538,30399872625,26897708,0,0,1,5120,2880,2392,128,-2649,20892,0,0,0,0,0,-1,50,480959,138790,3,176,0,0,5,197200,0,2,181818,7,10,15,1250,0,153334,34333,0,34,6804,21424625,1,0,0,0,0,0,0,14250,0,0,1,2064,0,0,0,0,0,0,3875,8334,1,50,2,2560,1440,5120,2880,2500,2,2,0,2483,0,1,2531,2531,11804166,0
1539,30419752417,19879792,0,0,1,5120,2880,2392,128,-2649,22526,0,0,0,0,0,-1,61,134671,182834,3,176,0,0,5,196640,0,2,181818,7,11,13,51375,0,223417,45000,0,42,7055,9941750,1,0,0,0,0,0,0,24708,0,0,1,2064,0,0,0,0,0,0,5209,14916,1,50,2,2560,1440,5120,2880,2500,2,2,0,2484,0,1,2532,2532,12116958,0
1540,30438950542,19198125,0,0,1,5120,2880,2392,128,-2649,20908,0,0,0,0,0,-1,51,3466213,153621,3,176,0,0,5,196640,0,2,181818,7,10,15,134835,0,164918,2737333,0,34,6810,8510958,1,0,0,0,0,0,0,27250,0,0,1,2064,0,0,0,0,0,0,5209,15791,1,50,2,2560,1440,5120,2880,2500,2,2,0,2485,0,1,2533,2533,12116958,0
1541,30459173375,20222833,0,0,1,5120,2880,2392,128,-2649,20888,0,0,0,0,0,-1,51,8170333,150748,3,176,0,0,5,196752,0,2,181818,7,10,19,141294,0,172166,7494458,0,34,6806,5840000,1,0,0,0,0,0,0,25917,0,0,1,2064,0,0,0,0,0,0,8041,13167,1,50,2,2560,1440,5120,2880,2500,2,2,0,2486,0,1,2534,2534,12034125,0
1542,30485110792,25937417,0,0,1,5120,2880,2392,128,-2648,22110,0,0,0,0,0,-1,59,141082,196374,3,176,0,0,5,196864,0,2,181818,7,11,16,2500,0,215167,37417,0,41,6979,17177834,1,0,0,0,0,0,0,27708,0,0,1,2064,0,0,0,0,0,0,6250,15041,1,50,2,2560,1440,5120,2880,2500,2,2,0,2487,0,1,2535,2535,11869291,0
1543,30503191042,18080250,0,0,1,5120,2880,2392,128,-2648,21517,0,0,0,0,0,-1,52,284582,161750,6,9476,0,0,5,197088,0,2,181818,7,10,14,146377,0,227583,57458,0,34,7012,9793167,1,0,0,0,0,0,0,42375,0,0,1,2064,0,0,0,0,0,0,10375,22334,1,50,2,2560,1440,5120,2880,2500,2,2,0,2488,0,1,2536,2536,11869291,0
1544,30524790875,21599833,0,0,1,5120,2880,2392,128,-2648,23586,0,0,0,0,0,-1,61,5543704,214204,3,176,0,0,5,197200,0,2,181818,7,11,20,139044,0,211210,4462667,0,42,7395,6241708,1,0,0,0,0,0,0,15625,0,0,1,2064,0,0,0,0,0,0,3917,9208,1,50,2,2560,1440,5120,2880,2500,2,2,0,2489,0,1,2537,2537,12163166,0
1545,30550899542,26108667,0,0,1,5120,2880,2392,128,-2648,22071,0,0,0,0,0,-1,51,484079,121875,3,176,0,0,5,206380,0,2,181818,7,10,15,1457,0,132333,33292,0,35,7191,19870083,1,0,0,0,0,0,0,18250,0,0,1,2064,0,0,0,0,0,0,5250,9750,1,50,2,2560,1440,5120,2880,2500,2,2,0,2490,0,1,2538,2538,11932333,0
1546,30570506042,19606500,0,0,1,5120,2880,2392,128,-2648,23388,0,0,0,0,0,-1,61,1017579,174168,3,176,0,0,5,206272,0,2,181818,7,11,15,145501,0,191500,52750,0,42,7383,9567208,1,0,0,0,0,0,0,35583,0,0,1,2064,0,0,0,0,0,0,8417,21042,1,50,2,2560,1440,5120,2880,2500,2,2,0,2491,0,1,2539,2539,11932333,0
1547,30590832334,20326292,0,0,1,5120,2880,2392,128,-2648,22061,0,0,0,0,0,-1,52,7253835,128125,3,176,0,0,5,206020,0,2,181818,7,10,19,140166,0,144792,41999,0,35,7191,7387666,1,0,0,0,0,0,0,16958,0,0,1,2064,0,0,0,0,0,0,4834,9125,1,50,2,2560,1440,5120,2880,2500,2,2,0,2492,0,1,2540,2540,9795874,0
1548,30617825750,26993416,0,0,1,5120,2880,2392,128,-2648,22071,0,0,0,0,0,-1,51,121959,135876,3,176,0,0,5,205912,0,2,181818,7,10,15,1208,0,147708,34459,0,35,7191,20151459,1,0,0,0,0,0,0,18500,0,0,1,2064,0,0,0,0,0,0,5625,9833,1,50,2,2560,1440,5120,2880,2500,2,2,0,2493,0,1,2541,2541,9644750,0
1549,30637172875,19347125,0,0,1,5120,2880,2392,128,-2647,23585,0,0,0,0,0,-1,62,1142794,180461,3,176,0,0,5,205912,0,2,181818,7,11,15,145246,0,195834,59666,0,43,7414,9158916,1,0,0,0,0,0,0,32208,0,0,1,2064,0,0,0,0,0,0,6458,19792,1,50,2,2560,1440,5120,2880,2500,2,2,0,2494,0,1,2542,2542,9644750,0
1550,30657615834,20442959,0,0,1,5120,2880,2392,128,-2647,22061,0,0,0,0,0,-1,52,7127245,147921,3,176,0,0,5,205804,0,2,181818,7,10,19,149958,0,153207,44000,0,35,7191,7565250,1,0,0,0,0,0,0,16416,0,0,1,2064,0,0,0,0,0,0,3792,10166,1,50,2,2560,1440,5120,2880,2500,2,2,0,2495,0,1,2543,2543,11971291,0
1551,30684137875,26522041,0,0,1,5120,2880,2392,128,-2647,23283,0,0,0,0,0,-1,61,521295,162877,6,9476,0,0,5,205264,0,2,181818,7,11,16,1457,0,184500,32791,0,42,7363,18626500,1,0,0,0,0,0,0,13292,0,0,1,2064,0,0,0,0,0,0,3125,8125,1,50,2,2560,1440,5120,2880,2500,2,2,0,2496,0,1,2544,2544,11817208,0
1552,30702967417,18829542,0,0,1,5120,2880,2392,128,-2647,22077,0,0,0,0,0,-1,53,372126,147753,11,15404,0,0,5,211312,0,2,181818,7,10,14,152544,0,215831,47125,0,35,7191,11001667,1,0,0,0,0,0,0,32708,0,0,1,2064,0,0,0,0,0,0,6542,19291,1,50,2,2560,1440,5120,2880,2500,2,2,0,2497,0,1,2545,2545,11817208,0
1553,30724323125,21355708,0,0,1,5120,2880,2392,129,-2647,23707,0,0,0,0,0,-1,62,5777250,187833,3,176,0,0,5,211852,0,2,181818,7,11,20,154084,0,173124,56001,0,43,7440,6356416,1,0,0,0,0,0,0,14667,0,0,1,2064,0,0,0,0,0,0,3166,8833,1,50,2,2560,1440,5120,2880,2500,2,2,0,2498,0,1,2546,2546,9750208,0
1554,30750775584,26452459,0,0,1,5120,2880,2392,129,-2647,22071,0,0,0,0,0,-1,51,492626,133122,3,176,0,0,5,211744,0,2,181818,7,10,15,1375,0,156250,33624,0,35,7191,20037750,1,0,0,0,0,0,0,17416,0,0,1,2064,0,0,0,0,0,0,4750,9583,1,50,2,2560,1440,5120,2880,2500,2,2,0,2499,0,1,2547,2547,9618291,0
1555,30770201917,19426333,0,0,1,5120,2880,2392,129,-2647,23313,0,0,0,0,0,-1,61,464507,198960,3,176,0,0,5,211528,0,2,181818,7,11,15,151793,0,215125,58085,0,42,7368,9613417,1,0,0,0,0,0,0,38916,0,0,1,2064,0,0,0,0,0,0,8958,23917,1,50,2,2560,1440,5120,2880,2500,2,2,0,2500,0,1,2548,2548,12062374,0
1556,30790750959,20549042,0,0,1,5120,2880,2392,129,-2647,22061,0,0,0,0,0,-1,52,6379625,151623,3,176,0,0,5,211312,0,2,181818,7,10,19,151168,0,159542,51167,0,35,7191,7063375,1,0,0,0,0,0,0,16167,0,0,1,2064,0,0,0,0,0,0,4375,9875,1,50,2,2560,1440,5120,2880,2500,2,2,0,2501,0,1,2549,2549,12062374,0
1557,30817799584,27048625,0,0,1,5120,2880,2392,129,-2647,22071,0,0,0,0,0,-1,51,122788,134457,3,176,0,0,5,205264,0,2,181818,7,10,15,1252,0,158708,36291,0,35,7191,20890708,1,0,0,0,0,0,0,16875,0,0,1,2064,0,0,0,0,0,0,5333,9291,1,50,2,2560,1440,5120,2880,2500,2,2,0,2502,0,1,2550,2550,11823333,0
1558,30837179459,19379875,0,0,1,5120,2880,2392,129,-2646,23880,0,0,0,0,0,-1,61,356669,202042,3,176,0,0,5,202352,0,2,181818,7,11,15,146205,0,191041,54707,0,42,7517,9002375,1,0,0,0,0,0,0,38583,0,0,1,2064,0,0,0,0,0,0,7375,22875,1,50,2,2560,1440,5120,2880,2500,2,2,0,2503,0,1,2551,2551,9958958,0
1559,30857885875,20706416,0,0,1,5120,2880,2392,129,-2646,21977,0,0,0,0,0,-1,53,6806205,142835,6,9476,0,0,5,231500,0,2,181818,7,10,19,146750,0,209416,71582,0,35,7162,7337542,1,0,0,0,0,0,0,15750,0,0,1,2064,0,0,0,0,0,0,4125,9375,1,50,2,2560,1440,5120,2880,2500,2,2,0,2504,0,1,2552,2552,9958958,0
1560,30884056542,26170667,0,0,1,5120,2880,2392,129,-2646,16951,0,0,0,0,0,-1,60,183710,158502,3,176,0,0,5,279856,0,2,181818,7,11,16,1165,0,172125,32251,0,42,5234,18244917,1,0,0,0,0,0,0,14917,0,0,1,2064,0,0,0,0,0,0,4167,8750,1,50,2,2560,1440,5120,2880,2500,2,2,0,2505,0,1,2553,2553,9843208,0
1561,30904268375,20211833,0,0,1,5120,2880,2392,129,-2646,9338,0,0,0,0,0,-1,60,2931504,172293,3,176,0,0,5,348400,0,2,181818,7,10,14,143585,0,174001,447417,0,43,2905,10597208,1,0,0,0,0,0,0,33250,0,0,1,2064,0,0,0,0,0,0,5916,21084,1,50,2,2560,1440,5120,2880,2500,2,2,0,2506,0,1,2554,2554,9843208,0
1562,30918822917,14554542,0,0,1,5120,2880,2392,129,-2646,9717,0,0,0,0,0,-1,71,795579,215663,3,176,0,0,5,406828,0,2,181818,7,11,18,58542,0,197041,54626,0,52,2717,5768125,1,0,0,0,0,0,0,27541,0,0,1,2064,0,0,0,0,0,0,5458,16875,1,50,2,2560,1440,5120,2880,2500,2,2,0,2507,0,1,2555,2555,8281499,0
1563,30933921209,15098292,0,0,1,5120,2880,2392,129,-2646,7184,0,0,0,0,0,-1,59,150292,152375,3,176,0,0,5,403084,0,2,181818,7,10,15,146916,0,172041,67667,0,42,2193,9526583,1,0,0,0,0,0,0,26958,0,0,1,2064,0,0,0,0,0,0,5709,15334,1,50,2,2560,1440,5120,2880,2500,2,2,0,2508,0,1,2556,2556,11188708,0
1564,30949998417,16077208,0,0,1,5120,2880,2392,129,-2646,6880,0,0,0,0,0,-1,59,151751,153293,3,176,0,0,5,409456,0,2,181818,7,10,17,59332,0,166166,42291,0,42,2091,10900542,1,0,0,0,0,0,0,24500,0,0,1,2064,0,0,0,0,0,0,5875,14333,1,50,2,2560,1440,5120,2880,2500,2,2,0,2509,0,1,2557,2557,11103374,0
1565,30966771084,16772667,0,0,1,5120,2880,2392,129,-2646,7909,0,0,0,0,0,-1,68,152710,186377,3,176,0,0,5,403300,0,2,181818,7,11,13,32543,0,177791,53624,0,49,2207,10407083,1,0,0,0,0,0,0,33666,0,0,1,2064,0,0,0,0,0,0,7334,19458,1,50,2,2560,1440,5120,2880,2500,2,2,0,2510,0,1,2558,2558,11194458,0
1566,30982717792,15946708,0,0,1,5120,2880,2392,129,-2646,6585,0,0,0,0,0,-1,58,114166,131000,3,176,0,0,5,397468,0,2,181818,7,10,10,1415,0,149917,31084,0,42,1999,11583042,1,0,0,0,0,0,0,23833,0,0,1,2064,0,0,0,0,0,0,5042,15000,1,50,2,2560,1440,5120,2880,2500,2,2,0,2511,0,1,2559,2559,10991999,0
1567,30999437000,16719208,0,0,1,5120,2880,2392,129,-2646,6548,0,0,0,0,0,-1,58,113917,132753,3,176,0,0,5,420796,0,2,181818,7,10,10,1040,0,136918,27876,0,42,1987,12286750,1,0,0,0,0,0,0,48542,0,0,1,2064,0,0,0,0,0,0,9917,27542,1,50,2,2560,1440,5120,2880,2500,2,2,0,2512,0,1,2560,2560,11150625,0
1568,31016100542,16663542,0,0,1,5120,2880,2392,128,-2646,8121,0,0,0,0,0,-1,68,125962,152586,3,176,0,0,5,436096,0,2,181818,7,11,11,958,0,151541,28500,0,50,2209,11044834,1,0,0,0,0,0,0,43416,0,0,1,2064,0,0,0,0,0,0,9125,25292,1,50,2,2560,1440,5120,2880,2500,2,2,0,2513,0,1,2561,2561,11007916,0
1569,31032663709,16563167,0,0,1,5120,2880,2392,128,-2646,6443,0,0,0,0,0,-1,58,113206,139799,3,176,0,0,5,443044,0,2,181818,7,10,10,875,0,141626,30041,0,42,1952,12292167,1,0,0,0,0,0,0,39792,0,0,1,2064,0,0,0,0,0,0,9292,22833,1,50,2,2560,1440,5120,2880,2500,2,2,0,2514,0,1,2562,2562,10034708,0
1570,31049209084,16545375,0,0,1,5120,2880,2392,128,-2646,6413,0,0,0,0,0,-1,58,112754,143755,3,176,0,0,5,448948,0,2,181818,7,10,10,1042,0,136750,29209,0,42,1942,12479416,1,0,0,0,0,0,0,36500,0,0,1,2064,0,0,0,0,0,0,5958,23500,1,50,2,2560,1440,5120,2880,2500,2,2,0,2515,0,1,2563,2563,11193125,0
1571,31065743167,16534083,0,0,1,5120,2880,2392,128,-2645,7550,0,0,0,0,0,-1,67,130251,144542,3,176,0,0,5,442036,0,2,181818,7,11,11,1208,0,135667,27708,0,49,2090,11291250,1,0,0,0,0,0,0,43625,0,0,1,2064,0,0,0,0,0,0,7541,26542,1,50,2,2560,1440,5120,2880,2500,2,2,0,2516,0,1,2564,2564,10053291,0
1572,31082312584,16569417,0,0,1,5120,2880,2392,128,-2645,6409,0,0,0,0,0,-1,60,113959,118505,5,1676,0,0,5,449812,0,2,181818,7,10,10,1125,0,136293,28793,0,43,1934,12541875,1,0,0,0,0,0,0,14500,0,0,1,2064,0,0,0,0,0,0,3250,8750,1,50,2,2560,1440,5120,2880,2500,2,2,0,2517,0,1,2565,2565,11158999,0
1573,31099329000,17016416,0,0,1,5120,2880,2392,128,-2645,6448,0,0,0,0,0,-1,60,130794,148997,10,15692,0,0,5,458452,0,2,181818,7,10,10,1375,0,151959,27834,0,43,1945,12893000,1,0,0,0,0,0,0,17458,0,0,1,2064,0,0,0,0,0,0,5000,9667,1,50,2,2560,1440,5120,2880,2500,2,2,0,2518,0,1,2566,2566,10058749,0
1574,31115905417,16576417,0,0,1,5120,2880,2392,128,-2645,7987,0,0,0,0,0,-1,69,142546,190833,3,176,0,0,5,458668,0,2,181818,7,11,11,1460,0,181500,29416,0,51,2174,11118125,1,0,0,0,0,0,0,35250,0,0,1,2064,0,0,0,0,0,0,6792,20667,1,50,2,2560,1440,5120,2880,2500,2,2,0,2519,0,1,2567,2567,11120500,0
1575,31132078417,16173000,0,0,1,5120,2880,2392,128,-2645,6441,0,0,0,0,0,-1,59,102918,120456,3,176,0,0,5,458560,0,2,181818,7,10,10,1001,0,139542,27459,0,43,1945,12536375,1,0,0,0,0,0,0,46875,0,0,1,2064,0,0,0,0,0,0,3417,28792,1,50,2,2560,1440,5120,2880,2500,2,2,0,2520,0,1,2568,2568,11265499,0
1576,31148695250,16616833,0,0,1,5120,2880,2392,128,-2645,6441,0,0,0,0,0,-1,59,107541,130003,3,176,0,0,5,458452,0,2,181818,7,10,10,1001,0,118834,26750,0,43,1945,13192917,1,0,0,0,0,0,0,12625,0,0,1,2064,0,0,0,0,0,0,2708,7917,1,50,2,2560,1440,5120,2880,2500,2,2,0,2521,0,1,2569,2569,10146500,0
1577,31165948834,17253584,0,0,1,5120,2880,2392,128,-2645,7760,0,0,0,0,0,-1,68,130499,161245,3,176,0,0,5,458560,0,2,181818,7,11,11,1373,0,143959,28875,0,50,2137,11955041,1,0,0,0,0,0,0,17083,0,0,1,2064,0,0,0,0,0,0,4708,8333,1,50,2,2560,1440,5120,2880,2500,2,2,0,2522,0,1,2570,2570,11329166,0
1578,31182047917,16099083,0,0,1,5120,2880,2392,128,-2645,6441,0,0,0,0,0,-1,59,98627,125619,3,176,0,0,5,458560,0,2,181818,7,10,10,791,0,125624,27582,0,43,1945,12557000,1,0,0,0,0,0,0,58500,0,0,1,2064,0,0,0,0,0,0,12083,36417,1,50,2,2560,1440,5120,2880,2500,2,2,0,2523,0,1,2571,2571,10003000,0
1579,31198517542,16469625,0,0,1,5120,2880,2392,128,-2645,6441,0,0,0,0,0,-1,59,98624,125585,3,176,0,0,5,458560,0,2,181818,7,10,10,708,0,112875,26290,0,43,1945,13159791,1,0,0,0,0,0,0,12417,0,0,1,2064,0,0,0,0,0,0,2959,7209,1,50,2,2560,1440,5120,2880,2500,2,2,0,2524,0,1,2572,2572,11229625,0
1580,31215650375,17132833,0,0,1,5120,2880,2392,127,-2645,7962,0,0,0,0,0,-1,69,130083,157209,3,176,0,0,5,458920,0,2,181818,7,11,11,1000,0,156459,35959,0,51,2169,12166708,1,0,0,0,0,0,0,16708,0,0,1,2064,0,0,0,0,0,0,4208,9250,1,50,2,2560,1440,5120,2880,2500,2,2,0,2525,0,1,2573,2573,10044624,0
1581,31232071334,16420959,0,0,1,5120,2880,2392,127,-2645,6441,0,0,0,0,0,-1,59,105958,116416,3,176,0,0,5,458920,0,2,181818,7,10,10,749,0,121875,29458,0,43,1945,12951458,1,0,0,0,0,0,0,13834,0,0,1,2064,0,0,0,0,0,0,3125,8375,1,50,2,2560,1440,5120,2880,2500,2,2,0,2526,0,1,2574,2574,11265749,0
1582,31248428625,16357291,0,0,1,5120,2880,2392,127,-2645,6441,0,0,0,0,0,-1,59,99499,115003,3,176,0,0,5,458920,0,2,181818,7,10,10,917,0,119460,25000,0,43,1945,13212041,1,0,0,0,0,0,0,13875,0,0,1,2064,0,0,0,0,0,0,3292,8292,1,50,2,2560,1440,5120,2880,2500,2,2,0,2527,0,1,2575,2575,11273458,0
1583,31265286500,16857875,0,0,1,5120,2880,2392,127,-2645,7685,0,0,0,0,0,-1,68,127748,146748,3,176,0,0,5,458668,0,2,181818,7,11,11,960,0,136458,29041,0,50,2122,12259542,1,0,0,0,0,0,0,14667,0,0,1,2064,0,0,0,0,0,0,3000,9583,1,50,2,2560,1440,5120,2880,2500,2,2,0,2528,0,1,2576,2576,11246333,0
1584,31281803250,16516750,0,0,1,5120,2880,2392,127,-2645,6441,0,0,0,0,0,-1,59,103997,126161,3,176,0,0,5,458560,0,2,181818,7,10,10,999,0,120917,25666,0,43,1945,13318500,1,0,0,0,0,0,0,12542,0,0,1,2064,0,0,0,0,0,0,2959,8042,1,50,2,2560,1440,5120,2880,2500,2,2,0,2529,0,1,2577,2577,11336499,0
1585,31298203834,16400584,0,0,1,5120,2880,2392,127,-2645,6441,0,0,0,0,0,-1,59,89832,123960,3,176,0,0,5,458560,0,2,181818,7,10,10,875,0,117708,26957,0,43,1945,13455750,1,0,0,0,0,0,0,11083,0,0,1,2064,0,0,0,0,0,0,2500,6791,1,50,2,2560,1440,5120,2880,2500,2,2,0,2530,0,1,2578,2578,9994291,0
1586,31315359500,17155666,0,0,1,5120,2880,2392,127,-2645,8242,0,0,0,0,0,-1,69,135504,167581,3,176,0,0,5,458776,0,2,181818,7,11,11,1748,0,141875,30834,0,51,2225,12535458,1,0,0,0,0,0,0,14500,0,0,1,2064,0,0,0,0,0,0,3208,8834,1,50,2,2560,1440,5120,2880,2500,2,2,0,2531,0,1,2579,2579,11221916,0
1587,31331855417,16495917,0,0,1,5120,2880,2392,127,-2645,6441,0,0,0,0,0,-1,59,102039,118378,3,176,0,0,5,458776,0,2,181818,7,10,10,623,0,121624,28499,0,43,1945,13228833,1,0,0,0,0,0,0,14000,0,0,1,2064,0,0,0,0,0,0,3625,8334,1,50,2,2560,1440,5120,2880,2500,2,2,0,2532,0,1,2580,2580,9988083,0
1588,31348307167,16451750,0,0,1,5120,2880,2392,127,-2645,6441,0,0,0,0,0,-1,59,97038,110545,3,176,0,0,5,458776,0,2,181818,7,10,10,875,0,116624,26210,0,43,1945,13270625,1,0,0,0,0,0,0,11667,0,0,1,2064,0,0,0,0,0,0,2625,7333,1,50,2,2560,1440,5120,2880,2500,2,2,0,2533,0,1,2581,2581,11095583,0
1589,31365470750,17163583,0,0,1,5120,2880,2392,127,-2645,7542,0,0,0,0,0,-1,68,137586,142623,3,176,0,0,5,462124,0,2,181818,7,11,11,1417,0,135875,29624,0,50,2081,12338334,1,0,0,0,0,0,0,12833,0,0,1,2064,0,0,0,0,0,0,2792,8166,1,50,2,2560,1440,5120,2880,2500,2,2,0,2534,0,1,2582,2582,11348875,0
1590,31382324167,16853417,0,0,1,5120,2880,2392,127,-2645,6567,0,0,0,0,0,-1,59,107962,125954,3,176,0,0,5,442144,0,2,181818,7,10,10,791,0,123916,27126,0,43,1987,13015167,1,0,0,0,0,0,0,14000,0,0,1,2064,0,0,0,0,0,0,2833,8333,1,50,2,2560,1440,5120,2880,2500,2,2,0,2535,0,1,2583,2583,11437374,0
1591,31399066625,16742458,0,0,1,5120,2880,2392,127,-2645,7260,0,0,0,0,0,-1,59,97375,113209,3,176,0,0,5,441856,0,2,181818,7,10,10,876,0,114708,26541,0,43,2218,12780709,1,0,0,0,0,0,0,14875,0,0,1,2064,0,0,0,0,0,0,3416,8583,1,50,2,2560,1440,5120,2880,2500,2,2,0,2536,0,1,2584,2584,11447249,0
1592,31416673875,17607250,0,0,1,5120,2880,2392,127,-2645,10557,0,0,0,0,0,-1,71,140043,173584,3,176,0,0,5,465112,0,2,181818,7,11,11,1167,0,141791,31252,0,53,3022,11491417,1,0,0,0,0,0,0,48250,0,0,1,2064,0,0,0,0,0,0,10416,26875,1,50,2,2560,1440,5120,2880,2500,2,2,0,2537,0,1,2585,2585,9985583,0
1593,31433792125,17118250,0,0,1,5120,2880,2392,127,-2645,10740,0,0,0,0,0,-1,63,116994,135504,3,176,0,0,5,483148,0,2,181818,7,10,12,56082,0,131500,41208,0,46,3357,11675458,1,0,0,0,0,0,0,19000,0,0,1,2064,0,0,0,0,0,0,4708,11500,1,50,2,2560,1440,5120,2880,2500,2,2,0,2538,0,1,2586,2586,11569124,0
1594,31450769792,16977667,0,0,1,5120,2880,2392,127,-2645,12387,0,0,0,0,0,-1,63,114077,143208,3,176,0,0,5,481384,0,2,181818,7,10,13,55958,0,125000,42376,0,46,3906,11309000,1,0,0,0,0,0,0,15833,0,0,1,2064,0,0,0,0,0,0,3250,10209,1,50,2,2560,1440,5120,2880,2500,2,2,0,2539,0,1,2587,2587,10041375,0
1595,31468082542,17312750,0,0,1,5120,2880,2392,127,-2645,15722,0,0,0,0,0,-1,72,132455,179873,3,176,0,0,5,489412,0,2,181818,7,11,14,48206,0,154583,45542,0,53,4770,9713625,1,0,0,0,0,0,0,25458,0,0,1,2064,0,0,0,0,0,0,4875,15125,1,50,2,2560,1440,5120,2880,2500,2,2,0,2540,0,1,2588,2588,11850249,0
1596,31484460167,16377625,0,0,1,5120,2880,2392,127,-2645,14411,0,0,0,0,0,-1,63,240583,146620,3,176,0,0,5,489412,0,2,181818,7,10,15,131793,0,136000,48375,0,46,4578,10337458,1,0,0,0,0,0,0,23292,0,0,1,2064,0,0,0,0,0,0,4291,14375,1,50,2,2560,1440,5120,2880,2500,2,2,0,2541,0,1,2589,2589,11904499,0
1597,31502416542,17956375,0,0,1,5120,2880,2392,127,-2645,14403,0,0,0,0,0,-1,63,1774168,152463,3,176,0,0,5,489304,0,2,181818,7,10,19,146580,0,449249,45000,0,46,4578,10277500,1,0,0,0,0,0,0,32458,0,0,1,2064,0,0,0,0,0,0,6500,20083,1,50,2,2560,1440,5120,2880,2500,2,2,0,2542,0,1,2590,2590,11904499,0
1598,31520917125,18500583,0,0,1,5120,2880,2392,127,-2645,15999,0,0,0,0,0,-1,73,2910623,217414,3,176,0,0,5,489412,0,2,181818,7,11,18,51332,0,182874,44793,0,54,4815,7573250,1,0,0,0,0,0,0,31834,0,0,1,2064,0,0,0,0,0,0,7625,19000,1,50,2,2560,1440,5120,2880,2500,2,2,0,2543,0,1,2591,2591,12207749,0
1599,31538423417,17506292,0,0,1,5120,2880,2392,127,-2645,15512,0,0,0,0,0,-1,63,2729538,158996,3,176,0,0,5,489412,0,2,181818,7,10,15,143166,0,1986042,48292,0,46,4945,7540209,1,0,0,0,0,0,0,46375,0,0,1,2064,0,0,0,0,0,0,9542,28708,1,50,2,2560,1440,5120,2880,2500,2,2,0,2544,0,1,2592,2592,12207749,0
1600,31556344250,17920833,0,0,1,5120,2880,2392,127,-2645,15504,0,0,0,0,0,-1,63,5160375,172833,3,176,0,0,5,489412,0,2,181818,7,10,19,146208,0,3854125,45042,0,46,4945,6269875,1,0,0,0,0,0,0,31417,0,0,1,2064,0,0,0,0,0,0,7042,17834,1,50,2,2560,1440,5120,2880,2500,2,2,0,2545,0,1,2593,2593,11977125,0
1601,31582815625,26471375,0,0,1,5120,2880,2392,127,-2645,16723,0,0,0,0,0,-1,71,533879,139627,3,176,0,0,5,489628,0,2,181818,7,11,16,960,0,131250,29793,0,53,5117,20585291,1,0,0,0,0,0,0,13500,0,0,1,2064,0,0,0,0,0,0,3041,8417,1,50,2,2560,1440,5120,2880,2500,2,2,0,2546,0,1,2594,2594,11792041,0
1602,31600960792,18145167,0,0,1,5120,2880,2392,127,-2645,15504,0,0,0,0,0,-1,63,136792,146917,3,176,0,0,5,489628,0,2,181818,7,10,12,50292,0,127376,33792,0,46,4945,12180958,1,0,0,0,0,0,0,22875,0,0,1,2064,0,0,0,0,0,0,4333,13042,1,50,2,2560,1440,5120,2880,2500,2,2,0,2547,0,1,2595,2595,10086833,0
1603,31619293292,18332500,0,0,1,5120,2880,2392,127,-2645,17485,0,0,0,0,0,-1,73,172374,204376,3,176,0,0,5,489736,0,2,181818,7,11,14,56044,0,174583,41792,0,54,5309,9541292,1,0,0,0,0,0,0,30250,0,0,1,2064,0,0,0,0,0,0,7125,18042,1,50,2,2560,1440,5120,2880,2500,2,2,0,2548,0,1,2596,2596,11995375,0
1604,31636436459,17143167,0,0,1,5120,2880,2392,127,-2645,15872,0,0,0,0,0,-1,63,1135335,168660,3,176,0,0,5,498376,0,2,181818,7,10,15,158627,0,367709,47084,0,46,5065,9146500,1,0,0,0,0,0,0,38459,0,0,1,2064,0,0,0,0,0,0,8416,22500,1,50,2,2560,1440,5120,2880,2500,2,2,0,2549,0,1,2597,2597,11995375,0
1605,31655361417,18924958,0,0,1,5120,2880,2392,127,-2645,15864,0,0,0,0,0,-1,63,2780876,203832,3,176,0,0,5,498376,0,2,181818,7,10,19,153415,0,1505042,60625,0,46,5065,8276084,1,0,0,0,0,0,0,22083,0,0,1,2064,0,0,0,0,0,0,4708,13584,1,50,2,2560,1440,5120,2880,2500,2,2,0,2550,0,1,2598,2598,11915666,0
1606,31674089209,18727792,0,0,1,5120,2880,2392,127,-2645,17083,0,0,0,0,0,-1,72,5666958,241961,3,176,0,0,5,498484,0,2,181818,7,11,18,58418,0,185917,53209,0,53,5237,4014250,1,0,0,0,0,0,0,14750,0,0,1,2064,0,0,0,0,0,0,2791,9459,1,50,2,2560,1440,5120,2880,2500,2,2,0,2551,0,1,2599,2599,12022666,0
1607,31692238334,18149125,0,0,1,5120,2880,2392,127,-2645,18248,0,0,0,0,0,-1,63,7258962,156703,3,176,0,0,5,492220,0,2,181818,7,10,15,141998,0,6619083,46332,0,46,5857,4199291,1,0,0,0,0,0,0,14375,0,0,1,2064,0,0,0,0,0,0,3541,8959,1,50,2,2560,1440,5120,2880,2500,2,2,0,2552,0,1,2600,2600,12022666,0
1608,31717880250,25641916,0,0,1,5120,2880,2392,127,-2645,18991,0,0,0,0,0,-1,61,545918,180461,3,176,0,0,5,484444,0,2,181818,7,10,15,1582,0,156585,38001,0,45,6110,18960500,1,0,0,0,0,0,0,20041,0,0,1,2064,0,0,0,0,0,0,5125,10542,1,50,2,2560,1440,5120,2880,2500,2,2,0,2553,0,1,2601,2601,10039916,0
1609,31736420542,18540292,0,0,1,5120,2880,2392,127,-2645,21438,0,0,0,0,0,-1,72,152914,199161,3,176,0,0,5,484336,0,2,181818,7,11,13,51583,0,207874,41125,0,53,6622,9001041,1,0,0,0,0,0,0,28458,0,0,1,2064,0,0,0,0,0,0,5458,16917,1,50,2,2560,1440,5120,2880,2500,2,2,0,2554,0,1,2602,2602,12031250,0
1610,31756008084,19587542,0,0,1,5120,2880,2392,127,-2645,19745,0,0,0,0,0,-1,62,3383546,170170,3,176,0,0,5,484336,0,2,181818,7,10,15,138584,0,145250,43457,0,45,6362,8610166,1,0,0,0,0,0,0,40125,0,0,1,2064,0,0,0,0,0,0,8500,21708,1,50,2,2560,1440,5120,2880,2500,2,2,0,2555,0,1,2603,2603,12031250,0
1611,31776098292,20090208,0,0,1,5120,2880,2392,127,-2645,21101,0,0,0,0,0,-1,71,8241206,199873,3,176,0,0,5,484552,0,2,181818,7,11,18,50501,0,161668,80542,0,52,6559,3328125,1,0,0,0,0,0,0,13709,0,0,1,2064,0,0,0,0,0,0,2875,8542,1,50,2,2560,1440,5120,2880,2500,2,2,0,2556,0,1,2604,2604,12138374,0
1612,31800471417,24373125,0,0,1,5120,2880,2392,127,-2645,19731,0,0,0,0,0,-1,61,126828,147333,3,176,0,0,5,478504,0,2,181818,7,10,11,1459,0,133667,31001,0,45,6362,19087292,1,0,0,0,0,0,0,15792,0,0,1,2064,0,0,0,0,0,0,4167,9167,1,50,2,2560,1440,5120,2880,2500,2,2,0,2557,0,1,2605,2605,11982875,0
1613,31819860750,19389333,0,0,1,5120,2880,2392,127,-2645,21253,0,0,0,0,0,-1,72,174794,206869,3,176,0,0,5,485344,0,2,181818,7,11,13,52249,0,185958,51376,0,53,6585,10083542,1,0,0,0,0,0,0,33542,0,0,1,2064,0,0,0,0,0,0,8625,19333,1,50,2,2560,1440,5120,2880,2500,2,2,0,2558,0,1,2606,2606,10291583,0
1614,31839846584,19985834,0,0,1,5120,2880,2392,127,-2645,19745,0,0,0,0,0,-1,62,3347329,182873,3,176,0,0,5,485344,0,2,181818,7,10,15,146458,0,163333,59626,0,45,6362,8603375,1,0,0,0,0,0,0,36833,0,0,1,2064,0,0,0,0,0,0,7750,22500,1,50,2,2560,1440,5120,2880,2500,2,2,0,2559,0,1,2607,2607,10291583,0
1615,31859834750,19988166,0,0,1,5120,2880,2392,127,-2645,19737,0,0,0,0,0,-1,62,8805331,165252,3,176,0,0,5,485344,0,2,181818,7,10,19,145626,0,152044,46625,0,45,6362,4877167,1,0,0,0,0,0,0,21458,0,0,1,2064,0,0,0,0,0,0,4708,12459,1,50,2,2560,1440,5120,2880,2500,2,2,0,2560,0,1,2608,2608,12413541,0
1616,31884746042,24911292,0,0,1,5120,2880,2392,128,-2645,20956,0,0,0,0,0,-1,70,597503,192581,3,176,0,0,5,485236,0,2,181818,7,11,16,1417,0,166751,34290,0,52,6534,16393042,1,0,0,0,0,0,0,46333,0,0,1,2064,0,0,0,0,0,0,9917,25291,1,50,2,2560,1440,5120,2880,2500,2,2,0,2561,0,1,2609,2609,12363124,0
1617,31903209667,18463625,0,0,1,5120,2880,2392,128,-2645,19743,0,0,0,0,0,-1,62,182290,179834,3,176,0,0,5,485236,0,2,181818,7,10,14,111747,0,167500,52874,0,45,6362,9815709,1,0,0,0,0,0,0,31792,0,0,1,2064,0,0,0,0,0,0,5250,19334,1,50,2,2560,1440,5120,2880,2500,2,2,0,2562,0,1,2610,2610,12282125,0
1618,31923719375,20509708,0,0,1,5120,2880,2392,128,-2645,21387,0,0,0,0,0,-1,72,4357368,226913,3,176,0,0,5,484912,0,2,181818,7,11,16,54126,0,187291,53874,0,53,6611,6563500,1,0,0,0,0,0,0,31209,0,0,1,2064,0,0,0,0,0,0,6250,18541,1,50,2,2560,1440,5120,2880,2500,2,2,0,2563,0,1,2611,2611,10216374,0
1619,31943181792,19462417,0,0,1,5120,2880,2392,128,-2645,19745,0,0,0,0,0,-1,62,8866171,163879,3,176,0,0,5,484912,0,2,181818,7,10,15,140623,0,145669,51542,0,45,6362,4618834,1,0,0,0,0,0,0,17750,0,0,1,2064,0,0,0,0,0,0,4250,10792,1,50,2,2560,1440,5120,2880,2500,2,2,0,2564,0,1,2612,2612,10216374,0
1620,31968260750,25078958,0,0,1,5120,2880,2392,128,-2645,19747,0,0,0,0,0,-1,61,527251,168122,3,176,0,0,5,484912,0,2,181818,7,10,15,1625,0,159043,35251,0,45,6362,18148875,1,0,0,0,0,0,0,45875,0,0,1,2064,0,0,0,0,0,0,9750,26375,1,50,2,2560,1440,5120,2880,2500,2,2,0,2565,0,1,2613,2613,12177416,0
1621,31987258334,18997584,0,0,1,5120,2880,2392,128,-2645,20946,0,0,0,0,0,-1,71,205502,229330,3,176,0,0,5,485344,0,2,181818,7,11,13,58457,0,187500,62251,0,52,6534,8693125,1,0,0,0,0,0,0,34583,0,0,1,2064,0,0,0,0,0,0,7417,20958,1,50,2,2560,1440,5120,2880,2500,2,2,0,2566,0,1,2614,2614,12471124,0
1622,32006940459,19682125,0,0,1,5120,2880,2392,128,-2645,19745,0,0,0,0,0,-1,62,4246045,204582,3,176,0,0,5,485344,0,2,181818,7,10,15,156705,0,154375,57209,0,45,6362,7815875,1,0,0,0,0,0,0,20500,0,0,1,2064,0,0,0,0,0,0,5166,11334,1,50,2,2560,1440,5120,2880,2500,2,2,0,2567,0,1,2615,2615,12471124,0
1623,32034239250,27298791,0,0,1,5120,2880,2392,128,-2645,20869,0,0,0,0,0,-1,71,547957,175496,3,176,0,0,5,485020,0,2,181818,7,11,16,1959,0,161960,33916,0,53,6449,19417833,1,0,0,0,0,0,0,17000,0,0,1,2064,0,0,0,0,0,0,4125,9208,1,50,2,2560,1440,5120,2880,2500,2,2,0,2568,0,1,2616,2616,10107625,0
1624,32053565334,19326084,0,0,1,5120,2880,2392,128,-2645,19053,0,0,0,0,0,-1,62,144628,192248,3,176,0,0,5,493948,0,2,181818,7,10,12,52333,0,205001,43123,0,45,6134,10782417,1,0,0,0,0,0,0,30209,0,0,1,2064,0,0,0,0,0,0,7792,16333,1,50,2,2560,1440,5120,2880,2500,2,2,0,2569,0,1,2617,2617,12263749,0
1625,32072699167,19133833,0,0,1,5120,2880,2392,128,-2645,20372,0,0,0,0,0,-1,71,2414582,221289,3,176,0,0,5,493948,0,2,181818,7,11,14,60670,0,187083,61168,0,52,6326,6635000,1,0,0,0,0,0,0,38000,0,0,1,2064,0,0,0,0,0,0,7334,22000,1,50,2,2560,1440,5120,2880,2500,2,2,0,2570,0,1,2618,2618,12357791,0
1626,32092370292,19671125,0,0,1,5120,2880,2392,128,-2645,19082,0,0,0,0,0,-1,63,7793082,162419,3,176,0,0,5,493948,0,2,181818,7,10,15,149621,0,7109168,50708,0,46,6135,5474292,1,0,0,0,0,0,0,16875,0,0,1,2064,0,0,0,0,0,0,4416,9542,1,50,2,2560,1440,5120,2880,2500,2,2,0,2571,0,1,2619,2619,12357791,0
1627,32117527209,25156917,0,0,1,5120,2880,2392,128,-2645,19084,0,0,0,0,0,-1,62,572118,176038,3,176,0,0,5,493948,0,2,181818,7,10,15,1584,0,152749,37456,0,46,6135,18957459,1,0,0,0,0,0,0,19500,0,0,1,2064,0,0,0,0,0,0,5083,12125,1,50,2,2560,1440,5120,2880,2500,2,2,0,2572,0,1,2620,2620,12137833,0
1628,32136486917,18959708,0,0,1,5120,2880,2392,128,-2646,20770,0,0,0,0,0,-1,73,258457,217458,3,176,0,0,5,485416,0,2,181818,7,11,13,49959,0,203333,48751,0,54,6394,9413916,1,0,0,0,0,0,0,31542,0,0,1,2064,0,0,0,0,0,0,6792,18291,1,50,2,2560,1440,5120,2880,2500,2,2,0,2573,0,1,2621,2621,10300541,0
1629,32155727750,19240833,0,0,1,5120,2880,2392,128,-2646,19082,0,0,0,0,0,-1,63,2400333,185334,3,176,0,0,5,485416,0,2,181818,7,10,15,145584,0,1784334,54332,0,46,6135,8600125,1,0,0,0,0,0,0,36709,0,0,1,2064,0,0,0,0,0,0,7167,21875,1,50,2,2560,1440,5120,2880,2500,2,2,0,2574,0,1,2622,2622,10300541,0
1630,32175627417,19899667,0,0,1,5120,2880,2392,128,-2646,20293,0,0,0,0,0,-1,72,7392120,213292,3,176,0,0,5,485272,0,2,181818,7,11,18,53918,0,178667,46333,0,53,6307,4028833,1,0,0,0,0,0,0,15792,0,0,1,2064,0,0,0,0,0,0,3583,9583,1,50,2,2560,1440,5120,2880,2500,2,2,0,2575,0,1,2623,2623,12074625,0
1631,32200504500,24877083,0,0,1,5120,2880,2392,128,-2646,18915,0,0,0,0,0,-1,62,124708,135037,3,176,0,0,5,485272,0,2,181818,7,10,11,833,0,136208,35250,0,46,6084,19355125,1,0,0,0,0,0,0,16166,0,0,1,2064,0,0,0,0,0,0,4500,9167,1,50,2,2560,1440,5120,2880,2500,2,2,0,2576,0,1,2624,2624,10069333,0
1632,32219618084,19113584,0,0,1,5120,2880,2392,128,-2646,20557,0,0,0,0,0,-1,73,152922,214130,3,176,0,0,5,486172,0,2,181818,7,11,13,52754,0,211501,47333,0,54,6331,9879000,1,0,0,0,0,0,0,26625,0,0,1,2064,0,0,0,0,0,0,4209,17209,1,50,2,2560,1440,5120,2880,2500,2,2,0,2577,0,1,2625,2625,12160750,0
1633,32238393625,18775541,0,0,1,5120,2880,2392,128,-2646,18929,0,0,0,0,0,-1,63,2184755,183083,3,176,0,0,5,486172,0,2,181818,7,10,15,152836,0,1494625,50083,0,46,6084,9012916,1,0,0,0,0,0,0,24166,0,0,1,2064,0,0,0,0,0,0,5833,13708,1,50,2,2560,1440,5120,2880,2500,2,2,0,2578,0,1,2626,2626,12160750,0
1634,32258067334,19673709,0,0,1,5120,2880,2392,128,-2646,18921,0,0,0,0,0,-1,63,6505795,186332,3,176,0,0,5,486172,0,2,181818,7,10,19,151706,0,5273250,46542,0,46,6084,5864541,1,0,0,0,0,0,0,20042,0,0,1,2064,0,0,0,0,0,0,4667,11500,1,50,2,2560,1440,5120,2880,2500,2,2,0,2579,0,1,2627,2627,12066750,0
1635,32283936834,25869500,0,0,1,5120,2880,2392,128,-2646,20175,0,0,0,0,0,-1,71,562962,191999,3,176,0,0,5,486064,0,2,181818,7,11,16,1250,0,165291,33583,0,53,6261,18705375,1,0,0,0,0,0,0,14166,0,0,1,2064,0,0,0,0,0,0,2959,8334,1,50,2,2560,1440,5120,2880,2500,2,2,0,2580,0,1,2628,2628,12032708,0
1636,32302544250,18607416,0,0,1,5120,2880,2392,128,-2646,18921,0,0,0,0,0,-1,63,143417,175041,3,176,0,0,5,486064,0,2,181818,7,10,12,57668,0,174001,45332,0,46,6084,11324042,1,0,0,0,0,0,0,25250,0,0,1,2064,0,0,0,0,0,0,4292,15708,1,50,2,2560,1440,5120,2880,2500,2,2,0,2581,0,1,2629,2629,12126250,0
1637,32321985792,19441542,0,0,1,5120,2880,2392,128,-2646,20467,0,0,0,0,0,-1,73,2205455,232993,3,176,0,0,5,485740,0,2,181818,7,11,14,60417,0,249666,38916,0,54,6313,7770042,1,0,0,0,0,0,0,33375,0,0,1,2064,0,0,0,0,0,0,6875,17791,1,50,2,2560,1440,5120,2880,2500,2,2,0,2582,0,1,2630,2630,12210749,0
1638,32340937542,18951750,0,0,1,5120,2880,2392,128,-2646,18929,0,0,0,0,0,-1,63,4826534,183747,3,176,0,0,5,485740,0,2,181818,7,10,15,141125,0,4230876,53376,0,46,6084,6486708,1,0,0,0,0,0,0,23666,0,0,1,2064,0,0,0,0,0,0,9625,10166,1,50,2,2560,1440,5120,2880,2500,2,2,0,2583,0,1,2631,2631,12210749,0
1639,32367401042,26463500,0,0,1,5120,2880,2392,128,-2646,18931,0,0,0,0,0,-1,62,544083,180672,3,176,0,0,5,485740,0,2,181818,7,10,15,2332,0,163500,35167,0,46,6084,20470584,1,0,0,0,0,0,0,17166,0,0,1,2064,0,0,0,0,0,0,4500,9292,1,50,2,2560,1440,5120,2880,2500,2,2,0,2584,0,1,2632,2632,10044374,0
1640,32385954209,18553167,0,0,1,5120,2880,2392,128,-2646,20240,0,0,0,0,0,-1,72,146209,202750,3,176,0,0,5,485416,0,2,181818,7,11,13,53209,0,217917,39959,0,53,6276,9666916,1,0,0,0,0,0,0,26584,0,0,1,2064,0,0,0,0,0,0,4125,16792,1,50,2,2560,1440,5120,2880,2500,2,2,0,2585,0,1,2633,2633,12058624,0
1641,32404877417,18923208,0,0,1,5120,2880,2392,128,-2646,18929,0,0,0,0,0,-1,63,1997956,193504,3,176,0,0,5,485416,0,2,181818,7,10,15,161835,0,1278500,56999,0,46,6084,9383209,1,0,0,0,0,0,0,20167,0,0,1,2064,0,0,0,0,0,0,4208,12292,1,50,2,2560,1440,5120,2880,2500,2,2,0,2586,0,1,2634,2634,12058624,0
1642,32425209459,20332042,0,0,1,5120,2880,2392,128,-2646,20462,0,0,0,0,0,-1,73,6374748,240039,3,176,0,0,5,485272,0,2,181818,7,11,18,50834,0,240583,37708,0,54,6310,4559542,1,0,0,0,0,0,0,19000,0,0,1,2064,0,0,0,0,0,0,4709,11209,1,50,2,2560,1440,5120,2880,2500,2,2,0,2587,0,1,2635,2635,10127458,0
1643,32450496625,25287166,0,0,1,5120,2880,2392,128,-2646,18915,0,0,0,0,0,-1,62,125082,169167,3,176,0,0,5,485164,0,2,181818,7,10,11,6876,0,149542,32792,0,46,6084,19998291,1,0,0,0,0,0,0,16625,0,0,1,2064,0,0,0,0,0,0,4334,9458,1,50,2,2560,1440,5120,2880,2500,2,2,0,2588,0,1,2636,2636,11983291,0
1644,32469199125,18702500,0,0,1,5120,2880,2392,128,-2646,20133,0,0,0,0,0,-1,72,150252,205579,3,176,0,0,5,485416,0,2,181818,7,11,13,53793,0,222416,41542,0,53,6257,10038125,1,0,0,0,0,0,0,21250,0,0,1,2064,0,0,0,0,0,0,3459,13375,1,50,2,2560,1440,5120,2880,2500,2,2,0,2589,0,1,2637,2637,12125791,0
1645,32488464750,19265625,0,0,1,5120,2880,2392,128,-2646,18932,0,0,0,0,0,-1,63,2121209,191583,3,176,0,0,5,494164,0,2,181818,7,10,15,152374,0,1430958,50292,0,46,6085,9392875,1,0,0,0,0,0,0,27333,0,0,1,2064,0,0,0,0,0,0,7458,15084,1,50,2,2560,1440,5120,2880,2500,2,2,0,2590,0,1,2638,2638,12125791,0
1646,32508004917,19540167,0,0,1,5120,2880,2392,128,-2646,18924,0,0,0,0,0,-1,63,6866919,189459,3,176,0,0,5,494164,0,2,181818,7,10,19,147874,0,5664708,44251,0,46,6085,6356666,1,0,0,0,0,0,0,15750,0,0,1,2064,0,0,0,0,0,0,2708,10416,1,50,2,2560,1440,5120,2880,2500,2,2,0,2591,0,1,2639,2639,10189958,0
1647,32534062792,26057875,0,0,1,5120,2880,2392,128,-2646,20786,0,0,0,0,0,-1,73,594752,187708,3,176,0,0,5,531604,0,2,181818,7,11,16,1750,0,164210,36541,0,55,6372,18376000,1,0,0,0,0,0,0,17125,0,0,1,2064,0,0,0,0,0,0,4750,9083,1,50,2,2560,1440,5120,2880,2500,2,2,0,2592,0,1,2640,2640,10095625,0
1648,32553532667,19469875,0,0,1,5120,2880,2392,128,-2646,21747,0,0,0,0,0,-1,64,163583,172044,3,176,0,0,5,524584,0,2,181818,7,10,12,54459,0,174167,44541,0,47,7020,10621584,1,0,0,0,0,0,0,22792,0,0,1,2064,0,0,0,0,0,0,4667,13584,1,50,2,2560,1440,5120,2880,2500,2,2,0,2593,0,1,2641,2641,12356916,0
1649,32573726042,20193375,0,0,1,5120,2880,2392,128,-2647,23244,0,0,0,0,0,-1,73,3359206,237080,3,176,0,0,5,524476,0,2,181818,7,11,14,54917,0,215666,35876,0,54,7288,6678417,1,0,0,0,0,0,0,33041,0,0,1,2064,0,0,0,0,0,0,5042,21792,1,50,2,2560,1440,5120,2880,2500,2,2,0,2594,0,1,2642,2642,12386083,0
1650,32600953542,27227500,0,0,1,5120,2880,2392,128,-2647,22152,0,0,0,0,0,-1,63,129209,139377,3,176,0,0,5,515296,0,2,181818,7,10,11,1250,0,141208,32625,0,47,7157,21191250,1,0,0,0,0,0,0,14875,0,0,1,2064,0,0,0,0,0,0,3583,9041,1,50,2,2560,1440,5120,2880,2500,2,2,0,2595,0,1,2643,2643,10039958,0
1651,32621277875,20324333,0,0,1,5120,2880,2392,128,-2647,23674,0,0,0,0,0,-1,74,266586,241371,3,176,0,0,5,508816,0,2,181818,7,11,13,63499,0,203167,43084,0,55,7380,9397166,1,0,0,0,0,0,0,39125,0,0,1,2064,0,0,0,0,0,0,8166,21584,1,50,2,2560,1440,5120,2880,2500,2,2,0,2596,0,1,2644,2644,12564874,0
1652,32642070500,20792625,0,0,1,5120,2880,2392,128,-2647,22406,0,0,0,0,0,-1,64,5180210,198166,3,176,0,0,5,508816,0,2,181818,7,10,15,144585,0,154957,55125,0,47,7237,7120708,1,0,0,0,0,0,0,18792,0,0,1,2064,0,0,0,0,0,0,4583,11042,1,50,2,2560,1440,5120,2880,2500,2,2,0,2597,0,1,2645,2645,12220708,0
1653,32668334875,26264375,0,0,1,5120,2880,2392,128,-2647,22408,0,0,0,0,0,-1,63,135713,164126,3,176,0,0,5,508492,0,2,181818,7,10,15,1169,0,142207,33043,0,47,7237,19400792,1,0,0,0,0,0,0,17542,0,0,1,2064,0,0,0,0,0,0,4917,9250,1,50,2,2560,1440,5120,2880,2500,2,2,0,2598,0,1,2646,2646,10170875,0
1654,32688436375,20101500,0,0,1,5120,2880,2392,129,-2647,23936,0,0,0,0,0,-1,73,1268755,220214,3,176,0,0,5,494020,0,2,181818,7,11,13,57042,0,194165,47457,0,54,7502,8582666,1,0,0,0,0,0,0,30834,0,0,1,2064,0,0,0,0,0,0,4666,19000,1,50,2,2560,1440,5120,2880,2500,2,2,0,2599,0,1,2647,2647,12392916,0
1655,32709641959,21205584,0,0,1,5120,2880,2392,129,-2647,22310,0,0,0,0,0,-1,64,7665128,159249,3,176,0,0,5,494020,0,2,181818,7,10,15,139496,0,155874,51208,0,47,7205,6657209,1,0,0,0,0,0,0,15458,0,0,1,2064,0,0,0,0,0,0,3083,8792,1,50,2,2560,1440,5120,2880,2500,2,2,0,2600,0,1,2648,2648,12274999,0
1656,32735155209,25513250,0,0,1,5120,2880,2392,129,-2648,23853,0,0,0,0,0,-1,73,141918,196125,3,176,0,0,5,475660,0,2,181818,7,11,16,1501,0,164334,31501,0,55,7433,17354750,1,0,0,0,0,0,0,45958,0,0,1,2064,0,0,0,0,0,0,11125,24084,1,50,2,2560,1440,5120,2880,2500,2,2,0,2601,0,1,2649,2649,10107833,0
1657,32755215209,20060000,0,0,1,5120,2880,2392,129,-2648,21713,0,0,0,0,0,-1,64,1592077,168920,3,176,0,0,5,478000,0,2,181818,7,10,14,154626,0,164292,49875,0,47,7006,9876750,1,0,0,0,0,0,0,34667,0,0,1,2064,0,0,0,0,0,0,8875,18750,1,50,2,2560,1440,5120,2880,2500,2,2,0,2602,0,1,2650,2650,12415375,0
1658,32776365667,21150458,0,0,1,5120,2880,2392,129,-2648,22317,0,0,0,0,0,-1,73,7192332,196999,3,176,0,0,5,444196,0,2,181818,7,11,18,50334,0,652251,47541,0,54,6969,4727875,1,0,0,0,0,0,0,15958,0,0,1,2064,0,0,0,0,0,0,3750,9250,1,50,2,2560,1440,5120,2880,2500,2,2,0,2603,0,1,2651,2651,10059374,0
1659,32801599292,25233625,0,0,1,5120,2880,2392,129,-2648,19944,0,0,0,0,0,-1,63,135457,156998,3,176,0,0,5,427312,0,2,181818,7,10,11,1169,0,141124,38293,0,47,6421,18668958,1,0,0,0,0,0,0,15792,0,0,1,2064,0,0,0,0,0,0,4292,9084,1,50,2,2560,1440,5120,2880,2500,2,2,0,2604,0,1,2652,2652,12212583,0
1660,32821118875,19519583,0,0,1,5120,2880,2392,129,-2648,12166,0,0,0,0,0,-1,74,2667248,213618,3,176,0,0,5,448408,0,2,181818,7,11,13,57542,0,235166,42041,0,55,3530,8799209,1,0,0,0,0,0,0,27541,0,0,1,2064,0,0,0,0,0,0,4500,17708,1,50,2,2560,1440,5120,2880,2500,2,2,0,2605,0,1,2653,2653,12297833,0
1661,32837441750,16322875,0,0,1,5120,2880,2392,129,-2648,8915,0,0,0,0,0,-1,63,3092960,173625,3,176,0,0,5,441064,0,2,181818,7,10,15,136833,0,2291667,46707,0,46,2746,7312875,1,0,0,0,0,0,0,32708,0,0,1,2064,0,0,0,0,0,0,8083,19542,1,50,2,2560,1440,5120,2880,2500,2,2,0,2606,0,1,2654,2654,12297833,0
1662,32853236917,15795167,0,0,1,5120,2880,2392,129,-2648,8391,0,0,0,0,0,-1,60,2989667,180082,3,176,0,0,5,392608,0,2,181818,7,10,19,145458,0,161916,516252,0,43,2592,7008041,1,0,0,0,0,0,0,32125,0,0,1,2064,0,0,0,0,0,0,7667,17625,1,50,2,2560,1440,5120,2880,2500,2,2,0,2607,0,1,2655,2655,10230624,0
1663,32869186917,15950000,0,0,1,5120,2880,2392,129,-2648,9276,0,0,0,0,0,-1,69,1946417,196874,3,176,0,0,5,372484,0,2,181818,7,11,20,84039,0,271459,50708,0,50,2652,6951042,1,0,0,0,0,0,0,25291,0,0,1,2064,0,0,0,0,0,0,5333,14458,1,50,2,2560,1440,5120,2880,2500,2,2,0,2608,0,1,2656,2656,11463625,0
1664,32884390125,15203208,0,0,1,5120,2880,2392,129,-2648,7964,0,0,0,0,0,-1,60,1038335,145957,3,176,0,0,5,372844,0,2,181818,7,10,15,140500,0,157707,492292,0,43,2447,9252958,1,0,0,0,0,0,0,24708,0,0,1,2064,0,0,0,0,0,0,4834,14250,1,50,2,2560,1440,5120,2880,2500,2,2,0,2609,0,1,2657,2657,11463625,0
1665,32900231709,15841584,0,0,1,5120,2880,2392,129,-2648,7264,0,0,0,0,0,-1,58,141916,175503,3,176,0,0,5,351568,0,2,181818,7,10,17,55793,0,169250,56875,0,41,2225,10455209,1,0,0,0,0,0,0,24250,0,0,1,2064,0,0,0,0,0,0,4959,15541,1,50,2,2560,1440,5120,2880,2500,2,2,0,2610,0,1,2658,2658,11354874,0
1666,32916778000,16546291,0,0,1,5120,2880,2393,129,-2648,8808,0,0,0,0,0,-1,69,136874,185170,3,176,0,0,5,348760,0,2,181818,7,11,14,53999,0,163333,40875,0,50,2430,10053709,1,0,0,0,0,0,0,31291,0,0,1,2064,0,0,0,0,0,0,5667,19333,1,50,2,2560,1440,5120,2880,2500,2,2,0,2611,0,1,2659,2659,10013416,0
1667,32933018750,16240750,0,0,1,5120,2880,2393,129,-2648,7353,0,0,0,0,0,-1,57,121996,144042,3,176,0,0,5,321148,0,2,181818,7,10,11,1081,0,153334,31834,0,41,2258,11721792,1,0,0,0,0,0,0,28375,0,0,1,2064,0,0,0,0,0,0,6208,16041,1,50,2,2560,1440,5120,2880,2500,2,2,0,2612,0,1,2660,2660,11302375,0
1668,32949636209,16617459,0,0,1,5120,2880,2393,129,-2648,7712,0,0,0,0,0,-1,57,113250,144791,3,176,0,0,5,296740,0,2,181818,7,10,10,543,0,172000,29917,0,41,2377,12158625,1,0,0,0,0,0,0,30084,0,0,1,2064,0,0,0,0,0,0,7833,17000,1,50,2,2560,1440,5120,2880,2500,2,2,0,2613,0,1,2661,2661,11279625,0
1669,32966541250,16905041,0,0,1,5120,2880,2393,128,-2648,9697,0,0,0,0,0,-1,61,147334,180960,3,176,0,0,5,254764,0,2,181818,7,11,11,1416,0,208041,32082,0,43,2819,10829375,1,0,0,0,0,0,0,36292,0,0,1,2064,0,0,0,0,0,0,7334,21291,1,50,2,2560,1440,5120,2880,2500,2,2,0,2614,0,1,2662,2662,11257374,0
1670,32982747584,16206334,0,0,1,5120,2880,2393,128,-2648,8604,0,0,0,0,0,-1,53,105497,122621,3,176,0,0,5,248716,0,2,181818,7,10,11,23291,0,131707,39083,0,36,2701,11868084,1,0,0,0,0,0,0,19500,0,0,1,2064,0,0,0,0,0,0,7541,9417,1,50,2,2560,1440,5120,2880,2500,2,2,0,2615,0,1,2663,2663,11057374,0
1671,32999091959,16344375,0,0,1,5120,2880,2393,128,-2648,8723,0,0,0,0,0,-1,52,84086,101001,3,176,0,0,5,248608,0,2,181818,7,10,10,1293,0,122209,28209,0,36,2742,12333792,1,0,0,0,0,0,0,25042,0,0,1,2064,0,0,0,0,0,0,5416,14542,1,50,2,2560,1440,5120,2880,2500,2,2,0,2616,0,1,2664,2664,11151375,0
1672,33016050209,16958250,0,0,1,5120,2880,2393,128,-2649,10274,0,0,0,0,0,-1,62,121332,146912,3,176,0,0,5,248608,0,2,181818,7,11,11,1916,0,159668,34124,0,44,2972,11488000,1,0,0,0,0,0,0,15083,0,0,1,2064,0,0,0,0,0,0,2916,10167,1,50,2,2560,1440,5120,2880,2500,2,2,0,2617,0,1,2665,2665,9760125,0
1673,33032904584,16854375,0,0,1,5120,2880,2393,128,-2649,8734,0,0,0,0,0,-1,53,124700,142540,14,31328,0,0,5,248608,0,2,181818,7,10,10,1792,0,209374,33415,0,36,2742,12549875,1,0,0,0,0,0,0,33125,0,0,1,2064,0,0,0,0,0,0,8417,18583,1,50,2,2560,1440,5120,2880,2500,2,2,0,2618,0,1,2666,2666,11126249,0
1674,33049490834,16586250,0,0,1,5120,2880,2393,128,-2649,8727,0,0,0,0,0,-1,53,103590,131916,3,176,0,0,5,248608,0,2,181818,7,10,11,44917,0,148501,55458,0,36,2742,12468417,1,0,0,0,0,0,0,37875,0,0,1,2064,0,0,0,0,0,0,9542,21583,1,50,2,2560,1440,5120,2880,2500,2,2,0,2619,0,1,2667,2667,9758874,0
1675,33066528084,17037250,0,0,1,5120,2880,2393,128,-2649,10589,0,0,0,0,0,-1,61,131246,171043,3,176,0,0,5,249076,0,2,181818,7,11,11,1336,0,181165,29042,0,43,3133,11284583,1,0,0,0,0,0,0,30083,0,0,1,2064,0,0,0,0,0,0,5417,19375,1,50,2,2560,1440,5120,2880,2500,2,2,0,2620,0,1,2668,2668,11072125,0
1676,33083114167,16586083,0,0,1,5120,2880,2393,128,-2649,9389,0,0,0,0,0,-1,53,93168,115958,3,176,0,0,5,249076,0,2,181818,7,10,12,55252,0,137376,38250,0,36,2961,12020625,1,0,0,0,0,0,0,22083,0,0,1,2064,0,0,0,0,0,0,5958,11333,1,50,2,2560,1440,5120,2880,2500,2,2,0,2621,0,1,2669,2669,9776833,0
1677,33099998209,16884042,0,0,1,5120,2880,2393,128,-2649,9390,0,0,0,0,0,-1,54,104957,142793,4,692,0,0,5,249076,0,2,181818,7,10,13,54874,0,168832,40333,0,36,2961,12248584,1,0,0,0,0,0,0,19250,0,0,1,2064,0,0,0,0,0,0,4916,11459,1,50,2,2560,1440,5120,2880,2500,2,2,0,2622,0,1,2670,2670,11005250,0
1678,33116907667,16909458,0,0,1,5120,2880,2393,128,-2649,11029,0,0,0,0,0,-1,62,123920,176836,3,176,0,0,5,240348,0,2,181818,7,11,14,55917,0,161084,48084,0,43,3212,10331791,1,0,0,0,0,0,0,34750,0,0,1,2064,0,0,0,0,0,0,7792,20458,1,50,2,2560,1440,5120,2880,2500,2,2,0,2623,0,1,2671,2671,9752875,0
1679,33133322959,16415292,0,0,1,5120,2880,2393,128,-2649,9368,0,0,0,0,0,-1,52,106159,137629,3,176,0,0,5,240348,0,2,181818,7,10,13,50169,0,141208,42292,0,35,2960,11686500,1,0,0,0,0,0,0,35459,0,0,1,2064,0,0,0,0,0,0,9041,20708,1,50,2,2560,1440,5120,2880,2500,2,2,0,2624,0,1,2672,2672,11170583,0
1680,33150046292,16723333,0,0,1,5120,2880,2393,128,-2649,9368,0,0,0,0,0,-1,52,107629,132583,3,176,0,0,5,240348,0,2,181818,7,10,13,52042,0,153917,42501,0,35,2960,12095792,1,0,0,0,0,0,0,25000,0,0,1,2064,0,0,0,0,0,0,5750,13834,1,50,2,2560,1440,5120,2880,2500,2,2,0,2625,0,1,2673,2673,9761833,0
1681,33166837542,16791250,0,0,1,5120,2880,2393,128,-2649,10577,0,0,0,0,0,-1,61,128541,153124,3,176,0,0,5,240012,0,2,181818,7,11,14,51876,0,149127,53583,0,42,3132,10529542,1,0,0,0,0,0,0,35500,0,0,1,2064,0,0,0,0,0,0,9667,19000,1,50,2,2560,1440,5120,2880,2500,2,2,0,2626,0,1,2674,2674,11245125,0
1682,33182955709,16118167,0,0,1,5120,2880,2393,128,-2649,9368,0,0,0,0,0,-1,52,91081,107877,3,176,0,0,5,240012,0,2,181818,7,10,13,54707,0,123043,38542,0,35,2960,11715417,1,0,0,0,0,0,0,33292,0,0,1,2064,0,0,0,0,0,0,9417,18167,1,50,2,2560,1440,5120,2880,2500,2,2,0,2627,0,1,2675,2675,11103374,0
1683,33199377000,16421291,0,0,1,5120,2880,2393,128,-2649,9368,0,0,0,0,0,-1,52,93914,111002,3,176,0,0,5,240012,0,2,181818,7,10,13,52414,0,126333,32667,0,35,2960,12413334,1,0,0,0,0,0,0,19083,0,0,1,2064,0,0,0,0,0,0,5166,10417,1,50,2,2560,1440,5120,2880,2500,2,2,0,2628,0,1,2676,2676,11130500,0
1684,33216336084,16959084,0,0,1,5120,2880,2393,128,-2649,10889,0,0,0,0,0,-1,62,120287,150999,3,176,0,0,5,240012,0,2,181818,7,11,14,53915,0,165707,39251,0,43,3184,11316042,1,0,0,0,0,0,0,37584,0,0,1,2064,0,0,0,0,0,0,8416,21208,1,50,2,2560,1440,5120,2880,2500,2,2,0,2629,0,1,2677,2677,11129958,0
1685,33232685209,16349125,0,0,1,5120,2880,2393,128,-2649,9368,0,0,0,0,0,-1,52,93872,114207,3,176,0,0,5,240012,0,2,181818,7,10,13,51085,0,128791,34999,0,35,2960,12179625,1,0,0,0,0,0,0,17667,0,0,1,2064,0,0,0,0,0,0,4709,10166,1,50,2,2560,1440,5120,2880,2500,2,2,0,2630,0,1,2678,2678,11068583,0
1686,33249260084,16574875,0,0,1,5120,2880,2393,128,-2649,9389,0,0,0,0,0,-1,53,95211,119915,3,176,0,0,5,248968,0,2,181818,7,10,13,55541,0,122458,41375,0,36,2961,12697750,1,0,0,0,0,0,0,27834,0,0,1,2064,0,0,0,0,0,0,6041,16667,1,50,2,2560,1440,5120,2880,2500,2,2,0,2631,0,1,2679,2679,11070750,0
1687,33266159584,16899500,0,0,1,5120,2880,2393,128,-2649,10722,0,0,0,0,0,-1,61,114417,148417,3,176,0,0,5,240236,0,2,181818,7,11,14,53207,0,162417,41041,0,42,3157,11244417,1,0,0,0,0,0,0,28750,0,0,1,2064,0,0,0,0,0,0,3667,17417,1,50,2,2560,1440,5120,2880,2500,2,2,0,2632,0,1,2680,2680,9695499,0
1688,33283004000,16844416,0,0,1,5120,2880,2393,128,-2649,10152,0,0,0,0,0,-1,52,97790,120332,3,176,0,0,5,233964,0,2,181818,7,10,12,23415,0,127916,43123,0,35,3222,12293208,1,0,0,0,0,0,0,31375,0,0,1,2064,0,0,0,0,0,0,3667,25625,1,50,2,2560,1440,5120,2880,2500,2,2,0,2633,0,1,2681,2681,11109499,0
1689,33300144584,17140584,0,0,1,5120,2880,2393,128,-2649,12746,0,0,0,0,0,-1,51,93872,121913,3,176,0,0,5,214084,0,2,181818,7,10,12,51668,0,131585,38251,0,34,4092,12139792,1,0,0,0,0,0,0,19833,0,0,1,2064,0,0,0,0,0,0,3709,12416,1,50,2,2560,1440,5120,2880,2500,2,2,0,2634,0,1,2682,2682,9655375,0
1690,33317666375,17521791,0,0,1,5120,2880,2393,128,-2649,17751,0,0,0,0,0,-1,61,135461,150998,3,176,0,0,5,208764,0,2,181818,7,11,14,57041,0,140584,50626,0,42,5454,10186750,1,0,0,0,0,0,0,12875,0,0,1,2064,0,0,0,0,0,0,2625,7750,1,50,2,2560,1440,5120,2880,2500,2,2,0,2635,0,1,2683,2683,11302750,0
1691,33335228500,17562125,0,0,1,5120,2880,2393,128,-2649,19952,0,0,0,0,0,-1,51,101293,133626,3,176,0,0,5,200560,0,2,181818,7,10,13,51792,0,153876,48917,0,34,6494,10884875,1,0,0,0,0,0,0,24792,0,0,1,2064,0,0,0,0,0,0,6250,12792,1,50,2,2560,1440,5120,2880,2500,2,2,0,2636,0,1,2684,2684,9734541,0
1692,33353598000,18369500,0,0,1,5120,2880,2393,128,-2649,21139,0,0,0,0,0,-1,51,1573626,136709,3,176,0,0,5,192860,0,2,181818,7,10,15,137040,0,139791,892751,0,34,6887,9951833,1,0,0,0,0,0,0,32417,0,0,1,2064,0,0,0,0,0,0,9167,17416,1,50,2,2560,1440,5120,2880,2500,2,2,0,2637,0,1,2685,2685,9734541,0
1693,33374668125,21070125,0,0,1,5120,2880,2393,128,-2649,22424,0,0,0,0,0,-1,60,6314459,161205,3,176,0,0,5,192748,0,2,181818,7,11,20,147170,0,169084,548165,0,41,7087,6028083,1,0,0,0,0,0,0,16125,0,0,1,2064,0,0,0,0,0,0,3958,8625,1,50,2,2560,1440,5120,2880,2500,2,2,0,2638,0,1,2686,2686,11757958,0
1694,33399852917,25184792,0,0,1,5120,2880,2393,128,-2649,21222,0,0,0,0,0,-1,50,101535,104708,3,176,0,0,5,192076,0,2,181818,7,10,15,1126,0,127582,34125,0,34,6914,20226917,1,0,0,0,0,0,0,15333,0,0,1,2064,0,0,0,0,0,0,3750,8750,1,50,2,2560,1440,5120,2880,2500,2,2,0,2639,0,1,2687,2687,11766624,0
1695,33419403334,19550417,0,0,1,5120,2880,2393,128,-2649,22912,0,0,0,0,0,-1,60,150122,180993,3,176,0,0,5,186140,0,2,181818,7,11,15,81041,0,173832,56709,0,41,7187,10656000,1,0,0,0,0,0,0,31792,0,0,1,2064,0,0,0,0,0,0,6375,19375,1,50,2,2560,1440,5120,2880,2500,2,2,0,2640,0,1,2688,2688,12003833,0
1696,33438996000,19592666,0,0,1,5120,2880,2393,128,-2649,21331,0,0,0,0,0,-1,50,3309830,169290,3,176,0,0,5,185020,0,2,181818,7,10,15,146332,0,153082,67750,0,33,6957,8947833,1,0,0,0,0,0,0,33542,0,0,1,2064,0,0,0,0,0,0,6833,19792,1,50,2,2560,1440,5120,2880,2500,2,2,0,2641,0,1,2689,2689,12003833,0
1697,33466599292,27603292,0,0,1,5120,2880,2393,128,-2649,21333,0,0,0,0,0,-1,49,115628,124082,3,176,0,0,5,184348,0,2,181818,7,10,15,1751,0,139459,32582,0,33,6957,22531791,1,0,0,0,0,0,0,16500,0,0,1,2064,0,0,0,0,0,0,4542,9083,1,50,2,2560,1440,5120,2880,2500,2,2,0,2642,0,1,2690,2690,11700250,0
1698,33485596667,18997375,0,0,1,5120,2880,2393,128,-2649,22540,0,0,0,0,0,-1,59,180499,154041,3,176,0,0,5,183340,0,2,181818,7,11,15,141955,0,186040,43624,0,40,7129,10076666,1,0,0,0,0,0,0,30750,0,0,1,2064,0,0,0,0,0,0,5792,18417,1,50,2,2560,1440,5120,2880,2500,2,2,0,2643,0,1,2691,2691,11780750,0
1699,33505490084,19893417,0,0,1,5120,2880,2393,128,-2649,21323,0,0,0,0,0,-1,50,3824288,157951,3,176,0,0,5,183116,0,2,181818,7,10,19,145084,0,143040,48290,0,33,6957,9352292,1,0,0,0,0,0,0,30500,0,0,1,2064,0,0,0,0,0,0,7875,14708,1,50,2,2560,1440,5120,2880,2500,2,2,0,2644,0,1,2692,2692,11780750,0
1700,33533914959,28424875,0,0,1,5120,2880,2393,128,-2649,22909,0,0,0,0,0,-1,59,371662,175201,3,176,0,0,5,182892,0,2,181818,7,11,16,1626,0,163709,37000,0,41,7192,21106542,1,0,0,0,0,0,0,15375,0,0,1,2064,0,0,0,0,0,0,3500,9375,1,50,2,2560,1440,5120,2880,2500,2,2,0,2645,0,1,2693,2693,11604791,0
1701,33552978000,19063041,0,0,1,5120,2880,2393,128,-2649,21331,0,0,0,0,0,-1,50,153292,150414,3,176,0,0,5,182332,0,2,181818,7,10,14,148293,0,183334,52584,0,33,6957,11288000,1,0,0,0,0,0,0,34208,0,0,1,2064,0,0,0,0,0,0,7667,19209,1,50,2,2560,1440,5120,2880,2500,2,2,0,2646,0,1,2694,2694,11873666,0
1702,33573237917,20259917,0,0,1,5120,2880,2393,128,-2649,22642,0,0,0,0,0,-1,59,4165459,192371,3,176,0,0,5,182108,0,2,181818,7,11,20,151250,0,187667,49458,0,40,7149,7154375,1,0,0,0,0,0,0,31667,0,0,1,2064,0,0,0,0,0,0,6750,18666,1,50,2,2560,1440,5120,2880,2500,2,2,0,2647,0,1,2695,2695,11873666,0
1703,33600346750,27108833,0,0,1,5120,2880,2393,128,-2649,21333,0,0,0,0,0,-1,49,115832,135088,3,176,0,0,5,181884,0,2,181818,7,10,15,1166,0,154918,38959,0,33,6957,21556208,1,0,0,0,0,0,0,14209,0,0,1,2064,0,0,0,0,0,0,2959,9000,1,50,2,2560,1440,5120,2880,2500,2,2,0,2648,0,1,2696,2696,11700916,0
1704,33620165250,19818500,0,0,1,5120,2880,2393,128,-2649,22846,0,0,0,0,0,-1,60,140249,202335,3,176,0,0,5,181884,0,2,181818,7,11,13,52499,0,207417,43667,0,41,7181,9969000,1,0,0,0,0,0,0,36875,0,0,1,2064,0,0,0,0,0,0,7167,20292,1,50,2,2560,1440,5120,2880,2500,2,2,0,2649,0,1,2697,2697,9859999,0
1705,33639457375,19292125,0,0,1,5120,2880,2393,128,-2649,21328,0,0,0,0,0,-1,50,3817710,158834,3,176,0,0,5,181772,0,2,181818,7,10,15,150333,0,157208,47041,0,33,6956,8213333,1,0,0,0,0,0,0,20167,0,0,1,2064,0,0,0,0,0,0,5583,10792,1,50,2,2560,1440,5120,2880,2500,2,2,0,2650,0,1,2698,2698,9859999,0
1706,33666868584,27411209,0,0,1,5120,2880,2393,128,-2649,21330,0,0,0,0,0,-1,49,112713,122879,3,176,0,0,5,181548,0,2,181818,7,10,15,1460,0,148875,32958,0,33,6956,21425333,1,0,0,0,0,0,0,16208,0,0,1,2064,0,0,0,0,0,0,3833,10125,1,50,2,2560,1440,5120,2880,2500,2,2,0,2651,0,1,2699,2699,9522125,0
1707,33686121000,19252416,0,0,1,5120,2880,2393,128,-2649,22537,0,0,0,0,0,-1,59,159328,188081,3,176,0,0,5,183228,0,2,181818,7,11,15,88085,0,200375,53376,0,40,7128,10161959,1,0,0,0,0,0,0,37750,0,0,1,2064,0,0,0,0,0,0,6750,21709,1,50,2,2560,1440,5120,2880,2500,2,2,0,2652,0,1,2700,2700,11782291,0
1708,33705797625,19676625,0,0,1,5120,2880,2393,128,-2649,21280,0,0,0,0,0,-1,50,3300252,158500,3,176,0,0,5,184908,0,2,181818,7,10,15,143374,0,173373,50458,0,33,6940,8948583,1,0,0,0,0,0,0,31625,0,0,1,2064,0,0,0,0,0,0,6667,19375,1,50,2,2560,1440,5120,2880,2500,2,2,0,2653,0,1,2701,2701,11782291,0
1709,33733735709,27938084,0,0,1,5120,2880,2393,128,-2648,23081,0,0,0,0,0,-1,59,143544,154213,3,176,0,0,5,186364,0,2,181818,7,11,16,2043,0,169709,33333,0,41,7220,20367250,1,0,0,0,0,0,0,16500,0,0,1,2064,0,0,0,0,0,0,4542,9042,1,50,2,2560,1440,5120,2880,2500,2,2,0,2654,0,1,2702,2702,11623708,0
1710,33753138084,19402375,0,0,1,5120,2880,2393,128,-2648,21738,0,0,0,0,0,-1,50,154042,144497,3,176,0,0,5,186924,0,2,181818,7,10,14,98833,0,175249,51542,0,33,7093,11524375,1,0,0,0,0,0,0,28125,0,0,1,2064,0,0,0,0,0,0,7458,16083,1,50,2,2560,1440,5120,2880,2500,2,2,0,2655,0,1,2703,2703,11836541,0
1711,33773710417,20572333,0,0,1,5120,2880,2393,128,-2648,23309,0,0,0,0,0,-1,60,3333587,231539,15,32792,0,0,5,195380,0,2,181818,7,11,17,145790,0,234792,453875,0,40,7376,6907792,1,0,0,0,0,0,0,34250,0,0,1,2064,0,0,0,0,0,0,8750,18292,1,50,2,2560,1440,5120,2880,2500,2,2,0,2656,0,1,2704,2704,11836541,0
1712,33800309750,26599333,0,0,1,5120,2880,2393,128,-2648,22407,0,0,0,0,0,-1,50,114626,121491,3,176,0,0,5,232144,0,2,181818,7,10,15,1873,0,138708,31708,0,34,7309,20751417,1,0,0,0,0,0,0,14458,0,0,1,2064,0,0,0,0,0,0,3542,8375,1,50,2,2560,1440,5120,2880,2500,2,2,0,2657,0,1,2705,2705,11850083,0
1713,33820620125,20310375,0,0,1,5120,2880,2393,128,-2648,23974,0,0,0,0,0,-1,63,849706,176379,3,176,0,0,5,261656,0,2,181818,7,11,15,138248,0,182249,54584,0,44,7536,10125750,1,0,0,0,0,0,0,31000,0,0,1,2064,0,0,0,0,0,0,7333,18917,1,50,2,2560,1440,5120,2880,2500,2,2,0,2658,0,1,2706,2706,9982999,0
1714,33842236709,21616584,0,0,1,5120,2880,2393,128,-2648,21573,0,0,0,0,0,-1,55,8239625,159877,3,176,0,0,5,282736,0,2,181818,7,10,19,148587,0,151668,40750,0,38,7010,7343209,1,0,0,0,0,0,0,17083,0,0,1,2064,0,0,0,0,0,0,3792,10458,1,50,2,2560,1440,5120,2880,2500,2,2,0,2659,0,1,2707,2707,9982999,0
1715,33868750084,26513375,0,0,1,5120,2880,2393,128,-2648,21298,0,0,0,0,0,-1,54,658457,157172,3,176,0,0,5,288892,0,2,181818,7,10,15,3332,0,183500,31542,0,38,6915,18890209,1,0,0,0,0,0,0,35667,0,0,1,2064,0,0,0,0,0,0,8292,21083,1,50,2,2560,1440,5120,2880,2500,2,2,0,2660,0,1,2708,2708,12423666,0
1716,33888938709,20188625,0,0,1,5120,2880,2393,128,-2648,20744,0,0,0,0,0,-1,65,2544709,186413,7,6092,0,0,5,289432,0,2,181818,7,11,15,152376,0,1759500,154334,0,45,6482,7890458,1,0,0,0,0,0,0,27875,0,0,1,2064,0,0,0,0,0,0,3583,16250,1,50,2,2560,1440,5120,2880,2500,2,2,0,2661,0,1,2709,2709,12421499,0
1717,33908265792,19327083,0,0,1,5120,2880,2393,128,-2648,18786,0,0,0,0,0,-1,55,7381338,140662,3,176,0,0,5,289900,0,2,181818,7,10,19,145084,0,165667,37832,0,38,6081,6189292,1,0,0,0,0,0,0,16041,0,0,1,2064,0,0,0,0,0,0,4333,9083,1,50,2,2560,1440,5120,2880,2500,2,2,0,2662,0,1,2710,2710,12421499,0
1718,33933848709,25582917,0,0,1,5120,2880,2392,129,-2647,18282,0,0,0,0,0,-1,62,669085,156751,3,176,0,0,5,279748,0,2,181818,7,11,16,1709,0,156917,33959,0,44,5636,17993875,1,0,0,0,0,0,0,16083,0,0,1,2064,0,0,0,0,0,0,4125,9041,1,50,2,2560,1440,5120,2880,2500,2,2,0,2663,0,1,2711,2711,12035124,0
1719,33951846875,17998166,0,0,1,5120,2880,2392,129,-2647,16742,0,0,0,0,0,-1,54,149627,151543,14,24704,0,0,5,271000,0,2,181818,7,10,12,54208,0,199748,49126,0,36,5408,11391750,1,0,0,0,0,0,0,26042,0,0,1,2064,0,0,0,0,0,0,5250,16125,1,50,2,2560,1440,5120,2880,2500,2,2,0,2664,0,1,2712,2712,11979500,0
1720,33970038625,18191750,0,0,1,5120,2880,2392,129,-2647,17948,0,0,0,0,0,-1,62,886414,215211,3,176,0,0,5,270892,0,2,181818,7,11,16,149706,0,194541,48416,0,43,5580,8650000,1,0,0,0,0,0,0,34167,0,0,1,2064,0,0,0,0,0,0,7000,20041,1,50,2,2560,1440,5120,2880,2500,2,2,0,2665,0,1,2713,2713,11979500,0
1721,33988276459,18237834,0,0,1,5120,2880,2392,129,-2647,16732,0,0,0,0,0,-1,54,3586833,142077,4,2228,0,0,5,270424,0,2,181818,7,10,19,147500,0,165581,2542875,0,36,5408,8202000,1,0,0,0,0,0,0,34333,0,0,1,2064,0,0,0,0,0,0,7708,19834,1,50,2,2560,1440,5120,2880,2500,2,2,0,2666,0,1,2714,2714,12013791,0
1722,34006911792,18635333,0,0,1,5120,2880,2392,129,-2647,16731,0,0,0,0,0,-1,53,6278460,156959,3,176,0,0,5,269992,0,2,181818,7,10,19,147456,0,172292,51958,0,36,5408,5689125,1,0,0,0,0,0,0,15792,0,0,1,2064,0,0,0,0,0,0,3959,9000,1,50,2,2560,1440,5120,2880,2500,2,2,0,2667,0,1,2715,2715,11700458,0
1723,34033324875,26413083,0,0,1,5120,2880,2392,129,-2647,18397,0,0,0,0,0,-1,62,548373,154289,3,176,0,0,5,269776,0,2,181818,7,11,16,1502,0,152791,28376,0,44,5659,19663250,1,0,0,0,0,0,0,14834,0,0,1,2064,0,0,0,0,0,0,3625,7958,1,50,2,2560,1440,5120,2880,2500,2,2,0,2668,0,1,2716,2716,11620041,0
1724,34051187042,17862167,0,0,1,5120,2880,2392,129,-2647,16731,0,0,0,0,0,-1,53,113878,150796,3,176,0,0,5,269524,0,2,181818,7,10,12,51416,0,167832,48041,0,36,5408,12038250,1,0,0,0,0,0,0,22500,0,0,1,2064,0,0,0,0,0,0,4666,14584,1,50,2,2560,1440,5120,2880,2500,2,2,0,2669,0,1,2717,2717,11647750,0
1725,34069502834,18315792,0,0,1,5120,2880,2392,129,-2647,17945,0,0,0,0,0,-1,62,151417,191577,3,176,0,0,5,268516,0,2,181818,7,11,16,95124,0,196999,62251,0,43,5579,9596250,1,0,0,0,0,0,0,24000,0,0,1,2064,0,0,0,0,0,0,4167,16791,1,50,2,2560,1440,5120,2880,2500,2,2,0,2670,0,1,2718,2718,11865083,0
1726,34087503709,18000875,0,0,1,5120,2880,2392,129,-2647,16736,0,0,0,0,0,-1,53,1133043,229415,3,176,0,0,5,268300,0,2,181818,7,10,15,156580,0,184168,75042,0,36,5407,9047583,1,0,0,0,0,0,0,51708,0,0,1,2064,0,0,0,0,0,0,12125,30792,1,50,2,2560,1440,5120,2880,2500,2,2,0,2671,0,1,2719,2719,11865083,0
1727,34105949167,18445458,0,0,1,5120,2880,2392,129,-2647,16728,0,0,0,0,0,-1,53,4005291,201999,3,176,0,0,5,267976,0,2,181818,7,10,19,158124,0,171292,77793,0,36,5407,7697791,1,0,0,0,0,0,0,34084,0,0,1,2064,0,0,0,0,0,0,8125,16917,1,50,2,2560,1440,5120,2880,2500,2,2,0,2672,0,1,2720,2720,10378208,0
1728,34124959750,19010583,0,0,1,5120,2880,2392,129,-2647,18424,0,0,0,0,0,-1,63,7263623,195286,3,176,0,0,5,268300,0,2,181818,7,11,20,147249,0,6499001,56166,0,44,5666,3669125,1,0,0,0,0,0,0,14208,0,0,1,2064,0,0,0,0,0,0,3250,8875,1,50,2,2560,1440,5120,2880,2500,2,2,0,2673,0,1,2721,2721,11723916,0
1729,34149525042,24565292,0,0,1,5120,2880,2392,129,-2647,11032,0,0,0,0,0,-1,51,436998,142376,3,176,0,0,5,261388,0,2,181818,7,10,15,1666,0,156834,36874,0,35,3511,19694541,1,0,0,0,0,0,0,18583,0,0,1,2064,0,0,0,0,0,0,5292,9458,1,50,2,2560,1440,5120,2880,2500,2,2,0,2674,0,1,2722,2722,11455750,0
1730,34167834084,18309042,0,0,1,5120,2880,2392,129,-2646,12911,0,0,0,0,0,-1,61,142122,170382,3,176,0,0,5,260056,0,2,181818,7,11,13,62500,0,194750,49334,0,42,3893,10909042,1,0,0,0,0,0,0,21292,0,0,1,2064,0,0,0,0,0,0,4667,13500,1,50,2,2560,1440,5120,2880,2500,2,2,0,2675,0,1,2723,2723,11647291,0
1731,34184595834,16761750,0,0,1,5120,2880,2392,129,-2646,11349,0,0,0,0,0,-1,58,123081,167665,9,12644,0,0,5,283780,0,2,181818,7,10,13,55166,0,168292,46750,0,40,3590,10553709,1,0,0,0,0,0,0,27083,0,0,1,2064,0,0,0,0,0,0,6000,15416,1,50,2,2560,1440,5120,2880,2500,2,2,0,2676,0,1,2724,2724,11593166,0
1732,34201413625,16817791,0,0,1,5120,2880,2392,129,-2646,10704,0,0,0,0,0,-1,58,144830,183127,3,176,0,0,5,303184,0,2,181818,7,10,13,68000,0,164500,59291,0,41,3371,10556750,1,0,0,0,0,0,0,30250,0,0,1,2064,0,0,0,0,0,0,6750,16500,1,50,2,2560,1440,5120,2880,2500,2,2,0,2677,0,1,2725,2725,11587333,0
1733,34218004542,16590917,0,0,1,5120,2880,2393,128,-2646,11823,0,0,0,0,0,-1,68,141501,185453,3,176,0,0,5,323344,0,2,181818,7,11,14,55667,0,175958,47582,0,49,3461,8769708,1,0,0,0,0,0,0,26583,0,0,1,2064,0,0,0,0,0,0,6709,13875,1,50,2,2560,1440,5120,2880,2500,2,2,0,2678,0,1,2726,2726,11568750,0
1734,34234111334,16106792,0,0,1,5120,2880,2393,128,-2646,8742,0,0,0,0,0,-1,61,149499,154669,3,176,0,0,5,382348,0,2,181818,7,10,13,56084,0,168542,40166,0,44,2703,10453917,1,0,0,0,0,0,0,24500,0,0,1,2064,0,0,0,0,0,0,4625,14750,1,50,2,2560,1440,5120,2880,2500,2,2,0,2679,0,1,2727,2727,9957541,0
1735,34250462042,16350708,0,0,1,5120,2880,2393,128,-2646,7860,0,0,0,0,0,-1,62,125998,172668,3,176,0,0,5,418132,0,2,181818,7,10,13,52710,0,157167,41707,0,45,2403,11129000,1,0,0,0,0,0,0,17417,0,0,1,2064,0,0,0,0,0,0,4375,9584,1,50,2,2560,1440,5120,2880,2500,2,2,0,2680,0,1,2728,2728,11528833,0
1736,34267314959,16852917,0,0,1,5120,2880,2393,128,-2646,8888,0,0,0,0,0,-1,70,153293,209705,3,176,0,0,5,426448,0,2,181818,7,11,12,1791,0,174416,38041,0,52,2510,9942333,1,0,0,0,0,0,0,43834,0,0,1,2064,0,0,0,0,0,0,8833,24375,1,50,2,2560,1440,5120,2880,2500,2,2,0,2681,0,1,2729,2729,10027999,0
1737,34283730500,16415541,0,0,1,5120,2880,2393,128,-2646,7380,0,0,0,0,0,-1,62,140291,163998,3,176,0,0,5,441388,0,2,181818,7,10,12,53750,0,152375,42165,0,45,2243,11010541,1,0,0,0,0,0,0,26084,0,0,1,2064,0,0,0,0,0,0,5459,15750,1,50,2,2560,1440,5120,2880,2500,2,2,0,2682,0,1,2730,2730,11360166,0
1738,34299943292,16212792,0,0,1,5120,2880,2393,128,-2646,7401,0,0,0,0,0,-1,63,120578,153923,3,176,0,0,5,449128,0,2,181818,7,10,13,57210,0,143543,42124,0,46,2244,11470792,1,0,0,0,0,0,0,17250,0,0,1,2064,0,0,0,0,0,0,3375,10625,1,50,2,2560,1440,5120,2880,2500,2,2,0,2683,0,1,2731,2731,11326250,0
1739,34316763250,16819958,0,0,1,5120,2880,2393,128,-2646,9023,0,0,0,0,0,-1,72,145163,190417,3,176,0,0,5,449128,0,2,181818,7,11,12,2333,0,181126,35792,0,54,2485,10509125,1,0,0,0,0,0,0,14625,0,0,1,2064,0,0,0,0,0,0,2541,9750,1,50,2,2560,1440,5120,2880,2500,2,2,0,2684,0,1,2732,2732,10064041,0
1740,34333149500,16386250,0,0,1,5120,2880,2393,128,-2646,7368,0,0,0,0,0,-1,63,123920,152870,3,176,0,0,5,449128,0,2,181818,7,10,12,59418,0,144500,42041,0,46,2233,11758541,1,0,0,0,0,0,0,17625,0,0,1,2064,0,0,0,0,0,0,2833,9167,1,50,2,2560,1440,5120,2880,2500,2,2,0,2685,0,1,2733,2733,11331749,0
1741,34349996584,16847084,0,0,1,5120,2880,2393,128,-2646,7389,0,0,0,0,0,-1,61,125293,152999,3,176,0,0,5,441388,0,2,181818,7,10,11,791,0,162334,30666,0,45,2248,12140041,1,0,0,0,0,0,0,33500,0,0,1,2064,0,0,0,0,0,0,8500,18834,1,50,2,2560,1440,5120,2880,2500,2,2,0,2686,0,1,2734,2734,9997624,0
1742,34366623667,16627083,0,0,1,5120,2880,2393,128,-2646,8595,0,0,0,0,0,-1,70,151666,190409,3,176,0,0,5,441028,0,2,181818,7,11,11,1249,0,154752,36124,0,52,2420,10601875,1,0,0,0,0,0,0,34917,0,0,1,2064,0,0,0,0,0,0,7417,19916,1,50,2,2560,1440,5120,2880,2500,2,2,0,2687,0,1,2735,2735,11392833,0
1743,34383038125,16414458,0,0,1,5120,2880,2393,128,-2646,7395,0,0,0,0,0,-1,62,112753,144833,3,176,0,0,5,435844,0,2,181818,7,10,12,53456,0,138417,46249,0,45,2248,11845333,1,0,0,0,0,0,0,36250,0,0,1,2064,0,0,0,0,0,0,7292,21625,1,50,2,2560,1440,5120,2880,2500,2,2,0,2688,0,1,2736,2736,11348333,0
1744,34399502084,16463959,0,0,1,5120,2880,2393,128,-2646,7389,0,0,0,0,0,-1,61,110460,134164,3,176,0,0,5,435952,0,2,181818,7,10,11,1086,0,136834,36625,0,45,2248,12236041,1,0,0,0,0,0,0,39500,0,0,1,2064,0,0,0,0,0,0,9709,22167,1,50,2,2560,1440,5120,2880,2500,2,2,0,2689,0,1,2737,2737,10028749,0
1745,34416480959,16978875,0,0,1,5120,2880,2393,128,-2646,8913,0,0,0,0,0,-1,71,135788,182543,3,176,0,0,5,436060,0,2,181818,7,11,11,1168,0,170792,28916,0,53,2474,11181333,1,0,0,0,0,0,0,32917,0,0,1,2064,0,0,0,0,0,0,6500,18084,1,50,2,2560,1440,5120,2880,2500,2,2,0,2690,0,1,2738,2738,11377833,0
1746,34432851542,16370583,0,0,1,5120,2880,2393,128,-2646,7443,0,0,0,0,0,-1,60,103630,129836,3,176,0,0,5,420508,0,2,181818,7,10,10,1249,0,127291,29416,0,44,2273,11983542,1,0,0,0,0,0,0,15041,0,0,1,2064,0,0,0,0,0,0,3250,8458,1,50,2,2560,1440,5120,2880,2500,2,2,0,2691,0,1,2739,2739,9993499,0
1747,34449307334,16455792,0,0,1,5120,2880,2393,128,-2646,7512,0,0,0,0,0,-1,60,102000,123454,3,176,0,0,5,407656,0,2,181818,7,10,10,1000,0,129208,26208,0,44,2296,12408500,1,0,0,0,0,0,0,24917,0,0,1,2064,0,0,0,0,0,0,5166,13500,1,50,2,2560,1440,5120,2880,2500,2,2,0,2692,0,1,2740,2740,11364875,0
1748,34467036584,17729250,0,0,1,5120,2880,2393,128,-2646,8936,0,0,0,0,0,-1,69,145790,191830,3,176,0,0,5,413380,0,2,181818,7,11,11,2083,0,143915,33706,0,51,2523,11404708,1,0,0,0,0,0,0,55417,0,0,1,2064,0,0,0,0,0,0,14375,31125,1,50,2,2560,1440,5120,2880,2500,2,2,0,2693,0,1,2741,2741,9990874,0
1749,34483602959,16566375,0,0,1,5120,2880,2393,128,-2646,7626,0,0,0,0,0,-1,61,131959,168625,3,176,0,0,5,413380,0,2,181818,7,10,12,67042,0,136209,51417,0,44,2331,11408416,1,0,0,0,0,0,0,27583,0,0,1,2064,0,0,0,0,0,0,6958,16042,1,50,2,2560,1440,5120,2880,2500,2,2,0,2694,0,1,2742,2742,11542041,0
1750,34500053750,16450791,0,0,1,5120,2880,2393,128,-2646,7806,0,0,0,0,0,-1,61,109415,145708,3,176,0,0,5,413380,0,2,181818,7,10,13,56415,0,126416,38792,0,44,2391,11593459,1,0,0,0,0,0,0,35208,0,0,1,2064,0,0,0,0,0,0,8416,20667,1,50,2,2560,1440,5120,2880,2500,2,2,0,2695,0,1,2743,2743,11422750,0
1751,34516886167,16832417,0,0,1,5120,2880,2393,128,-2646,9698,0,0,0,0,0,-1,70,138335,174171,3,176,0,0,5,413812,0,2,181818,7,11,12,1752,0,163791,34917,0,52,2712,10513917,1,0,0,0,0,0,0,32875,0,0,1,2064,0,0,0,0,0,0,6125,20166,1,50,2,2560,1440,5120,2880,2500,2,2,0,2696,0,1,2744,2744,10086875,0
1752,34533244375,16358208,0,0,1,5120,2880,2393,128,-2646,7968,0,0,0,0,0,-1,61,103249,132791,3,176,0,0,5,413812,0,2,181818,7,10,12,56000,0,122292,36710,0,44,2445,11689334,1,0,0,0,0,0,0,19167,0,0,1,2064,0,0,0,0,0,0,4708,11625,1,50,2,2560,1440,5120,2880,2500,2,2,0,2697,0,1,2745,2745,11290750,0
1753,34549783542,16539167,0,0,1,5120,2880,2393,128,-2646,8343,0,0,0,0,0,-1,61,112333,132251,3,176,0,0,5,413812,0,2,181818,7,10,13,49916,0,119291,41667,0,44,2570,11984208,1,0,0,0,0,0,0,34167,0,0,1,2064,0,0,0,0,0,0,6125,21750,1,50,2,2560,1440,5120,2880,2500,2,2,0,2698,0,1,2746,2746,9991291,0
1754,34566620750,16837208,0,0,1,5120,2880,2393,128,-2646,9552,0,0,0,0,0,-1,70,132080,173955,3,176,0,0,5,413380,0,2,181818,7,11,14,56582,0,165167,51167,0,51,2742,10868583,1,0,0,0,0,0,0,17667,0,0,1,2064,0,0,0,0,0,0,3375,11125,1,50,2,2560,1440,5120,2880,2500,2,2,0,2699,0,1,2747,2747,11282541,0
1755,34583039834,16419084,0,0,1,5120,2880,2393,128,-2646,8343,0,0,0,0,0,-1,61,116751,117744,3,176,0,0,5,413380,0,2,181818,7,10,13,55208,0,124165,39751,0,44,2570,11962291,1,0,0,0,0,0,0,15834,0,0,1,2064,0,0,0,0,0,0,2750,9291,1,50,2,2560,1440,5120,2880,2500,2,2,0,2700,0,1,2748,2748,11176333,0
1756,34599400000,16360166,0,0,1,5120,2880,2393,128,-2646,8343,0,0,0,0,0,-1,61,104709,124713,3,176,0,0,5,413380,0,2,181818,7,10,13,52209,0,118416,35710,0,44,2570,12381667,1,0,0,0,0,0,0,12750,0,0,1,2064,0,0,0,0,0,0,3000,7625,1,50,2,2560,1440,5120,2880,2500,2,2,0,2701,0,1,2749,2749,11227208,0
1757,34616463834,17063834,0,0,1,5120,2880,2393,128,-2646,9958,0,0,0,0,0,-1,70,136583,169129,3,176,0,0,5,413956,0,2,181818,7,11,12,2457,0,145335,33124,0,52,2814,11459166,1,0,0,0,0,0,0,40458,0,0,1,2064,0,0,0,0,0,0,7167,23542,1,50,2,2560,1440,5120,2880,2500,2,2,0,2702,0,1,2750,2750,11151208,0
1758,34633102917,16639083,0,0,1,5120,2880,2393,128,-2646,8343,0,0,0,0,0,-1,61,106871,129626,3,176,0,0,5,413956,0,2,181818,7,10,12,51376,0,140542,39001,0,44,2570,12218875,1,0,0,0,0,0,0,27708,0,0,1,2064,0,0,0,0,0,0,2334,15584,1,50,2,2560,1440,5120,2880,2500,2,2,0,2703,0,1,2751,2751,9946374,0
1759,34649590834,16487917,0,0,1,5120,2880,2393,128,-2646,8343,0,0,0,0,0,-1,61,109001,131046,3,176,0,0,5,413956,0,2,181818,7,10,13,48874,0,139250,44042,0,44,2570,12311416,1,0,0,0,0,0,0,12000,0,0,1,2064,0,0,0,0,0,0,2125,7625,1,50,2,2560,1440,5120,2880,2500,2,2,0,2704,0,1,2752,2752,11189875,0
1760,34666436084,16845250,0,0,1,5120,2880,2393,128,-2646,9552,0,0,0,0,0,-1,70,126958,181753,3,176,0,0,5,413956,0,2,181818,7,11,14,53544,0,160376,48082,0,51,2742,11217667,1,0,0,0,0,0,0,23958,0,0,1,2064,0,0,0,0,0,0,3333,14292,1,50,2,2560,1440,5120,2880,2500,2,2,0,2705,0,1,2753,2753,9942791,0
1761,34682844542,16408458,0,0,1,5120,2880,2393,128,-2646,8343,0,0,0,0,0,-1,61,103961,131837,3,176,0,0,5,413956,0,2,181818,7,10,13,50456,0,127917,35458,0,44,2570,12269083,1,0,0,0,0,0,0,20250,0,0,1,2064,0,0,0,0,0,0,3166,12625,1,50,2,2560,1440,5120,2880,2500,2,2,0,2706,0,1,2754,2754,11157958,0
1762,34699403917,16559375,0,0,1,5120,2880,2393,128,-2646,8343,0,0,0,0,0,-1,61,115289,134705,3,176,0,0,5,413956,0,2,181818,7,10,13,50586,0,127083,39292,0,44,2570,12662875,1,0,0,0,0,0,0,33500,0,0,1,2064,0,0,0,0,0,0,5833,20917,1,50,2,2560,1440,5120,2880,2500,2,2,0,2707,0,1,2755,2755,11205374,0
1763,34716372500,16968583,0,0,1,5120,2880,2393,128,-2646,9878,0,0,0,0,0,-1,70,133748,170878,3,176,0,0,5,413956,0,2,181818,7,11,12,1333,0,160999,33333,0,52,2798,11390500,1,0,0,0,0,0,0,72292,0,0,1,2064,0,0,0,0,0,0,6750,12833,1,50,2,2560,1440,5120,2880,2500,2,2,0,2708,0,1,2756,2756,11237416,0
1764,34732964500,16592000,0,0,1,5120,2880,2393,128,-2646,8339,0,0,0,0,0,-1,61,105420,126499,3,176,0,0,5,413956,0,2,181818,7,10,11,40669,0,132126,40709,0,44,2570,11952167,1,0,0,0,0,0,0,35916,0,0,1,2064,0,0,0,0,0,0,7667,21500,1,50,2,2560,1440,5120,2880,2500,2,2,0,2709,0,1,2757,2757,11089958,0
1765,34749405292,16440792,0,0,1,5120,2880,2393,128,-2646,8343,0,0,0,0,0,-1,61,103875,128544,3,176,0,0,5,413956,0,2,181818,7,10,13,52417,0,126791,38334,0,44,2570,12502750,1,0,0,0,0,0,0,31334,0,0,1,2064,0,0,0,0,0,0,5000,18375,1,50,2,2560,1440,5120,2880,2500,2,2,0,2710,0,1,2758,2758,9896208,0
1766,34766308959,16903667,0,0,1,5120,2880,2393,128,-2646,9691,0,0,0,0,0,-1,69,119667,163038,3,176,0,0,5,414280,0,2,181818,7,11,12,1834,0,156710,33041,0,51,2767,11524459,1,0,0,0,0,0,0,31708,0,0,1,2064,0,0,0,0,0,0,6042,19916,1,50,2,2560,1440,5120,2880,2500,2,2,0,2711,0,1,2759,2759,11135791,0
1767,34782903417,16594458,0,0,1,5120,2880,2393,128,-2646,8343,0,0,0,0,0,-1,61,102622,138374,3,176,0,0,5,414280,0,2,181818,7,10,12,54417,0,125791,42375,0,44,2570,12377292,1,0,0,0,0,0,0,30167,0,0,1,2064,0,0,0,0,0,0,5750,18083,1,50,2,2560,1440,5120,2880,2500,2,2,0,2712,0,1,2760,2760,9908625,0
1768,34799508125,16604708,0,0,1,5120,2880,2393,128,-2646,8343,0,0,0,0,0,-1,61,104749,139498,3,176,0,0,5,414280,0,2,181818,7,10,13,50584,0,124333,42999,0,44,2570,12577958,1,0,0,0,0,0,0,30500,0,0,1,2064,0,0,0,0,0,0,6375,19083,1,50,2,2560,1440,5120,2880,2500,2,2,0,2713,0,1,2761,2761,11240874,0
1769,34816440959,16932834,0,0,1,5120,2880,2393,128,-2646,9853,0,0,0,0,0,-1,70,129627,161248,3,176,0,0,5,414712,0,2,181818,7,11,12,4417,0,157624,34501,0,52,2793,11055625,1,0,0,0,0,0,0,39083,0,0,1,2064,0,0,0,0,0,0,6542,22083,1,50,2,2560,1440,5120,2880,2500,2,2,0,2714,0,1,2762,2762,11161083,0
1770,34833130667,16689708,0,0,1,5120,2880,2393,128,-2646,8343,0,0,0,0,0,-1,61,110288,135791,3,176,0,0,5,414712,0,2,181818,7,10,12,48207,0,128083,38584,0,44,2570,12236625,1,0,0,0,0,0,0,13708,0,0,1,2064,0,0,0,0,0,0,3167,8458,1,50,2,2560,1440,5120,2880,2500,2,2,0,2715,0,1,2763,2763,11179458,0
1771,34849897584,16766917,0,0,1,5120,2880,2393,128,-2646,8457,0,0,0,0,0,-1,60,106124,127710,3,176,0,0,5,414712,0,2,181818,7,10,11,1000,0,137208,33250,0,44,2610,12182000,1,0,0,0,0,0,0,17750,0,0,1,2064,0,0,0,0,0,0,3666,11417,1,50,2,2560,1440,5120,2880,2500,2,2,0,2716,0,1,2764,2764,11225624,0
1772,34866724084,16826500,0,0,1,5120,2880,2393,128,-2646,9672,0,0,0,0,0,-1,70,118208,157955,3,176,0,0,5,414604,0,2,181818,7,11,13,53291,0,140334,34833,0,51,2782,10802792,1,0,0,0,0,0,0,18667,0,0,1,2064,0,0,0,0,0,0,4125,11209,1,50,2,2560,1440,5120,2880,2500,2,2,0,2717,0,1,2765,2765,10047416,0
1773,34883439250,16715166,0,0,1,5120,2880,2393,128,-2646,8808,0,0,0,0,0,-1,62,103167,132499,3,176,0,0,5,430192,0,2,181818,7,10,13,52626,0,134209,41207,0,45,2719,11732666,1,0,0,0,0,0,0,39583,0,0,1,2064,0,0,0,0,0,0,8708,23875,1,50,2,2560,1440,5120,2880,2500,2,2,0,2718,0,1,2766,2766,11245208,0
1774,34899762542,16323292,0,0,1,5120,2880,2393,128,-2646,8808,0,0,0,0,0,-1,62,109248,149043,3,176,0,0,5,429940,0,2,181818,7,10,13,52372,0,127541,40750,0,45,2719,11820750,1,0,0,0,0,0,0,29625,0,0,1,2064,0,0,0,0,0,0,5375,17291,1,50,2,2560,1440,5120,2880,2500,2,2,0,2719,0,1,2767,2767,10030625,0
1775,34916942334,17179792,0,0,1,5120,2880,2393,128,-2646,11171,0,0,0,0,0,-1,71,137997,172918,3,176,0,0,5,438904,0,2,181818,7,11,12,2167,0,142290,35666,0,53,3189,10494459,1,0,0,0,0,0,0,38458,0,0,1,2064,0,0,0,0,0,0,7292,23000,1,50,2,2560,1440,5120,2880,2500,2,2,0,2720,0,1,2768,2768,11369333,0
1776,34933607500,16665166,0,0,1,5120,2880,2393,128,-2646,9729,0,0,0,0,0,-1,62,106497,124917,3,176,0,0,5,431128,0,2,181818,7,10,12,49876,0,122084,43708,0,45,3026,11592542,1,0,0,0,0,0,0,30833,0,0,1,2064,0,0,0,0,0,0,6458,18917,1,50,2,2560,1440,5120,2880,2500,2,2,0,2721,0,1,2769,2769,11479333,0
1777,34949784417,16176917,0,0,1,5120,2880,2393,128,-2646,9729,0,0,0,0,0,-1,62,118498,139537,3,176,0,0,5,431128,0,2,181818,7,10,13,51665,0,133458,36293,0,45,3026,11824459,1,0,0,0,0,0,0,12500,0,0,1,2064,0,0,0,0,0,0,2250,8375,1,50,2,2560,1440,5120,2880,2500,2,2,0,2722,0,1,2770,2770,10065125,0
1778,34966910792,17126375,0,0,1,5120,2880,2393,128,-2646,10941,0,0,0,0,0,-1,71,132168,152459,3,176,0,0,5,439912,0,2,181818,7,11,14,59126,0,138125,37458,0,52,3199,10971959,1,0,0,0,0,0,0,32708,0,0,1,2064,0,0,0,0,0,0,5750,20333,1,50,2,2560,1440,5120,2880,2500,2,2,0,2723,0,1,2771,2771,11499750,0
1779,34983087250,16176458,0,0,1,5120,2880,2393,128,-2646,9732,0,0,0,0,0,-1,62,120545,151873,3,176,0,0,5,481348,0,2,181818,7,10,13,52540,0,139250,35999,0,45,3027,11781084,1,0,0,0,0,0,0,14500,0,0,1,2064,0,0,0,0,0,0,2750,9417,1,50,2,2560,1440,5120,2880,2500,2,2,0,2724,0,1,2772,2772,9966458,0
1780,34999988459,16901209,0,0,1,5120,2880,2393,128,-2646,9753,0,0,0,0,0,-1,63,109078,154252,3,176,0,0,5,495424,0,2,181818,7,10,13,60375,0,124875,39542,0,46,3028,12348625,1,0,0,0,0,0,0,26666,0,0,1,2064,0,0,0,0,0,0,4209,16750,1,50,2,2560,1440,5120,2880,2500,2,2,0,2725,0,1,2773,2773,11596208,0
1781,35017312209,17323750,0,0,1,5120,2880,2393,128,-2646,11314,0,0,0,0,0,-1,73,145873,178248,3,176,0,0,5,504460,0,2,181818,7,11,14,52168,0,169083,49333,0,54,3260,10669167,1,0,0,0,0,0,0,16458,0,0,1,2064,0,0,0,0,0,0,3500,9417,1,50,2,2560,1440,5120,2880,2500,2,2,0,2726,0,1,2774,2774,11705833,0
1782,35033445292,16133083,0,0,1,5120,2880,2393,128,-2646,9753,0,0,0,0,0,-1,63,122958,135418,3,176,0,0,5,504568,0,2,181818,7,10,13,52832,0,134832,37583,0,46,3028,11396042,1,0,0,0,0,0,0,22959,0,0,1,2064,0,0,0,0,0,0,4666,14292,1,50,2,2560,1440,5120,2880,2500,2,2,0,2727,0,1,2775,2775,10186625,0
1783,35049881500,16436208,0,0,1,5120,2880,2393,128,-2646,9753,0,0,0,0,0,-1,63,130538,139123,3,176,0,0,5,514936,0,2,181818,7,10,13,52457,0,140458,36916,0,46,3028,12004375,1,0,0,0,0,0,0,19000,0,0,1,2064,0,0,0,0,0,0,4000,11167,1,50,2,2560,1440,5120,2880,2500,2,2,0,2728,0,1,2776,2776,11837166,0
1784,35067095875,17214375,0,0,1,5120,2880,2392,128,-2647,11072,0,0,0,0,0,-1,72,133082,173537,3,176,0,0,5,515368,0,2,181818,7,11,14,53378,0,144625,51125,0,53,3220,8523875,1,0,0,0,0,0,0,22625,0,0,1,2064,0,0,0,0,0,0,3917,14542,1,50,2,2560,1440,5120,2880,2500,2,2,0,2729,0,1,2777,2777,10217000,0
1785,35083499334,16403459,0,0,1,5120,2880,2392,128,-2647,9753,0,0,0,0,0,-1,63,144542,133959,3,176,0,0,5,515368,0,2,181818,7,10,13,49085,0,126584,40999,0,46,3028,11530084,1,0,0,0,0,0,0,22166,0,0,1,2064,0,0,0,0,0,0,3833,14375,1,50,2,2560,1440,5120,2880,2500,2,2,0,2730,0,1,2778,2778,11875124,0
1786,35100451667,16952333,0,0,1,5120,2880,2392,128,-2647,9753,0,0,0,0,0,-1,63,144585,154751,3,176,0,0,5,515368,0,2,181818,7,10,13,52583,0,118957,44918,0,46,3028,11929917,1,0,0,0,0,0,0,17958,0,0,1,2064,0,0,0,0,0,0,3250,12000,1,50,2,2560,1440,5120,2880,2500,2,2,0,2731,0,1,2779,2779,11954958,0
1787,35117283875,16832208,0,0,1,5120,2880,2392,128,-2647,11312,0,0,0,0,0,-1,74,155963,179048,16,22244,0,0,5,515152,0,2,181818,7,11,14,46999,0,174084,44001,0,54,3257,10268542,1,0,0,0,0,0,0,25083,0,0,1,2064,0,0,0,0,0,0,3959,16125,1,50,2,2560,1440,5120,2880,2500,2,2,0,2732,0,1,2780,2780,10287416,0
1788,35133614292,16330417,0,0,1,5120,2880,2392,128,-2647,9753,0,0,0,0,0,-1,63,124451,147420,3,176,0,0,5,515152,0,2,181818,7,10,13,49792,0,153958,36041,0,46,3028,11533584,1,0,0,0,0,0,0,23000,0,0,1,2064,0,0,0,0,0,0,4875,13667,1,50,2,2560,1440,5120,2880,2500,2,2,0,2733,0,1,2781,2781,11921750,0
1789,35150509250,16894958,0,0,1,5120,2880,2392,128,-2647,9753,0,0,0,0,0,-1,63,131085,161835,3,176,0,0,5,515152,0,2,181818,7,10,13,50669,0,159042,38667,0,46,3028,11648125,1,0,0,0,0,0,0,19250,0,0,1,2064,0,0,0,0,0,0,2750,12125,1,50,2,2560,1440,5120,2880,2500,2,2,0,2734,0,1,2782,2782,12046124,0
1790,35167476417,16967167,0,0,1,5120,2880,2392,129,-2647,10962,0,0,0,0,0,-1,72,162874,183794,3,176,0,0,5,515368,0,2,181818,7,11,14,52999,0,179332,35499,0,53,3200,9744875,1,0,0,0,0,0,0,27042,0,0,1,2064,0,0,0,0,0,0,5916,15750,1,50,2,2560,1440,5120,2880,2500,2,2,0,2735,0,1,2783,2783,10512166,0
1791,35183534375,16057958,0,0,1,5120,2880,2392,129,-2647,9761,0,0,0,0,0,-1,63,148920,142373,3,176,0,0,5,515368,0,2,181818,7,10,15,134875,0,140583,59373,0,46,3028,11195167,1,0,0,0,0,0,0,22542,0,0,1,2064,0,0,0,0,0,0,3542,14750,1,50,2,2560,1440,5120,2880,2500,2,2,0,2736,0,1,2784,2784,11939291,0
1792,35200237459,16703084,0,0,1,5120,2880,2392,129,-2647,9753,0,0,0,0,0,-1,63,934489,132878,3,176,0,0,5,515368,0,2,181818,7,10,19,153666,0,140500,47916,0,46,3028,11485917,1,0,0,0,0,0,0,22791,0,0,1,2064,0,0,0,0,0,0,4041,13417,1,50,2,2560,1440,5120,2880,2500,2,2,0,2737,0,1,2785,2785,10314874,0
1793,35217508917,17271458,0,0,1,5120,2880,2392,129,-2647,11399,0,0,0,0,0,-1,73,926749,180959,3,176,0,0,5,516160,0,2,181818,7,11,18,38417,0,168793,43626,0,54,3275,9972917,1,0,0,0,0,0,0,23375,0,0,1,2064,0,0,0,0,0,0,4041,14500,1,50,2,2560,1440,5120,2880,2500,2,2,0,2738,0,1,2786,2786,12098333,0
1794,35233849500,16340583,0,0,1,5120,2880,2392,129,-2647,9761,0,0,0,0,0,-1,63,753211,139081,3,176,0,0,5,516052,0,2,181818,7,10,15,135042,0,135374,45333,0,46,3028,11260542,1,0,0,0,0,0,0,18375,0,0,1,2064,0,0,0,0,0,0,3208,11917,1,50,2,2560,1440,5120,2880,2500,2,2,0,2739,0,1,2787,2787,11954374,0
1795,35250528917,16679417,0,0,1,5120,2880,2392,129,-2647,9753,0,0,0,0,0,-1,63,1517919,150706,3,176,0,0,5,515836,0,2,181818,7,10,19,139747,0,145042,40917,0,46,3028,11156334,1,0,0,0,0,0,0,15750,0,0,1,2064,0,0,0,0,0,0,2542,10333,1,50,2,2560,1440,5120,2880,2500,2,2,0,2740,0,1,2788,2788,10268500,0
1796,35267406167,16877250,0,0,1,5120,2880,2392,129,-2648,11007,0,0,0,0,0,-1,72,531374,184961,3,176,0,0,5,505144,0,2,181818,7,11,18,49834,0,161459,68168,0,53,3205,9813375,1,0,0,0,0,0,0,22916,0,0,1,2064,0,0,0,0,0,0,5125,14000,1,50,2,2560,1440,5120,2880,2500,2,2,0,2741,0,1,2789,2789,11868125,0
1797,35283823125,16416958,0,0,1,5120,2880,2392,129,-2648,9761,0,0,0,0,0,-1,63,158164,165293,3,176,0,0,5,505144,0,2,181818,7,10,15,80748,0,147627,51123,0,46,3028,11126125,1,0,0,0,0,0,0,22666,0,0,1,2064,0,0,0,0,0,0,3542,15625,1,50,2,2560,1440,5120,2880,2500,2,2,0,2742,0,1,2790,2790,11695875,0
1798,35300390084,16566959,0,0,1,5120,2880,2392,129,-2648,9761,0,0,0,0,0,-1,63,355875,154627,3,176,0,0,5,496108,0,2,181818,7,10,15,83625,0,140667,42291,0,46,3028,10809792,1,0,0,0,0,0,0,24041,0,0,1,2064,0,0,0,0,0,0,4167,15209,1,50,2,2560,1440,5120,2880,2500,2,2,0,2743,0,1,2791,2791,10275374,0
1799,35317823250,17433166,0,0,1,5120,2880,2392,129,-2648,12709,0,0,0,0,0,-1,73,244962,195914,3,176,0,0,5,447040,0,2,181818,7,11,14,45876,0,148832,46042,0,54,3707,10009083,1,0,0,0,0,0,0,23458,0,0,1,2064,0,0,0,0,0,0,4500,14333,1,50,2,2560,1440,5120,2880,2500,2,2,0,2744,0,1,2792,2792,11808499,0
1800,35334175209,16351959,0,0,1,5120,2880,2392,129,-2648,9918,0,0,0,0,0,-1,63,132792,155421,3,176,0,0,5,431884,0,2,181818,7,10,13,52792,0,158582,35458,0,46,3083,10677875,1,0,0,0,0,0,0,25542,0,0,1,2064,0,0,0,0,0,0,4958,15625,1,50,2,2560,1440,5120,2880,2500,2,2,0,2745,0,1,2793,2793,10143500,0
1801,35350515250,16340041,0,0,1,5120,2880,2392,129,-2648,9081,0,0,0,0,0,-1,63,137041,145123,3,176,0,0,5,444520,0,2,181818,7,10,13,50502,0,139542,41916,0,46,2804,11086791,1,0,0,0,0,0,0,26000,0,0,1,2064,0,0,0,0,0,0,5417,15291,1,50,2,2560,1440,5120,2880,2500,2,2,0,2746,0,1,2794,2794,11517625,0
1802,35367159000,16643750,0,0,1,5120,2880,2392,129,-2648,10415,0,0,0,0,0,-1,71,122332,156996,3,176,0,0,5,434764,0,2,181818,7,11,14,60040,0,144416,35293,0,52,3007,10178583,1,0,0,0,0,0,0,14375,0,0,1,2064,0,0,0,0,0,0,3291,8334,1,50,2,2560,1440,5120,2880,2500,2,2,0,2747,0,1,2795,2795,11619791,0
1803,35383883084,16724084,0,0,1,5120,2880,2392,129,-2648,10335,0,0,0,0,0,-1,62,111294,139377,3,176,0,0,5,414640,0,2,181818,7,10,13,55873,0,130042,41250,0,45,3228,11339666,1,0,0,0,0,0,0,31959,0,0,1,2064,0,0,0,0,0,0,6000,18583,1,50,2,2560,1440,5120,2880,2500,2,2,0,2748,0,1,2796,2796,10099750,0
1804,35403969792,20086708,0,0,1,5120,2880,2392,129,-2648,12072,0,0,1,5,0,-1,60,128665,131834,3,176,0,0,5,343288,0,2,181818,7,10,11,1168,0,132498,30710,0,44,3815,11420916,1,0,0,0,0,0,0,13417,0,0,1,2064,0,0,0,0,0,0,3292,7833,1,50,2,2560,1440,5120,2880,2500,2,2,0,2749,0,1,2797,2797,11749375,0
1805,35420145709,16175917,0,0,1,5120,2880,2392,129,-2648,14458,0,0,0,0,0,-1,66,1713916,178208,3,176,0,0,5,283960,0,2,181818,7,11,15,116206,0,182834,62791,0,47,4347,6728792,1,0,0,0,0,0,0,27708,0,0,1,2064,0,0,0,0,0,0,5166,17250,1,50,2,2560,1440,5120,2880,2500,2,2,0,2750,0,1,2798,2798,10236874,0
1806,35436517792,16372083,0,0,1,5120,2880,2392,129,-2648,12525,0,0,0,0,0,-1,54,2142128,140413,3,176,0,0,5,271684,0,2,181818,7,10,17,141915,0,169749,1611791,0,37,4000,8222375,1,0,0,0,0,0,0,29417,0,0,1,2064,0,0,0,0,0,0,5917,18917,1,50,2,2560,1440,5120,2880,2500,2,2,0,2751,0,1,2799,2799,10236874,0
1807,35453553417,17035625,0,0,1,5120,2880,2392,129,-2648,12654,0,0,0,0,0,-1,52,3184128,131959,3,176,0,0,5,262288,0,2,181818,7,10,19,134957,0,149835,63707,0,35,4055,7948958,1,0,0,0,0,0,0,26833,0,0,1,2064,0,0,0,0,0,0,6250,16958,1,50,2,2560,1440,5120,2880,2500,2,2,0,2752,0,1,2800,2800,11821666,0
1808,35471562542,18009125,0,0,1,5120,2880,2392,128,-2648,14483,0,0,0,0,0,-1,61,3442755,203209,3,176,0,0,5,219160,0,2,181818,7,11,20,145540,0,184500,2327499,0,42,4434,6336583,1,0,0,0,0,0,0,13917,0,0,1,2064,0,0,0,0,0,0,2875,9042,1,50,2,2560,1440,5120,2880,2500,2,2,0,2753,0,1,2801,2801,11864750,0
1809,35486493834,14931292,0,0,1,5120,2880,2392,128,-2648,13184,0,0,0,0,0,-1,52,2180205,156123,3,176,0,0,5,235612,0,2,181818,7,10,19,147000,0,165624,48166,0,35,4232,6627541,1,0,0,0,0,0,0,38541,0,0,1,2064,0,0,0,0,0,0,8083,25459,1,50,2,2560,1440,5120,2880,2500,2,2,0,2754,0,1,2802,2802,12042250,0
1810,35503450417,16956583,0,0,1,5120,2880,2392,128,-2648,13313,0,0,0,0,0,-1,54,2450463,145457,3,176,0,0,5,291160,0,2,181818,7,10,19,136497,0,150165,1806957,0,37,4265,8557042,1,0,0,0,0,0,0,20083,0,0,1,2064,0,0,0,0,0,0,2542,13083,1,50,2,2560,1440,5120,2880,2500,2,2,0,2755,0,1,2803,2803,9818624,0
1811,35521758209,18307792,0,0,1,5120,2880,2393,128,-2648,15164,0,0,0,0,0,-1,64,3354961,206166,3,176,0,0,5,352396,0,2,181818,7,11,20,143206,0,174167,58917,0,45,4576,6414000,1,0,0,0,0,0,0,28917,0,0,1,2064,0,0,0,0,0,0,6375,16083,1,50,2,2560,1440,5120,2880,2500,2,2,0,2756,0,1,2804,2804,11614499,0
1812,35537979500,16221291,0,0,1,5120,2880,2393,128,-2648,13477,0,0,0,0,0,-1,54,3530166,152869,3,176,0,0,5,352396,0,2,181818,7,10,19,193584,0,143040,2895459,0,37,4320,6857708,1,0,0,0,0,0,0,29917,0,0,1,2064,0,0,0,0,0,0,5625,19292,1,50,2,2560,1440,5120,2880,2500,2,2,0,2757,0,1,2805,2805,11614499,0
1813,35554866042,16886542,0,0,1,5120,2880,2393,128,-2648,13477,0,0,0,0,0,-1,54,4781292,141214,3,176,0,0,5,352396,0,2,181818,7,10,19,135000,0,139291,3649210,0,37,4320,6445042,1,0,0,0,0,0,0,30458,0,0,1,2064,0,0,0,0,0,0,5708,18000,1,50,2,2560,1440,5120,2880,2500,2,2,0,2758,0,1,2806,2806,11463625,0
1814,35572591375,17725333,0,0,1,5120,2880,2393,128,-2649,14686,0,0,0,0,0,-1,63,4850836,197832,3,176,0,0,5,352144,0,2,181818,7,11,20,138834,0,3559582,46793,0,44,4492,4970000,1,0,0,0,0,0,0,31958,0,0,1,2064,0,0,0,0,0,0,5333,19875,1,50,2,2560,1440,5120,2880,2500,2,2,0,2759,0,1,2807,2807,11547499,0
1815,35589173084,16581709,0,0,1,5120,2880,2393,128,-2649,13485,0,0,0,0,0,-1,55,4950205,199501,11,15404,0,0,5,352144,0,2,181818,7,10,19,148502,0,211124,68624,0,37,4320,5616459,1,0,0,0,0,0,0,27750,0,0,1,2064,0,0,0,0,0,0,4875,16666,1,50,2,2560,1440,5120,2880,2500,2,2,0,2760,0,1,2808,2808,11582833,0
1816,35616188250,27015166,0,0,1,5120,2880,2393,128,-2649,14093,0,0,0,0,0,-1,53,610663,136170,3,176,0,0,5,352144,0,2,181818,7,10,15,1459,0,135126,30999,0,37,4522,22206375,1,0,0,0,0,0,0,14083,0,0,1,2064,0,0,0,0,0,0,3500,7709,1,50,2,2560,1440,5120,2880,2500,2,2,0,2761,0,1,2809,2809,11396125,0
1817,35633822167,17633917,0,0,1,5120,2880,2393,128,-2649,15599,0,0,0,0,0,-1,64,120375,139418,3,176,0,0,5,352288,0,2,181818,7,11,13,46375,0,130334,47626,0,45,4745,11285583,1,0,0,0,0,0,0,13166,0,0,1,2064,0,0,0,0,0,0,2375,8708,1,50,2,2560,1440,5120,2880,2500,2,2,0,2762,0,1,2810,2810,11348250,0
1818,35650604792,16782625,0,0,1,5120,2880,2393,128,-2649,14083,0,0,0,0,0,-1,54,107834,133081,3,176,0,0,5,352288,0,2,181818,7,10,13,53669,0,170417,40708,0,37,4522,11641208,1,0,0,0,0,0,0,21291,0,0,1,2064,0,0,0,0,0,0,2959,14333,1,50,2,2560,1440,5120,2880,2500,2,2,0,2763,0,1,2811,2811,11326499,0
1819,35667893250,17288458,0,0,1,5120,2880,2393,128,-2649,15402,0,0,0,0,0,-1,63,135417,168626,3,176,0,0,5,352144,0,2,181818,7,11,14,43085,0,186791,40000,0,44,4714,10213542,1,0,0,0,0,0,0,25666,0,0,1,2064,0,0,0,0,0,0,4625,16459,1,50,2,2560,1440,5120,2880,2500,2,2,0,2764,0,1,2812,2812,11462124,0
1820,35684244125,16350875,0,0,1,5120,2880,2393,128,-2649,14091,0,0,0,0,0,-1,54,144751,131087,3,176,0,0,5,352144,0,2,181818,7,10,15,144586,0,151748,44625,0,37,4522,10897584,1,0,0,0,0,0,0,22083,0,0,1,2064,0,0,0,0,0,0,4125,14416,1,50,2,2560,1440,5120,2880,2500,2,2,0,2765,0,1,2813,2813,10092166,0
1821,35700925875,16681750,0,0,1,5120,2880,2393,128,-2649,14083,0,0,0,0,0,-1,54,415958,138793,3,176,0,0,5,352144,0,2,181818,7,10,19,145375,0,150084,50917,0,37,4522,11193250,1,0,0,0,0,0,0,27333,0,0,1,2064,0,0,0,0,0,0,6666,15584,1,50,2,2560,1440,5120,2880,2500,2,2,0,2766,0,1,2814,2814,11530249,0
1822,35719093792,18167917,0,0,1,5120,2880,2393,128,-2649,15784,0,0,0,0,0,-1,64,1872627,159416,3,176,0,0,5,352288,0,2,181818,7,11,20,137832,0,178958,48542,0,45,4782,8972125,1,0,0,0,0,0,0,27875,0,0,1,2064,0,0,0,0,0,0,6083,16250,1,50,2,2560,1440,5120,2880,2500,2,2,0,2767,0,1,2815,2815,11531875,0
1823,35735561125,16467333,0,0,1,5120,2880,2393,128,-2649,14083,0,0,0,0,0,-1,54,1725335,133369,3,176,0,0,5,352288,0,2,181818,7,10,19,140042,0,146417,1060667,0,37,4522,9634959,1,0,0,0,0,0,0,28167,0,0,1,2064,0,0,0,0,0,0,5250,17250,1,50,2,2560,1440,5120,2880,2500,2,2,0,2768,0,1,2816,2816,11531875,0
1824,35752766084,17204959,0,0,1,5120,2880,2393,128,-2649,14083,0,0,0,0,0,-1,54,2795000,138544,3,176,0,0,5,352288,0,2,181818,7,10,19,151001,0,160374,1661082,0,37,4522,9312750,1,0,0,0,0,0,0,25583,0,0,1,2064,0,0,0,0,0,0,4708,15667,1,50,2,2560,1440,5120,2880,2500,2,2,0,2769,0,1,2817,2817,11447875,0
1825,35770646875,17880791,0,0,1,5120,2880,2393,128,-2649,15327,0,0,0,0,0,-1,63,2969501,199084,3,176,0,0,5,352612,0,2,181818,7,11,20,148208,0,1689207,53166,0,44,4699,7106875,1,0,0,0,0,0,0,31583,0,0,1,2064,0,0,0,0,0,0,5292,20583,1,50,2,2560,1440,5120,2880,2500,2,2,0,2770,0,1,2818,2818,9977916,0
1826,35787637250,16990375,0,0,1,5120,2880,2393,128,-2649,14083,0,0,0,0,0,-1,54,3496957,146080,3,176,0,0,5,352612,0,2,181818,7,10,19,144750,0,151708,2466250,0,37,4522,7391833,1,0,0,0,0,0,0,23208,0,0,1,2064,0,0,0,0,0,0,4958,14209,1,50,2,2560,1440,5120,2880,2500,2,2,0,2771,0,1,2819,2819,11576583,0
1827,35805027584,17390334,0,0,1,5120,2880,2393,128,-2649,14083,0,0,0,0,0,-1,54,4407460,146543,3,176,0,0,5,352612,0,2,181818,7,10,19,144792,0,150209,3159416,0,37,4522,6994208,1,0,0,0,0,0,0,30708,0,0,1,2064,0,0,0,0,0,0,5167,19042,1,50,2,2560,1440,5120,2880,2500,2,2,0,2772,0,1,2820,2820,9999500,0
1828,35823546834,18519250,0,0,1,5120,2880,2393,128,-2649,16013,0,0,0,0,0,-1,64,5104036,190790,3,176,0,0,5,353152,0,2,181818,7,11,20,153248,0,175582,60416,0,45,4869,4612000,1,0,0,0,0,0,0,34292,0,0,1,2064,0,0,0,0,0,0,6292,21500,1,50,2,2560,1440,5120,2880,2500,2,2,0,2773,0,1,2821,2821,10214958,0
1829,35839987125,16440291,0,0,1,5120,2880,2393,128,-2649,14392,0,0,0,0,0,-1,54,6029374,165540,3,176,0,0,5,353152,0,2,181818,7,10,19,153872,0,154374,5383167,0,37,4625,4899541,1,0,0,0,0,0,0,14334,0,0,1,2064,0,0,0,0,0,0,2958,9167,1,50,2,2560,1440,5120,2880,2500,2,2,0,2774,0,1,2822,2822,10214958,0
1830,35866183792,26196667,0,0,1,5120,2880,2393,128,-2649,14402,0,0,0,0,0,-1,53,681627,150456,3,176,0,0,5,353152,0,2,181818,7,10,15,1334,0,155501,32707,0,37,4625,21078708,1,0,0,0,0,0,0,13791,0,0,1,2064,0,0,0,0,0,0,3458,8875,1,50,2,2560,1440,5120,2880,2500,2,2,0,2775,0,1,2823,2823,9981750,0
1831,35884167250,17983458,0,0,1,5120,2880,2393,128,-2649,15601,0,0,0,0,0,-1,63,130329,159960,3,176,0,0,5,352612,0,2,181818,7,11,13,55086,0,154542,46792,0,44,4797,11001333,1,0,0,0,0,0,0,15667,0,0,1,2064,0,0,0,0,0,0,3083,10000,1,50,2,2560,1440,5120,2880,2500,2,2,0,2776,0,1,2824,2824,11421000,0
1832,35901198500,17031250,0,0,1,5120,2880,2393,128,-2649,14392,0,0,0,0,0,-1,54,112663,152461,3,176,0,0,5,352612,0,2,181818,7,10,13,52999,0,166500,45459,0,37,4625,11184250,1,0,0,0,0,0,0,24583,0,0,1,2064,0,0,0,0,0,0,5208,13833,1,50,2,2560,1440,5120,2880,2500,2,2,0,2777,0,1,2825,2825,9967749,0
1833,35918981125,17782625,0,0,1,5120,2880,2393,128,-2649,15943,0,0,0,0,0,-1,64,186878,223797,3,176,0,0,5,352144,0,2,181818,7,11,14,52289,0,244500,48458,0,45,4855,9483916,1,0,0,0,0,0,0,27792,0,0,1,2064,0,0,0,0,0,0,7083,15667,1,50,2,2560,1440,5120,2880,2500,2,2,0,2778,0,1,2826,2826,11722041,0
1834,35935574459,16593334,0,0,1,5120,2880,2393,128,-2649,15828,0,0,0,0,0,-1,54,159209,159664,3,176,0,0,5,332236,0,2,181818,7,10,15,143416,0,155875,67292,0,37,5101,9155334,1,0,0,0,0,0,0,30167,0,0,1,2064,0,0,0,0,0,0,7166,15958,1,50,2,2560,1440,5120,2880,2500,2,2,0,2779,0,1,2827,2827,10188999,0
1835,35953326875,17752416,0,0,1,5120,2880,2393,128,-2649,16885,0,0,0,0,0,-1,54,1406249,193588,3,176,0,0,5,332020,0,2,181818,7,10,19,140207,0,136669,284208,0,37,5456,9087500,1,0,0,0,0,0,0,31250,0,0,1,2064,0,0,0,0,0,0,9167,17000,1,50,2,2560,1440,5120,2880,2500,2,2,0,2780,0,1,2828,2828,10188999,0
1836,35972319750,18992875,0,0,1,5120,2880,2393,128,-2649,19315,0,0,0,0,0,-1,63,2877623,206297,3,176,0,0,5,300124,0,2,181818,7,11,20,144501,0,1738666,54790,0,44,6018,6488625,1,0,0,0,0,0,0,24333,0,0,1,2064,0,0,0,0,0,0,5834,15084,1,50,2,2560,1440,5120,2880,2500,2,2,0,2781,0,1,2829,2829,11734249,0
1837,35990562417,18242667,0,0,1,5120,2880,2393,128,-2649,18785,0,0,0,0,0,-1,52,6433752,146341,3,176,0,0,5,242632,0,2,181818,7,10,19,131085,0,145833,66833,0,35,6099,5669042,1,0,0,0,0,0,0,16292,0,0,1,2064,0,0,0,0,0,0,4375,9959,1,50,2,2560,1440,5120,2880,2500,2,2,0,2782,0,1,2830,2830,10137375,0
1838,36016711375,26148958,0,0,1,5120,2880,2393,128,-2649,19239,0,0,0,0,0,-1,51,117130,131623,3,176,0,0,5,235612,0,2,181818,7,10,15,1123,0,137458,31000,0,35,6247,21109375,1,0,0,0,0,0,0,17125,0,0,1,2064,0,0,0,0,0,0,4042,9750,1,50,2,2560,1440,5120,2880,2500,2,2,0,2783,0,1,2831,2831,9781125,0
1839,36035365209,18653834,0,0,1,5120,2880,2393,128,-2649,20729,0,0,0,0,0,-1,62,112165,155544,3,176,0,0,5,211852,0,2,181818,7,11,13,52751,0,182582,35125,0,43,6460,10416417,1,0,0,0,0,0,0,20750,0,0,1,2064,0,0,0,0,0,0,3542,12708,1,50,2,2560,1440,5120,2880,2500,2,2,0,2784,0,1,2832,2832,11702499,0
1840,36053668459,18303250,0,0,1,5120,2880,2393,128,-2649,19273,0,0,0,0,0,-1,52,1447289,136079,3,176,0,0,5,211852,0,2,181818,7,10,15,146541,0,148249,47207,0,35,6259,9971958,1,0,0,0,0,0,0,28083,0,0,1,2064,0,0,0,0,0,0,3667,18666,1,50,2,2560,1440,5120,2880,2500,2,2,0,2785,0,1,2833,2833,11702499,0
1841,36073842292,20173833,0,0,1,5120,2880,2393,128,-2649,20510,0,0,0,0,0,-1,60,4694830,188289,3,176,0,0,5,202576,0,2,181818,7,11,20,139125,0,186790,507042,0,41,6449,6193750,1,0,0,0,0,0,0,28625,0,0,1,2064,0,0,0,0,0,0,8083,14250,1,50,2,2560,1440,5120,2880,2500,2,2,0,2786,0,1,2834,2834,9886249,0
1842,36100462959,26620667,0,0,1,5120,2880,2393,128,-2649,19470,0,0,0,0,0,-1,50,114831,121166,3,176,0,0,5,202576,0,2,181818,7,10,15,2039,0,144333,32917,0,34,6330,21028042,1,0,0,0,0,0,0,16042,0,0,1,2064,0,0,0,0,0,0,3583,9583,1,50,2,2560,1440,5120,2880,2500,2,2,0,2787,0,1,2835,2835,9930666,0
1843,36119775917,19312958,0,0,1,5120,2880,2393,128,-2649,21294,0,0,0,0,0,-1,61,132251,183041,3,176,0,0,5,202912,0,2,181818,7,11,13,50374,0,216583,52001,0,42,6621,10212791,1,0,0,0,0,0,0,29750,0,0,1,2064,0,0,0,0,0,0,6667,17166,1,50,2,2560,1440,5120,2880,2500,2,2,0,2788,0,1,2836,2836,11961999,0
1844,36138223709,18447792,0,0,1,5120,2880,2393,128,-2649,19510,0,0,0,0,0,-1,51,1909580,156417,3,176,0,0,5,195884,0,2,181818,7,10,15,135502,0,162458,1250917,0,34,6344,8403959,1,0,0,0,0,0,0,21042,0,0,1,2064,0,0,0,0,0,0,6542,11250,1,50,2,2560,1440,5120,2880,2500,2,2,0,2789,0,1,2837,2837,11961999,0
1845,36157709375,19485666,0,0,1,5120,2880,2393,128,-2649,19502,0,0,0,0,0,-1,51,7258167,137754,3,176,0,0,5,195996,0,2,181818,7,10,19,138166,0,149918,6540959,0,34,6344,6773792,1,0,0,0,0,0,0,13834,0,0,1,2064,0,0,0,0,0,0,2958,8583,1,50,2,2560,1440,5120,2880,2500,2,2,0,2790,0,1,2838,2838,9934291,0
1846,36183874834,26165459,0,0,1,5120,2880,2393,128,-2649,20730,0,0,0,0,0,-1,59,247417,152081,3,176,0,0,5,196108,0,2,181818,7,11,16,1123,0,161708,33540,0,41,6519,18733959,1,0,0,0,0,0,0,15334,0,0,1,2064,0,0,0,0,0,0,3958,8500,1,50,2,2560,1440,5120,2880,2500,2,2,0,2791,0,1,2839,2839,9673791,0
1847,36202116417,18241583,0,0,1,5120,2880,2393,128,-2649,19519,0,0,0,0,0,-1,51,151501,157290,3,176,0,0,5,203668,0,2,181818,7,10,14,141167,0,176625,45415,0,34,6347,11362750,1,0,0,0,0,0,0,20833,0,0,1,2064,0,0,0,0,0,0,3792,13041,1,50,2,2560,1440,5120,2880,2500,2,2,0,2792,0,1,2840,2840,11755749,0
1848,36221728459,19612042,0,0,1,5120,2880,2393,128,-2648,21035,0,0,0,0,0,-1,61,2366584,183252,3,176,0,0,5,203668,0,2,181818,7,11,20,146127,0,163667,1491500,0,42,6572,8095791,1,0,0,0,0,0,0,23667,0,0,1,2064,0,0,0,0,0,0,5375,13625,1,50,2,2560,1440,5120,2880,2500,2,2,0,2793,0,1,2841,2841,11755749,0
1849,36241031875,19303416,0,0,1,5120,2880,2393,128,-2648,19514,0,0,0,0,0,-1,51,7365078,149208,3,176,0,0,5,203780,0,2,181818,7,10,19,138124,0,147585,6215501,0,34,6348,6246875,1,0,0,0,0,0,0,17000,0,0,1,2064,0,0,0,0,0,0,4208,9083,1,50,2,2560,1440,5120,2880,2500,2,2,0,2794,0,1,2842,2842,9987916,0
1850,36267064292,26032417,0,0,1,5120,2880,2393,128,-2648,19524,0,0,0,0,0,-1,50,110839,127544,3,176,0,0,5,215988,0,2,181818,7,10,15,1625,0,148709,32209,0,34,6348,20770500,1,0,0,0,0,0,0,17041,0,0,1,2064,0,0,0,0,0,0,4917,9166,1,50,2,2560,1440,5120,2880,2500,2,2,0,2795,0,1,2843,2843,9772791,0
1851,36286478917,19414625,0,0,1,5120,2880,2393,128,-2648,20868,0,0,0,0,0,-1,60,157995,228877,3,176,0,0,5,216436,0,2,181818,7,11,13,54166,0,203790,60792,0,41,6545,9469625,1,0,0,0,0,0,0,35791,0,0,1,2064,0,0,0,0,0,0,7625,19875,1,50,2,2560,1440,5120,2880,2500,2,2,0,2796,0,1,2844,2844,12166750,0
1852,36305601417,19122500,0,0,1,5120,2880,2393,128,-2648,19522,0,0,0,0,0,-1,51,2943128,185083,3,176,0,0,5,216436,0,2,181818,7,10,15,144627,0,166958,2252418,0,34,6348,8904125,1,0,0,0,0,0,0,41500,0,0,1,2064,0,0,0,0,0,0,10375,20042,1,50,2,2560,1440,5120,2880,2500,2,2,0,2797,0,1,2845,2845,12166750,0
1853,36334194125,28592708,0,0,1,5120,2880,2393,128,-2648,23989,0,0,0,0,0,-1,61,398583,147670,3,176,0,0,5,225172,0,2,181818,7,11,16,1753,0,149667,31207,0,43,7544,21077333,1,0,0,0,0,0,0,13375,0,0,1,2064,0,0,0,0,0,0,3292,7750,1,50,2,2560,1440,5120,2880,2500,2,2,0,2798,0,1,2846,2846,11991874,0
1854,36353515584,19321459,0,0,1,5120,2880,2393,128,-2648,22442,0,0,0,0,0,-1,53,600707,160708,4,248,0,0,5,225172,0,2,181818,7,10,14,144292,0,176084,57292,0,35,7315,11181916,1,0,0,0,0,0,0,26708,0,0,1,2064,0,0,0,0,0,0,6291,12250,1,50,2,2560,1440,5120,2880,2500,2,2,0,2799,0,1,2847,2847,11991874,0
1855,36375158959,21643375,0,0,1,5120,2880,2393,129,-2648,23642,0,0,0,0,0,-1,61,6360459,172994,3,176,0,0,5,225712,0,2,181818,7,11,20,148583,0,201083,5416500,0,42,7487,6005250,1,0,0,0,0,0,0,14541,0,0,1,2064,0,0,0,0,0,0,3458,8000,1,50,2,2560,1440,5120,2880,2500,2,2,0,2800,0,1,2848,2848,12208083,0
1856,36401289834,26130875,0,0,1,5120,2880,2393,129,-2648,22443,0,0,0,0,0,-1,51,497626,133664,3,176,0,0,5,225712,0,2,181818,7,10,15,1293,0,146667,34458,0,35,7315,19842750,1,0,0,0,0,0,0,46625,0,0,1,2064,0,0,0,0,0,0,8375,28791,1,50,2,2560,1440,5120,2880,2500,2,2,0,2801,0,1,2849,2849,12011625,0
1857,36421154209,19864375,0,0,1,5120,2880,2393,129,-2647,24077,0,0,0,0,0,-1,62,1133338,180161,3,176,0,0,5,225604,0,2,181818,7,11,15,146374,0,185502,49668,0,43,7562,9522291,1,0,0,0,0,0,0,29083,0,0,1,2064,0,0,0,0,0,0,5875,18375,1,50,2,2560,1440,5120,2880,2500,2,2,0,2802,0,1,2850,2850,12011625,0
1858,36441889667,20735458,0,0,1,5120,2880,2393,129,-2647,22412,0,0,0,0,0,-1,51,8048707,134664,3,176,0,0,5,216212,0,2,181818,7,10,19,144375,0,166000,6966914,0,34,7314,7202958,1,0,0,0,0,0,0,13875,0,0,1,2064,0,0,0,0,0,0,3084,8625,1,50,2,2560,1440,5120,2880,2500,2,2,0,2803,0,1,2851,2851,12268958,0
1859,36468615917,26726250,0,0,1,5120,2880,2393,129,-2647,22425,0,0,0,0,0,-1,51,132749,182454,6,3080,0,0,5,215652,0,2,181818,7,10,15,1624,0,211500,39291,0,34,7314,20202834,1,0,0,0,0,0,0,38625,0,0,1,2064,0,0,0,0,0,0,8791,21042,1,50,2,2560,1440,5120,2880,2500,2,2,0,2804,0,1,2852,2852,12050874,0
1860,36488087709,19471792,0,0,1,5120,2880,2393,129,-2647,23629,0,0,0,0,0,-1,60,1884287,174498,3,176,0,0,5,209436,0,2,181818,7,11,15,147081,0,194498,456499,0,41,7486,8758209,1,0,0,0,0,0,0,19958,0,0,1,2064,0,0,0,0,0,0,5000,11250,1,50,2,2560,1440,5120,2880,2500,2,2,0,2805,0,1,2853,2853,12050874,0
1861,36508582834,20495125,0,0,1,5120,2880,2393,129,-2647,22412,0,0,0,0,0,-1,51,7556254,138329,3,176,0,0,5,208988,0,2,181818,7,10,19,143417,0,157957,6843000,0,34,7314,7236083,1,0,0,0,0,0,0,15875,0,0,1,2064,0,0,0,0,0,0,3500,9167,1,50,2,2560,1440,5120,2880,2500,2,2,0,2806,0,1,2854,2854,12106708,0
1862,36535267459,26684625,0,0,1,5120,2880,2393,129,-2647,24148,0,0,0,0,0,-1,60,432463,154587,3,176,0,0,5,201764,0,2,181818,7,11,16,2376,0,168165,33917,0,42,7579,18077916,1,0,0,0,0,0,0,42417,0,0,1,2064,0,0,0,0,0,0,11083,21916,1,50,2,2560,1440,5120,2880,2500,2,2,0,2807,0,1,2855,2855,11857625,0
1863,36553813500,18546041,0,0,1,5120,2880,2393,129,-2647,22420,0,0,0,0,0,-1,51,604248,163708,3,176,0,0,5,193980,0,2,181818,7,10,14,148416,0,162209,49501,0,34,7314,9912916,1,0,0,0,0,0,0,34875,0,0,1,2064,0,0,0,0,0,0,7416,20209,1,50,2,2560,1440,5120,2880,2500,2,2,0,2808,0,1,2856,2856,11857625,0
1864,36575069209,21255709,0,0,1,5120,2880,2393,129,-2647,23731,0,0,0,0,0,-1,60,7048831,154331,3,176,0,0,5,193308,0,2,181818,7,11,20,145210,0,160291,501417,0,41,7506,6043708,1,0,0,0,0,0,0,13667,0,0,1,2064,0,0,0,0,0,0,3042,8208,1,50,2,2560,1440,5120,2880,2500,2,2,0,2809,0,1,2857,2857,12007541,0
1865,36600929209,25860000,0,0,1,5120,2880,2393,129,-2647,22422,0,0,0,0,0,-1,50,104247,121874,3,176,0,0,5,193084,0,2,181818,7,10,15,2000,0,145127,32707,0,34,7314,20061625,1,0,0,0,0,0,0,16916,0,0,1,2064,0,0,0,0,0,0,4417,9875,1,50,2,2560,1440,5120,2880,2500,2,2,0,2810,0,1,2858,2858,11688208,0
1866,36620458584,19529375,0,0,1,5120,2880,2393,129,-2647,20084,0,0,0,0,0,-1,60,182248,202417,3,176,0,0,5,199776,0,2,181818,7,11,15,103583,0,204376,71959,0,41,6258,9624250,1,0,0,0,0,0,0,33458,0,0,1,2064,0,0,0,0,0,0,8042,20166,1,50,2,2560,1440,5120,2880,2500,2,2,0,2811,0,1,2859,2859,11939666,0
1867,36639463792,19005208,0,0,1,5120,2880,2393,129,-2647,17217,0,0,0,0,0,-1,52,3811204,169207,3,176,0,0,5,242336,0,2,181818,7,10,16,143833,0,162499,51292,0,35,5575,7820750,1,0,0,0,0,0,0,39000,0,0,1,2064,0,0,0,0,0,0,10792,20958,1,50,2,2560,1440,5120,2880,2500,2,2,0,2812,0,1,2860,2860,11939666,0
1868,36666261292,26797500,0,0,1,5120,2880,2393,129,-2647,13660,0,0,0,0,0,-1,51,103459,125421,3,176,0,0,5,259264,0,2,181818,7,10,15,1415,0,142375,33709,0,35,4387,22210125,1,0,0,0,0,0,0,13750,0,0,1,2064,0,0,0,0,0,0,3167,8583,1,50,2,2560,1440,5120,2880,2500,2,2,0,2813,0,1,2861,2861,11811541,0
1869,36685629167,19367875,0,0,1,5120,2880,2393,128,-2646,11133,0,0,0,0,0,-1,66,1221962,184798,3,176,0,0,5,297856,0,2,181818,7,11,15,120540,0,180709,55332,0,47,3287,11119417,1,0,0,0,0,0,0,23042,0,0,1,2064,0,0,0,0,0,0,3625,15167,1,50,2,2560,1440,5120,2880,2500,2,2,0,2814,0,1,2862,2862,9961333,0
1870,36700884334,15255167,0,0,1,5120,2880,2393,128,-2646,9547,0,0,0,0,0,-1,61,160586,165374,3,176,0,0,5,326656,0,2,181818,7,10,15,54625,0,179125,50332,0,44,2968,9685333,1,0,0,0,0,0,0,27541,0,0,1,2064,0,0,0,0,0,0,4958,17167,1,50,2,2560,1440,5120,2880,2500,2,2,0,2815,0,1,2863,2863,9498374,0
1871,36717921167,17036833,0,0,1,5120,2880,2393,128,-2646,9947,0,0,0,0,0,-1,70,181795,217496,3,176,0,0,5,400600,0,2,181818,7,11,14,62999,0,189166,55291,0,51,2811,9689459,1,0,0,0,0,0,0,18750,0,0,1,2064,0,0,0,0,0,0,3375,10958,1,50,2,2560,1440,5120,2880,2500,2,2,0,2816,0,1,2864,2864,9949250,0
1872,36734421334,16500167,0,0,1,5120,2880,2393,128,-2646,7842,0,0,0,0,0,-1,60,138624,199585,3,176,0,0,5,400600,0,2,181818,7,10,13,60541,0,172626,66375,0,43,2409,10709875,1,0,0,0,0,0,0,20542,0,0,1,2064,0,0,0,0,0,0,4625,10917,1,50,2,2560,1440,5120,2880,2500,2,2,0,2817,0,1,2865,2865,11688875,0
1873,36751220875,16799541,0,0,1,5120,2880,2393,128,-2646,7428,0,0,0,0,0,-1,60,137751,207165,3,176,0,0,5,400708,0,2,181818,7,10,13,63334,0,166668,43459,0,43,2271,10996209,1,0,0,0,0,0,0,39042,0,0,1,2064,0,0,0,0,0,0,8541,21750,1,50,2,2560,1440,5120,2880,2500,2,2,0,2818,0,1,2866,2866,11929125,0
1874,36767245292,16024417,0,0,1,5120,2880,2393,128,-2646,8495,0,0,0,0,0,-1,69,147955,212291,3,176,0,0,5,400708,0,2,181818,7,11,14,56166,0,155333,45791,0,50,2389,9362167,1,0,0,0,0,0,0,37375,0,0,1,2064,0,0,0,0,0,0,7042,22041,1,50,2,2560,1440,5120,2880,2500,2,2,0,2819,0,1,2867,2867,10028166,0
1875,36783327209,16081917,0,0,1,5120,2880,2393,128,-2646,7106,0,0,0,0,0,-1,58,106704,155254,3,176,0,0,5,390448,0,2,181818,7,10,12,40459,0,120668,44375,0,41,2177,11313833,1,0,0,0,0,0,0,39042,0,0,1,2064,0,0,0,0,0,0,7834,24375,1,50,2,2560,1440,5120,2880,2500,2,2,0,2820,0,1,2868,2868,11363333,0
1876,36799625750,16298541,0,0,1,5120,2880,2393,128,-2646,7106,0,0,0,0,0,-1,58,119501,144502,5,1028,0,0,5,390448,0,2,181818,7,10,11,1332,0,149708,34500,0,41,2177,12229625,1,0,0,0,0,0,0,31917,0,0,1,2064,0,0,0,0,0,0,6291,18292,1,50,2,2560,1440,5120,2880,2500,2,2,0,2821,0,1,2869,2869,9844583,0
1877,36816295667,16669917,0,0,1,5120,2880,2393,128,-2646,8617,0,0,0,0,0,-1,67,142876,193159,3,176,0,0,5,390448,0,2,181818,7,11,11,1457,0,203210,30667,0,49,2400,11086792,1,0,0,0,0,0,0,32125,0,0,1,2064,0,0,0,0,0,0,5750,18375,1,50,2,2560,1440,5120,2880,2500,2,2,0,2822,0,1,2870,2870,11408999,0
1878,36832596334,16300667,0,0,1,5120,2880,2393,128,-2646,7101,0,0,0,0,0,-1,57,118670,139124,3,176,0,0,5,390448,0,2,181818,7,10,10,1291,0,145459,28708,0,41,2177,12308042,1,0,0,0,0,0,0,30667,0,0,1,2064,0,0,0,0,0,0,3875,16417,1,50,2,2560,1440,5120,2880,2500,2,2,0,2823,0,1,2871,2871,9815541,0
1879,36849052375,16456041,0,0,1,5120,2880,2393,128,-2646,7101,0,0,0,0,0,-1,57,101501,139085,3,176,0,0,5,390448,0,2,181818,7,10,10,832,0,147042,28875,0,41,2177,13014583,1,0,0,0,0,0,0,25708,0,0,1,2064,0,0,0,0,0,0,3583,16000,1,50,2,2560,1440,5120,2880,2500,2,2,0,2824,0,1,2872,2872,11403666,0
1880,36866216834,17164459,0,0,1,5120,2880,2393,128,-2646,8420,0,0,0,0,0,-1,66,133624,161247,3,176,0,0,5,390448,0,2,181818,7,11,11,1000,0,155541,32001,0,48,2369,11975333,1,0,0,0,0,0,0,46292,0,0,1,2064,0,0,0,0,0,0,7792,27833,1,50,2,2560,1440,5120,2880,2500,2,2,0,2825,0,1,2873,2873,9901124,0
1881,36882898000,16681166,0,0,1,5120,2880,2393,128,-2646,7101,0,0,0,0,0,-1,57,120335,157999,3,176,0,0,5,390556,0,2,181818,7,10,10,1000,0,149208,32291,0,41,2177,12572000,1,0,0,0,0,0,0,34125,0,0,1,2064,0,0,0,0,0,0,6167,20709,1,50,2,2560,1440,5120,2880,2500,2,2,0,2826,0,1,2874,2874,11436874,0
1882,36899996042,17098042,0,0,1,5120,2880,2393,128,-2646,7101,0,0,0,0,0,-1,57,132250,173749,3,176,0,0,5,390556,0,2,181818,7,10,10,1543,0,194876,32417,0,41,2177,12683750,1,0,0,0,0,0,0,39333,0,0,1,2064,0,0,0,0,0,0,8792,23000,1,50,2,2560,1440,5120,2880,2500,2,2,0,2827,0,1,2875,2875,11453874,0
1883,36916223000,16226958,0,0,1,5120,2880,2393,128,-2646,8792,0,0,0,0,0,-1,67,125332,159953,3,176,0,0,5,390088,0,2,181818,7,11,11,1415,0,171376,36834,0,49,2435,10857375,1,0,0,0,0,0,0,35542,0,0,1,2064,0,0,0,0,0,0,6750,20625,1,50,2,2560,1440,5120,2880,2500,2,2,0,2828,0,1,2876,2876,11507624,0
1884,36932538042,16315042,0,0,1,5120,2880,2393,128,-2646,7101,0,0,0,0,0,-1,57,104378,116418,3,176,0,0,5,390088,0,2,181818,7,10,10,1457,0,127583,29585,0,41,2177,12652667,1,0,0,0,0,0,0,27041,0,0,1,2064,0,0,0,0,0,0,5500,14167,1,50,2,2560,1440,5120,2880,2500,2,2,0,2829,0,1,2877,2877,11461625,0
1885,36948786875,16248833,0,0,1,5120,2880,2393,128,-2646,7101,0,0,0,0,0,-1,57,94244,117841,3,176,0,0,5,390088,0,2,181818,7,10,10,1833,0,121667,24958,0,41,2177,12975417,1,0,0,0,0,0,0,26125,0,0,1,2064,0,0,0,0,0,0,5959,14375,1,50,2,2560,1440,5120,2880,2500,2,2,0,2830,0,1,2878,2878,9926375,0
1886,36965921084,17134209,0,0,1,5120,2880,2393,128,-2646,8310,0,0,0,0,0,-1,66,130538,150623,3,176,0,0,5,390664,0,2,181818,7,11,11,1168,0,138250,30876,0,48,2349,12239625,1,0,0,0,0,0,0,40917,0,0,1,2064,0,0,0,0,0,0,7125,23375,1,50,2,2560,1440,5120,2880,2500,2,2,0,2831,0,1,2879,2879,11453041,0
1887,36982316250,16395166,0,0,1,5120,2880,2393,128,-2646,7101,0,0,0,0,0,-1,57,99744,113831,3,176,0,0,5,390664,0,2,181818,7,10,10,707,0,126666,27376,0,41,2177,12938334,1,0,0,0,0,0,0,52000,0,0,1,2064,0,0,0,0,0,0,8208,33208,1,50,2,2560,1440,5120,2880,2500,2,2,0,2832,0,1,2880,2880,9859624,0
1888,36998893709,16577459,0,0,1,5120,2880,2393,128,-2646,7101,0,0,0,0,0,-1,57,96288,117332,3,176,0,0,5,390664,0,2,181818,7,10,10,751,0,120417,25500,0,41,2177,13281125,1,0,0,0,0,0,0,38875,0,0,1,2064,0,0,0,0,0,0,5583,22125,1,50,2,2560,1440,5120,2880,2500,2,2,0,2833,0,1,2881,2881,11467958,0
1889,37015881875,16988166,0,0,1,5120,2880,2393,128,-2646,8757,0,0,0,0,0,-1,67,122837,141877,3,176,0,0,5,390232,0,2,181818,7,11,11,918,0,129583,28041,0,49,2428,12098917,1,0,0,0,0,0,0,43042,0,0,1,2064,0,0,0,0,0,0,6750,26500,1,50,2,2560,1440,5120,2880,2500,2,2,0,2834,0,1,2882,2882,9882916,0
1890,37032479875,16598000,0,0,1,5120,2880,2393,128,-2646,7101,0,0,0,0,0,-1,57,105164,130671,3,176,0,0,5,390232,0,2,181818,7,10,10,668,0,122915,33250,0,41,2177,13036792,1,0,0,0,0,0,0,52250,0,0,1,2064,0,0,0,0,0,0,7167,33375,1,50,2,2560,1440,5120,2880,2500,2,2,0,2835,0,1,2883,2883,11456791,0
1891,37048680084,16200209,0,0,1,5120,2880,2393,128,-2646,7101,0,0,0,0,0,-1,57,97835,119877,3,176,0,0,5,390232,0,2,181818,7,10,10,956,0,128584,26541,0,41,2177,13050083,1,0,0,0,0,0,0,24083,0,0,1,2064,0,0,0,0,0,0,4625,15208,1,50,2,2560,1440,5120,2880,2500,2,2,0,2836,0,1,2884,2884,9819750,0
1892,37065782959,17102875,0,0,1,5120,2880,2393,128,-2646,8310,0,0,0,0,0,-1,66,132416,144330,3,176,0,0,5,396496,0,2,181818,7,11,11,875,0,134416,37082,0,48,2349,12374625,1,0,0,0,0,0,0,15583,0,0,1,2064,0,0,0,0,0,0,3584,8375,1,50,2,2560,1440,5120,2880,2500,2,2,0,2837,0,1,2885,2885,11463250,0
1893,37082350000,16567041,0,0,1,5120,2880,2393,128,-2646,7101,0,0,0,0,0,-1,57,102911,114627,3,176,0,0,5,396496,0,2,181818,7,10,10,749,0,120335,27959,0,41,2177,13056959,1,0,0,0,0,0,0,49542,0,0,1,2064,0,0,0,0,0,0,8625,32000,1,50,2,2560,1440,5120,2880,2500,2,2,0,2838,0,1,2886,2886,11473624,0
1894,37099025417,16675417,0,0,1,5120,2880,2393,128,-2646,7101,0,0,0,0,0,-1,57,99795,122540,3,176,0,0,5,396496,0,2,181818,7,10,10,667,0,117709,25209,0,41,2177,13176583,1,0,0,0,0,0,0,44250,0,0,1,2064,0,0,0,0,0,0,7750,25916,1,50,2,2560,1440,5120,2880,2500,2,2,0,2839,0,1,2887,2887,11421624,0
1895,37115957542,16932125,0,0,1,5120,2880,2393,128,-2646,8657,0,0,0,0,0,-1,67,129129,146090,3,176,0,0,5,396388,0,2,181818,7,11,11,956,0,134251,27666,0,49,2408,11974917,1,0,0,0,0,0,0,41583,0,0,1,2064,0,0,0,0,0,0,7416,24542,1,50,2,2560,1440,5120,2880,2500,2,2,0,2840,0,1,2888,2888,11539958,0
1896,37132344417,16386875,0,0,1,5120,2880,2393,128,-2646,7101,0,0,0,0,0,-1,57,93956,124789,3,176,0,0,5,396388,0,2,181818,7,10,10,1167,0,129833,26251,0,41,2177,10706750,1,0,0,0,0,0,0,32792,0,0,1,2064,0,0,0,0,0,0,5458,20417,1,50,2,2560,1440,5120,2880,2500,2,2,0,2841,0,1,2889,2889,11419499,0
1897,37148716750,16372333,0,0,1,5120,2880,2393,128,-2646,7101,0,0,0,0,0,-1,57,95001,115417,3,176,0,0,5,390340,0,2,181818,7,10,10,624,0,123542,23416,0,41,2177,13246000,1,0,0,0,0,0,0,20250,0,0,1,2064,0,0,0,0,0,0,3708,14250,1,50,2,2560,1440,5120,2880,2500,2,2,0,2842,0,1,2890,2890,11431333,0
1898,37165891375,17174625,0,0,1,5120,2880,2393,128,-2646,8420,0,0,0,0,0,-1,66,124502,149831,3,176,0,0,5,390088,0,2,181818,7,11,11,958,0,133625,29125,0,48,2369,12179584,1,0,0,0,0,0,0,37791,0,0,1,2064,0,0,0,0,0,0,8875,24708,1,50,2,2560,1440,5120,2880,2500,2,2,0,2843,0,1,2891,2891,11475916,0
1899,37182555042,16663667,0,0,1,5120,2880,2393,128,-2646,7044,0,0,0,0,0,-1,57,116916,135830,3,176,0,0,5,389980,0,2,181818,7,10,10,584,0,123124,27667,0,41,2158,12749708,1,0,0,0,0,0,0,32375,0,0,1,2064,0,0,0,0,0,0,8125,19958,1,50,2,2560,1440,5120,2880,2500,2,2,0,2844,0,1,2892,2892,11439624,0
1900,37199225417,16670375,0,0,1,5120,2880,2393,128,-2646,7230,0,0,0,0,0,-1,59,109211,128874,3,176,0,0,5,400276,0,2,181818,7,10,10,626,0,119376,29543,0,43,2208,12792042,1,0,0,0,0,0,0,38500,0,0,1,2064,0,0,0,0,0,0,5542,26083,1,50,2,2560,1440,5120,2880,2500,2,2,0,2845,0,1,2893,2893,9806375,0
1901,37216602292,17376875,0,0,1,5120,2880,2393,128,-2646,8970,0,0,0,0,0,-1,71,153917,164210,3,176,0,0,5,423784,0,2,181818,7,11,11,1376,0,149543,31167,0,53,2493,11604833,1,0,0,0,0,0,0,21250,0,0,1,2064,0,0,0,0,0,0,4000,13625,1,50,2,2560,1440,5120,2880,2500,2,2,0,2846,0,1,2894,2894,11453749,0
1902,37233125625,16523333,0,0,1,5120,2880,2393,128,-2646,7701,0,0,0,0,0,-1,61,127375,153879,3,176,0,0,5,432424,0,2,181818,7,10,10,3915,0,143084,31542,0,45,2353,12099000,1,0,0,0,0,0,0,22042,0,0,1,2064,0,0,0,0,0,0,4458,13292,1,50,2,2560,1440,5120,2880,2500,2,2,0,2847,0,1,2895,2895,9927000,0
1903,37249988750,16863125,0,0,1,5120,2880,2393,128,-2646,7705,0,0,0,0,0,-1,62,139084,173709,3,176,0,0,5,440956,0,2,181818,7,10,11,32126,0,131085,57542,0,45,2353,12200834,1,0,0,0,0,0,0,36125,0,0,1,2064,0,0,0,0,0,0,7666,20208,1,50,2,2560,1440,5120,2880,2500,2,2,0,2848,0,1,2896,2896,11681708,0
1904,37266747250,16758500,0,0,1,5120,2880,2393,128,-2646,9245,0,0,0,0,0,-1,70,139500,158207,3,176,0,0,5,440848,0,2,181818,7,11,11,832,0,150082,35750,0,52,2630,10752584,1,0,0,0,0,0,0,32583,0,0,1,2064,0,0,0,0,0,0,4875,21167,1,50,2,2560,1440,5120,2880,2500,2,2,0,2849,0,1,2897,2897,11601625,0
1905,37283020792,16273542,0,0,1,5120,2880,2393,128,-2646,8010,0,0,0,0,0,-1,62,103618,124328,3,176,0,0,5,440848,0,2,181818,7,10,12,54083,0,115167,42500,0,45,2453,11845500,1,0,0,0,0,0,0,17333,0,0,1,2064,0,0,0,0,0,0,3125,10625,1,50,2,2560,1440,5120,2880,2500,2,2,0,2850,0,1,2898,2898,10043249,0
1906,37299833209,16812417,0,0,1,5120,2880,2393,128,-2646,8118,0,0,0,0,0,-1,62,122375,142416,3,176,0,0,5,440632,0,2,181818,7,10,11,18582,0,127084,42834,0,45,2491,12410667,1,0,0,0,0,0,0,33708,0,0,1,2064,0,0,0,0,0,0,5083,20375,1,50,2,2560,1440,5120,2880,2500,2,2,0,2851,0,1,2899,2899,11531250,0
1907,37317051167,17217958,0,0,1,5120,2880,2393,128,-2646,10094,0,0,0,0,0,-1,71,130585,168001,3,176,0,0,5,441172,0,2,181818,7,11,11,6374,0,163374,34959,0,53,2829,10797083,1,0,0,0,0,0,0,39000,0,0,1,2064,0,0,0,0,0,0,7959,21667,1,50,2,2560,1440,5120,2880,2500,2,2,0,2852,0,1,2900,2900,10033375,0
1908,37333435875,16384708,0,0,1,5120,2880,2393,128,-2646,8499,0,0,0,0,0,-1,62,102128,126500,3,176,0,0,5,440740,0,2,181818,7,10,12,54793,0,121791,36042,0,45,2616,11597000,1,0,0,0,0,0,0,24625,0,0,1,2064,0,0,0,0,0,0,5417,16375,1,50,2,2560,1440,5120,2880,2500,2,2,0,2853,0,1,2901,2901,11559416,0
1909,37350191959,16756084,0,0,1,5120,2880,2393,128,-2646,8697,0,0,0,0,0,-1,63,117959,145296,3,176,0,0,5,443296,0,2,181818,7,10,13,52834,0,123792,37625,0,46,2676,11537833,1,0,0,0,0,0,0,15292,0,0,1,2064,0,0,0,0,0,0,2667,10417,1,50,2,2560,1440,5120,2880,2500,2,2,0,2854,0,1,2902,2902,10001125,0
1910,37367137709,16945750,0,0,1,5120,2880,2393,128,-2646,10098,0,0,0,0,0,-1,72,127331,157672,3,176,0,0,5,438580,0,2,181818,7,11,14,56416,0,138958,38751,0,53,2912,10578417,1,0,0,0,0,0,0,31250,0,0,1,2064,0,0,0,0,0,0,5417,20416,1,50,2,2560,1440,5120,2880,2500,2,2,0,2855,0,1,2903,2903,11628458,0
1911,37383040709,15903000,0,0,1,5120,2880,2393,128,-2646,8889,0,0,0,0,0,-1,63,126334,129582,3,176,0,0,5,438580,0,2,181818,7,10,13,54168,0,127209,35707,0,46,2740,11642333,1,0,0,0,0,0,0,14083,0,0,1,2064,0,0,0,0,0,0,2292,9292,1,50,2,2560,1440,5120,2880,2500,2,2,0,2856,0,1,2904,2904,11568874,0
1912,37399735917,16695208,0,0,1,5120,2880,2393,128,-2646,8889,0,0,0,0,0,-1,63,114625,134377,3,176,0,0,5,438472,0,2,181818,7,10,13,49920,0,115584,43542,0,46,2740,12494458,1,0,0,0,0,0,0,28959,0,0,1,2064,0,0,0,0,0,0,4500,18667,1,50,2,2560,1440,5120,2880,2500,2,2,0,2857,0,1,2905,2905,9962124,0
1913,37416850459,17114542,0,0,1,5120,2880,2393,128,-2646,10410,0,0,0,0,0,-1,73,130037,162622,3,176,0,0,5,438580,0,2,181818,7,11,14,56668,0,132084,36876,0,54,2964,11098917,1,0,0,0,0,0,0,21708,0,0,1,2064,0,0,0,0,0,0,3625,15375,1,50,2,2560,1440,5120,2880,2500,2,2,0,2858,0,1,2906,2906,11602250,0
1914,37433027209,16176750,0,0,1,5120,2880,2393,128,-2646,8889,0,0,0,0,0,-1,63,96996,135502,3,176,0,0,5,450136,0,2,181818,7,10,13,54791,0,131750,36750,0,46,2740,11981416,1,0,0,0,0,0,0,27584,0,0,1,2064,0,0,0,0,0,0,2958,19667,1,50,2,2560,1440,5120,2880,2500,2,2,0,2859,0,1,2907,2907,11565291,0
1915,37450008667,16981458,0,0,1,5120,2880,2393,128,-2646,8889,0,0,0,0,0,-1,63,103167,132128,3,176,0,0,5,450352,0,2,181818,7,10,13,52540,0,119250,37415,0,46,2740,12546583,1,0,0,0,0,0,0,17584,0,0,1,2064,0,0,0,0,0,0,3042,11083,1,50,2,2560,1440,5120,2880,2500,2,2,0,2860,0,1,2908,2908,11681500,0
1916,37466932625,16923958,0,0,1,5120,2880,2392,128,-2647,10208,0,0,0,0,0,-1,72,141629,190120,3,176,0,0,5,451036,0,2,181818,7,11,14,53208,0,165251,43209,0,53,2932,10880792,1,0,0,0,0,0,0,29458,0,0,1,2064,0,0,0,0,0,0,4250,19042,1,50,2,2560,1440,5120,2880,2500,2,2,0,2861,0,1,2909,2909,11731958,0
1917,37483084834,16152209,0,0,1,5120,2880,2392,128,-2647,8889,0,0,0,0,0,-1,63,119922,158043,3,176,0,0,5,456436,0,2,181818,7,10,13,53084,0,120333,35625,0,46,2740,11879875,1,0,0,0,0,0,0,13458,0,0,1,2064,0,0,0,0,0,0,2458,8709,1,50,2,2560,1440,5120,2880,2500,2,2,0,2862,0,1,2910,2910,10035125,0
1918,37500032334,16947500,0,0,1,5120,2880,2392,128,-2647,8889,0,0,0,0,0,-1,63,110085,137746,3,176,0,0,5,456436,0,2,181818,7,10,13,51332,0,128167,36959,0,46,2740,12488667,1,0,0,0,0,0,0,31459,0,0,1,2064,0,0,0,0,0,0,4708,19083,1,50,2,2560,1440,5120,2880,2500,2,2,0,2863,0,1,2911,2911,11779333,0
1919,37516960834,16928500,0,0,1,5120,2880,2392,128,-2647,10465,0,0,0,0,0,-1,73,145248,194257,3,176,0,0,5,456652,0,2,181818,7,11,14,51167,0,166958,38084,0,54,2975,10319625,1,0,0,0,0,0,0,15000,0,0,1,2064,0,0,0,0,0,0,2916,9084,1,50,2,2560,1440,5120,2880,2500,2,2,0,2864,0,1,2912,2912,11844416,0
1920,37533057292,16096458,0,0,1,5120,2880,2392,128,-2647,8889,0,0,0,0,0,-1,63,125165,137415,3,176,0,0,5,456652,0,2,181818,7,10,13,54501,0,140084,39417,0,46,2740,11851083,1,0,0,0,0,0,0,12834,0,0,1,2064,0,0,0,0,0,0,1334,9041,1,50,2,2560,1440,5120,2880,2500,2,2,0,2865,0,1,2913,2913,10044249,0
1921,37549615167,16557875,0,0,1,5120,2880,2392,128,-2647,8889,0,0,0,0,0,-1,63,139871,138747,3,176,0,0,5,456652,0,2,181818,7,10,13,49918,0,138751,40499,0,46,2740,12496250,1,0,0,0,0,0,0,11000,0,0,1,2064,0,0,0,0,0,0,1583,7750,1,50,2,2560,1440,5120,2880,2500,2,2,0,2866,0,1,2914,2914,11838749,0
1922,37567114042,17498875,0,0,1,5120,2880,2392,128,-2647,10098,0,0,0,0,0,-1,72,144164,186248,3,176,0,0,5,456652,0,2,181818,7,11,14,51252,0,161126,42583,0,53,2912,11259250,1,0,0,0,0,0,0,27834,0,0,1,2064,0,0,0,0,0,0,4250,18541,1,50,2,2560,1440,5120,2880,2500,2,2,0,2867,0,1,2915,2915,10120916,0
1923,37583372417,16258375,0,0,1,5120,2880,2392,128,-2647,8892,0,0,0,0,0,-1,64,132129,145089,6,3080,0,0,5,456652,0,2,181818,7,10,13,44000,0,135376,39291,0,46,2740,11593291,1,0,0,0,0,0,0,14834,0,0,1,2064,0,0,0,0,0,0,2917,9167,1,50,2,2560,1440,5120,2880,2500,2,2,0,2868,0,1,2916,2916,11892124,0
1924,37600346834,16974417,0,0,1,5120,2880,2392,128,-2647,8889,0,0,0,0,0,-1,63,129625,155124,3,176,0,0,5,456652,0,2,181818,7,10,13,56416,0,146834,51834,0,46,2740,11699791,1,0,0,0,0,0,0,13833,0,0,1,2064,0,0,0,0,0,0,2375,9333,1,50,2,2560,1440,5120,2880,2500,2,2,0,2869,0,1,2917,2917,11977916,0
1925,37617387625,17040791,0,0,1,5120,2880,2392,129,-2647,10510,0,0,0,0,0,-1,73,147334,190955,3,176,0,0,5,455860,0,2,181818,7,11,14,56043,0,145667,49125,0,54,2984,10158542,1,0,0,0,0,0,0,26000,0,0,1,2064,0,0,0,0,0,0,5667,14375,1,50,2,2560,1440,5120,2880,2500,2,2,0,2870,0,1,2918,2918,10212499,0
1926,37633627709,16240084,0,0,1,5120,2880,2392,129,-2647,8889,0,0,0,0,0,-1,63,151212,139748,3,176,0,0,5,455860,0,2,181818,7,10,13,52416,0,140124,39833,0,46,2740,11446292,1,0,0,0,0,0,0,24375,0,0,1,2064,0,0,0,0,0,0,4875,14583,1,50,2,2560,1440,5120,2880,2500,2,2,0,2871,0,1,2919,2919,11902375,0
1927,37649999334,16371625,0,0,1,5120,2880,2392,129,-2647,8889,0,0,0,0,0,-1,63,126709,141795,3,176,0,0,5,455860,0,2,181818,7,10,13,49332,0,147542,34875,0,46,2740,11931208,1,0,0,0,0,0,0,22250,0,0,1,2064,0,0,0,0,0,0,4459,13209,1,50,2,2560,1440,5120,2880,2500,2,2,0,2872,0,1,2920,2920,11832458,0
1928,37666965000,16965666,0,0,1,5120,2880,2392,129,-2648,10098,0,0,0,0,0,-1,72,125417,178918,3,176,0,0,5,455752,0,2,181818,7,11,14,53041,0,138333,46208,0,53,2912,10830083,1,0,0,0,0,0,0,16458,0,0,1,2064,0,0,0,0,0,0,2625,10125,1,50,2,2560,1440,5120,2880,2500,2,2,0,2873,0,1,2921,2921,11968208,0
1929,37683125375,16160375,0,0,1,5120,2880,2392,129,-2648,8889,0,0,0,0,0,-1,63,128997,131293,3,176,0,0,5,455212,0,2,181818,7,10,13,50960,0,150959,37582,0,46,2740,11838292,1,0,0,0,0,0,0,13208,0,0,1,2064,0,0,0,0,0,0,1916,8750,1,50,2,2560,1440,5120,2880,2500,2,2,0,2874,0,1,2922,2922,11780666,0
1930,37699566250,16440875,0,0,1,5120,2880,2392,129,-2648,8889,0,0,0,0,0,-1,63,123001,133794,3,176,0,0,5,449452,0,2,181818,7,10,13,52833,0,127583,35292,0,46,2740,12518958,1,0,0,0,0,0,0,11000,0,0,1,2064,0,0,0,0,0,0,1917,7625,1,50,2,2560,1440,5120,2880,2500,2,2,0,2875,0,1,2923,2923,10065958,0
1931,37717184875,17618625,0,0,1,5120,2880,2392,129,-2648,10580,0,0,0,0,0,-1,73,264291,171837,3,176,0,0,5,449452,0,2,181818,7,11,14,46501,0,147457,46333,0,54,2998,11297833,1,0,0,0,0,0,0,34750,0,0,1,2064,0,0,0,0,0,0,5250,21291,1,50,2,2560,1440,5120,2880,2500,2,2,0,2876,0,1,2924,2924,11768500,0
1932,37733247792,16062917,0,0,1,5120,2880,2392,129,-2648,8897,0,0,0,0,0,-1,64,118377,140336,11,28448,0,0,5,449236,0,2,181818,7,10,13,55376,0,144668,36252,0,46,2740,11171917,1,0,0,0,0,0,0,14666,0,0,1,2064,0,0,0,0,0,0,2458,9375,1,50,2,2560,1440,5120,2880,2500,2,2,0,2877,0,1,2925,2925,11666833,0
1933,37750540209,17292417,0,0,1,5120,2880,2392,129,-2648,10590,0,0,0,0,0,-1,63,109249,144920,3,176,0,0,5,449236,0,2,181818,7,10,13,55290,0,129251,37418,0,46,3307,12139041,1,0,0,0,0,0,0,19666,0,0,1,2064,0,0,0,0,0,0,3292,11750,1,50,2,2560,1440,5120,2880,2500,2,2,0,2878,0,1,2926,2926,10110249,0
1934,37767790584,17250375,0,0,1,5120,2880,2392,129,-2648,11914,0,0,0,0,0,-1,72,136378,183373,3,176,0,0,5,454636,0,2,181818,7,11,14,57125,0,152876,44833,0,53,3494,10232416,1,0,0,0,0,0,0,14542,0,0,1,2064,0,0,0,0,0,0,2083,9416,1,50,2,2560,1440,5120,2880,2500,2,2,0,2879,0,1,2927,2927,11783916,0
1935,37784332959,16542375,0,0,1,5120,2880,2392,129,-2648,10014,0,0,0,0,0,-1,62,137289,151625,3,176,0,0,5,440740,0,2,181818,7,10,13,52501,0,136124,51835,0,45,3121,10844250,1,0,0,0,0,0,0,25125,0,0,1,2064,0,0,0,0,0,0,4708,15542,1,50,2,2560,1440,5120,2880,2500,2,2,0,2880,0,1,2928,2928,10159375,0
1936,37800432209,16099250,0,0,1,5120,2880,2392,129,-2648,9880,0,0,0,0,0,-1,61,130541,139875,3,176,0,0,5,439480,0,2,181818,7,10,13,49751,0,134708,40292,0,44,3080,11040875,1,0,0,0,0,0,0,23000,0,0,1,2064,0,0,0,0,0,0,4166,14208,1,50,2,2560,1440,5120,2880,2500,2,2,0,2881,0,1,2929,2929,11545750,0
1937,37817365417,16933208,0,0,1,5120,2880,2392,129,-2648,11385,0,0,0,0,0,-1,71,120960,160330,3,176,0,0,5,439372,0,2,181818,7,11,14,49501,0,142416,36793,0,52,3298,10360292,1,0,0,0,0,0,0,14000,0,0,1,2064,0,0,0,0,0,0,2417,8833,1,50,2,2560,1440,5120,2880,2500,2,2,0,2882,0,1,2930,2930,11706500,0
1938,37833711250,16345833,0,0,1,5120,2880,2392,129,-2648,9868,0,0,0,0,0,-1,60,121840,139832,3,176,0,0,5,419608,0,2,181818,7,10,13,51336,0,123416,45249,0,43,3082,11308333,1,0,0,0,0,0,0,17042,0,0,1,2064,0,0,0,0,0,0,3958,8959,1,50,2,2560,1440,5120,2880,2500,2,2,0,2883,0,1,2931,2931,10125416,0
1939,37850567250,16856000,0,0,1,5120,2880,2392,129,-2648,9370,0,0,0,0,0,-1,60,111210,148793,3,176,0,0,5,377452,0,2,181818,7,10,13,58627,0,135167,40792,0,43,2916,11747083,1,0,0,0,0,0,0,31833,0,0,1,2064,0,0,0,0,0,0,5667,19458,1,50,2,2560,1440,5120,2880,2500,2,2,0,2884,0,1,2932,2932,11549374,0
1940,37867259250,16692000,0,0,1,5120,2880,2392,129,-2648,10714,0,0,0,0,0,-1,69,143621,191540,3,176,0,0,5,325180,0,2,181818,7,11,14,54626,0,162374,40833,0,50,3133,10195458,1,0,0,0,0,0,0,26459,0,0,1,2064,0,0,0,0,0,0,2834,18334,1,50,2,2560,1440,5120,2880,2500,2,2,0,2885,0,1,2933,2933,10055874,0
1941,37883470000,16210750,0,0,1,5120,2880,2392,129,-2648,9580,0,0,0,0,0,-1,57,105794,124131,3,176,0,0,5,295300,0,2,181818,7,10,13,43956,0,124875,37000,0,40,3000,11366875,1,0,0,0,0,0,0,31542,0,0,1,2064,0,0,0,0,0,0,6625,18334,1,50,2,2560,1440,5120,2880,2500,2,2,0,2886,0,1,2934,2934,11397249,0
1942,37899985667,16515667,0,0,1,5120,2880,2392,129,-2648,9420,0,0,0,0,0,-1,55,100414,120871,3,176,0,0,5,282016,0,2,181818,7,10,13,50168,0,129000,40457,0,38,2961,11923708,1,0,0,0,0,0,0,16750,0,0,1,2064,0,0,0,0,0,0,3500,10167,1,50,2,2560,1440,5120,2880,2500,2,2,0,2887,0,1,2935,2935,11371250,0
1943,37917000834,17015167,0,0,1,5120,2880,2392,128,-2648,10871,0,0,0,0,0,-1,66,133918,168124,3,176,0,0,5,289396,0,2,181818,7,11,14,55248,0,163083,41458,0,47,3139,10739666,1,0,0,0,0,0,0,15458,0,0,1,2064,0,0,0,0,0,0,2833,9000,1,50,2,2560,1440,5120,2880,2500,2,2,0,2888,0,1,2936,2936,11396124,0
1944,37933149334,16148500,0,0,1,5120,2880,2392,128,-2648,8670,0,0,0,0,0,-1,53,90293,112832,3,176,0,0,5,276040,0,2,181818,7,10,13,53751,0,120292,39375,0,36,2721,11651542,1,0,0,0,0,0,0,32375,0,0,1,2064,0,0,0,0,0,0,6958,18750,1,50,2,2560,1440,5120,2880,2500,2,2,0,2889,0,1,2937,2937,11334458,0
1945,37949619000,16469666,0,0,1,5120,2880,2392,128,-2648,8547,0,0,0,0,0,-1,53,90961,122668,3,176,0,0,5,290512,0,2,181818,7,10,13,54918,0,121708,38000,0,36,2680,12289833,1,0,0,0,0,0,0,27125,0,0,1,2064,0,0,0,0,0,0,4958,17166,1,50,2,2560,1440,5120,2880,2500,2,2,0,2890,0,1,2938,2938,11282874,0
1946,37966557709,16938709,0,0,1,5120,2880,2392,128,-2649,9750,0,0,0,0,0,-1,63,115041,151957,3,176,0,0,5,285724,0,2,181818,7,11,12,4627,0,170666,33458,0,45,2840,11278292,1,0,0,0,0,0,0,14833,0,0,1,2064,0,0,0,0,0,0,2333,10375,1,50,2,2560,1440,5120,2880,2500,2,2,0,2891,0,1,2939,2939,9906958,0
1947,37983065875,16508166,0,0,1,5120,2880,2392,128,-2649,8385,0,0,0,0,0,-1,55,99082,117081,3,176,0,0,5,285508,0,2,181818,7,10,12,50627,0,131499,39792,0,38,2614,12092958,1,0,0,0,0,0,0,31042,0,0,1,2064,0,0,0,0,0,0,6916,17292,1,50,2,2560,1440,5120,2880,2500,2,2,0,2892,0,1,2940,2940,11290374,0
1948,37999827334,16761459,0,0,1,5120,2880,2392,128,-2649,9351,0,0,0,0,0,-1,54,98914,131460,3,176,0,0,5,276868,0,2,181818,7,10,11,1793,0,130918,26917,0,38,2938,12392459,1,0,0,0,0,0,0,24333,0,0,1,2064,0,0,0,0,0,0,3958,15666,1,50,2,2560,1440,5120,2880,2500,2,2,0,2893,0,1,2941,2941,9824041,0
1949,38016953500,17126166,0,0,1,5120,2880,2392,128,-2649,10918,0,0,0,0,0,-1,65,136286,172170,3,176,0,0,5,276760,0,2,181818,7,11,13,64335,0,182917,46876,0,46,3170,11080833,1,0,0,0,0,0,0,14541,0,0,1,2064,0,0,0,0,0,0,2541,9333,1,50,2,2560,1440,5120,2880,2500,2,2,0,2894,0,1,2942,2942,11274125,0
1950,38033475042,16521542,0,0,1,5120,2880,2392,128,-2649,9357,0,0,0,0,0,-1,55,100170,138669,3,176,0,0,5,276760,0,2,181818,7,10,13,59081,0,130291,60166,0,38,2938,11636083,1,0,0,0,0,0,0,31417,0,0,1,2064,0,0,0,0,0,0,4958,19459,1,50,2,2560,1440,5120,2880,2500,2,2,0,2895,0,1,2943,2943,11239416,0
1951,38050155667,16680625,0,0,1,5120,2880,2392,128,-2649,9314,0,0,0,0,0,-1,56,99913,136621,11,30008,0,0,5,276760,0,2,181818,7,10,13,49500,0,167166,36167,0,38,2921,12057500,1,0,0,0,0,0,0,31334,0,0,1,2064,0,0,0,0,0,0,6666,18792,1,50,2,2560,1440,5120,2880,2500,2,2,0,2896,0,1,2944,2944,11227541,0
1952,38066802709,16647042,0,0,1,5120,2880,2392,128,-2649,10625,0,0,0,0,0,-1,64,120121,152125,3,176,0,0,5,276328,0,2,181818,7,11,14,41667,0,144499,40625,0,45,3113,10747084,1,0,0,0,0,0,0,27250,0,0,1,2064,0,0,0,0,0,0,4292,19167,1,50,2,2560,1440,5120,2880,2500,2,2,0,2897,0,1,2945,2945,9799041,0
1953,38083180250,16377541,0,0,1,5120,2880,2392,128,-2649,9306,0,0,0,0,0,-1,55,103170,127173,3,176,0,0,5,276328,0,2,181818,7,10,13,52330,0,138168,35916,0,38,2921,11983958,1,0,0,0,0,0,0,26375,0,0,1,2064,0,0,0,0,0,0,3917,17667,1,50,2,2560,1440,5120,2880,2500,2,2,0,2898,0,1,2946,2946,11203541,0
1954,38100048625,16868375,0,0,1,5120,2880,2392,128,-2649,9306,0,0,0,0,0,-1,55,109121,148331,3,176,0,0,5,276328,0,2,181818,7,10,13,53542,0,147000,42916,0,38,2921,12464375,1,0,0,0,0,0,0,18000,0,0,1,2064,0,0,0,0,0,0,4250,10708,1,50,2,2560,1440,5120,2880,2500,2,2,0,2899,0,1,2947,2947,9747791,0
1955,38117163625,17115000,0,0,1,5120,2880,2392,128,-2649,11002,0,0,0,0,0,-1,65,131542,187210,3,176,0,0,5,276544,0,2,181818,7,11,14,50833,0,189625,44624,0,46,3180,10862459,1,0,0,0,0,0,0,21250,0,0,1,2064,0,0,0,0,0,0,3500,12917,1,50,2,2560,1440,5120,2880,2500,2,2,0,2900,0,1,2948,2948,11370416,0
1956,38133204667,16041042,0,0,1,5120,2880,2392,128,-2649,9306,0,0,0,0,0,-1,55,103879,135960,3,176,0,0,5,276544,0,2,181818,7,10,13,53665,0,133042,38498,0,38,2921,11723458,1,0,0,0,0,0,0,31416,0,0,1,2064,0,0,0,0,0,0,5500,19584,1,50,2,2560,1440,5120,2880,2500,2,2,0,2901,0,1,2949,2949,9727041,0
1957,38150049625,16844958,0,0,1,5120,2880,2392,128,-2649,9306,0,0,0,0,0,-1,55,114290,139503,3,176,0,0,5,276544,0,2,181818,7,10,13,62375,0,147000,46374,0,38,2921,12443875,1,0,0,0,0,0,0,22625,0,0,1,2064,0,0,0,0,0,0,4250,12667,1,50,2,2560,1440,5120,2880,2500,2,2,0,2902,0,1,2950,2950,11286041,0
1958,38167026250,16976625,0,0,1,5120,2880,2392,128,-2649,10515,0,0,0,0,0,-1,64,136129,167918,3,176,0,0,5,277336,0,2,181818,7,11,14,54126,0,166000,41582,0,45,3093,10864250,1,0,0,0,0,0,0,19417,0,0,1,2064,0,0,0,0,0,0,4083,11084,1,50,2,2560,1440,5120,2880,2500,2,2,0,2903,0,1,2951,2951,9820541,0
1959,38183149750,16123500,0,0,1,5120,2880,2392,128,-2649,9306,0,0,0,0,0,-1,55,96538,124876,3,176,0,0,5,277336,0,2,181818,7,10,13,51792,0,126876,38666,0,38,2921,11763458,1,0,0,0,0,0,0,31917,0,0,1,2064,0,0,0,0,0,0,5666,20334,1,50,2,2560,1440,5120,2880,2500,2,2,0,2904,0,1,2952,2952,11323416,0
1960,38199552459,16402709,0,0,1,5120,2880,2392,128,-2649,9306,0,0,0,0,0,-1,55,102288,110960,3,176,0,0,5,277444,0,2,181818,7,10,13,47748,0,116374,36210,0,38,2921,12458458,1,0,0,0,0,0,0,13417,0,0,1,2064,0,0,0,0,0,0,1833,9042,1,50,2,2560,1440,5120,2880,2500,2,2,0,2905,0,1,2953,2953,9777375,0
1961,38216515167,16962708,0,0,1,5120,2880,2392,128,-2649,10932,0,0,0,0,0,-1,65,126335,153749,3,176,0,0,5,276976,0,2,181818,7,11,14,56333,0,168249,40082,0,46,3166,11375167,1,0,0,0,0,0,0,11416,0,0,1,2064,0,0,0,0,0,0,2500,7167,1,50,2,2560,1440,5120,2880,2500,2,2,0,2906,0,1,2954,2954,11323583,0
1962,38233170250,16655083,0,0,1,5120,2880,2392,128,-2649,9306,0,0,0,0,0,-1,55,97748,133292,3,176,0,0,5,276976,0,2,181818,7,10,13,48707,0,126793,34583,0,38,2921,12363334,1,0,0,0,0,0,0,18750,0,0,1,2064,0,0,0,0,0,0,3667,11250,1,50,2,2560,1440,5120,2880,2500,2,2,0,2907,0,1,2955,2955,9809958,0
1963,38249866375,16696125,0,0,1,5120,2880,2392,128,-2649,9306,0,0,0,0,0,-1,55,107205,145546,3,176,0,0,5,276976,0,2,181818,7,10,13,58165,0,126583,41959,0,38,2921,12207875,1,0,0,0,0,0,0,20166,0,0,1,2064,0,0,0,0,0,0,4041,12167,1,50,2,2560,1440,5120,2880,2500,2,2,0,2908,0,1,2956,2956,11192999,0
1964,38267486917,17620542,0,0,1,5120,2880,2392,128,-2649,10688,0,0,0,0,0,-1,63,134587,192959,3,176,0,0,5,268768,0,2,181818,7,11,14,50125,0,152000,50210,0,44,3150,10875458,1,0,0,0,0,0,0,27666,0,0,1,2064,0,0,0,0,0,0,7083,16583,1,50,2,2560,1440,5120,2880,2500,2,2,0,2909,0,1,2957,2957,10308875,0
1965,38283047667,15560750,0,0,1,5120,2880,2392,128,-2649,9444,0,0,0,0,0,-1,54,108503,137126,3,176,0,0,5,268660,0,2,181818,7,10,13,51876,0,123917,39668,0,37,2973,11045500,1,0,0,0,0,0,0,14375,0,0,1,2064,0,0,0,0,0,0,3166,8709,1,50,2,2560,1440,5120,2880,2500,2,2,0,2910,0,1,2958,2958,11207791,0
1966,38300116750,17069083,0,0,1,5120,2880,2392,128,-2649,10340,0,0,0,0,0,-1,52,100963,116662,3,176,0,0,5,227188,0,2,181818,7,10,13,49667,0,135081,37917,0,35,3284,12405375,1,0,0,0,0,0,0,30041,0,0,1,2064,0,0,0,0,0,0,6916,17875,1,50,2,2560,1440,5120,2880,2500,2,2,0,2911,0,1,2959,2959,9776499,0
1967,38317508542,17391792,0,0,1,5120,2880,2392,128,-2649,13629,0,0,0,0,0,-1,62,118250,145082,3,176,0,0,5,220132,0,2,181818,7,11,14,57749,0,147541,39209,0,43,4094,10643875,1,0,0,0,0,0,0,16833,0,0,1,2064,0,0,0,0,0,0,3375,10500,1,50,2,2560,1440,5120,2880,2500,2,2,0,2912,0,1,2960,2960,11294625,0
1968,38334123417,16614875,0,0,1,5120,2880,2392,128,-2649,12878,0,0,0,0,0,-1,51,101789,124833,3,176,0,0,5,207056,0,2,181818,7,10,13,53165,0,147084,38709,0,34,4136,11193958,1,0,0,0,0,0,0,28333,0,0,1,2064,0,0,0,0,0,0,7458,15333,1,50,2,2560,1440,5120,2880,2500,2,2,0,2913,0,1,2961,2961,9756000,0
1969,38350905500,16782083,0,0,1,5120,2880,2392,128,-2649,14405,0,0,0,0,0,-1,51,100377,117541,3,176,0,0,5,207056,0,2,181818,7,10,13,49918,0,151209,38333,0,34,4645,11285583,1,0,0,0,0,0,0,24417,0,0,1,2064,0,0,0,0,0,0,5459,14625,1,50,2,2560,1440,5120,2880,2500,2,2,0,2914,0,1,2962,2962,11381375,0
1970,38368186917,17281417,0,0,1,5120,2880,2392,128,-2649,15724,0,0,0,0,0,-1,60,140249,184167,3,176,0,0,5,207392,0,2,181818,7,11,14,53877,0,189791,50749,0,41,4837,9881583,1,0,0,0,0,0,0,24250,0,0,1,2064,0,0,0,0,0,0,4708,14667,1,50,2,2560,1440,5120,2880,2500,2,2,0,2915,0,1,2963,2963,11539499,0
1971,38385472750,17285833,0,0,1,5120,2880,2392,128,-2649,15516,0,0,0,0,0,-1,51,129127,140879,3,176,0,0,5,207392,0,2,181818,7,10,15,128250,0,158208,65207,0,34,5013,10528084,1,0,0,0,0,0,0,24875,0,0,1,2064,0,0,0,0,0,0,6083,13625,1,50,2,2560,1440,5120,2880,2500,2,2,0,2916,0,1,2964,2964,11486041,0
1972,38402400750,16928000,0,0,1,5120,2880,2392,128,-2649,15509,0,0,0,0,0,-1,51,1058540,168080,3,176,0,0,5,207392,0,2,181818,7,10,18,139333,0,174666,325667,0,34,5013,9739750,1,0,0,0,0,0,0,31375,0,0,1,2064,0,0,0,0,0,0,5541,18042,1,50,2,2560,1440,5120,2880,2500,2,2,0,2917,0,1,2965,2965,11486041,0
1973,38420991417,18590667,0,0,1,5120,2880,2392,128,-2649,17030,0,0,0,0,0,-1,61,2387922,191084,3,176,0,0,5,207952,0,2,181818,7,11,20,144166,0,184208,1465709,0,42,5237,6774917,1,0,0,0,0,0,0,26791,0,0,1,2064,0,0,0,0,0,0,5458,17833,1,50,2,2560,1440,5120,2880,2500,2,2,0,2918,0,1,2966,2966,11612500,0
1974,38438495584,17504167,0,0,1,5120,2880,2392,128,-2649,15509,0,0,0,0,0,-1,51,3716994,158833,3,176,0,0,5,207952,0,2,181818,7,10,19,145669,0,154958,2622750,0,34,5013,7333417,1,0,0,0,0,0,0,33875,0,0,1,2064,0,0,0,0,0,0,6750,20500,1,50,2,2560,1440,5120,2880,2500,2,2,0,2919,0,1,2967,2967,11717499,0
1975,38456209500,17713916,0,0,1,5120,2880,2392,128,-2649,15509,0,0,0,0,0,-1,51,5018210,157002,3,176,0,0,5,207840,0,2,181818,7,10,19,140709,0,160790,4314376,0,34,5013,6748208,1,0,0,0,0,0,0,18333,0,0,1,2064,0,0,0,0,0,0,4166,10584,1,50,2,2560,1440,5120,2880,2500,2,2,0,2920,0,1,2968,2968,11584666,0
1976,38483507709,27298209,0,0,1,5120,2880,2392,128,-2649,16728,0,0,0,0,0,-1,59,311294,165295,3,176,0,0,5,208288,0,2,181818,7,11,16,1793,0,160833,33417,0,41,5185,20720209,1,0,0,0,0,0,0,13666,0,0,1,2064,0,0,0,0,0,0,3083,8417,1,50,2,2560,1440,5120,2880,2500,2,2,0,2921,0,1,2969,2969,11412124,0
1977,38501068250,17560541,0,0,1,5120,2880,2392,128,-2649,15509,0,0,0,0,0,-1,51,112874,148541,3,176,0,0,5,202884,0,2,181818,7,10,12,51873,0,170292,39376,0,34,5013,11814375,1,0,0,0,0,0,0,23084,0,0,1,2064,0,0,0,0,0,0,4417,14375,1,50,2,2560,1440,5120,2880,2500,2,2,0,2922,0,1,2970,2970,11492124,0
1978,38518350417,17282167,0,0,1,5120,2880,2392,128,-2649,17354,0,0,0,0,0,-1,61,151001,185040,3,176,0,0,5,202996,0,2,181818,7,11,15,70500,0,184123,57124,0,42,5301,9526000,1,0,0,0,0,0,0,25208,0,0,1,2064,0,0,0,0,0,0,3500,16584,1,50,2,2560,1440,5120,2880,2500,2,2,0,2923,0,1,2971,2971,11560999,0
1979,38535302750,16952333,0,0,1,5120,2880,2392,128,-2649,15517,0,0,0,0,0,-1,51,909334,144290,3,176,0,0,5,202884,0,2,181818,7,10,15,129667,0,153084,142543,0,34,5013,10451750,1,0,0,0,0,0,0,27500,0,0,1,2064,0,0,0,0,0,0,5000,18000,1,50,2,2560,1440,5120,2880,2500,2,2,0,2924,0,1,2972,2972,11560999,0
1980,38553192292,17889542,0,0,1,5120,2880,2392,128,-2649,17024,0,0,0,0,0,-1,51,1426003,144710,3,176,0,0,5,202772,0,2,181818,7,10,19,143462,0,154042,716250,0,34,5518,9893584,1,0,0,0,0,0,0,26250,0,0,1,2064,0,0,0,0,0,0,6291,15792,1,50,2,2560,1440,5120,2880,2500,2,2,0,2925,0,1,2973,2973,11487749,0
1981,38572400334,19208042,0,0,1,5120,2880,2392,128,-2649,19166,0,0,0,0,0,-1,60,3019122,209709,3,176,0,0,5,195212,0,2,181818,7,11,20,146960,0,181750,609916,0,41,6001,6953500,1,0,0,0,0,0,0,21333,0,0,1,2064,0,0,0,0,0,0,3584,13375,1,50,2,2560,1440,5120,2880,2500,2,2,0,2926,0,1,2974,2974,11631791,0
1982,38590715500,18315166,0,0,1,5120,2880,2392,128,-2649,17957,0,0,0,0,0,-1,51,6930752,137497,3,176,0,0,5,195100,0,2,181818,7,10,19,138833,0,147458,6200792,0,34,5829,5969625,1,0,0,0,0,0,0,15167,0,0,1,2064,0,0,0,0,0,0,3000,9667,1,50,2,2560,1440,5120,2880,2500,2,2,0,2927,0,1,2975,2975,9916125,0
1983,38617752209,27036709,0,0,1,5120,2880,2392,128,-2649,19071,0,0,0,0,0,-1,50,122499,156708,3,176,0,0,5,202016,0,2,181818,7,10,15,1542,0,161167,39041,0,34,6197,20386250,1,0,0,0,0,0,0,18375,0,0,1,2064,0,0,0,0,0,0,4541,10667,1,50,2,2560,1440,5120,2880,2500,2,2,0,2928,0,1,2976,2976,9624041,0
1984,38635866042,18113833,0,0,1,5120,2880,2391,128,-2649,20583,0,0,0,0,0,-1,61,167167,203458,3,176,0,0,5,202016,0,2,181818,7,11,15,116082,0,180918,64708,0,42,6420,9512625,1,0,0,0,0,0,0,19583,0,0,1,2064,0,0,0,0,0,0,4333,12417,1,50,2,2560,1440,5120,2880,2500,2,2,0,2929,0,1,2977,2977,11671458,0
1985,38654673959,18807917,0,0,1,5120,2880,2391,128,-2649,19061,0,0,0,0,0,-1,51,2198964,203919,3,176,0,0,5,201904,0,2,181818,7,10,17,125375,0,161667,1346376,0,34,6197,9446208,1,0,0,0,0,0,0,36958,0,0,1,2064,0,0,0,0,0,0,7333,21417,1,50,2,2560,1440,5120,2880,2500,2,2,0,2930,0,1,2978,2978,11671458,0
1986,38674629917,19955958,0,0,1,5120,2880,2391,128,-2648,21790,0,0,0,0,0,-1,60,5129500,194416,3,176,0,0,5,202576,0,2,181818,7,11,20,146502,0,219459,556001,0,41,6859,5146958,1,0,0,0,0,0,0,21292,0,0,1,2064,0,0,0,0,0,0,2833,12333,1,50,2,2560,1440,5120,2880,2500,2,2,0,2931,0,1,2979,2979,9825791,0
1987,38700573750,25943833,0,0,1,5120,2880,2391,128,-2648,21432,0,0,0,0,0,-1,50,105167,120788,3,176,0,0,5,202576,0,2,181818,7,10,15,2000,0,135790,34249,0,34,6984,20408958,1,0,0,0,0,0,0,13916,0,0,1,2064,0,0,0,0,0,0,2834,8333,1,50,2,2560,1440,5120,2880,2500,2,2,0,2932,0,1,2980,2980,9636000,0
1988,38719951750,19378000,0,0,1,5120,2880,2391,128,-2648,22981,0,0,0,0,0,-1,61,357495,182499,3,176,0,0,5,203136,0,2,181818,7,11,15,142708,0,191000,59458,0,42,7214,10229709,1,0,0,0,0,0,0,30375,0,0,1,2064,0,0,0,0,0,0,5875,18083,1,50,2,2560,1440,5120,2880,2500,2,2,0,2933,0,1,2981,2981,12118625,0
1989,38740408417,20456667,0,0,1,5120,2880,2391,128,-2648,21422,0,0,0,0,0,-1,51,5132957,165164,3,176,0,0,5,203248,0,2,181818,7,10,19,127708,0,152167,3971666,0,34,6984,8437833,1,0,0,0,0,0,0,24083,0,0,1,2064,0,0,0,0,0,0,4167,15417,1,50,2,2560,1440,5120,2880,2500,2,2,0,2934,0,1,2982,2982,12118625,0
1990,38767126792,26718375,0,0,1,5120,2880,2391,128,-2648,22200,0,0,0,0,0,-1,50,109169,112789,3,176,0,0,5,211004,0,2,181818,7,10,15,1584,0,134125,31457,0,34,7240,21703166,1,0,0,0,0,0,0,16125,0,0,1,2064,0,0,0,0,0,0,3875,9000,1,50,2,2560,1440,5120,2880,2500,2,2,0,2935,0,1,2983,2983,11969499,0
1991,38786750209,19623417,0,0,1,5120,2880,2391,128,-2648,23442,0,0,0,0,0,-1,60,756706,179751,3,176,0,0,5,217164,0,2,181818,7,11,15,138959,0,173377,316417,0,41,7417,9979708,1,0,0,0,0,0,0,34000,0,0,1,2064,0,0,0,0,0,0,4375,23000,1,50,2,2560,1440,5120,2880,2500,2,2,0,2936,0,1,2984,2984,12144333,0
1992,38807227167,20476958,0,0,1,5120,2880,2391,128,-2648,22190,0,0,0,0,0,-1,51,5575501,144128,3,176,0,0,5,229260,0,2,181818,7,10,19,133042,0,150667,4856291,0,34,7240,8692208,1,0,0,0,0,0,0,14125,0,0,1,2064,0,0,0,0,0,0,2750,8709,1,50,2,2560,1440,5120,2880,2500,2,2,0,2937,0,1,2985,2985,12144333,0
1993,38863875750,56648583,0,0,1,5120,2880,2391,128,-2647,23833,0,0,0,0,0,-1,61,479712,168129,3,176,0,0,5,228700,0,2,181818,7,11,16,1500,0,135541,27751,0,43,7485,19626292,1,0,0,0,0,0,0,14833,0,0,1,2064,0,0,0,0,0,0,3250,8750,1,50,2,2560,1440,5120,2880,2500,2,2,0,2938,0,1,2986,2986,12010291,0
1994,38919892375,56016625,0,0,1,5120,2880,2391,129,-2647,23426,0,0,0,0,0,-1,62,47809419,181581,11,15404,0,0,5,228476,0,2,181818,7,11,15,137834,0,185709,108251,0,42,7413,11875,1,0,0,0,0,0,0,16208,0,0,1,2064,0,0,0,0,0,0,3708,8792,1,50,2,2560,1440,5120,2880,2500,2,2,0,2939,0,1,2987,2987,12010291,0
1995,38952216125,32323750,0,0,1,5120,2880,2391,129,-2647,23904,0,0,0,0,0,-1,63,6723915,231624,5,1028,0,0,5,201680,0,2,181818,7,11,18,49209,0,178917,49166,0,43,7499,17104375,1,0,0,0,0,0,0,35166,0,0,1,2064,0,0,0,0,0,0,6959,21208,1,50,2,2560,1440,5120,2880,2500,2,2,0,2940,0,1,2988,2988,11964625,0
1996,38971544250,19328125,0,0,1,5120,2880,2391,129,-2647,22964,0,0,0,0,0,-1,61,788460,207251,3,176,0,0,5,209324,0,2,181818,7,11,16,155377,0,197708,53626,0,42,7245,8479375,1,0,0,0,0,0,0,35917,0,0,1,2064,0,0,0,0,0,0,8917,19708,1,50,2,2560,1440,5120,2880,2500,2,2,0,2941,0,1,2989,2989,11964625,0
1997,38991890667,20346417,0,0,1,5120,2880,2391,129,-2647,21031,0,0,0,0,0,-1,52,7471958,167081,3,176,0,0,5,202212,0,2,181818,7,10,19,137417,0,164917,42832,0,35,6851,6562333,1,0,0,0,0,0,0,17208,0,0,1,2064,0,0,0,0,0,0,3916,9459,1,50,2,2560,1440,5120,2880,2500,2,2,0,2942,0,1,2990,2990,12184666,0
1998,39017838459,25947792,0,0,1,5120,2880,2391,129,-2647,17736,0,0,0,0,0,-1,51,118915,125831,3,176,0,0,5,227832,0,2,181818,7,10,15,1791,0,141626,33999,0,35,5747,19397125,1,0,0,0,0,0,0,15375,0,0,1,2064,0,0,0,0,0,0,3500,9000,1,50,2,2560,1440,5120,2880,2500,2,2,0,2943,0,1,2991,2991,11954249,0
1999,39035622459,17784000,0,0,1,5120,2880,2391,129,-2647,15143,0,0,0,0,0,-1,62,494038,171910,3,176,0,0,5,251716,0,2,181818,7,11,15,145874,0,165084,47542,0,43,4596,9600417,1,0,0,0,0,0,0,26084,0,0,1,2064,0,0,0,0,0,0,4250,16250,1,50,2,2560,1440,5120,2880,2500,2,2,0,2944,0,1,2992,2992,11894416,0
2000,39052933750,17311291,0,0,1,5120,2880,2391,129,-2647,10086,0,0,0,0,0,-1,55,2265372,172958,3,176,0,0,5,274816,0,2,181818,7,10,19,146958,0,149832,46417,0,38,3184,9379250,1,0,0,0,0,0,0,30416,0,0,1,2064,0,0,0,0,0,0,6000,17959,1,50,2,2560,1440,5120,2880,2500,2,2,0,2945,0,1,2993,2993,11894416,0
2001,39068404292,15470542,0,0,1,5120,2880,2392,129,-2646,10219,0,0,0,0,0,-1,68,1102420,197126,3,176,0,0,5,299152,0,2,181818,7,11,20,110916,0,185082,272500,0,49,2974,6906167,1,0,0,0,0,0,0,29041,0,0,1,2064,0,0,0,0,0,0,5459,16666,1,50,2,2560,1440,5120,2880,2500,2,2,0,2946,0,1,2994,2994,9843041,0
2002,39084926500,16522208,0,0,1,5120,2880,2392,129,-2646,8328,0,0,0,0,0,-1,61,149668,187083,3,176,0,0,5,402400,0,2,181818,7,10,15,54623,0,184667,50000,0,44,2565,10317000,1,0,0,0,0,0,0,29833,0,0,1,2064,0,0,0,0,0,0,7167,17083,1,50,2,2560,1440,5120,2880,2500,2,2,0,2947,0,1,2995,2995,11451708,0
2003,39101117125,16190625,0,0,1,5120,2880,2392,129,-2646,7166,0,0,0,0,0,-1,59,157205,187668,3,176,0,0,5,392104,0,2,181818,7,10,13,62709,0,172915,51584,0,42,2193,10525417,1,0,0,0,0,0,0,41208,0,0,1,2064,0,0,0,0,0,0,7041,28708,1,50,2,2560,1440,5120,2880,2500,2,2,0,2948,0,1,2996,2996,10011166,0
2004,39117516209,16399084,0,0,1,5120,2880,2392,129,-2646,8254,0,0,0,0,0,-1,70,146419,189206,4,692,0,0,5,391888,0,2,181818,7,11,14,53168,0,194751,43294,0,50,2255,9627375,1,0,0,0,0,0,0,21666,0,0,1,2064,0,0,0,0,0,0,5792,10500,1,50,2,2560,1440,5120,2880,2500,2,2,0,2949,0,1,2997,2997,11454499,0
2005,39133592292,16076083,0,0,1,5120,2880,2392,129,-2646,6463,0,0,0,0,0,-1,58,122336,148669,3,176,0,0,5,391672,0,2,181818,7,10,11,1002,0,157251,44542,0,42,1961,11155708,1,0,0,0,0,0,0,39875,0,0,1,2064,0,0,0,0,0,0,9459,21125,1,50,2,2560,1440,5120,2880,2500,2,2,0,2950,0,1,2998,2998,9951250,0
2006,39150025042,16432750,0,0,1,5120,2880,2392,129,-2646,6430,0,0,0,0,0,-1,58,121247,173083,3,176,0,0,5,403876,0,2,181818,7,10,10,1082,0,134709,29041,0,42,1951,11907250,1,0,0,0,0,0,0,39167,0,0,1,2064,0,0,0,0,0,0,8542,22791,1,50,2,2560,1440,5120,2880,2500,2,2,0,2951,0,1,2999,2999,11164583,0
2007,39166525542,16500500,0,0,1,5120,2880,2392,128,-2646,7669,0,0,0,0,0,-1,67,143546,150043,3,176,0,0,5,416548,0,2,181818,7,11,11,916,0,137499,33624,0,49,2133,10861000,1,0,0,0,0,0,0,39500,0,0,1,2064,0,0,0,0,0,0,5292,24542,1,50,2,2560,1440,5120,2880,2500,2,2,0,2952,0,1,3000,3000,9972541,0
2008,39183103709,16578167,0,0,1,5120,2880,2392,128,-2646,6429,0,0,0,0,0,-1,59,126745,139955,5,46096,0,0,5,416548,0,2,181818,7,10,10,1000,0,144376,29166,0,42,1950,12218958,1,0,0,0,0,0,0,46750,0,0,1,2064,0,0,0,0,0,0,9750,26834,1,50,2,2560,1440,5120,2880,2500,2,2,0,2953,0,1,3001,3001,11234791,0
2009,39199692042,16588333,0,0,1,5120,2880,2392,128,-2646,6397,0,0,0,0,0,-1,58,119917,139460,3,176,0,0,5,423244,0,2,181818,7,10,10,1127,0,135791,30127,0,42,1940,12398375,1,0,0,0,0,0,0,15625,0,0,1,2064,0,0,0,0,0,0,3500,9209,1,50,2,2560,1440,5120,2880,2500,2,2,0,2954,0,1,3002,3002,11174333,0
2010,39216106334,16414292,0,0,1,5120,2880,2392,128,-2646,7928,0,0,0,0,0,-1,68,141332,177748,3,176,0,0,5,423676,0,2,181818,7,11,11,1083,0,189543,29084,0,50,2166,11109959,1,0,0,0,0,0,0,31459,0,0,1,2064,0,0,0,0,0,0,4625,19792,1,50,2,2560,1440,5120,2880,2500,2,2,0,2955,0,1,3003,3003,11142750,0
2011,39232375709,16269375,0,0,1,5120,2880,2392,128,-2646,6397,0,0,0,0,0,-1,58,111710,126539,3,176,0,0,5,423676,0,2,181818,7,10,10,751,0,130460,26709,0,42,1940,12729667,1,0,0,0,0,0,0,31500,0,0,1,2064,0,0,0,0,0,0,3208,24500,1,50,2,2560,1440,5120,2880,2500,2,2,0,2956,0,1,3004,3004,10935333,0
2012,39248975625,16599916,0,0,1,5120,2880,2392,128,-2646,6397,0,0,0,0,0,-1,58,122214,144918,3,176,0,0,5,423568,0,2,181818,7,10,10,749,0,140167,29540,0,42,1940,13307166,1,0,0,0,0,0,0,12625,0,0,1,2064,0,0,0,0,0,0,2750,7916,1,50,2,2560,1440,5120,2880,2500,2,2,0,2957,0,1,3005,3005,9950999,0
2013,39265869917,16894292,0,0,1,5120,2880,2392,128,-2646,7751,0,0,0,0,0,-1,67,131540,169837,3,176,0,0,5,423460,0,2,181818,7,11,11,916,0,155541,30333,0,49,2137,12004125,1,0,0,0,0,0,0,14750,0,0,1,2064,0,0,0,0,0,0,2250,10125,1,50,2,2560,1440,5120,2880,2500,2,2,0,2958,0,1,3006,3006,11137541,0
2014,39282769000,16899083,0,0,1,5120,2880,2392,128,-2646,6397,0,0,0,0,0,-1,58,129916,178288,3,176,0,0,5,423460,0,2,181818,7,10,10,959,0,152792,32626,0,42,1940,13065333,1,0,0,0,0,0,0,16375,0,0,1,2064,0,0,0,0,0,0,3750,9958,1,50,2,2560,1440,5120,2880,2500,2,2,0,2959,0,1,3007,3007,9918875,0
2015,39299074500,16305500,0,0,1,5120,2880,2392,128,-2646,6397,0,0,0,0,0,-1,58,109499,138334,3,176,0,0,5,423460,0,2,181818,7,10,10,959,0,147875,29542,0,42,1940,12890125,1,0,0,0,0,0,0,11792,0,0,1,2064,0,0,0,0,0,0,2250,7833,1,50,2,2560,1440,5120,2880,2500,2,2,0,2960,0,1,3008,3008,11124249,0
2016,39315825792,16751292,0,0,1,5120,2880,2392,128,-2646,8072,0,0,0,0,0,-1,67,143165,153838,3,176,0,0,5,415216,0,2,181818,7,11,11,1041,0,145293,30250,0,49,2198,11747292,1,0,0,0,0,0,0,13625,0,0,1,2064,0,0,0,0,0,0,3000,7958,1,50,2,2560,1440,5120,2880,2500,2,2,0,2961,0,1,3009,3009,9914249,0
2017,39332073917,16248125,0,0,1,5120,2880,2392,128,-2646,6376,0,0,0,0,0,-1,57,101204,121457,3,176,0,0,5,415216,0,2,181818,7,10,10,959,0,127209,29498,0,41,1939,13170125,1,0,0,0,0,0,0,10917,0,0,1,2064,0,0,0,0,0,0,2458,7333,1,50,2,2560,1440,5120,2880,2500,2,2,0,2962,0,1,3010,3010,11193583,0
2018,39348286792,16212875,0,0,1,5120,2880,2392,128,-2646,6376,0,0,0,0,0,-1,57,91833,114166,3,176,0,0,5,415216,0,2,181818,7,10,10,748,0,111459,24708,0,41,1939,13680833,1,0,0,0,0,0,0,9791,0,0,1,2064,0,0,0,0,0,0,1792,6667,1,50,2,2560,1440,5120,2880,2500,2,2,0,2963,0,1,3011,3011,11187875,0
2019,39365251750,16964958,0,0,1,5120,2880,2392,128,-2646,7585,0,0,0,0,0,-1,66,124250,142417,3,176,0,0,5,414676,0,2,181818,7,11,11,1332,0,131375,25458,0,48,2111,12741125,1,0,0,0,0,0,0,14958,0,0,1,2064,0,0,0,0,0,0,2625,9458,1,50,2,2560,1440,5120,2880,2500,2,2,0,2964,0,1,3012,3012,11288666,0
2020,39381651334,16399584,0,0,1,5120,2880,2392,128,-2646,6376,0,0,0,0,0,-1,57,93456,118082,3,176,0,0,5,414676,0,2,181818,7,10,10,875,0,113082,25167,0,41,1939,13722916,1,0,0,0,0,0,0,12084,0,0,1,2064,0,0,0,0,0,0,2333,7875,1,50,2,2560,1440,5120,2880,2500,2,2,0,2965,0,1,3013,3013,11161958,0
2021,39398156500,16505166,0,0,1,5120,2880,2392,128,-2646,6376,0,0,0,0,0,-1,57,103170,117706,3,176,0,0,5,414676,0,2,181818,7,10,10,623,0,120124,31708,0,41,1939,14087000,1,0,0,0,0,0,0,9583,0,0,1,2064,0,0,0,0,0,0,1459,6458,1,50,2,2560,1440,5120,2880,2500,2,2,0,2966,0,1,3014,3014,11057249,0
2022,39415222917,17066417,0,0,1,5120,2880,2392,128,-2645,8012,0,0,0,0,0,-1,67,124086,133627,3,176,0,0,5,414892,0,2,181818,7,11,11,1168,0,142917,26542,0,49,2186,12910541,1,0,0,0,0,0,0,13042,0,0,1,2064,0,0,0,0,0,0,2375,9084,1,50,2,2560,1440,5120,2880,2500,2,2,0,2967,0,1,3015,3015,11145875,0
2023,39431802625,16579708,0,0,1,5120,2880,2392,128,-2645,6376,0,0,0,0,0,-1,57,105457,121744,3,176,0,0,5,414784,0,2,181818,7,10,10,667,0,116208,28376,0,41,1939,13811500,1,0,0,0,0,0,0,13750,0,0,1,2064,0,0,0,0,0,0,3125,8334,1,50,2,2560,1440,5120,2880,2500,2,2,0,2968,0,1,3016,3016,9861041,0
2024,39448275334,16472709,0,0,1,5120,2880,2392,128,-2645,6379,0,0,0,0,0,-1,58,90375,108631,6,2444,0,0,5,414784,0,2,181818,7,10,10,791,0,128503,24625,0,41,1939,13906666,1,0,0,0,0,0,0,10917,0,0,1,2064,0,0,0,0,0,0,2042,7458,1,50,2,2560,1440,5120,2880,2500,2,2,0,2969,0,1,3017,3017,10984124,0
2025,39465331917,17056583,0,0,1,5120,2880,2392,128,-2645,7585,0,0,0,0,0,-1,66,126538,147329,3,176,0,0,5,414676,0,2,181818,7,11,11,749,0,131416,28625,0,48,2111,12892459,1,0,0,0,0,0,0,13209,0,0,1,2064,0,0,0,0,0,0,2333,8709,1,50,2,2560,1440,5120,2880,2500,2,2,0,2970,0,1,3018,3018,9862874,0
2026,39481639209,16307292,0,0,1,5120,2880,2392,128,-2645,6376,0,0,0,0,0,-1,57,93545,118417,3,176,0,0,5,414676,0,2,181818,7,10,10,749,0,112334,23292,0,41,1939,13660250,1,0,0,0,0,0,0,12333,0,0,1,2064,0,0,0,0,0,0,2084,8291,1,50,2,2560,1440,5120,2880,2500,2,2,0,2971,0,1,3019,3019,11099541,0
2027,39498697667,17058458,0,0,1,5120,2880,2392,128,-2645,6376,0,0,0,0,0,-1,57,113045,125998,3,176,0,0,5,414676,0,2,181818,7,10,10,917,0,118874,27126,0,41,1939,13909667,1,0,0,0,0,0,0,15333,0,0,1,2064,0,0,0,0,0,0,3333,8625,1,50,2,2560,1440,5120,2880,2500,2,2,0,2972,0,1,3020,3020,9849333,0
2028,39515398417,16700750,0,0,1,5120,2880,2392,128,-2645,7952,0,0,0,0,0,-1,67,126376,146956,3,176,0,0,5,414532,0,2,181818,7,11,11,668,0,141584,28752,0,49,2174,12263375,1,0,0,0,0,0,0,12583,0,0,1,2064,0,0,0,0,0,0,2125,8334,1,50,2,2560,1440,5120,2880,2500,2,2,0,2973,0,1,3021,3021,11168375,0
2029,39532034584,16636167,0,0,1,5120,2880,2392,128,-2645,6229,0,0,0,0,0,-1,57,96420,123295,3,176,0,0,5,414532,0,2,181818,7,10,10,791,0,122374,24625,0,41,1890,13443041,1,0,0,0,0,0,0,12750,0,0,1,2064,0,0,0,0,0,0,2500,8291,1,50,2,2560,1440,5120,2880,2500,2,2,0,2974,0,1,3022,3022,10951708,0
2030,39548682250,16647666,0,0,1,5120,2880,2392,128,-2645,6217,0,0,0,0,0,-1,57,102744,112081,3,176,0,0,5,407332,0,2,181818,7,10,10,584,0,120584,25251,0,41,1886,13575084,1,0,0,0,0,0,0,12708,0,0,1,2064,0,0,0,0,0,0,2666,7500,1,50,2,2560,1440,5120,2880,2500,2,2,0,2975,0,1,3023,3023,11221958,0
2031,39565644459,16962209,0,0,1,5120,2880,2392,128,-2645,7557,0,0,0,0,0,-1,67,127120,143752,3,176,0,0,5,414964,0,2,181818,7,11,11,1374,0,134832,26000,0,49,2079,12446833,1,0,0,0,0,0,0,14459,0,0,1,2064,0,0,0,0,0,0,3375,8458,1,50,2,2560,1440,5120,2880,2500,2,2,0,2976,0,1,3024,3024,11282625,0
2032,39582297209,16652750,0,0,1,5120,2880,2392,128,-2645,6253,0,0,0,0,0,-1,58,101623,117465,3,176,0,0,5,420904,0,2,181818,7,10,10,1292,0,117209,26500,0,42,1892,13139584,1,0,0,0,0,0,0,12916,0,0,1,2064,0,0,0,0,0,0,2625,8333,1,50,2,2560,1440,5120,2880,2500,2,2,0,2977,0,1,3025,3025,11232249,0
2033,39598643375,16346166,0,0,1,5120,2880,2392,128,-2645,6253,0,0,0,0,0,-1,58,96707,110631,3,176,0,0,5,420796,0,2,181818,7,10,10,581,0,120043,25418,0,42,1892,13203375,1,0,0,0,0,0,0,12041,0,0,1,2064,0,0,0,0,0,0,2875,6959,1,50,2,2560,1440,5120,2880,2500,2,2,0,2978,0,1,3026,3026,11145333,0
2034,39616038667,17395292,0,0,1,5120,2880,2392,128,-2645,7803,0,0,0,0,0,-1,68,130209,151040,3,176,0,0,5,421120,0,2,181818,7,11,11,1041,0,147459,29583,0,50,2126,12378542,1,0,0,0,0,0,0,14333,0,0,1,2064,0,0,0,0,0,0,3083,8667,1,50,2,2560,1440,5120,2880,2500,2,2,0,2979,0,1,3027,3027,9915375,0
2035,39632719792,16681125,0,0,1,5120,2880,2392,128,-2645,6308,0,0,0,0,0,-1,59,126211,125920,3,176,0,0,5,429904,0,2,181818,7,10,10,834,0,124208,28958,0,43,1904,12761875,1,0,0,0,0,0,0,19625,0,0,1,2064,0,0,0,0,0,0,4709,11833,1,50,2,2560,1440,5120,2880,2500,2,2,0,2980,0,1,3028,3028,10928583,0
2036,39649180167,16460375,0,0,1,5120,2880,2392,128,-2645,6308,0,0,0,0,0,-1,59,110083,129167,3,176,0,0,5,429904,0,2,181818,7,10,10,1292,0,126708,28417,0,43,1904,12837042,1,0,0,0,0,0,0,15625,0,0,1,2064,0,0,0,0,0,0,2917,8833,1,50,2,2560,1440,5120,2880,2500,2,2,0,2981,0,1,3029,3029,9980500,0
2037,39665995459,16815292,0,0,1,5120,2880,2392,128,-2645,7712,0,0,0,0,0,-1,68,117957,137417,3,176,0,0,5,429544,0,2,181818,7,11,11,876,0,132791,26209,0,50,2141,11741083,1,0,0,0,0,0,0,12375,0,0,1,2064,0,0,0,0,0,0,2667,7833,1,50,2,2560,1440,5120,2880,2500,2,2,0,2982,0,1,3030,3030,11368166,0
2038,39682833834,16838375,0,0,1,5120,2880,2392,128,-2645,6608,0,0,0,0,0,-1,59,114047,139371,3,176,0,0,5,438184,0,2,181818,7,10,10,542,0,115834,28501,0,43,2004,12796042,1,0,0,0,0,0,0,12333,0,0,1,2064,0,0,0,0,0,0,2459,8084,1,50,2,2560,1440,5120,2880,2500,2,2,0,2983,0,1,3031,3031,11287083,0
2039,39699276709,16442875,0,0,1,5120,2880,2392,128,-2645,6740,0,0,0,0,0,-1,59,98212,121759,3,176,0,0,5,441532,0,2,181818,7,10,10,1206,0,125167,28167,0,43,2048,12638208,1,0,0,0,0,0,0,35125,0,0,1,2064,0,0,0,0,0,0,7083,19167,1,50,2,2560,1440,5120,2880,2500,2,2,0,2984,0,1,3032,3032,11326000,0
2040,39716251459,16974750,0,0,1,5120,2880,2392,128,-2645,8635,0,0,0,0,0,-1,69,120832,153747,3,176,0,0,5,428464,0,2,181818,7,11,11,1210,0,135000,30833,0,51,2360,11653833,1,0,0,0,0,0,0,35000,0,0,1,2064,0,0,0,0,0,0,5166,22209,1,50,2,2560,1440,5120,2880,2500,2,2,0,2985,0,1,3033,3033,11335916,0
2041,39732634792,16383333,0,0,1,5120,2880,2392,128,-2645,7085,0,0,0,0,0,-1,59,97666,125624,3,176,0,0,5,428788,0,2,181818,7,10,10,583,0,116624,24666,0,43,2163,12601750,1,0,0,0,0,0,0,37541,0,0,1,2064,0,0,0,0,0,0,7500,23583,1,50,2,2560,1440,5120,2880,2500,2,2,0,2986,0,1,3034,3034,9958874,0
2042,39749365000,16730208,0,0,1,5120,2880,2392,128,-2645,7220,0,0,0,0,0,-1,59,95457,115707,3,176,0,0,5,428788,0,2,181818,7,10,10,960,0,122375,27251,0,43,2208,12892708,1,0,0,0,0,0,0,38083,0,0,1,2064,0,0,0,0,0,0,6792,20750,1,50,2,2560,1440,5120,2880,2500,2,2,0,2987,0,1,3035,3035,11426166,0
2043,39766680709,17315709,0,0,1,5120,2880,2392,128,-2645,8638,0,0,0,0,0,-1,68,134130,157630,3,176,0,0,5,429256,0,2,181818,7,11,11,708,0,141958,32460,0,50,2443,11232000,1,0,0,0,0,0,0,41458,0,0,1,2064,0,0,0,0,0,0,8708,25250,1,50,2,2560,1440,5120,2880,2500,2,2,0,2988,0,1,3036,3036,10053625,0
2044,39783151959,16471250,0,0,1,5120,2880,2392,128,-2645,7424,0,0,0,0,0,-1,59,112753,143458,3,176,0,0,5,429256,0,2,181818,7,10,10,2084,0,144375,27667,0,43,2276,12089166,1,0,0,0,0,0,0,30833,0,0,1,2064,0,0,0,0,0,0,7416,17875,1,50,2,2560,1440,5120,2880,2500,2,2,0,2989,0,1,3037,3037,11436999,0
2045,39799699584,16547625,0,0,1,5120,2880,2392,128,-2645,7547,0,0,0,0,0,-1,59,107747,133543,3,176,0,0,5,437896,0,2,181818,7,10,10,3457,0,126500,31667,0,43,2317,12412250,1,0,0,0,0,0,0,26292,0,0,1,2064,0,0,0,0,0,0,4042,17084,1,50,2,2560,1440,5120,2880,2500,2,2,0,2990,0,1,3038,3038,9958250,0
2046,39816207042,16507458,0,0,1,5120,2880,2392,128,-2646,9063,0,0,0,0,0,-1,69,130089,159414,3,176,0,0,5,438112,0,2,181818,7,11,11,4084,0,157335,32042,0,51,2540,11205375,1,0,0,0,0,0,0,19334,0,0,1,2064,0,0,0,0,0,0,3000,13625,1,50,2,2560,1440,5120,2880,2500,2,2,0,2991,0,1,3039,3039,11410333,0
2047,39832841875,16634833,0,0,1,5120,2880,2392,128,-2646,7589,0,0,0,0,0,-1,61,104918,126204,3,176,0,0,5,448588,0,2,181818,7,10,10,792,0,139918,28208,0,45,2319,12664500,1,0,0,0,0,0,0,28625,0,0,1,2064,0,0,0,0,0,0,5542,16750,1,50,2,2560,1440,5120,2880,2500,2,2,0,2992,0,1,3040,3040,11448541,0
2048,39849679250,16837375,0,0,1,5120,2880,2392,128,-2646,7916,0,0,0,0,0,-1,61,104330,127121,3,176,0,0,5,454744,0,2,181818,7,10,10,1126,0,137041,27042,0,45,2428,12693750,1,0,0,0,0,0,0,31333,0,0,1,2064,0,0,0,0,0,0,6542,19583,1,50,2,2560,1440,5120,2880,2500,2,2,0,2993,0,1,3041,3041,11437874,0
2049,39866720667,17041417,0,0,1,5120,2880,2392,128,-2646,9277,0,0,0,0,0,-1,70,135497,181499,3,176,0,0,5,454312,0,2,181818,7,11,11,2375,0,177042,29249,0,52,2634,11208959,1,0,0,0,0,0,0,22292,0,0,1,2064,0,0,0,0,0,0,4167,12875,1,50,2,2560,1440,5120,2880,2500,2,2,0,2994,0,1,3042,3042,11461874,0
2050,39883594209,16873542,0,0,1,5120,2880,2392,128,-2646,7963,0,0,0,0,0,-1,62,129421,169914,3,176,0,0,5,462916,0,2,181818,7,10,11,53751,0,158792,60793,0,45,2442,12119292,1,0,0,0,0,0,0,29833,0,0,1,2064,0,0,0,0,0,0,3459,19584,1,50,2,2560,1440,5120,2880,2500,2,2,0,2995,0,1,3043,3043,10124166,0
2051,39900542375,16948166,0,0,1,5120,2880,2392,128,-2646,7718,0,0,0,0,0,-1,61,133625,156087,3,176,0,0,5,455176,0,2,181818,7,10,11,1752,0,146792,41834,0,45,2361,11933500,1,0,0,0,0,0,0,39542,0,0,1,2064,0,0,0,0,0,0,8000,22208,1,50,2,2560,1440,5120,2880,2500,2,2,0,2996,0,1,3044,3044,11616624,0
2052,39917067084,16524709,0,0,1,5120,2880,2392,128,-2646,9275,0,0,0,0,0,-1,72,151586,198088,3,176,0,0,5,447724,0,2,181818,7,11,13,55625,0,155041,44125,0,53,2591,10332416,1,0,0,0,0,0,0,33583,0,0,1,2064,0,0,0,0,0,0,6125,19250,1,50,2,2560,1440,5120,2880,2500,2,2,0,2997,0,1,3045,3045,10313499,0
2053,39933896084,16829000,0,0,1,5120,2880,2392,128,-2646,7998,0,0,0,0,0,-1,62,116414,153039,3,176,0,0,5,447724,0,2,181818,7,10,12,27666,0,135459,48294,0,45,2453,11741041,1,0,0,0,0,0,0,38375,0,0,1,2064,0,0,0,0,0,0,7291,21750,1,50,2,2560,1440,5120,2880,2500,2,2,0,2998,0,1,3046,3046,11497250,0
2054,39951120125,17224041,0,0,1,5120,2880,2392,128,-2646,8000,0,0,0,0,0,-1,62,135417,188038,3,176,0,0,5,447724,0,2,181818,7,10,12,68915,0,136417,60083,0,45,2453,11723291,1,0,0,0,0,0,0,40208,0,0,1,2064,0,0,0,0,0,0,8666,23166,1,50,2,2560,1440,5120,2880,2500,2,2,0,2999,0,1,3047,3047,11723833,0
2055,39967892334,16772209,0,0,1,5120,2880,2392,128,-2646,9209,0,0,0,0,0,-1,71,173158,220634,3,176,0,0,5,447616,0,2,181818,7,11,14,61165,0,174166,41042,0,52,2625,9865292,1,0,0,0,0,0,0,36083,0,0,1,2064,0,0,0,0,0,0,6834,21750,1,50,2,2560,1440,5120,2880,2500,2,2,0,3000,0,1,3048,3048,10251083,0
2056,39983646000,15753666,0,0,1,5120,2880,2392,128,-2646,8000,0,0,0,0,0,-1,62,118498,152999,3,176,0,0,5,447616,0,2,181818,7,10,13,53168,0,134126,36958,0,45,2453,10639667,1,0,0,0,0,0,0,15833,0,0,1,2064,0,0,0,0,0,0,3041,9083,1,50,2,2560,1440,5120,2880,2500,2,2,0,3001,0,1,3049,3049,11499749,0
2057,39999985334,16339334,0,0,1,5120,2880,2392,128,-2646,8000,0,0,0,0,0,-1,62,100205,141706,3,176,0,0,5,447616,0,2,181818,7,10,13,54583,0,123916,40584,0,45,2453,12089708,1,0,0,0,0,0,0,14291,0,0,1,2064,0,0,0,0,0,0,2334,9958,1,50,2,2560,1440,5120,2880,2500,2,2,0,3002,0,1,3050,3050,10067916,0
2058,40017015875,17030541,0,0,1,5120,2880,2392,128,-2646,9654,0,0,0,0,0,-1,72,134913,182131,3,176,0,0,5,447292,0,2,181818,7,11,13,28584,0,179248,54126,0,53,2704,11110166,1,0,0,0,0,0,0,36000,0,0,1,2064,0,0,0,0,0,0,6542,22333,1,50,2,2560,1440,5120,2880,2500,2,2,0,3003,0,1,3051,3051,11513750,0
2059,40033460584,16444709,0,0,1,5120,2880,2392,128,-2646,8000,0,0,0,0,0,-1,62,111497,142714,3,176,0,0,5,447184,0,2,181818,7,10,12,51751,0,151375,39751,0,45,2453,11961167,1,0,0,0,0,0,0,19708,0,0,1,2064,0,0,0,0,0,0,3208,12584,1,50,2,2560,1440,5120,2880,2500,2,2,0,3004,0,1,3052,3052,11458499,0
2060,40050115459,16654875,0,0,1,5120,2880,2392,128,-2646,8000,0,0,0,0,0,-1,62,112374,148918,3,176,0,0,5,447292,0,2,181818,7,10,13,52251,0,150209,40500,0,45,2453,12237250,1,0,0,0,0,0,0,17709,0,0,1,2064,0,0,0,0,0,0,3083,10334,1,50,2,2560,1440,5120,2880,2500,2,2,0,3005,0,1,3053,3053,10003750,0
2061,40066950875,16835416,0,0,1,5120,2880,2392,128,-2646,9209,0,0,0,0,0,-1,71,147791,213043,3,176,0,0,5,447508,0,2,181818,7,11,14,57835,0,186750,45874,0,52,2625,10889334,1,0,0,0,0,0,0,30125,0,0,1,2064,0,0,0,0,0,0,4333,20625,1,50,2,2560,1440,5120,2880,2500,2,2,0,3006,0,1,3054,3054,11555625,0
2062,40083447959,16497084,0,0,1,5120,2880,2392,128,-2646,8000,0,0,0,0,0,-1,62,111713,148003,3,176,0,0,5,465760,0,2,181818,7,10,13,55084,0,144709,37666,0,45,2453,11984833,1,0,0,0,0,0,0,19208,0,0,1,2064,0,0,0,0,0,0,3167,12791,1,50,2,2560,1440,5120,2880,2500,2,2,0,3007,0,1,3055,3055,10061833,0
2063,40100301209,16853250,0,0,1,5120,2880,2392,128,-2646,8000,0,0,0,0,0,-1,62,119830,160544,3,176,0,0,5,465976,0,2,181818,7,10,13,54124,0,157333,42458,0,45,2453,11831416,1,0,0,0,0,0,0,23416,0,0,1,2064,0,0,0,0,0,0,2333,17875,1,50,2,2560,1440,5120,2880,2500,2,2,0,3008,0,1,3056,3056,11539291,0
2064,40117456084,17154875,0,0,1,5120,2880,2392,128,-2647,9727,0,0,0,0,0,-1,73,145211,204124,3,176,0,0,5,489412,0,2,181818,7,11,14,56250,0,182833,41458,0,54,2715,10566792,1,0,0,0,0,0,0,22250,0,0,1,2064,0,0,0,0,0,0,4750,13625,1,50,2,2560,1440,5120,2880,2500,2,2,0,3009,0,1,3057,3057,11702250,0
2065,40133453542,15997458,0,0,1,5120,2880,2392,128,-2647,8021,0,0,0,0,0,-1,63,118376,155753,3,176,0,0,5,511876,0,2,181818,7,10,13,50833,0,137625,35333,0,46,2454,11563542,1,0,0,0,0,0,0,32125,0,0,1,2064,0,0,0,0,0,0,4292,20583,1,50,2,2560,1440,5120,2880,2500,2,2,0,3010,0,1,3058,3058,10140750,0
2066,40150003000,16549458,0,0,1,5120,2880,2392,128,-2647,8021,0,0,0,0,0,-1,63,110251,129749,3,176,0,0,5,518896,0,2,181818,7,10,13,59666,0,124875,38667,0,46,2454,12275375,1,0,0,0,0,0,0,16083,0,0,1,2064,0,0,0,0,0,0,2625,10125,1,50,2,2560,1440,5120,2880,2500,2,2,0,3011,0,1,3059,3059,11684625,0
2067,40167065792,17062792,0,0,1,5120,2880,2392,128,-2647,9340,0,0,0,0,0,-1,72,136378,185539,3,176,0,0,5,519256,0,2,181818,7,11,14,58624,0,141085,40126,0,53,2646,10496458,1,0,0,0,0,0,0,34125,0,0,1,2064,0,0,0,0,0,0,5167,20417,1,50,2,2560,1440,5120,2880,2500,2,2,0,3012,0,1,3060,3060,10252625,0
2068,40183558750,16492958,0,0,1,5120,2880,2392,128,-2647,8021,0,0,0,0,0,-1,63,118831,145500,3,176,0,0,5,519256,0,2,181818,7,10,13,52289,0,132375,41041,0,46,2454,11610125,1,0,0,0,0,0,0,38959,0,0,1,2064,0,0,0,0,0,0,7375,22416,1,50,2,2560,1440,5120,2880,2500,2,2,0,3013,0,1,3061,3061,11746999,0
2069,40200861500,17302750,0,0,1,5120,2880,2392,128,-2647,12140,0,0,0,0,0,-1,64,115789,149627,3,176,0,0,5,527032,0,2,181818,7,10,13,54249,0,134542,42793,0,47,3821,11911458,1,0,0,0,0,0,0,22083,0,0,1,2064,0,0,0,0,0,0,5125,12875,1,50,2,2560,1440,5120,2880,2500,2,2,0,3014,0,1,3062,3062,11739000,0
2070,40218389125,17527625,0,0,1,5120,2880,2392,129,-2647,14246,0,0,0,0,0,-1,74,136671,166995,3,176,0,0,5,526924,0,2,181818,7,11,14,54916,0,153500,44791,0,55,4240,10043125,1,0,0,0,0,0,0,24083,0,0,1,2064,0,0,0,0,0,0,3250,15291,1,50,2,2560,1440,5120,2880,2500,2,2,0,3015,0,1,3063,3063,10457625,0
2071,40234706417,16317292,0,0,1,5120,2880,2392,129,-2647,11365,0,0,0,0,0,-1,63,167208,149545,3,176,0,0,5,505000,0,2,181818,7,10,15,81251,0,154125,52375,0,46,3566,10401791,1,0,0,0,0,0,0,24542,0,0,1,2064,0,0,0,0,0,0,4917,13875,1,50,2,2560,1440,5120,2880,2500,2,2,0,3016,0,1,3064,3064,11809791,0
2072,40251347625,16641208,0,0,1,5120,2880,2392,129,-2647,10167,0,0,0,0,0,-1,63,176084,161666,3,176,0,0,5,479044,0,2,181818,7,10,15,99126,0,149415,82542,0,46,3167,10728083,1,0,0,0,0,0,0,24917,0,0,1,2064,0,0,0,0,0,0,4208,14291,1,50,2,2560,1440,5120,2880,2500,2,2,0,3017,0,1,3065,3065,10263625,0
2073,40268168792,16821167,0,0,1,5120,2880,2392,129,-2647,10527,0,0,0,0,0,-1,72,387965,207291,3,176,0,0,5,470512,0,2,181818,7,11,15,51251,0,175584,49749,0,53,3051,8736708,1,0,0,0,0,0,0,26500,0,0,1,2064,0,0,0,0,0,0,5417,15583,1,50,2,2560,1440,5120,2880,2500,2,2,0,3018,0,1,3066,3066,11753375,0
2074,40284449334,16280542,0,0,1,5120,2880,2392,129,-2647,8486,0,0,0,0,0,-1,64,466292,136837,3,176,0,0,5,463384,0,2,181818,7,10,15,111626,0,144792,52959,0,47,2601,10474750,1,0,0,0,0,0,0,23458,0,0,1,2064,0,0,0,0,0,0,3750,14292,1,50,2,2560,1440,5120,2880,2500,2,2,0,3019,0,1,3067,3067,11499749,0
2075,40300485125,16035791,0,0,1,5120,2880,2392,129,-2647,7956,0,0,0,0,0,-1,63,127754,150040,3,176,0,0,5,449452,0,2,181818,7,10,15,53458,0,143625,57083,0,46,2431,11006250,1,0,0,0,0,0,0,23541,0,0,1,2064,0,0,0,0,0,0,3500,15083,1,50,2,2560,1440,5120,2880,2500,2,2,0,3020,0,1,3068,3068,10161250,0
2076,40317220084,16734959,0,0,1,5120,2880,2392,129,-2647,9390,0,0,0,0,0,-1,73,144167,187795,3,176,0,0,5,431632,0,2,181818,7,11,14,59291,0,157124,42750,0,54,2610,10352291,1,0,0,0,0,0,0,29916,0,0,1,2064,0,0,0,0,0,0,4500,19000,1,50,2,2560,1440,5120,2880,2500,2,2,0,3021,0,1,3069,3069,11410875,0
2077,40333421959,16201875,0,0,1,5120,2880,2392,129,-2647,7805,0,0,0,0,0,-1,61,107335,128209,3,176,0,0,5,401284,0,2,181818,7,10,13,51622,0,129915,35667,0,44,2394,11638125,1,0,0,0,0,0,0,30000,0,0,1,2064,0,0,0,0,0,0,4000,20208,1,50,2,2560,1440,5120,2880,2500,2,2,0,3022,0,1,3070,3070,11375250,0
2078,40349928542,16506583,0,0,1,5120,2880,2392,129,-2647,8111,0,0,0,0,0,-1,60,108623,123330,3,176,0,0,5,401500,0,2,181818,7,10,11,917,0,130042,29376,0,44,2498,12143583,1,0,0,0,0,0,0,14292,0,0,1,2064,0,0,0,0,0,0,3250,8208,1,50,2,2560,1440,5120,2880,2500,2,2,0,3023,0,1,3071,3071,10042416,0
2079,40366893584,16965042,0,0,1,5120,2880,2392,129,-2647,9617,0,0,0,0,0,-1,69,130542,162751,3,176,0,0,5,396640,0,2,181818,7,11,11,1709,0,165751,34000,0,51,2770,11033125,1,0,0,0,0,0,0,15000,0,0,1,2064,0,0,0,0,0,0,3375,8917,1,50,2,2560,1440,5120,2880,2500,2,2,0,3024,0,1,3072,3072,11460125,0
2080,40383529000,16635416,0,0,1,5120,2880,2392,129,-2647,8321,0,0,0,0,0,-1,60,107125,137006,3,176,0,0,5,314128,0,2,181818,7,10,10,4959,0,135667,33416,0,44,2569,11768000,1,0,0,0,0,0,0,37083,0,0,1,2064,0,0,0,0,0,0,5917,23667,1,50,2,2560,1440,5120,2880,2500,2,2,0,3025,0,1,3073,3073,9987166,0
2081,40399882292,16353292,0,0,1,5120,2880,2392,129,-2647,8018,0,0,0,0,0,-1,57,104292,124662,3,176,0,0,5,298972,0,2,181818,7,10,10,999,0,141166,29209,0,41,2484,11718584,1,0,0,0,0,0,0,20542,0,0,1,2064,0,0,0,0,0,0,3250,10916,1,50,2,2560,1440,5120,2880,2500,2,2,0,3026,0,1,3074,3074,11340249,0
2082,40416617500,16735208,0,0,1,5120,2880,2392,129,-2648,9224,0,0,0,0,0,-1,68,133915,164875,3,176,0,0,5,330940,0,2,181818,7,11,11,1417,0,179708,27459,0,50,2597,11059416,1,0,0,0,0,0,0,30375,0,0,1,2064,0,0,0,0,0,0,6125,17084,1,50,2,2560,1440,5120,2880,2500,2,2,0,3027,0,1,3075,3075,9935500,0
2083,40432870209,16252709,0,0,1,5120,2880,2392,129,-2648,6983,0,0,0,0,0,-1,59,100668,124837,3,176,0,0,5,354304,0,2,181818,7,10,10,791,0,136126,27417,0,43,2129,12252542,1,0,0,0,0,0,0,31334,0,0,1,2064,0,0,0,0,0,0,5625,18125,1,50,2,2560,1440,5120,2880,2500,2,2,0,3028,0,1,3076,3076,11227625,0
2084,40449234542,16364333,0,0,1,5120,2880,2392,129,-2648,6889,0,0,0,0,0,-1,60,110499,125875,5,1028,0,0,5,345556,0,2,181818,7,10,10,1043,0,131332,27459,0,43,2097,12727917,1,0,0,0,0,0,0,35792,0,0,1,2064,0,0,0,0,0,0,8416,20334,1,50,2,2560,1440,5120,2880,2500,2,2,0,3029,0,1,3077,3077,11332583,0
2085,40466090250,16855708,0,0,1,5120,2880,2392,129,-2648,8152,0,0,0,0,0,-1,68,128661,157377,3,176,0,0,5,359272,0,2,181818,7,11,11,1165,0,133166,32918,0,50,2271,11730416,1,0,0,0,0,0,0,13417,0,0,1,2064,0,0,0,0,0,0,2375,8667,1,50,2,2560,1440,5120,2880,2500,2,2,0,3030,0,1,3078,3078,11202374,0
2086,40482707875,16617625,0,0,1,5120,2880,2392,129,-2648,6851,0,0,0,0,0,-1,61,115667,128752,3,176,0,0,5,369640,0,2,181818,7,10,10,459,0,123041,28792,0,45,2073,12814208,1,0,0,0,0,0,0,13625,0,0,1,2064,0,0,0,0,0,0,2875,8000,1,50,2,2560,1440,5120,2880,2500,2,2,0,3031,0,1,3079,3079,11115333,0
2087,40499174417,16466542,0,0,1,5120,2880,2392,129,-2648,6884,0,0,0,0,0,-1,61,102088,117328,3,176,0,0,5,361000,0,2,181818,7,10,10,834,0,115832,28626,0,45,2084,12827959,1,0,0,0,0,0,0,12458,0,0,1,2064,0,0,0,0,0,0,2792,7542,1,50,2,2560,1440,5120,2880,2500,2,2,0,3032,0,1,3080,3080,9910499,0
2088,40515880667,16706250,0,0,1,5120,2880,2392,128,-2648,8610,0,0,0,0,0,-1,71,130208,170046,3,176,0,0,5,361792,0,2,181818,7,11,11,1083,0,133376,27417,0,53,2349,11754208,1,0,0,0,0,0,0,42542,0,0,1,2064,0,0,0,0,0,0,6541,25167,1,50,2,2560,1440,5120,2880,2500,2,2,0,3033,0,1,3081,3081,11189125,0
2089,40532155959,16275292,0,0,1,5120,2880,2392,128,-2648,6884,0,0,0,0,0,-1,61,101744,114671,3,176,0,0,5,361684,0,2,181818,7,10,10,876,0,114207,27083,0,45,2084,12985125,1,0,0,0,0,0,0,12834,0,0,1,2064,0,0,0,0,0,0,2167,8500,1,50,2,2560,1440,5120,2880,2500,2,2,0,3034,0,1,3082,3082,9910291,0
2090,40548984625,16828666,0,0,1,5120,2880,2392,128,-2648,6899,0,0,0,0,0,-1,61,106915,137421,3,176,0,0,5,361324,0,2,181818,7,10,10,833,0,126749,27250,0,45,2089,13548041,1,0,0,0,0,0,0,11833,0,0,1,2064,0,0,0,0,0,0,2917,7000,1,50,2,2560,1440,5120,2880,2500,2,2,0,3035,0,1,3083,3083,11163749,0
2091,40565901917,16917292,0,0,1,5120,2880,2392,128,-2648,8108,0,0,0,0,0,-1,70,136164,174710,3,176,0,0,5,361216,0,2,181818,7,11,11,1043,0,140125,32166,0,52,2261,12056458,1,0,0,0,0,0,0,15792,0,0,1,2064,0,0,0,0,0,0,3458,9500,1,50,2,2560,1440,5120,2880,2500,2,2,0,3036,0,1,3084,3084,11185500,0
2092,40582254959,16353042,0,0,1,5120,2880,2392,128,-2648,6899,0,0,0,0,0,-1,61,100337,121048,3,176,0,0,5,361108,0,2,181818,7,10,10,958,0,114500,25502,0,45,2089,12961791,1,0,0,0,0,0,0,13500,0,0,1,2064,0,0,0,0,0,0,3084,8291,1,50,2,2560,1440,5120,2880,2500,2,2,0,3037,0,1,3085,3085,9860291,0
2093,40598731459,16476500,0,0,1,5120,2880,2392,128,-2648,6899,0,0,0,0,0,-1,61,107619,129462,3,176,0,0,5,361108,0,2,181818,7,10,10,832,0,116084,27085,0,45,2089,13437958,1,0,0,0,0,0,0,11292,0,0,1,2064,0,0,0,0,0,0,2291,6875,1,50,2,2560,1440,5120,2880,2500,2,2,0,3038,0,1,3086,3086,11137333,0
2094,40615945709,17214250,0,0,1,5120,2880,2392,128,-2648,8530,0,0,0,0,0,-1,71,133042,171455,3,176,0,0,5,361000,0,2,181818,7,11,11,1832,0,133667,30750,0,53,2335,12470916,1,0,0,0,0,0,0,17209,0,0,1,2064,0,0,0,0,0,0,4125,10042,1,50,2,2560,1440,5120,2880,2500,2,2,0,3039,0,1,3087,3087,9862208,0
2095,40632444209,16498500,0,0,1,5120,2880,2392,128,-2648,6899,0,0,0,0,0,-1,61,114709,126418,3,176,0,0,5,361000,0,2,181818,7,10,10,792,0,127209,29166,0,45,2089,13106625,1,0,0,0,0,0,0,13709,0,0,1,2064,0,0,0,0,0,0,2584,8708,1,50,2,2560,1440,5120,2880,2500,2,2,0,3040,0,1,3088,3088,11058499,0
2096,40648777375,16333166,0,0,1,5120,2880,2392,128,-2648,6902,0,0,0,0,0,-1,62,108828,130916,6,2444,0,0,5,361000,0,2,181818,7,10,10,708,0,127125,25666,0,45,2089,13265542,1,0,0,0,0,0,0,11209,0,0,1,2064,0,0,0,0,0,0,2167,7000,1,50,2,2560,1440,5120,2880,2500,2,2,0,3041,0,1,3089,3089,11151333,0
2097,40665880084,17102709,0,0,1,5120,2880,2392,128,-2648,8108,0,0,0,0,0,-1,70,134087,149709,3,176,0,0,5,360892,0,2,181818,7,11,11,2001,0,146334,28750,0,52,2261,12391416,1,0,0,0,0,0,0,15708,0,0,1,2064,0,0,0,0,0,0,4333,8666,1,50,2,2560,1440,5120,2880,2500,2,2,0,3042,0,1,3090,3090,9938208,0
2098,40682185750,16305666,0,0,1,5120,2880,2392,128,-2648,6899,0,0,0,0,0,-1,61,103785,120622,3,176,0,0,5,360892,0,2,181818,7,10,10,791,0,123542,28458,0,45,2089,13160417,1,0,0,0,0,0,0,12167,0,0,1,2064,0,0,0,0,0,0,2625,7333,1,50,2,2560,1440,5120,2880,2500,2,2,0,3043,0,1,3091,3091,11120458,0
2099,40698569709,16383959,0,0,1,5120,2880,2392,128,-2648,6899,0,0,0,0,0,-1,61,99952,109748,3,176,0,0,5,360892,0,2,181818,7,10,10,583,0,118584,25250,0,45,2089,13621833,1,0,0,0,0,0,0,10542,0,0,1,2064,0,0,0,0,0,0,2083,6917,1,50,2,2560,1440,5120,2880,2500,2,2,0,3044,0,1,3092,3092,9798749,0
2100,40715586584,17016875,0,0,1,5120,2880,2392,128,-2648,8440,0,0,0,0,0,-1,71,128546,150089,3,176,0,0,5,360208,0,2,181818,7,11,11,1125,0,134001,28541,0,53,2317,12667042,1,0,0,0,0,0,0,12583,0,0,1,2064,0,0,0,0,0,0,2250,7500,1,50,2,2560,1440,5120,2880,2500,2,2,0,3045,0,1,3093,3093,11205249,0
2101,40731918917,16332333,0,0,1,5120,2880,2392,128,-2648,6899,0,0,0,0,0,-1,61,102792,123829,3,176,0,0,5,360208,0,2,181818,7,10,10,793,0,113375,26250,0,45,2089,13502125,1,0,0,0,0,0,0,10375,0,0,1,2064,0,0,0,0,0,0,2041,6708,1,50,2,2560,1440,5120,2880,2500,2,2,0,3046,0,1,3094,3094,11230541,0
2102,40748379792,16460875,0,0,1,5120,2880,2392,128,-2648,6899,0,0,0,0,0,-1,61,105415,122039,3,176,0,0,5,360316,0,2,181818,7,10,10,666,0,127126,25459,0,45,2089,13853375,1,0,0,0,0,0,0,10583,0,0,1,2064,0,0,0,0,0,0,2375,6708,1,50,2,2560,1440,5120,2880,2500,2,2,0,3047,0,1,3095,3095,9869374,0
2103,40765396417,17016625,0,0,1,5120,2880,2392,128,-2648,8253,0,0,0,0,0,-1,70,146462,142002,3,176,0,0,5,360316,0,2,181818,7,11,11,1083,0,130751,29500,0,52,2286,12772459,1,0,0,0,0,0,0,13375,0,0,1,2064,0,0,0,0,0,0,2208,8917,1,50,2,2560,1440,5120,2880,2500,2,2,0,3048,0,1,3096,3096,11108791,0
2104,40782244125,16847708,0,0,1,5120,2880,2392,128,-2648,6899,0,0,0,0,0,-1,61,104752,128081,3,176,0,0,5,360316,0,2,181818,7,10,10,998,0,124084,28707,0,45,2089,13516000,1,0,0,0,0,0,0,13125,0,0,1,2064,0,0,0,0,0,0,3166,8125,1,50,2,2560,1440,5120,2880,2500,2,2,0,3049,0,1,3097,3097,9782666,0
2105,40798807834,16563709,0,0,1,5120,2880,2392,128,-2648,6899,0,0,0,0,0,-1,61,113169,129290,3,176,0,0,5,360316,0,2,181818,7,10,10,708,0,118417,35832,0,45,2089,13347042,1,0,0,0,0,0,0,11875,0,0,1,2064,0,0,0,0,0,0,2208,7875,1,50,2,2560,1440,5120,2880,2500,2,2,0,3050,0,1,3098,3098,11209416,0
2106,40815861209,17053375,0,0,1,5120,2880,2392,128,-2648,8410,0,0,0,0,0,-1,70,137881,157831,3,176,0,0,5,334216,0,2,181818,7,11,11,1375,0,146876,30251,0,52,2313,12309375,1,0,0,0,0,0,0,15375,0,0,1,2064,0,0,0,0,0,0,3542,9209,1,50,2,2560,1440,5120,2880,2500,2,2,0,3051,0,1,3099,3099,9788124,0
2107,40832583875,16722666,0,0,1,5120,2880,2392,128,-2648,7409,0,0,0,0,0,-1,59,113879,118873,3,176,0,0,5,320140,0,2,181818,7,10,10,1084,0,126167,28624,0,43,2269,13024125,1,0,0,0,0,0,0,13417,0,0,1,2064,0,0,0,0,0,0,2708,8083,1,50,2,2560,1440,5120,2880,2500,2,2,0,3052,0,1,3100,3100,11172833,0
2108,40849092959,16509084,0,0,1,5120,2880,2392,128,-2648,7517,0,0,0,0,0,-1,57,97001,107459,3,176,0,0,5,280216,0,2,181818,7,10,10,1209,0,115041,26207,0,41,2315,13072500,1,0,0,0,0,0,0,11792,0,0,1,2064,0,0,0,0,0,0,3167,7125,1,50,2,2560,1440,5120,2880,2500,2,2,0,3053,0,1,3101,3101,11068499,0
2109,40865796167,16703208,0,0,1,5120,2880,2392,128,-2648,8723,0,0,0,0,0,-1,66,122792,134626,3,176,0,0,5,274600,0,2,181818,7,11,11,750,0,136834,29833,0,48,2486,11942833,1,0,0,0,0,0,0,36666,0,0,1,2064,0,0,0,0,0,0,3916,23833,1,50,2,2560,1440,5120,2880,2500,2,2,0,3054,0,1,3102,3102,9827125,0
2110,40882359542,16563375,0,0,1,5120,2880,2392,128,-2648,7724,0,0,0,0,0,-1,54,86830,110372,3,176,0,0,5,261136,0,2,181818,7,10,10,750,0,118792,31792,0,38,2400,13073292,1,0,0,0,0,0,0,10708,0,0,1,2064,0,0,0,0,0,0,2292,7041,1,50,2,2560,1440,5120,2880,2500,2,2,0,3055,0,1,3103,3103,10988499,0
2111,40898799084,16439542,0,0,1,5120,2880,2392,128,-2648,7724,0,0,0,0,0,-1,54,85747,104498,3,176,0,0,5,261028,0,2,181818,7,10,10,875,0,119250,25250,0,38,2400,13238792,1,0,0,0,0,0,0,38833,0,0,1,2064,0,0,0,0,0,0,7583,23459,1,50,2,2560,1440,5120,2880,2500,2,2,0,3056,0,1,3104,3104,9713458,0
2112,40916062334,17263250,0,0,1,5120,2880,2392,128,-2648,9894,0,0,0,0,0,-1,64,121080,146249,3,176,0,0,5,261352,0,2,181818,7,11,11,1170,0,138791,27708,0,46,2804,11599625,1,0,0,0,0,0,0,12166,0,0,1,2064,0,0,0,0,0,0,2291,7959,1,50,2,2560,1440,5120,2880,2500,2,2,0,3057,0,1,3105,3105,11132458,0
2113,40932625459,16563125,0,0,1,5120,2880,2392,128,-2648,8164,0,0,0,0,0,-1,54,86379,105211,3,176,0,0,5,261352,0,2,181818,7,10,10,999,0,119876,26458,0,38,2547,12859500,1,0,0,0,0,0,0,34416,0,0,1,2064,0,0,0,0,0,0,5667,22500,1,50,2,2560,1440,5120,2880,2500,2,2,0,3058,0,1,3106,3106,9692500,0
2114,40949055917,16430458,0,0,1,5120,2880,2392,128,-2648,8164,0,0,0,0,0,-1,54,94165,105460,3,176,0,0,5,261352,0,2,181818,7,10,10,877,0,132791,25917,0,38,2547,12989542,1,0,0,0,0,0,0,27125,0,0,1,2064,0,0,0,0,0,0,5417,15625,1,50,2,2560,1440,5120,2880,2500,2,2,0,3059,0,1,3107,3107,11028999,0
2115,40965890417,16834500,0,0,1,5120,2880,2392,128,-2648,9373,0,0,0,0,0,-1,63,119000,150000,3,176,0,0,5,261244,0,2,181818,7,11,11,1291,0,166041,26750,0,45,2719,12009667,1,0,0,0,0,0,0,55125,0,0,1,2064,0,0,0,0,0,0,9375,35334,1,50,2,2560,1440,5120,2880,2500,2,2,0,3060,0,1,3108,3108,9652624,0
2116,40982320625,16430208,0,0,1,5120,2880,2392,128,-2648,8164,0,0,0,0,0,-1,54,86792,118299,3,176,0,0,5,261244,0,2,181818,7,10,10,1331,0,128833,24249,0,38,2547,13027875,1,0,0,0,0,0,0,27875,0,0,1,2064,0,0,0,0,0,0,5167,18083,1,50,2,2560,1440,5120,2880,2500,2,2,0,3061,0,1,3109,3109,10988249,0
2117,40999160625,16840000,0,0,1,5120,2880,2392,128,-2648,8164,0,0,0,0,0,-1,54,93000,114542,3,176,0,0,5,261244,0,2,181818,7,10,10,543,0,125334,27999,0,38,2547,13188667,1,0,0,0,0,0,0,42208,0,0,1,2064,0,0,0,0,0,0,7542,23875,1,50,2,2560,1440,5120,2880,2500,2,2,0,3062,0,1,3110,3110,9645541,0
2118,41016091834,16931209,0,0,1,5120,2880,2392,128,-2648,9715,0,0,0,0,0,-1,64,125212,161874,3,176,0,0,5,261352,0,2,181818,7,11,11,790,0,172458,29167,0,46,2777,11774834,1,0,0,0,0,0,0,31958,0,0,1,2064,0,0,0,0,0,0,5083,19542,1,50,2,2560,1440,5120,2880,2500,2,2,0,3063,0,1,3111,3111,11102666,0
2119,41032531375,16439541,0,0,1,5120,2880,2392,128,-2648,8164,0,0,0,0,0,-1,54,94126,111083,3,176,0,0,5,261244,0,2,181818,7,10,10,1374,0,132876,31168,0,38,2547,12798375,1,0,0,0,0,0,0,30875,0,0,1,2064,0,0,0,0,0,0,5916,19459,1,50,2,2560,1440,5120,2880,2500,2,2,0,3064,0,1,3112,3112,9636583,0
2120,41048978709,16447334,0,0,1,5120,2880,2392,128,-2648,8164,0,0,0,0,0,-1,54,91122,124168,3,176,0,0,5,261244,0,2,181818,7,10,10,791,0,129917,27165,0,38,2547,13193167,1,0,0,0,0,0,0,29250,0,0,1,2064,0,0,0,0,0,0,5083,18250,1,50,2,2560,1440,5120,2880,2500,2,2,0,3065,0,1,3113,3113,11160958,0
2121,41066133375,17154666,0,0,1,5120,2880,2392,128,-2648,9483,0,0,0,0,0,-1,63,122832,145580,3,176,0,0,5,260596,0,2,181818,7,11,11,958,0,142458,30458,0,45,2739,12070334,1,0,0,0,0,0,0,47500,0,0,1,2064,0,0,0,0,0,0,6792,29917,1,50,2,2560,1440,5120,2880,2500,2,2,0,3066,0,1,3114,3114,9693125,0
2122,41082486792,16353417,0,0,1,5120,2880,2392,128,-2648,8164,0,0,0,0,0,-1,54,94627,121875,3,176,0,0,5,260596,0,2,181818,7,10,10,1289,0,134209,27666,0,38,2547,12667584,1,0,0,0,0,0,0,30167,0,0,1,2064,0,0,0,0,0,0,5500,19541,1,50,2,2560,1440,5120,2880,2500,2,2,0,3067,0,1,3115,3115,11089916,0
2123,41099558959,17072167,0,0,1,5120,2880,2392,128,-2648,8164,0,0,0,0,0,-1,54,116963,130708,3,176,0,0,5,260596,0,2,181818,7,10,10,792,0,129124,26543,0,38,2547,12435458,1,0,0,0,0,0,0,49583,0,0,1,2064,0,0,0,0,0,0,11125,28417,1,50,2,2560,1440,5120,2880,2500,2,2,0,3068,0,1,3116,3116,9671208,0
2124,41116716542,17157583,0,0,1,5120,2880,2392,128,-2648,9710,0,0,0,0,0,-1,64,163665,234789,3,176,0,0,5,260128,0,2,181818,7,11,11,2250,0,176834,36500,0,46,2776,11418500,1,0,0,0,0,0,0,36375,0,0,1,2064,0,0,0,0,0,0,6292,22333,1,50,2,2560,1440,5120,2880,2500,2,2,0,3069,0,1,3117,3117,11177874,0
2125,41133132750,16416208,0,0,1,5120,2880,2392,128,-2648,8164,0,0,0,0,0,-1,54,110462,146793,3,176,0,0,5,260128,0,2,181818,7,10,10,1501,0,170084,29915,0,38,2547,12056292,1,0,0,0,0,0,0,34375,0,0,1,2064,0,0,0,0,0,0,8250,17500,1,50,2,2560,1440,5120,2880,2500,2,2,0,3070,0,1,3118,3118,9713250,0
2126,41149376167,16243417,0,0,1,5120,2880,2392,128,-2648,8164,0,0,0,0,0,-1,54,89623,113334,3,176,0,0,5,259804,0,2,181818,7,10,10,1042,0,134043,27666,0,38,2547,12421500,1,0,0,0,0,0,0,30083,0,0,1,2064,0,0,0,0,0,0,5458,17500,1,50,2,2560,1440,5120,2880,2500,2,2,0,3071,0,1,3119,3119,11086250,0
2127,41166369125,16992958,0,0,1,5120,2880,2392,128,-2648,9376,0,0,0,0,0,-1,63,126000,173871,3,176,0,0,5,260344,0,2,181818,7,11,11,2167,0,187293,29750,0,45,2720,11591125,1,0,0,0,0,0,0,31042,0,0,1,2064,0,0,0,0,0,0,5625,18417,1,50,2,2560,1440,5120,2880,2500,2,2,0,3072,0,1,3120,3120,9796375,0
2128,41182985625,16616500,0,0,1,5120,2880,2392,128,-2648,9034,0,0,0,0,0,-1,54,102291,119127,3,176,0,0,5,260596,0,2,181818,7,10,10,917,0,134666,25458,0,38,2837,12323208,1,0,0,0,0,0,0,52958,0,0,1,2064,0,0,0,0,0,0,6917,37000,1,50,2,2560,1440,5120,2880,2500,2,2,0,3073,0,1,3121,3121,11081500,0
2129,41199522125,16536500,0,0,1,5120,2880,2392,128,-2648,9043,0,0,0,0,0,-1,55,96332,119040,3,176,0,0,5,281512,0,2,181818,7,10,12,49373,0,126833,36749,0,38,2837,12643875,1,0,0,0,0,0,0,33291,0,0,1,2064,0,0,0,0,0,0,5959,20375,1,50,2,2560,1440,5120,2880,2500,2,2,0,3074,0,1,3122,3122,9706874,0
2130,41216649459,17127334,0,0,1,5120,2880,2392,128,-2648,10726,0,0,0,0,0,-1,68,130711,162165,3,176,0,0,5,295552,0,2,181818,7,11,14,43960,0,174166,39625,0,49,3085,11398708,1,0,0,0,0,0,0,32458,0,0,1,2064,0,0,0,0,0,0,4250,19250,1,50,2,2560,1440,5120,2880,2500,2,2,0,3075,0,1,3123,3123,11408208,0
2131,41233293292,16643833,0,0,1,5120,2880,2392,128,-2648,9100,0,0,0,0,0,-1,58,100452,123875,3,176,0,0,5,295552,0,2,181818,7,10,13,52333,0,123417,45248,0,41,2840,11898208,1,0,0,0,0,0,0,17459,0,0,1,2064,0,0,0,0,0,0,3875,10959,1,50,2,2560,1440,5120,2880,2500,2,2,0,3076,0,1,3124,3124,9835041,0
2132,41249894334,16601042,0,0,1,5120,2880,2392,128,-2648,9136,0,0,0,0,0,-1,60,104377,129085,3,176,0,0,5,315352,0,2,181818,7,10,13,50044,0,120542,37085,0,43,2842,11994542,1,0,0,0,0,0,0,15792,0,0,1,2064,0,0,0,0,0,0,3333,10250,1,50,2,2560,1440,5120,2880,2500,2,2,0,3077,0,1,3125,3125,11473583,0
2133,41267090584,17196250,0,0,1,5120,2880,2392,128,-2647,10380,0,0,0,0,0,-1,69,136918,159914,3,176,0,0,5,350272,0,2,181818,7,11,14,58582,0,142249,46291,0,50,3019,11023583,1,0,0,0,0,0,0,14750,0,0,1,2064,0,0,0,0,0,0,2959,9625,1,50,2,2560,1440,5120,2880,2500,2,2,0,3078,0,1,3126,3126,9843583,0
2134,41283413667,16323083,0,0,1,5120,2880,2392,128,-2647,9136,0,0,0,0,0,-1,60,111376,131960,3,176,0,0,5,350272,0,2,181818,7,10,13,47750,0,130333,38709,0,43,2842,11545041,1,0,0,0,0,0,0,34208,0,0,1,2064,0,0,0,0,0,0,8833,18833,1,50,2,2560,1440,5120,2880,2500,2,2,0,3079,0,1,3127,3127,11504374,0
2135,41300010084,16596417,0,0,1,5120,2880,2392,128,-2647,9139,0,0,0,0,0,-1,61,109126,129209,6,3080,0,0,5,362368,0,2,181818,7,10,13,52668,0,132292,36416,0,43,2842,12168708,1,0,0,0,0,0,0,27875,0,0,1,2064,0,0,0,0,0,0,6667,15542,1,50,2,2560,1440,5120,2880,2500,2,2,0,3080,0,1,3128,3128,11554958,0
2136,41317006000,16995916,0,0,1,5120,2880,2392,128,-2647,10842,0,0,0,0,0,-1,70,129001,197037,3,176,0,0,5,361468,0,2,181818,7,11,14,52834,0,158208,43374,0,51,3103,10860625,1,0,0,0,0,0,0,29750,0,0,1,2064,0,0,0,0,0,0,5417,19333,1,50,2,2560,1440,5120,2880,2500,2,2,0,3081,0,1,3129,3129,11616916,0
2137,41333457209,16451209,0,0,1,5120,2880,2392,128,-2647,9136,0,0,0,0,0,-1,60,109836,138124,3,176,0,0,5,361468,0,2,181818,7,10,13,51539,0,128375,33792,0,43,2842,11834334,1,0,0,0,0,0,0,36709,0,0,1,2064,0,0,0,0,0,0,8167,21125,1,50,2,2560,1440,5120,2880,2500,2,2,0,3082,0,1,3130,3130,11595958,0
2138,41349964875,16507666,0,0,1,5120,2880,2392,128,-2647,9136,0,0,0,0,0,-1,60,118750,140254,3,176,0,0,5,352000,0,2,181818,7,10,13,53584,0,126291,40043,0,43,2842,12064083,1,0,0,0,0,0,0,25834,0,0,1,2064,0,0,0,0,0,0,5125,15792,1,50,2,2560,1440,5120,2880,2500,2,2,0,3083,0,1,3131,3131,10098708,0
2139,41367586125,17621250,0,0,1,5120,2880,2392,129,-2647,13375,0,0,0,0,0,-1,69,140082,162507,3,176,0,0,5,352432,0,2,181818,7,11,14,54707,0,162999,45792,0,50,4007,10733791,1,0,0,0,0,0,0,32958,0,0,1,2064,0,0,0,0,0,0,7333,18125,1,50,2,2560,1440,5120,2880,2500,2,2,0,3084,0,1,3132,3132,11678999,0
2140,41384403750,16817625,0,0,1,5120,2880,2392,129,-2647,11249,0,0,0,0,0,-1,58,126167,145962,3,176,0,0,5,307756,0,2,181818,7,10,13,53793,0,152211,37875,0,41,3556,11193833,1,0,0,0,0,0,0,26750,0,0,1,2064,0,0,0,0,0,0,6292,14333,1,50,2,2560,1440,5120,2880,2500,2,2,0,3085,0,1,3133,3133,10017291,0
2141,41400843000,16439250,0,0,1,5120,2880,2392,129,-2647,10541,0,0,0,0,0,-1,59,115414,141047,3,176,0,0,5,315136,0,2,181818,7,10,13,51335,0,162874,35959,0,42,3314,11186625,1,0,0,0,0,0,0,20167,0,0,1,2064,0,0,0,0,0,0,4250,12292,1,50,2,2560,1440,5120,2880,2500,2,2,0,3086,0,1,3134,3134,11541041,0
2142,41417671042,16828042,0,0,1,5120,2880,2392,129,-2647,11522,0,0,0,0,0,-1,67,144080,169299,3,176,0,0,5,291052,0,2,181818,7,11,14,47292,0,157666,53666,0,48,3370,9726750,1,0,0,0,0,0,0,29417,0,0,1,2064,0,0,0,0,0,0,6958,15792,1,50,2,2560,1440,5120,2880,2500,2,2,0,3087,0,1,3135,3135,10001374,0
2143,41433678334,16007292,0,0,1,5120,2880,2392,129,-2647,9434,0,0,0,0,0,-1,57,122667,139834,3,176,0,0,5,291052,0,2,181818,7,10,13,53333,0,141791,40460,0,40,2957,11210458,1,0,0,0,0,0,0,17250,0,0,1,2064,0,0,0,0,0,0,3709,10458,1,50,2,2560,1440,5120,2880,2500,2,2,0,3088,0,1,3136,3136,11319083,0
2144,41450130875,16452541,0,0,1,5120,2880,2392,129,-2647,8192,0,0,0,0,0,-1,61,121584,139502,3,176,0,0,5,402724,0,2,181818,7,10,13,49082,0,127082,41039,0,44,2523,11931917,1,0,0,0,0,0,0,14375,0,0,1,2064,0,0,0,0,0,0,4292,7709,1,50,2,2560,1440,5120,2880,2500,2,2,0,3089,0,1,3137,3137,11239999,0
2145,41465720209,15589334,0,0,1,5120,2880,2392,129,-2646,8126,0,0,0,0,0,-1,67,131124,142705,3,176,0,0,5,398404,0,2,181818,7,11,12,1125,0,139041,27624,0,49,2284,10931292,1,0,0,0,0,0,0,12583,0,0,1,2064,0,0,0,0,0,0,2167,8542,1,50,2,2560,1440,5120,2880,2500,2,2,0,3090,0,1,3138,3138,9366249,0
2146,41482498000,16777791,0,0,1,5120,2880,2392,129,-2646,6948,0,0,0,0,0,-1,59,103001,111747,11,15404,0,0,5,417304,0,2,181818,7,10,10,961,0,144249,31916,0,42,2121,13351250,1,0,0,0,0,0,0,11083,0,0,1,2064,0,0,0,0,0,0,2666,7000,1,50,2,2560,1440,5120,2880,2500,2,2,0,3091,0,1,3139,3139,11156208,0
2147,41498867750,16369750,0,0,1,5120,2880,2392,129,-2646,6919,0,0,0,0,0,-1,57,99207,119045,3,176,0,0,5,408664,0,2,181818,7,10,10,1249,0,113835,25333,0,41,2120,13208834,1,0,0,0,0,0,0,11667,0,0,1,2064,0,0,0,0,0,0,2625,7042,1,50,2,2560,1440,5120,2880,2500,2,2,0,3092,0,1,3140,3140,9971541,0
2148,41515890334,17022584,0,0,1,5120,2880,2392,129,-2646,8394,0,0,0,0,0,-1,67,123790,140247,3,176,0,0,5,429688,0,2,181818,7,11,11,1126,0,135291,28417,0,49,2306,12175625,1,0,0,0,0,0,0,12250,0,0,1,2064,0,0,0,0,0,0,2208,8209,1,50,2,2560,1440,5120,2880,2500,2,2,0,3093,0,1,3141,3141,11021500,0
2149,41532281042,16390708,0,0,1,5120,2880,2392,129,-2646,6649,0,0,0,0,0,-1,57,90456,108169,3,176,0,0,5,422884,0,2,181818,7,10,10,666,0,113459,26751,0,41,2030,13082250,1,0,0,0,0,0,0,11084,0,0,1,2064,0,0,0,0,0,0,2417,7333,1,50,2,2560,1440,5120,2880,2500,2,2,0,3094,0,1,3142,3142,10038791,0
2150,41548800334,16519292,0,0,1,5120,2880,2392,129,-2646,6556,0,0,0,0,0,-1,57,90211,109538,3,176,0,0,5,422776,0,2,181818,7,10,10,1082,0,121917,25875,0,41,1999,13469041,1,0,0,0,0,0,0,10083,0,0,1,2064,0,0,0,0,0,0,1625,7000,1,50,2,2560,1440,5120,2880,2500,2,2,0,3095,0,1,3143,3143,11016083,0
2151,41565642875,16842541,0,0,1,5120,2880,2392,129,-2646,7672,0,0,0,0,0,-1,66,127538,148291,3,176,0,0,5,423460,0,2,181818,7,11,11,1501,0,132500,28500,0,48,2140,12342708,1,0,0,0,0,0,0,12667,0,0,1,2064,0,0,0,0,0,0,2209,8708,1,50,2,2560,1440,5120,2880,2500,2,2,0,3096,0,1,3144,3144,9964124,0
2152,41582019750,16376875,0,0,1,5120,2880,2392,129,-2646,6463,0,0,0,0,0,-1,57,104789,119585,3,176,0,0,5,423460,0,2,181818,7,10,10,1043,0,118208,26166,0,41,1968,13245792,1,0,0,0,0,0,0,12375,0,0,1,2064,0,0,0,0,0,0,2917,8000,1,50,2,2560,1440,5120,2880,2500,2,2,0,3097,0,1,3145,3145,11041375,0
2153,41598702334,16682584,0,0,1,5120,2880,2392,129,-2646,5965,0,0,0,0,0,-1,57,99209,112000,3,176,0,0,5,429400,0,2,181818,7,10,10,916,0,121126,26460,0,41,1802,13698959,1,0,0,0,0,0,0,14500,0,0,1,2064,0,0,0,0,0,0,3625,8167,1,50,2,2560,1440,5120,2880,2500,2,2,0,3098,0,1,3146,3146,11009916,0
2154,41615948000,17245666,0,0,1,5120,2880,2392,129,-2646,7562,0,0,0,0,0,-1,68,135581,161255,3,176,0,0,5,444412,0,2,181818,7,11,11,1083,0,142627,26750,0,50,2046,12488125,1,0,0,0,0,0,0,17125,0,0,1,2064,0,0,0,0,0,0,3833,10458,1,50,2,2560,1440,5120,2880,2500,2,2,0,3099,0,1,3147,3147,11172250,0
2155,41632614667,16666667,0,0,1,5120,2880,2392,129,-2646,6040,0,0,0,0,0,-1,58,107002,124252,3,176,0,0,5,436744,0,2,181818,7,10,10,1250,0,119500,29250,0,42,1821,13023459,1,0,0,0,0,0,0,15584,0,0,1,2064,0,0,0,0,0,0,4250,8833,1,50,2,2560,1440,5120,2880,2500,2,2,0,3100,0,1,3148,3148,11167250,0
2156,41648778292,16163625,0,0,1,5120,2880,2392,129,-2646,6040,0,0,0,0,0,-1,58,97286,106960,3,176,0,0,5,436744,0,2,181818,7,10,10,916,0,115083,25708,0,42,1821,13135833,1,0,0,0,0,0,0,12958,0,0,1,2064,0,0,0,0,0,0,3333,7250,1,50,2,2560,1440,5120,2880,2500,2,2,0,3101,0,1,3149,3149,10884583,0
2157,41665372750,16594458,0,0,1,5120,2880,2392,128,-2646,7359,0,0,0,0,0,-1,67,126416,135210,3,176,0,0,5,436528,0,2,181818,7,11,11,833,0,130252,28625,0,49,2013,12502792,1,0,0,0,0,0,0,12334,0,0,1,2064,0,0,0,0,0,0,2208,8375,1,50,2,2560,1440,5120,2880,2500,2,2,0,3102,0,1,3150,3150,10885750,0
2158,41681802875,16430125,0,0,1,5120,2880,2392,128,-2646,6040,0,0,0,0,0,-1,58,93457,117211,3,176,0,0,5,436420,0,2,181818,7,10,10,958,0,117707,28585,0,42,1821,13711291,1,0,0,0,0,0,0,13042,0,0,1,2064,0,0,0,0,0,0,2833,7708,1,50,2,2560,1440,5120,2880,2500,2,2,0,3103,0,1,3151,3151,10012000,0
2159,41698243667,16440792,0,0,1,5120,2880,2392,128,-2646,6040,0,0,0,0,0,-1,58,97876,112459,3,176,0,0,5,429508,0,2,181818,7,10,10,749,0,121207,32667,0,42,1821,13974500,1,0,0,0,0,0,0,10666,0,0,1,2064,0,0,0,0,0,0,2500,6541,1,50,2,2560,1440,5120,2880,2500,2,2,0,3104,0,1,3152,3152,10853250,0
2160,41715195959,16952292,0,0,1,5120,2880,2392,128,-2645,7731,0,0,0,0,0,-1,68,123966,128918,3,176,0,0,5,428608,0,2,181818,7,11,11,1251,0,132457,26835,0,50,2079,12976208,1,0,0,0,0,0,0,11625,0,0,1,2064,0,0,0,0,0,0,1916,7667,1,50,2,2560,1440,5120,2880,2500,2,2,0,3105,0,1,3153,3153,9990249,0
2161,41731737917,16541958,0,0,1,5120,2880,2392,128,-2645,6040,0,0,0,0,0,-1,58,97788,120831,3,176,0,0,5,428608,0,2,181818,7,10,10,666,0,133167,25416,0,42,1821,13885500,1,0,0,0,0,0,0,14042,0,0,1,2064,0,0,0,0,0,0,3750,8209,1,50,2,2560,1440,5120,2880,2500,2,2,0,3106,0,1,3154,3154,10798874,0
2162,41748113792,16375875,0,0,1,5120,2880,2392,128,-2645,6044,0,0,0,0,0,-1,59,88540,113664,7,12104,0,0,5,428608,0,2,181818,7,10,10,915,0,124875,24999,0,42,1821,14030333,1,0,0,0,0,0,0,9125,0,0,1,2064,0,0,0,0,0,0,1750,6375,1,50,2,2560,1440,5120,2880,2500,2,2,0,3107,0,1,3155,3155,9960291,0
2163,41765122917,17009125,0,0,1,5120,2880,2392,128,-2645,7284,0,0,0,0,0,-1,67,127623,136834,3,176,0,0,5,428716,0,2,181818,7,11,11,1458,0,130918,27750,0,49,1998,13084541,1,0,0,0,0,0,0,10958,0,0,1,2064,0,0,0,0,0,0,1792,7708,1,50,2,2560,1440,5120,2880,2500,2,2,0,3108,0,1,3156,3156,10873958,0
2164,41781581209,16458292,0,0,1,5120,2880,2392,128,-2645,6040,0,0,0,0,0,-1,58,92331,110330,3,176,0,0,5,428500,0,2,181818,7,10,10,917,0,122707,25334,0,42,1821,13906083,1,0,0,0,0,0,0,10834,0,0,1,2064,0,0,0,0,0,0,2083,7416,1,50,2,2560,1440,5120,2880,2500,2,2,0,3109,0,1,3157,3157,10800333,0
2165,41798014959,16433750,0,0,1,5120,2880,2392,128,-2645,6040,0,0,0,0,0,-1,58,89500,120338,3,176,0,0,5,428392,0,2,181818,7,10,10,624,0,122834,24084,0,42,1821,14109833,1,0,0,0,0,0,0,8833,0,0,1,2064,0,0,0,0,0,0,1833,6167,1,50,2,2560,1440,5120,2880,2500,2,2,0,3110,0,1,3158,3158,10815458,0
2166,41815064125,17049166,0,0,1,5120,2880,2392,128,-2645,7661,0,0,0,0,0,-1,68,118951,153170,3,176,0,0,5,428608,0,2,181818,7,11,11,5169,0,129334,25709,0,50,2065,13066958,1,0,0,0,0,0,0,10750,0,0,1,2064,0,0,0,0,0,0,2000,7417,1,50,2,2560,1440,5120,2880,2500,2,2,0,3111,0,1,3159,3159,10763875,0
2167,41831517709,16453584,0,0,1,5120,2880,2392,128,-2645,6040,0,0,0,0,0,-1,58,89671,109380,3,176,0,0,5,428608,0,2,181818,7,10,10,1625,0,117875,26001,0,42,1821,13998708,1,0,0,0,0,0,0,11792,0,0,1,2064,0,0,0,0,0,0,2333,7708,1,50,2,2560,1440,5120,2880,2500,2,2,0,3112,0,1,3160,3160,10013374,0
2168,41848043167,16525458,0,0,1,5120,2880,2392,128,-2645,6040,0,0,0,0,0,-1,58,80869,112005,3,176,0,0,5,428608,0,2,181818,7,10,10,668,0,117708,25458,0,42,1821,14235209,1,0,0,0,0,0,0,9291,0,0,1,2064,0,0,0,0,0,0,1583,6459,1,50,2,2560,1440,5120,2880,2500,2,2,0,3113,0,1,3161,3161,11003541,0
2169,41865392625,17349458,0,0,1,5120,2880,2392,127,-2645,7246,0,0,0,0,0,-1,67,126414,155878,3,176,0,0,5,428140,0,2,181818,7,11,11,1457,0,134167,27541,0,49,1992,13151542,1,0,0,0,0,0,0,13541,0,0,1,2064,0,0,0,0,0,0,3209,8458,1,50,2,2560,1440,5120,2880,2500,2,2,0,3114,0,1,3162,3162,9923374,0
2170,41881905834,16513209,0,0,1,5120,2880,2392,127,-2645,6037,0,0,0,0,0,-1,58,112166,126249,3,176,0,0,5,428140,0,2,181818,7,10,10,833,0,127084,28458,0,42,1820,13748083,1,0,0,0,0,0,0,12500,0,0,1,2064,0,0,0,0,0,0,2541,8209,1,50,2,2560,1440,5120,2880,2500,2,2,0,3115,0,1,3163,3163,10918708,0
2171,41898664042,16758208,0,0,1,5120,2880,2392,127,-2645,6037,0,0,0,0,0,-1,58,115131,122587,3,176,0,0,5,428140,0,2,181818,7,10,10,792,0,133791,28334,0,42,1820,13871958,1,0,0,0,0,0,0,12625,0,0,1,2064,0,0,0,0,0,0,2541,8583,1,50,2,2560,1440,5120,2880,2500,2,2,0,3116,0,1,3164,3164,9912708,0
2172,41915483667,16819625,0,0,1,5120,2880,2392,127,-2645,7578,0,0,0,0,0,-1,68,125586,145916,3,176,0,0,5,428284,0,2,181818,7,11,11,957,0,146958,29124,0,50,2048,12596500,1,0,0,0,0,0,0,13167,0,0,1,2064,0,0,0,0,0,0,3000,8500,1,50,2,2560,1440,5120,2880,2500,2,2,0,3117,0,1,3165,3165,10812666,0
2173,41931677959,16194292,0,0,1,5120,2880,2392,127,-2645,6037,0,0,0,0,0,-1,58,97834,105214,3,176,0,0,5,428284,0,2,181818,7,10,10,874,0,125001,25375,0,42,1820,13524417,1,0,0,0,0,0,0,11917,0,0,1,2064,0,0,0,0,0,0,2583,7792,1,50,2,2560,1440,5120,2880,2500,2,2,0,3118,0,1,3166,3166,10893124,0
2174,41948276334,16598375,0,0,1,5120,2880,2392,127,-2645,5890,0,0,0,0,0,-1,58,95452,106461,3,176,0,0,5,428284,0,2,181818,7,10,10,875,0,114083,24001,0,42,1771,13962500,1,0,0,0,0,0,0,10583,0,0,1,2064,0,0,0,0,0,0,2250,6917,1,50,2,2560,1440,5120,2880,2500,2,2,0,3119,0,1,3167,3167,10817291,0
2175,41965497792,17221458,0,0,1,5120,2880,2392,127,-2645,7171,0,0,0,0,0,-1,67,131957,138793,3,176,0,0,5,423316,0,2,181818,7,11,11,1126,0,136250,29124,0,49,1950,12792250,1,0,0,0,0,0,0,14750,0,0,1,2064,0,0,0,0,0,0,3250,8250,1,50,2,2560,1440,5120,2880,2500,2,2,0,3120,0,1,3168,3168,10930374,0
2176,41981861459,16363667,0,0,1,5120,2880,2392,127,-2645,5906,0,0,0,0,0,-1,58,94418,113917,3,176,0,0,5,418240,0,2,181818,7,10,10,751,0,114000,24541,0,42,1776,13475083,1,0,0,0,0,0,0,12917,0,0,1,2064,0,0,0,0,0,0,3125,7708,1,50,2,2560,1440,5120,2880,2500,2,2,0,3121,0,1,3169,3169,9870375,0
2177,41998668417,16806958,0,0,1,5120,2880,2392,127,-2645,6107,0,0,0,0,0,-1,58,98541,122079,3,176,0,0,5,418456,0,2,181818,7,10,10,667,0,119958,25209,0,42,1843,13711667,1,0,0,0,0,0,0,13292,0,0,1,2064,0,0,0,0,0,0,3125,7875,1,50,2,2560,1440,5120,2880,2500,2,2,0,3122,0,1,3170,3170,10831249,0
2178,42015529000,16860583,0,0,1,5120,2880,2392,127,-2645,7980,0,0,0,0,0,-1,69,122252,134464,3,176,0,0,5,418384,0,2,181818,7,11,11,1250,0,139375,27625,0,51,2173,12420208,1,0,0,0,0,0,0,11792,0,0,1,2064,0,0,0,0,0,0,1959,8041,1,50,2,2560,1440,5120,2880,2500,2,2,0,3123,0,1,3171,3171,9812458,0
2179,42032042709,16513709,0,0,1,5120,2880,2392,127,-2645,6419,0,0,0,0,0,-1,59,100253,113127,3,176,0,0,5,418384,0,2,181818,7,10,10,542,0,123917,26333,0,43,1941,13500375,1,0,0,0,0,0,0,13333,0,0,1,2064,0,0,0,0,0,0,3417,7750,1,50,2,2560,1440,5120,2880,2500,2,2,0,3124,0,1,3172,3172,11195166,0
2180,42048840292,16797583,0,0,1,5120,2880,2392,127,-2645,7256,0,0,0,0,0,-1,61,97292,113252,3,176,0,0,5,420976,0,2,181818,7,10,10,1334,0,116792,24875,0,45,2208,13677292,1,0,0,0,0,0,0,11584,0,0,1,2064,0,0,0,0,0,0,2458,7333,1,50,2,2560,1440,5120,2880,2500,2,2,0,3125,0,1,3173,3173,9816291,0
2181,42065871459,17031167,0,0,1,5120,2880,2392,127,-2645,8465,0,0,0,0,0,-1,70,118663,153366,3,176,0,0,5,420760,0,2,181818,7,11,11,1000,0,135666,27126,0,52,2380,12362625,1,0,0,0,0,0,0,13083,0,0,1,2064,0,0,0,0,0,0,2250,8625,1,50,2,2560,1440,5120,2880,2500,2,2,0,3126,0,1,3174,3174,11184958,0
2182,42082469542,16598083,0,0,1,5120,2880,2392,127,-2645,7256,0,0,0,0,0,-1,61,99419,135626,3,176,0,0,5,420760,0,2,181818,7,10,10,917,0,114750,25209,0,45,2208,13158541,1,0,0,0,0,0,0,24875,0,0,1,2064,0,0,0,0,0,0,5958,16333,1,50,2,2560,1440,5120,2880,2500,2,2,0,3127,0,1,3175,3175,11222583,0
2183,42099532584,17063042,0,0,1,5120,2880,2392,127,-2645,7256,0,0,0,0,0,-1,61,119421,146710,3,176,0,0,5,420760,0,2,181818,7,10,10,668,0,131584,28667,0,45,2208,13313959,1,0,0,0,0,0,0,33042,0,0,1,2064,0,0,0,0,0,0,10291,19584,1,50,2,2560,1440,5120,2880,2500,2,2,0,3128,0,1,3176,3176,9800500,0
2184,42116754375,17221791,0,0,1,5120,2880,2392,127,-2645,9393,0,0,0,0,0,-1,71,135709,163169,3,176,0,0,5,420544,0,2,181818,7,11,11,1250,0,134085,28668,0,53,2600,11200208,1,0,0,0,0,0,0,16500,0,0,1,2064,0,0,0,0,0,0,4333,8792,1,50,2,2560,1440,5120,2880,2500,2,2,0,3129,0,1,3177,3177,11451000,0
2185,42133027417,16273042,0,0,1,5120,2880,2392,127,-2645,7601,0,0,0,0,0,-1,62,110917,133166,3,176,0,0,5,420544,0,2,181818,7,10,12,52125,0,128625,42625,0,45,2320,12323916,1,0,0,0,0,0,0,37583,0,0,1,2064,0,0,0,0,0,0,10125,19375,1,50,2,2560,1440,5120,2880,2500,2,2,0,3130,0,1,3178,3178,9864749,0
2186,42149530084,16502667,0,0,1,5120,2880,2392,127,-2645,7595,0,0,0,0,0,-1,61,107627,133455,3,176,0,0,5,420436,0,2,181818,7,10,11,3333,0,127000,28084,0,45,2320,12581708,1,0,0,0,0,0,0,26625,0,0,1,2064,0,0,0,0,0,0,6208,15375,1,50,2,2560,1440,5120,2880,2500,2,2,0,3131,0,1,3179,3179,11428791,0
2187,42166668667,17138583,0,0,1,5120,2880,2392,127,-2645,8801,0,0,0,0,0,-1,70,141131,185169,3,176,0,0,5,420760,0,2,181818,7,11,11,2541,0,190125,31583,0,52,2492,11543000,1,0,0,0,0,0,0,33334,0,0,1,2064,0,0,0,0,0,0,6459,18916,1,50,2,2560,1440,5120,2880,2500,2,2,0,3132,0,1,3180,3180,11447875,0
2188,42183045042,16376375,0,0,1,5120,2880,2392,127,-2645,7592,0,0,0,0,0,-1,61,99082,125252,3,176,0,0,5,420760,0,2,181818,7,10,10,916,0,130917,29291,0,45,2320,12171833,1,0,0,0,0,0,0,32416,0,0,1,2064,0,0,0,0,0,0,8916,19792,1,50,2,2560,1440,5120,2880,2500,2,2,0,3133,0,1,3181,3181,9841249,0
2189,42199513000,16467958,0,0,1,5120,2880,2392,127,-2645,7592,0,0,0,0,0,-1,61,100710,122619,3,176,0,0,5,420760,0,2,181818,7,10,10,1083,0,129500,27041,0,45,2320,12574292,1,0,0,0,0,0,0,32083,0,0,1,2064,0,0,0,0,0,0,6375,19750,1,50,2,2560,1440,5120,2880,2500,2,2,0,3134,0,1,3182,3182,11385791,0
2190,42217000834,17487834,0,0,1,5120,2880,2392,127,-2645,9126,0,0,0,0,0,-1,72,153999,188424,3,176,0,0,5,420652,0,2,181818,7,12,12,1290,0,218375,28459,0,53,2546,11506375,1,0,0,0,0,0,0,35458,0,0,1,2064,0,0,0,0,0,0,7375,20250,1,50,2,2560,1440,5120,2880,2500,2,2,0,3135,0,1,3183,3183,9797749,0
2191,42233224125,16223291,0,0,1,5120,2880,2392,127,-2645,7592,0,0,0,0,0,-1,61,120917,149284,3,176,0,0,5,420652,0,2,181818,7,10,10,1209,0,137541,31709,0,45,2320,11884500,1,0,0,0,0,0,0,17541,0,0,1,2064,0,0,0,0,0,0,4250,9583,1,50,2,2560,1440,5120,2880,2500,2,2,0,3136,0,1,3184,3184,11279500,0
2192,42249557375,16333250,0,0,1,5120,2880,2392,127,-2645,7592,0,0,0,0,0,-1,61,98164,124120,3,176,0,0,5,420652,0,2,181818,7,10,10,626,0,122749,28041,0,45,2320,12565125,1,0,0,0,0,0,0,27000,0,0,1,2064,0,0,0,0,0,0,5334,16125,1,50,2,2560,1440,5120,2880,2500,2,2,0,3137,0,1,3185,3185,11473249,0
2193,42266560500,17003125,0,0,1,5120,2880,2392,127,-2645,8946,0,0,0,0,0,-1,70,138422,174124,3,176,0,0,5,420652,0,2,181818,7,11,11,1042,0,181543,33957,0,52,2517,11603375,1,0,0,0,0,0,0,32125,0,0,1,2064,0,0,0,0,0,0,6542,18125,1,50,2,2560,1440,5120,2880,2500,2,2,0,3138,0,1,3186,3186,11477250,0
2194,42282844709,16284209,0,0,1,5120,2880,2392,127,-2645,7592,0,0,0,0,0,-1,61,100463,122707,3,176,0,0,5,420652,0,2,181818,7,10,10,873,0,123708,26584,0,45,2320,12554917,1,0,0,0,0,0,0,14708,0,0,1,2064,0,0,0,0,0,0,4292,8542,1,50,2,2560,1440,5120,2880,2500,2,2,0,3139,0,1,3187,3187,11446499,0
2195,42300320042,17475333,0,0,1,5120,2880,2392,127,-2645,7592,0,0,0,0,0,-1,61,167242,247002,3,176,0,0,5,420652,0,2,181818,7,10,10,1500,0,148750,34792,0,45,2320,10273959,1,0,0,0,0,0,0,34875,0,0,1,2064,0,0,0,0,0,0,7625,19292,1,50,2,2560,1440,5120,2880,2500,2,2,0,3140,0,1,3188,3188,9842791,0
2196,42317009584,16689542,0,0,1,5120,2880,2392,127,-2645,9138,0,0,0,0,0,-1,71,154913,182047,3,176,0,0,5,420652,0,2,181818,7,11,11,3086,0,160000,33333,0,53,2549,10742000,1,0,0,0,0,0,0,32917,0,0,1,2064,0,0,0,0,0,0,7708,19208,1,50,2,2560,1440,5120,2880,2500,2,2,0,3141,0,1,3189,3189,11602000,0
2197,42333277084,16267500,0,0,1,5120,2880,2392,127,-2645,7601,0,0,0,0,0,-1,62,107164,138004,3,176,0,0,5,420652,0,2,181818,7,10,12,60000,0,141916,58125,0,45,2320,12110375,1,0,0,0,0,0,0,35542,0,0,1,2064,0,0,0,0,0,0,8250,20500,1,50,2,2560,1440,5120,2880,2500,2,2,0,3142,0,1,3190,3190,9820416,0
2198,42349462792,16185708,0,0,1,5120,2880,2392,127,-2645,7597,0,0,0,0,0,-1,62,98955,120211,3,176,0,0,5,420652,0,2,181818,7,10,12,37375,0,124000,34625,0,45,2320,12537125,1,0,0,0,0,0,0,28333,0,0,1,2064,0,0,0,0,0,0,4667,18208,1,50,2,2560,1440,5120,2880,2500,2,2,0,3143,0,1,3191,3191,11414208,0
2199,42384213625,34750833,0,0,1,5120,2880,2392,127,-2645,8816,0,0,0,0,0,-1,71,145919,214921,3,176,0,0,5,420976,0,2,181818,7,11,12,1498,0,184624,33416,0,53,2493,11617208,1,0,0,0,0,0,0,38375,0,0,1,2064,0,0,0,0,0,0,8791,20042,1,50,2,2560,1440,5120,2880,2500,2,2,0,3144,0,1,3192,3192,11564499,0
2200,42398215959,14002334,0,0,1,5120,2880,2392,127,-2645,7620,0,0,0,0,0,-1,63,10091747,152040,3,176,0,0,5,435880,0,2,181818,7,10,14,132538,0,9377499,43417,0,46,2321,12042,1,0,0,0,0,0,0,17041,0,0,1,2064,0,0,0,0,0,0,3916,9792,1,50,2,2560,1440,5120,2880,2500,2,2,0,3145,0,1,3193,3193,11564499,0
2201,42416799459,18583500,0,0,1,5120,2880,2392,127,-2645,9248,0,0,0,0,0,-1,72,510830,169835,3,176,0,0,5,452620,0,2,181818,7,11,16,2039,0,137875,33459,0,54,2566,12347042,1,0,0,0,0,0,0,55667,0,0,1,2064,0,0,0,0,0,0,12417,29292,1,50,2,2560,1440,5120,2880,2500,2,2,0,3146,0,1,3194,3194,11614750,0
2202,42433319042,16519583,0,0,1,5120,2880,2392,127,-2645,7612,0,0,0,0,0,-1,63,111254,139204,3,176,0,0,5,459640,0,2,181818,7,10,12,52378,0,142709,43792,0,46,2321,11861708,1,0,0,0,0,0,0,34417,0,0,1,2064,0,0,0,0,0,0,7958,18375,1,50,2,2560,1440,5120,2880,2500,2,2,0,3147,0,1,3195,3195,11644374,0
2203,42449948292,16629250,0,0,1,5120,2880,2392,127,-2645,7612,0,0,0,0,0,-1,63,110794,151542,3,176,0,0,5,468316,0,2,181818,7,10,13,52499,0,122417,42167,0,46,2321,12549208,1,0,0,0,0,0,0,36750,0,0,1,2064,0,0,0,0,0,0,8458,18583,1,50,2,2560,1440,5120,2880,2500,2,2,0,3148,0,1,3196,3196,11660333,0
2204,42466794000,16845708,0,0,1,5120,2880,2392,127,-2645,8819,0,0,0,0,0,-1,72,138004,175666,3,176,0,0,5,478432,0,2,181818,7,11,13,29665,0,168458,48749,0,53,2493,11262333,1,0,0,0,0,0,0,32666,0,0,1,2064,0,0,0,0,0,0,6000,19625,1,50,2,2560,1440,5120,2880,2500,2,2,0,3149,0,1,3197,3197,11812750,0
2205,42483409292,16615292,0,0,1,5120,2880,2392,127,-2645,7612,0,0,0,0,0,-1,63,108419,137505,3,176,0,0,5,459424,0,2,181818,7,10,12,50000,0,130251,38708,0,46,2321,12228583,1,0,0,0,0,0,0,15833,0,0,1,2064,0,0,0,0,0,0,3916,8834,1,50,2,2560,1440,5120,2880,2500,2,2,0,3150,0,1,3198,3198,9990999,0
2206,42499853209,16443917,0,0,1,5120,2880,2392,127,-2645,7612,0,0,0,0,0,-1,63,100540,130540,3,176,0,0,5,452512,0,2,181818,7,10,13,52665,0,128750,34250,0,46,2321,12035333,1,0,0,0,0,0,0,32459,0,0,1,2064,0,0,0,0,0,0,6583,19000,1,50,2,2560,1440,5120,2880,2500,2,2,0,3151,0,1,3199,3199,11564124,0
2207,42516667375,16814166,0,0,1,5120,2880,2392,127,-2645,9332,0,0,0,0,0,-1,72,140963,159047,3,176,0,0,5,435664,0,2,181818,7,11,12,1044,0,146167,33876,0,54,2586,11334833,1,0,0,0,0,0,0,35750,0,0,1,2064,0,0,0,0,0,0,7000,21500,1,50,2,2560,1440,5120,2880,2500,2,2,0,3152,0,1,3200,3200,9970291,0
2208,42533608959,16941584,0,0,1,5120,2880,2392,127,-2645,7604,0,0,0,0,0,-1,63,140503,132666,4,1400,0,0,5,435664,0,2,181818,7,10,10,1333,0,178208,37958,0,46,2321,12614458,1,0,0,0,0,0,0,43292,0,0,1,2064,0,0,0,0,0,0,9708,25167,1,50,2,2560,1440,5120,2880,2500,2,2,0,3153,0,1,3201,3201,11769916,0
2209,42549963500,16354541,0,0,1,5120,2880,2392,127,-2645,7612,0,0,0,0,0,-1,63,114837,137541,3,176,0,0,5,435664,0,2,181818,7,10,12,50835,0,128417,46666,0,46,2321,12202208,1,0,0,0,0,0,0,34792,0,0,1,2064,0,0,0,0,0,0,8583,16875,1,50,2,2560,1440,5120,2880,2500,2,2,0,3154,0,1,3202,3202,11513958,0
2210,42566691417,16727917,0,0,1,5120,2880,2392,128,-2645,8925,0,0,0,0,0,-1,71,137835,154796,3,176,0,0,5,435772,0,2,181818,7,11,12,1666,0,143083,36250,0,53,2513,11310708,1,0,0,0,0,0,0,32875,0,0,1,2064,0,0,0,0,0,0,5500,20042,1,50,2,2560,1440,5120,2880,2500,2,2,0,3155,0,1,3203,3203,9974374,0
2211,42583222250,16530833,0,0,1,5120,2880,2392,128,-2645,7603,0,0,0,0,0,-1,62,118329,140250,3,176,0,0,5,429724,0,2,181818,7,10,10,1458,0,139751,28500,0,46,2321,12390833,1,0,0,0,0,0,0,16750,0,0,1,2064,0,0,0,0,0,0,4166,9084,1,50,2,2560,1440,5120,2880,2500,2,2,0,3156,0,1,3204,3204,11511374,0
2212,42599470917,16248667,0,0,1,5120,2880,2392,128,-2645,7603,0,0,0,0,0,-1,62,100287,128747,3,176,0,0,5,429724,0,2,181818,7,10,10,1458,0,120751,26041,0,46,2321,12622333,1,0,0,0,0,0,0,23834,0,0,1,2064,0,0,0,0,0,0,5958,13167,1,50,2,2560,1440,5120,2880,2500,2,2,0,3157,0,1,3205,3205,9921499,0
2213,42616543417,17072500,0,0,1,5120,2880,2392,128,-2645,9119,0,0,0,0,0,-1,72,141874,172583,3,176,0,0,5,429940,0,2,181818,7,11,11,2082,0,197833,30750,0,54,2544,11628583,1,0,0,0,0,0,0,33125,0,0,1,2064,0,0,0,0,0,0,4833,20917,1,50,2,2560,1440,5120,2880,2500,2,2,0,3158,0,1,3206,3206,11509124,0
2214,42633016584,16473167,0,0,1,5120,2880,2392,128,-2645,7603,0,0,0,0,0,-1,62,105418,148121,3,176,0,0,5,429940,0,2,181818,7,10,10,3540,0,132627,28543,0,46,2321,12386541,1,0,0,0,0,0,0,26458,0,0,1,2064,0,0,0,0,0,0,5625,16084,1,50,2,2560,1440,5120,2880,2500,2,2,0,3159,0,1,3207,3207,11377083,0
2215,42649449959,16433375,0,0,1,5120,2880,2392,128,-2645,7603,0,0,0,0,0,-1,62,99087,123711,3,176,0,0,5,429940,0,2,181818,7,10,10,1416,0,128582,28959,0,46,2321,12785708,1,0,0,0,0,0,0,24625,0,0,1,2064,0,0,0,0,0,0,4791,15625,1,50,2,2560,1440,5120,2880,2500,2,2,0,3160,0,1,3208,3208,10001874,0
2216,42666382375,16932416,0,0,1,5120,2880,2392,128,-2645,8812,0,0,0,0,0,-1,71,134126,186376,3,176,0,0,5,429940,0,2,181818,7,11,11,1540,0,187709,28875,0,53,2493,11585375,1,0,0,0,0,0,0,28167,0,0,1,2064,0,0,0,0,0,0,5000,16250,1,50,2,2560,1440,5120,2880,2500,2,2,0,3161,0,1,3209,3209,11463874,0
2217,42683017750,16635375,0,0,1,5120,2880,2392,128,-2645,7603,0,0,0,0,0,-1,62,108874,143004,3,176,0,0,5,429940,0,2,181818,7,10,10,1082,0,128750,28042,0,46,2321,12735917,1,0,0,0,0,0,0,34666,0,0,1,2064,0,0,0,0,0,0,7167,19917,1,50,2,2560,1440,5120,2880,2500,2,2,0,3162,0,1,3210,3210,9977458,0
2218,42699441250,16423500,0,0,1,5120,2880,2392,128,-2645,7603,0,0,0,0,0,-1,62,104879,130998,3,176,0,0,5,429940,0,2,181818,7,10,10,1167,0,125375,34250,0,46,2321,12778542,1,0,0,0,0,0,0,24666,0,0,1,2064,0,0,0,0,0,0,5375,14500,1,50,2,2560,1440,5120,2880,2500,2,2,0,3163,0,1,3211,3211,11362208,0
2219,42716421542,16980292,0,0,1,5120,2880,2392,128,-2645,9259,0,0,0,0,0,-1,72,140665,205663,3,176,0,0,5,429292,0,2,181818,7,11,11,2335,0,179124,30543,0,54,2572,11537917,1,0,0,0,0,0,0,33083,0,0,1,2064,0,0,0,0,0,0,5084,22125,1,50,2,2560,1440,5120,2880,2500,2,2,0,3164,0,1,3212,3212,11292000,0
2220,42733039834,16618292,0,0,1,5120,2880,2392,128,-2645,7603,0,0,0,0,0,-1,62,121252,154048,3,176,0,0,5,429292,0,2,181818,7,10,10,1084,0,130374,27083,0,46,2321,12689166,1,0,0,0,0,0,0,35333,0,0,1,2064,0,0,0,0,0,0,9292,19541,1,50,2,2560,1440,5120,2880,2500,2,2,0,3165,0,1,3213,3213,9963041,0
2221,42749452875,16413041,0,0,1,5120,2880,2392,128,-2645,7603,0,0,0,0,0,-1,62,104962,138541,3,176,0,0,5,429292,0,2,181818,7,10,10,874,0,122041,26208,0,46,2321,12832125,1,0,0,0,0,0,0,29916,0,0,1,2064,0,0,0,0,0,0,7000,17042,1,50,2,2560,1440,5120,2880,2500,2,2,0,3166,0,1,3214,3214,11344708,0
2222,42766526709,17073834,0,0,1,5120,2880,2392,128,-2645,8847,0,0,0,0,0,-1,71,134337,206248,3,176,0,0,5,428500,0,2,181818,7,11,11,1208,0,186917,28000,0,53,2498,11672250,1,0,0,0,0,0,0,33000,0,0,1,2064,0,0,0,0,0,0,5959,19791,1,50,2,2560,1440,5120,2880,2500,2,2,0,3167,0,1,3215,3215,9994708,0
2223,42783216625,16689916,0,0,1,5120,2880,2392,128,-2645,7603,0,0,0,0,0,-1,62,114832,139792,3,176,0,0,5,428500,0,2,181818,7,10,10,835,0,142083,28167,0,46,2321,12572625,1,0,0,0,0,0,0,28958,0,0,1,2064,0,0,0,0,0,0,5667,17708,1,50,2,2560,1440,5120,2880,2500,2,2,0,3168,0,1,3216,3216,11345125,0
2224,42799464750,16248125,0,0,1,5120,2880,2392,128,-2645,7603,0,0,0,0,0,-1,62,100747,124538,3,176,0,0,5,428500,0,2,181818,7,10,10,1000,0,124541,29542,0,46,2321,12450709,1,0,0,0,0,0,0,13417,0,0,1,2064,0,0,0,0,0,0,3500,7875,1,50,2,2560,1440,5120,2880,2500,2,2,0,3169,0,1,3217,3217,11325125,0
2225,42816619584,17154834,0,0,1,5120,2880,2392,128,-2645,9785,0,0,0,0,0,-1,72,128674,153547,3,176,0,0,5,433756,0,2,181818,7,11,11,1292,0,133541,28874,0,54,2766,11691459,1,0,0,0,0,0,0,40625,0,0,1,2064,0,0,0,0,0,0,6209,26333,1,50,2,2560,1440,5120,2880,2500,2,2,0,3170,0,1,3218,3218,10081875,0
2226,42834014334,17394750,0,0,1,5120,2880,2392,128,-2645,11248,0,0,0,0,0,-1,63,119129,140755,3,176,0,0,5,445672,0,2,181818,7,10,10,960,0,143500,29542,0,47,3530,12406417,1,0,0,0,0,0,0,33167,0,0,1,2064,0,0,0,0,0,0,6375,17958,1,50,2,2560,1440,5120,2880,2500,2,2,0,3171,0,1,3219,3219,11369166,0
2227,42851752875,17738541,0,0,1,5120,2880,2392,128,-2645,13792,0,0,0,0,0,-1,65,125163,139209,3,176,0,0,5,469000,0,2,181818,7,10,12,49253,0,141998,53583,0,48,4369,11659667,1,0,0,0,0,0,0,31167,0,0,1,2064,0,0,0,0,0,0,3750,19750,1,50,2,2560,1440,5120,2880,2500,2,2,0,3172,0,1,3220,3220,10028624,0
2228,42869523500,17770625,0,0,1,5120,2880,2392,128,-2645,20343,0,0,0,0,0,-1,73,134712,187335,3,176,0,0,5,462592,0,2,181818,7,11,14,55251,0,154125,54584,0,54,6311,8727875,1,0,0,0,0,0,0,23500,0,0,1,2064,0,0,0,0,0,0,4458,14875,1,50,2,2560,1440,5120,2880,2500,2,2,0,3173,0,1,3221,3221,11699000,0
2229,42888016459,18492959,0,0,1,5120,2880,2392,128,-2645,19626,0,0,0,0,0,-1,64,936000,177541,3,176,0,0,5,462592,0,2,181818,7,10,15,137335,0,157583,49501,0,47,6317,9358708,1,0,0,0,0,0,0,34417,0,0,1,2064,0,0,0,0,0,0,7333,20000,1,50,2,2560,1440,5120,2880,2500,2,2,0,3174,0,1,3222,3222,12090833,0
2230,42907968250,19951791,0,0,1,5120,2880,2392,128,-2645,20149,0,0,0,0,0,-1,64,4816119,199294,3,176,0,0,5,456544,0,2,181818,7,10,19,134583,0,143500,55542,0,47,6494,7527833,1,0,0,0,0,0,0,19042,0,0,1,2064,0,0,0,0,0,0,4667,11250,1,50,2,2560,1440,5120,2880,2500,2,2,0,3175,0,1,3223,3223,10160874,0
2231,42933878334,25910084,0,0,1,5120,2880,2392,128,-2646,21860,0,0,0,0,0,-1,73,133579,160999,3,176,0,0,5,450172,0,2,181818,7,11,16,1250,0,133584,29501,0,55,6754,19529958,1,0,0,0,0,0,0,12084,0,0,1,2064,0,0,0,0,0,0,2416,7292,1,50,2,2560,1440,5120,2880,2500,2,2,0,3176,0,1,3224,3224,12055125,0
2232,42953022667,19144333,0,0,1,5120,2880,2392,128,-2646,20149,0,0,0,0,0,-1,64,163048,159709,3,176,0,0,5,444016,0,2,181818,7,10,12,54582,0,156083,51459,0,47,6494,11933916,1,0,0,0,0,0,0,24500,0,0,1,2064,0,0,0,0,0,0,4250,15750,1,50,2,2560,1440,5120,2880,2500,2,2,0,3177,0,1,3225,3225,12094874,0
2233,42973434375,20411708,0,0,1,5120,2880,2392,128,-2646,21358,0,0,0,0,0,-1,73,3115415,227255,3,176,0,0,5,444340,0,2,181818,7,11,14,60622,0,218375,45083,0,54,6666,7952500,1,0,0,0,0,0,0,38333,0,0,1,2064,0,0,0,0,0,0,6958,21667,1,50,2,2560,1440,5120,2880,2500,2,2,0,3178,0,1,3226,3226,10111124,0
2234,42993251542,19817167,0,0,1,5120,2880,2392,128,-2646,20157,0,0,0,0,0,-1,64,8308134,163082,3,176,0,0,5,444340,0,2,181818,7,10,15,138999,0,147667,46666,0,47,6494,5600958,1,0,0,0,0,0,0,13792,0,0,1,2064,0,0,0,0,0,0,2750,9000,1,50,2,2560,1440,5120,2880,2500,2,2,0,3179,0,1,3227,3227,12077624,0
2235,43018122584,24871042,0,0,1,5120,2880,2392,128,-2646,20159,0,0,0,0,0,-1,63,132290,148211,3,176,0,0,5,444340,0,2,181818,7,10,15,1540,0,131000,31166,0,47,6494,19234000,1,0,0,0,0,0,0,16334,0,0,1,2064,0,0,0,0,0,0,4291,9042,1,50,2,2560,1440,5120,2880,2500,2,2,0,3180,0,1,3228,3228,12125499,0
2236,43037381125,19258541,0,0,1,5120,2880,2392,128,-2646,21805,0,0,0,0,0,-1,74,888244,206423,3,176,0,0,5,444124,0,2,181818,7,11,13,49000,0,173833,41500,0,55,6745,9690583,1,0,0,0,0,0,0,28708,0,0,1,2064,0,0,0,0,0,0,4208,19042,1,50,2,2560,1440,5120,2880,2500,2,2,0,3181,0,1,3229,3229,12216291,0
2237,43057388000,20006875,0,0,1,5120,2880,2392,128,-2646,20157,0,0,0,0,0,-1,64,4782879,154957,3,176,0,0,5,444124,0,2,181818,7,10,15,142211,0,130834,44041,0,47,6494,8320042,1,0,0,0,0,0,0,26750,0,0,1,2064,0,0,0,0,0,0,4875,16209,1,50,2,2560,1440,5120,2880,2500,2,2,0,3182,0,1,3230,3230,12161083,0
2238,43083939125,26551125,0,0,1,5120,2880,2392,128,-2646,21368,0,0,0,0,0,-1,72,144502,164373,3,176,0,0,5,444232,0,2,181818,7,11,16,1127,0,147084,30917,0,54,6666,19818584,1,0,0,0,0,0,0,12125,0,0,1,2064,0,0,0,0,0,0,2250,7792,1,50,2,2560,1440,5120,2880,2500,2,2,0,3183,0,1,3231,3231,9979583,0
2239,43102921750,18982625,0,0,1,5120,2880,2392,128,-2646,20157,0,0,0,0,0,-1,64,402450,146543,3,176,0,0,5,444232,0,2,181818,7,10,14,82879,0,156875,48667,0,47,6494,11879750,1,0,0,0,0,0,0,22750,0,0,1,2064,0,0,0,0,0,0,4208,13500,1,50,2,2560,1440,5120,2880,2500,2,2,0,3184,0,1,3232,3232,12085166,0
2240,43123135042,20213292,0,0,1,5120,2880,2392,128,-2646,21698,0,0,0,0,0,-1,74,3200293,192584,3,176,0,0,5,450964,0,2,181818,7,11,14,54622,0,184083,44291,0,55,6724,8128250,1,0,0,0,0,0,0,27042,0,0,1,2064,0,0,0,0,0,0,3500,18666,1,50,2,2560,1440,5120,2880,2500,2,2,0,3185,0,1,3233,3233,12222374,0
2241,43143330125,20195083,0,0,1,5120,2880,2392,128,-2646,20160,0,0,0,0,0,-1,64,8493417,159963,3,176,0,0,5,463168,0,2,181818,7,10,15,137833,0,133958,44458,0,47,6495,5964709,1,0,0,0,0,0,0,13208,0,0,1,2064,0,0,0,0,0,0,3083,8208,1,50,2,2560,1440,5120,2880,2500,2,2,0,3186,0,1,3234,3234,10038041,0
2242,43167592292,24262167,0,0,1,5120,2880,2392,128,-2646,20162,0,0,0,0,0,-1,63,128709,139918,3,176,0,0,5,480448,0,2,181818,7,10,15,1292,0,125249,29249,0,47,6495,19243666,1,0,0,0,0,0,0,14333,0,0,1,2064,0,0,0,0,0,0,3833,7917,1,50,2,2560,1440,5120,2880,2500,2,2,0,3187,0,1,3235,3235,12182375,0
2243,43187055209,19462917,0,0,1,5120,2880,2392,128,-2646,21492,0,0,0,0,0,-1,74,869419,183832,3,176,0,0,5,488332,0,2,181818,7,11,13,54582,0,170499,32334,0,55,6688,10159042,1,0,0,0,0,0,0,28750,0,0,1,2064,0,0,0,0,0,0,4250,17875,1,50,2,2560,1440,5120,2880,2500,2,2,0,3188,0,1,3236,3236,12278874,0
2244,43207624584,20569375,0,0,1,5120,2880,2392,128,-2646,20181,0,0,0,0,0,-1,65,4653752,170708,3,176,0,0,5,488440,0,2,181818,7,10,15,139043,0,151208,361833,0,48,6496,8669042,1,0,0,0,0,0,0,16083,0,0,1,2064,0,0,0,0,0,0,2625,9083,1,50,2,2560,1440,5120,2880,2500,2,2,0,3189,0,1,3237,3237,10273166,0
2245,43227882584,20258000,0,0,1,5120,2880,2392,128,-2647,21704,0,0,0,0,0,-1,75,8611080,181411,3,176,0,0,5,488656,0,2,181818,7,11,18,58916,0,2094666,45000,0,56,6720,2823042,1,0,0,0,0,0,0,15917,0,0,1,2064,0,0,0,0,0,0,2542,10291,1,50,2,2560,1440,5120,2880,2500,2,2,0,3190,0,1,3238,3238,12232958,0
2246,43251463709,23581125,0,0,1,5120,2880,2392,128,-2647,20167,0,0,0,0,0,-1,64,129336,154666,3,176,0,0,5,497296,0,2,181818,7,10,11,791,0,139542,31709,0,48,6496,17713500,1,0,0,0,0,0,0,34333,0,0,1,2064,0,0,0,0,0,0,7166,18959,1,50,2,2560,1440,5120,2880,2500,2,2,0,3191,0,1,3239,3239,12013125,0
2247,43271139625,19675916,0,0,1,5120,2880,2392,128,-2647,21417,0,0,0,0,0,-1,74,1253753,210453,3,176,0,0,5,503128,0,2,181818,7,11,13,57750,0,207000,46584,0,55,6673,9230583,1,0,0,0,0,0,0,28167,0,0,1,2064,0,0,0,0,0,0,4584,17875,1,50,2,2560,1440,5120,2880,2500,2,2,0,3192,0,1,3240,3240,10202750,0
2248,43291062417,19922792,0,0,1,5120,2880,2392,128,-2647,20181,0,0,0,0,0,-1,65,5248668,159544,3,176,0,0,5,503128,0,2,181818,7,10,15,145457,0,158375,250958,0,48,6496,7888167,1,0,0,0,0,0,0,12458,0,0,1,2064,0,0,0,0,0,0,3500,7250,1,50,2,2560,1440,5120,2880,2500,2,2,0,3193,0,1,3241,3241,12158458,0
2249,43311591750,20529333,0,0,1,5120,2880,2392,128,-2647,20173,0,0,0,0,0,-1,65,9817505,158586,3,176,0,0,5,503128,0,2,181818,7,10,19,136752,0,143958,376501,0,48,6496,4963500,1,0,0,0,0,0,0,20125,0,0,1,2064,0,0,0,0,0,0,2875,13125,1,50,2,2560,1440,5120,2880,2500,2,2,0,3194,0,1,3242,3242,12190541,0
2250,43334971459,23379709,0,0,1,5120,2880,2392,129,-2647,21984,0,0,0,0,0,-1,75,146164,173376,3,176,0,0,5,488116,0,2,181818,7,11,18,53665,0,151084,45500,0,56,6776,16089542,1,0,0,0,0,0,0,36625,0,0,1,2064,0,0,0,0,0,0,7333,21250,1,50,2,2560,1440,5120,2880,2500,2,2,0,3195,0,1,3243,3243,10036374,0
2251,43354238042,19266583,0,0,1,5120,2880,2392,129,-2647,21844,0,0,0,0,0,-1,65,527949,186041,3,176,0,0,5,487756,0,2,181818,7,10,15,112877,0,146126,62291,0,48,7051,10682166,1,0,0,0,0,0,0,31583,0,0,1,2064,0,0,0,0,0,0,6417,18875,1,50,2,2560,1440,5120,2880,2500,2,2,0,3196,0,1,3244,3244,12324458,0
2252,43375197834,20959792,0,0,1,5120,2880,2392,129,-2647,23051,0,0,0,0,0,-1,74,5286789,192465,3,176,0,0,5,482068,0,2,181818,7,11,16,55124,0,183583,36834,0,55,7223,6535792,1,0,0,0,0,0,0,14917,0,0,1,2064,0,0,0,0,0,0,3500,9583,1,50,2,2560,1440,5120,2880,2500,2,2,0,3197,0,1,3245,3245,10167166,0
2253,43396028875,20831041,0,0,1,5120,2880,2392,129,-2647,21846,0,0,0,0,0,-1,65,10912837,137128,3,176,0,0,5,481816,0,2,181818,7,10,15,135210,0,148958,414583,0,48,7051,3310375,1,0,0,0,0,0,0,17000,0,0,1,2064,0,0,0,0,0,0,3459,10625,1,50,2,2560,1440,5120,2880,2500,2,2,0,3198,0,1,3246,3246,10039624,0
2254,43419173959,23145084,0,0,1,5120,2880,2392,129,-2647,20720,0,0,0,0,0,-1,65,123205,165249,3,176,0,0,5,454708,0,2,181818,7,10,17,57914,0,145376,40333,0,48,6675,16245666,1,0,0,0,0,0,0,14500,0,0,1,2064,0,0,0,0,0,0,2667,9375,1,50,2,2560,1440,5120,2880,2500,2,2,0,3199,0,1,3247,3247,12300875,0
2255,43439103375,19929416,0,0,1,5120,2880,2392,129,-2648,21695,0,0,0,0,0,-1,75,2211876,182291,3,176,0,0,5,443764,0,2,181818,7,11,14,51876,0,175168,41208,0,56,6719,8535875,1,0,0,0,0,0,0,29667,0,0,1,2064,0,0,0,0,0,0,4209,19750,1,50,2,2560,1440,5120,2880,2500,2,2,0,3200,0,1,3248,3248,10247375,0
2256,43459370584,20267209,0,0,1,5120,2880,2392,129,-2648,19680,0,0,0,0,0,-1,65,7071668,161416,3,176,0,0,5,434152,0,2,181818,7,10,15,124542,0,122834,380833,0,48,6329,6482666,1,0,0,0,0,0,0,12667,0,0,1,2064,0,0,0,0,0,0,2250,8167,1,50,2,2560,1440,5120,2880,2500,2,2,0,3201,0,1,3249,3249,10180291,0
2257,43483944542,24573958,0,0,1,5120,2880,2392,129,-2648,19513,0,0,0,0,0,-1,73,128126,157666,3,176,0,0,5,428104,0,2,181818,7,11,16,1293,0,131331,28541,0,55,6025,18279708,1,0,0,0,0,0,0,12458,0,0,1,2064,0,0,0,0,0,0,2375,7750,1,50,2,2560,1440,5120,2880,2500,2,2,0,3202,0,1,3250,3250,12010125,0
2258,43502690709,18746167,0,0,1,5120,2880,2392,129,-2648,19039,0,0,0,0,0,-1,59,143295,140837,3,176,0,0,5,305596,0,2,181818,7,10,14,83836,0,137084,45125,0,42,6145,11615625,1,0,0,0,0,0,0,23542,0,0,1,2064,0,0,0,0,0,0,4458,14375,1,50,2,2560,1440,5120,2880,2500,2,2,0,3203,0,1,3251,3251,10237583,0
2259,43521120959,18430250,0,0,1,5120,2880,2392,129,-2648,21669,0,0,0,0,0,-1,68,755881,199078,3,176,0,0,5,287200,0,2,181818,7,11,16,95707,0,194124,187376,0,49,6738,8123209,1,0,0,0,0,0,0,39542,0,0,1,2064,0,0,0,0,0,0,8375,24333,1,50,2,2560,1440,5120,2880,2500,2,2,0,3204,0,1,3252,3252,10488583,0
2260,43541594292,20473333,0,0,1,5120,2880,2392,129,-2648,20438,0,0,0,0,0,-1,58,5660161,162416,3,176,0,0,5,287092,0,2,181818,7,10,17,147915,0,173208,70041,0,41,6620,7379667,1,0,0,0,0,0,0,15417,0,0,1,2064,0,0,0,0,0,0,3334,9417,1,50,2,2560,1440,5120,2880,2500,2,2,0,3205,0,1,3253,3253,10488583,0
2261,43567504250,25909958,0,0,1,5120,2880,2392,129,-2648,20307,0,0,0,0,0,-1,52,109332,142832,3,176,0,0,5,258112,0,2,181818,7,10,15,1166,0,126459,34959,0,36,6601,20634167,1,0,0,0,0,0,0,14792,0,0,1,2064,0,0,0,0,0,0,3792,8416,1,50,2,2560,1440,5120,2880,2500,2,2,0,3206,0,1,3254,3254,9889874,0
2262,43586189292,18685042,0,0,1,5120,2880,2392,129,-2648,21114,0,0,0,0,0,-1,62,107122,166128,3,176,0,0,5,213524,0,2,181818,7,11,13,51876,0,164666,46792,0,43,6645,10228041,1,0,0,0,0,0,0,22958,0,0,1,2064,0,0,0,0,0,0,3917,14791,1,50,2,2560,1440,5120,2880,2500,2,2,0,3207,0,1,3255,3255,10605000,0
2263,43604176834,17987542,0,0,1,5120,2880,2392,129,-2648,20090,0,0,0,0,0,-1,53,174754,171209,3,176,0,0,5,206608,0,2,181818,7,10,15,159123,0,164041,61250,0,36,6532,9546958,1,0,0,0,0,0,0,43750,0,0,1,2064,0,0,0,0,0,0,10208,24584,1,50,2,2560,1440,5120,2880,2500,2,2,0,3208,0,1,3256,3256,8335416,0
2264,43634013000,29836166,0,0,1,5120,2880,2393,128,-2648,22032,0,0,0,0,0,-1,62,241375,185004,3,176,0,0,5,201764,0,2,181818,7,11,16,1793,0,150751,31334,0,44,6881,22618208,1,0,0,0,0,0,0,13125,0,0,1,2064,0,0,0,0,0,0,2875,8000,1,50,2,2560,1440,5120,2880,2500,2,2,0,3209,0,1,3257,3257,11920666,0
2265,43652982625,18969625,0,0,1,5120,2880,2393,128,-2648,20729,0,0,0,0,0,-1,53,149921,156961,3,176,0,0,5,193868,0,2,181818,7,10,14,143832,0,140459,50709,0,36,6745,11716292,1,0,0,0,0,0,0,30500,0,0,1,2064,0,0,0,0,0,0,6833,19584,1,50,2,2560,1440,5120,2880,2500,2,2,0,3210,0,1,3258,3258,9897666,0
2266,43673744750,20762125,0,0,1,5120,2880,2393,128,-2648,21930,0,0,0,0,0,-1,62,4500044,186043,3,176,0,0,5,193644,0,2,181818,7,11,20,152040,0,179999,56333,0,43,6917,7545667,1,0,0,0,0,0,0,17333,0,0,1,2064,0,0,0,0,0,0,3667,11041,1,50,2,2560,1440,5120,2880,2500,2,2,0,3211,0,1,3259,3259,9897666,0
2267,43700303209,26558459,0,0,1,5120,2880,2393,128,-2648,20731,0,0,0,0,0,-1,52,472709,122459,3,176,0,0,5,193644,0,2,181818,7,10,15,831,0,133418,30959,0,36,6745,21089333,1,0,0,0,0,0,0,27292,0,0,1,2064,0,0,0,0,0,0,4041,20875,1,50,2,2560,1440,5120,2880,2500,2,2,0,3212,0,1,3260,3260,9694333,0
2268,43719695917,19392708,0,0,1,5120,2880,2393,128,-2648,22418,0,0,0,0,0,-1,63,156493,193250,3,176,0,0,5,193644,0,2,181818,7,11,15,107706,0,177833,58876,0,44,7003,10992709,1,0,0,0,0,0,0,33791,0,0,1,2064,0,0,0,0,0,0,5750,19916,1,50,2,2560,1440,5120,2880,2500,2,2,0,3213,0,1,3261,3261,12098875,0
2269,43739745250,20049333,0,0,1,5120,2880,2393,128,-2648,20721,0,0,0,0,0,-1,53,4413624,155169,3,176,0,0,5,193644,0,2,181818,7,10,17,140291,0,165500,80291,0,36,6745,9061125,1,0,0,0,0,0,0,21709,0,0,1,2064,0,0,0,0,0,0,3667,14834,1,50,2,2560,1440,5120,2880,2500,2,2,0,3214,0,1,3262,3262,12098875,0
2270,43767804334,28059084,0,0,1,5120,2880,2393,128,-2648,20734,0,0,0,0,0,-1,53,136629,172086,6,9476,0,0,5,193756,0,2,181818,7,10,15,2040,0,190958,35083,0,36,6745,22662709,1,0,0,0,0,0,0,18417,0,0,1,2064,0,0,0,0,0,0,5333,9500,1,50,2,2560,1440,5120,2880,2500,2,2,0,3215,0,1,3263,3263,11919749,0
2271,43786748417,18944083,0,0,1,5120,2880,2393,128,-2649,22083,0,0,0,0,0,-1,62,187083,245919,3,176,0,0,5,193756,0,2,181818,7,11,15,135374,0,191334,56125,0,43,6942,9797458,1,0,0,0,0,0,0,31542,0,0,1,2064,0,0,0,0,0,0,6167,18834,1,50,2,2560,1440,5120,2880,2500,2,2,0,3216,0,1,3264,3264,9915291,0
2272,43806780834,20032417,0,0,1,5120,2880,2393,128,-2649,20721,0,0,0,0,0,-1,53,4566582,152664,3,176,0,0,5,193756,0,2,181818,7,10,19,136415,0,148375,45167,0,36,6745,8739791,1,0,0,0,0,0,0,23000,0,0,1,2064,0,0,0,0,0,0,6416,12583,1,50,2,2560,1440,5120,2880,2500,2,2,0,3217,0,1,3265,3265,9915291,0
2273,43834176750,27395916,0,0,1,5120,2880,2393,128,-2649,22247,0,0,0,0,0,-1,62,555785,167292,3,176,0,0,5,193756,0,2,181818,7,11,16,1875,0,151668,30792,0,44,6968,19893916,1,0,0,0,0,0,0,19208,0,0,1,2064,0,0,0,0,0,0,5500,9667,1,50,2,2560,1440,5120,2880,2500,2,2,0,3218,0,1,3266,3266,9595749,0
2274,43853558542,19381792,0,0,1,5120,2880,2393,128,-2649,21037,0,0,0,0,0,-1,53,143328,156297,3,176,0,0,5,193980,0,2,181818,7,10,14,100458,0,155999,62374,0,36,6848,11687750,1,0,0,0,0,0,0,28125,0,0,1,2064,0,0,0,0,0,0,6166,16875,1,50,2,2560,1440,5120,2880,2500,2,2,0,3219,0,1,3267,3267,12029583,0
2275,43873818417,20259875,0,0,1,5120,2880,2393,128,-2649,22243,0,0,0,0,0,-1,62,4233742,183495,3,176,0,0,5,194092,0,2,181818,7,11,17,147415,0,174418,50959,0,43,7020,7232542,1,0,0,0,0,0,0,17708,0,0,1,2064,0,0,0,0,0,0,4416,9875,1,50,2,2560,1440,5120,2880,2500,2,2,0,3220,0,1,3268,3268,12029583,0
2276,43893864542,20046125,0,0,1,5120,2880,2393,128,-2649,21030,0,0,0,0,0,-1,53,9359207,129081,3,176,0,0,5,194092,0,2,181818,7,10,19,133500,0,131999,42541,0,36,6848,4724125,1,0,0,0,0,0,0,18458,0,0,1,2064,0,0,0,0,0,0,4875,10667,1,50,2,2560,1440,5120,2880,2500,2,2,0,3221,0,1,3269,3269,9741083,0
2277,43918827917,24963375,0,0,1,5120,2880,2393,128,-2649,21040,0,0,0,0,0,-1,53,117047,156584,3,176,0,0,5,194092,0,2,181818,7,10,17,55082,0,154459,50666,0,36,6848,18498000,1,0,0,0,0,0,0,37916,0,0,1,2064,0,0,0,0,0,0,10416,20334,1,50,2,2560,1440,5120,2880,2500,2,2,0,3222,0,1,3270,3270,9729874,0
2278,43937922709,19094792,0,0,1,5120,2880,2392,128,-2649,22801,0,0,0,0,0,-1,63,1487210,183417,3,176,0,0,5,193980,0,2,181818,7,11,16,140128,0,896167,49624,0,44,7136,8742208,1,0,0,0,0,0,0,30375,0,0,1,2064,0,0,0,0,0,0,5791,19167,1,50,2,2560,1440,5120,2880,2500,2,2,0,3223,0,1,3271,3271,9729874,0
2279,43958204125,20281416,0,0,1,5120,2880,2392,128,-2649,21153,0,0,0,0,0,-1,53,6881796,162038,3,176,0,0,5,193868,0,2,181818,7,10,19,149125,0,161291,42084,0,36,6889,7045750,1,0,0,0,0,0,0,15708,0,0,1,2064,0,0,0,0,0,0,4041,9167,1,50,2,2560,1440,5120,2880,2500,2,2,0,3224,0,1,3272,3272,12024374,0
2280,43984309459,26105334,0,0,1,5120,2880,2392,128,-2649,22375,0,0,0,0,0,-1,61,349332,156130,3,176,0,0,5,193532,0,2,181818,7,11,16,1083,0,143708,31834,0,43,7062,18734250,1,0,0,0,0,0,0,14583,0,0,1,2064,0,0,0,0,0,0,4083,8375,1,50,2,2560,1440,5120,2880,2500,2,2,0,3225,0,1,3273,3273,11858999,0
2281,44003016000,18706541,0,0,1,5120,2880,2392,128,-2649,21122,0,0,0,0,0,-1,53,273832,155920,3,176,0,0,5,200224,0,2,181818,7,10,14,138917,0,158041,44083,0,36,6876,11202291,1,0,0,0,0,0,0,30625,0,0,1,2064,0,0,0,0,0,0,7333,18625,1,50,2,2560,1440,5120,2880,2500,2,2,0,3226,0,1,3274,3274,11858999,0
2282,44023959834,20943834,0,0,1,5120,2880,2392,128,-2649,22722,0,0,0,0,0,-1,63,4448671,197626,3,176,0,0,5,192524,0,2,181818,7,11,20,149664,0,3671167,49501,0,44,7125,7086875,1,0,0,0,0,0,0,17542,0,0,1,2064,0,0,0,0,0,0,5167,9083,1,50,2,2560,1440,5120,2880,2500,2,2,0,3227,0,1,3275,3275,9801000,0
2283,44050683292,26723458,0,0,1,5120,2880,2392,128,-2649,21220,0,0,0,0,0,-1,52,517420,137875,3,176,0,0,5,177628,0,2,181818,7,10,15,1042,0,137500,33543,0,36,6908,21150000,1,0,0,0,0,0,0,14083,0,0,1,2064,0,0,0,0,0,0,3375,8458,1,50,2,2560,1440,5120,2880,2500,2,2,0,3228,0,1,3276,3276,9548791,0
2284,44070242500,19559208,0,0,1,5120,2880,2392,128,-2649,22562,0,0,0,0,0,-1,61,141544,185083,3,176,0,0,5,169452,0,2,181818,7,11,13,54542,0,200001,49000,0,42,7117,10427916,1,0,0,0,0,0,0,27167,0,0,1,2064,0,0,0,0,0,0,5667,16250,1,50,2,2560,1440,5120,2880,2500,2,2,0,3229,0,1,3277,3277,11745458,0
2285,44089477875,19235375,0,0,1,5120,2880,2392,128,-2649,21260,0,0,0,0,0,-1,52,3156121,138247,3,176,0,0,5,169452,0,2,181818,7,10,15,148998,0,154998,46875,0,35,6928,8661750,1,0,0,0,0,0,0,37875,0,0,1,2064,0,0,0,0,0,0,9500,19167,1,50,2,2560,1440,5120,2880,2500,2,2,0,3230,0,1,3278,3278,11745458,0
2286,44117386375,27908500,0,0,1,5120,2880,2392,128,-2649,21241,0,0,0,0,0,-1,51,115706,140168,3,176,0,0,5,169116,0,2,181818,7,10,15,1666,0,140459,31958,0,35,6921,22598250,1,0,0,0,0,0,0,16167,0,0,1,2064,0,0,0,0,0,0,4000,10250,1,50,2,2560,1440,5120,2880,2500,2,2,0,3231,0,1,3279,3279,11510125,0
2287,44136391542,19005167,0,0,1,5120,2880,2392,128,-2649,22943,0,0,0,0,0,-1,62,172540,184041,3,176,0,0,5,168892,0,2,181818,7,11,15,111749,0,186040,51500,0,43,7182,10264958,1,0,0,0,0,0,0,27875,0,0,1,2064,0,0,0,0,0,0,4291,18458,1,50,2,2560,1440,5120,2880,2500,2,2,0,3232,0,1,3280,3280,9776291,0
2288,44156115417,19723875,0,0,1,5120,2880,2392,128,-2649,21231,0,0,0,0,0,-1,52,3679670,158418,3,176,0,0,5,168668,0,2,181818,7,10,17,130293,0,157375,48416,0,35,6921,8832000,1,0,0,0,0,0,0,26458,0,0,1,2064,0,0,0,0,0,0,4542,16041,1,50,2,2560,1440,5120,2880,2500,2,2,0,3233,0,1,3281,3281,9776291,0
2289,44184246459,28131042,0,0,1,5120,2880,2392,128,-2649,22450,0,0,0,0,0,-1,60,197208,149750,3,176,0,0,5,168892,0,2,181818,7,11,16,1293,0,159042,34417,0,42,7093,20714583,1,0,0,0,0,0,0,13375,0,0,1,2064,0,0,0,0,0,0,2917,8416,1,50,2,2560,1440,5120,2880,2500,2,2,0,3234,0,1,3282,3282,9498458,0
2290,44203470459,19224000,0,0,1,5120,2880,2392,128,-2649,21239,0,0,0,0,0,-1,52,154623,183788,3,176,0,0,5,168220,0,2,181818,7,10,14,91249,0,175084,59875,0,35,6921,11019333,1,0,0,0,0,0,0,33750,0,0,1,2064,0,0,0,0,0,0,8541,19375,1,50,2,2560,1440,5120,2880,2500,2,2,0,3235,0,1,3283,3283,11622999,0
2291,44223436084,19965625,0,0,1,5120,2880,2392,128,-2649,22865,0,0,0,0,0,-1,62,3451831,217630,3,176,0,0,5,168332,0,2,181818,7,11,16,143792,0,188207,59458,0,43,7166,7176042,1,0,0,0,0,0,0,35541,0,0,1,2064,0,0,0,0,0,0,6459,19667,1,50,2,2560,1440,5120,2880,2500,2,2,0,3236,0,1,3284,3284,11622999,0
2292,44251148709,27712625,0,0,1,5120,2880,2392,128,-2649,21238,0,0,0,0,0,-1,50,466748,139667,3,176,0,0,5,153940,0,2,181818,7,10,15,710,0,154541,37583,0,34,6926,21721458,1,0,0,0,0,0,0,20000,0,0,1,2064,0,0,0,0,0,0,5833,10917,1,50,2,2560,1440,5120,2880,2500,2,2,0,3237,0,1,3285,3285,11391708,0
2293,44270287875,19139166,0,0,1,5120,2880,2392,128,-2649,22261,0,0,0,0,0,-1,58,166539,181001,3,176,0,0,5,135600,0,2,181818,7,11,14,74252,0,201625,61668,0,39,7041,9696416,1,0,0,0,0,0,0,45917,0,0,1,2064,0,0,0,0,0,0,7416,30750,1,50,2,2560,1440,5120,2880,2500,2,2,0,3238,0,1,3286,3286,9709166,0
2294,44289042959,18755084,0,0,1,5120,2880,2392,128,-2649,20949,0,0,0,0,0,-1,49,2796245,139666,3,176,0,0,5,135040,0,2,181818,7,10,15,145418,0,160541,64999,0,32,6840,8595875,1,0,0,0,0,0,0,35875,0,0,1,2064,0,0,0,0,0,0,7292,23208,1,50,2,2560,1440,5120,2880,2500,2,2,0,3239,0,1,3287,3287,9709166,0
2295,44308662542,19619583,0,0,1,5120,2880,2392,128,-2649,20791,0,0,0,0,0,-1,49,7416334,136501,3,176,0,0,5,134592,0,2,181818,7,10,19,138914,0,159208,50542,0,32,6790,6404709,1,0,0,0,0,0,0,21125,0,0,1,2064,0,0,0,0,0,0,5125,12917,1,50,2,2560,1440,5120,2880,2500,2,2,0,3240,0,1,3288,3288,11108166,0
2296,44328559250,19896708,0,0,1,5120,2880,2392,128,-2649,22292,0,0,0,0,0,-1,59,10139959,161543,3,176,0,0,5,134144,0,2,181818,7,11,20,148041,0,161875,65791,0,40,7003,1446458,1,0,0,0,0,0,0,20625,0,0,1,2064,0,0,0,0,0,0,5625,12042,1,50,2,2560,1440,5120,2880,2500,2,2,0,3241,0,1,3289,3289,11186000,0
2297,44351968750,23409500,0,0,1,5120,2880,2392,128,-2649,20746,0,0,0,0,0,-1,49,110792,124705,3,176,0,0,5,134144,0,2,181818,7,10,17,56501,0,147959,46416,0,32,6772,16878750,1,0,0,0,0,0,0,39542,0,0,1,2064,0,0,0,0,0,0,9667,22958,1,50,2,2560,1440,5120,2880,2500,2,2,0,3242,0,1,3290,3290,10943875,0
2298,44370089209,18120459,0,0,1,5120,2880,2392,128,-2649,22063,0,0,0,0,0,-1,58,719875,172710,3,176,0,0,5,133696,0,2,181818,7,11,16,136958,0,188416,53666,0,39,6964,9075750,1,0,0,0,0,0,0,31834,0,0,1,2064,0,0,0,0,0,0,4791,20792,1,50,2,2560,1440,5120,2880,2500,2,2,0,3243,0,1,3291,3291,11248249,0
2299,44389277375,19188166,0,0,1,5120,2880,2392,128,-2649,20736,0,0,0,0,0,-1,49,3428875,145501,3,176,0,0,5,133696,0,2,181818,7,10,19,149792,0,161875,46708,0,32,6772,8688792,1,0,0,0,0,0,0,29542,0,0,1,2064,0,0,0,0,0,0,5209,19250,1,50,2,2560,1440,5120,2880,2500,2,2,0,3244,0,1,3292,3292,11248249,0
2300,44409014250,19736875,0,0,1,5120,2880,2392,128,-2649,20736,0,0,0,0,0,-1,49,7722585,132125,3,176,0,0,5,133696,0,2,181818,7,10,19,142249,0,163168,49251,0,32,6772,6493334,1,0,0,0,0,0,0,20833,0,0,1,2064,0,0,0,0,0,0,4417,12666,1,50,2,2560,1440,5120,2880,2500,2,2,0,3245,0,1,3293,3293,11089583,0
2301,44429006917,19992667,0,0,1,5120,2880,2392,128,-2649,22257,0,0,0,0,0,-1,59,11151698,169085,3,176,0,0,5,133808,0,2,181818,7,11,20,144001,0,162458,50167,0,40,6996,1206417,1,0,0,0,0,0,0,18083,0,0,1,2064,0,0,0,0,0,0,5584,9875,1,50,2,2560,1440,5120,2880,2500,2,2,0,3246,0,1,3294,3294,11089375,0
2302,44452083292,23076375,0,0,1,5120,2880,2392,128,-2649,20746,0,0,0,0,0,-1,49,106415,152081,3,176,0,0,5,133808,0,2,181818,7,10,17,57293,0,160124,46916,0,32,6772,16709709,1,0,0,0,0,0,0,20000,0,0,1,2064,0,0,0,0,0,0,3583,13750,1,50,2,2560,1440,5120,2880,2500,2,2,0,3247,0,1,3295,3295,9420000,0
2303,44470163167,18079875,0,0,1,5120,2880,2392,128,-2649,21953,0,0,0,0,0,-1,58,502036,199714,3,176,0,0,5,133808,0,2,181818,7,11,16,153918,0,202625,52708,0,39,6944,8919084,1,0,0,0,0,0,0,31084,0,0,1,2064,0,0,0,0,0,0,5500,19208,1,50,2,2560,1440,5120,2880,2500,2,2,0,3248,0,1,3296,3296,11195375,0
2304,44489369750,19206583,0,0,1,5120,2880,2392,128,-2649,20736,0,0,0,0,0,-1,49,3554255,153207,3,176,0,0,5,133808,0,2,181818,7,10,19,150749,0,156500,52833,0,32,6772,8676542,1,0,0,0,0,0,0,26292,0,0,1,2064,0,0,0,0,0,0,6208,15000,1,50,2,2560,1440,5120,2880,2500,2,2,0,3249,0,1,3297,3297,11195375,0
2305,44508802959,19433209,0,0,1,5120,2880,2392,128,-2649,20736,0,0,0,0,0,-1,49,7626919,141458,3,176,0,0,5,133808,0,2,181818,7,10,19,147624,0,166667,49458,0,32,6772,6391916,1,0,0,0,0,0,0,19375,0,0,1,2064,0,0,0,0,0,0,3708,12417,1,50,2,2560,1440,5120,2880,2500,2,2,0,3250,0,1,3298,3298,9570791,0
2306,44528751167,19948208,0,0,1,5120,2880,2392,128,-2649,22567,0,0,0,0,0,-1,59,10925414,163460,3,176,0,0,5,133808,0,2,181818,7,11,20,150789,0,166167,68833,0,40,7058,1372959,1,0,0,0,0,0,0,16834,0,0,1,2064,0,0,0,0,0,0,4000,9834,1,50,2,2560,1440,5120,2880,2500,2,2,0,3251,0,1,3299,3299,11073500,0
2307,44552036500,23285333,0,0,1,5120,2880,2392,128,-2649,20746,0,0,0,0,0,-1,49,106380,132878,3,176,0,0,5,133808,0,2,181818,7,10,17,58499,0,157500,43499,0,32,6772,16994334,1,0,0,0,0,0,0,35542,0,0,1,2064,0,0,0,0,0,0,10333,19000,1,50,2,2560,1440,5120,2880,2500,2,2,0,3252,0,1,3300,3300,10943875,0
2308,44570093042,18056542,0,0,1,5120,2880,2392,128,-2649,21950,0,0,0,0,0,-1,58,189002,218751,3,176,0,0,5,133696,0,2,181818,7,11,16,150124,0,210834,50959,0,39,6943,9074167,1,0,0,0,0,0,0,31125,0,0,1,2064,0,0,0,0,0,0,4209,20125,1,50,2,2560,1440,5120,2880,2500,2,2,0,3253,0,1,3301,3301,11117374,0
2309,44589116542,19023500,0,0,1,5120,2880,2392,128,-2649,20733,0,0,0,0,0,-1,49,2969082,153415,3,176,0,0,5,133696,0,2,181818,7,10,19,131291,0,164042,52375,0,32,6771,8790333,1,0,0,0,0,0,0,37167,0,0,1,2064,0,0,0,0,0,0,5625,25250,1,50,2,2560,1440,5120,2880,2500,2,2,0,3254,0,1,3302,3302,11117374,0
2310,44608473042,19356500,0,0,1,5120,2880,2392,128,-2649,20733,0,0,0,0,0,-1,49,7144918,134791,3,176,0,0,5,133696,0,2,181818,7,10,19,134543,0,176875,56418,0,32,6771,6642334,1,0,0,0,0,0,0,20875,0,0,1,2064,0,0,0,0,0,0,5125,11625,1,50,2,2560,1440,5120,2880,2500,2,2,0,3255,0,1,3303,3303,11040625,0
2311,44628478500,20005458,0,0,1,5120,2880,2392,128,-2649,22249,0,0,0,0,0,-1,59,10834876,165289,3,176,0,0,5,133808,0,2,181818,7,11,20,151833,0,166416,50249,0,40,6994,1644416,1,0,0,0,0,0,0,19375,0,0,1,2064,0,0,0,0,0,0,4292,11917,1,50,2,2560,1440,5120,2880,2500,2,2,0,3256,0,1,3304,3304,11053499,0
2312,44651893292,23414792,0,0,1,5120,2880,2392,128,-2649,20743,0,0,0,0,0,-1,49,101746,134923,3,176,0,0,5,133808,0,2,181818,7,10,17,55709,0,159584,45624,0,32,6771,17272708,1,0,0,0,0,0,0,18875,0,0,1,2064,0,0,0,0,0,0,4209,11834,1,50,2,2560,1440,5120,2880,2500,2,2,0,3257,0,1,3305,3305,10934249,0
2313,44670147875,18254583,0,0,1,5120,2880,2392,128,-2649,22060,0,0,0,0,0,-1,58,166874,183209,3,176,0,0,5,133584,0,2,181818,7,11,16,150210,0,206375,59417,0,39,6963,8639166,1,0,0,0,0,0,0,28667,0,0,1,2064,0,0,0,0,0,0,6333,16875,1,50,2,2560,1440,5120,2880,2500,2,2,0,3258,0,1,3306,3306,9515666,0
2314,44689202584,19054709,0,0,1,5120,2880,2392,128,-2649,20733,0,0,0,0,0,-1,49,3266043,154582,3,176,0,0,5,133472,0,2,181818,7,10,19,146205,0,161957,53875,0,32,6771,8797792,1,0,0,0,0,0,0,27375,0,0,1,2064,0,0,0,0,0,0,5334,17041,1,50,2,2560,1440,5120,2880,2500,2,2,0,3259,0,1,3307,3307,9515666,0
2315,44708646250,19443666,0,0,1,5120,2880,2392,128,-2649,20733,0,0,0,0,0,-1,49,7505334,128708,3,176,0,0,5,133472,0,2,181818,7,10,19,146665,0,165999,45501,0,32,6771,6561791,1,0,0,0,0,0,0,15875,0,0,1,2064,0,0,0,0,0,0,3667,9500,1,50,2,2560,1440,5120,2880,2500,2,2,0,3260,0,1,3308,3308,11101416,0
2316,44728649834,20003584,0,0,1,5120,2880,2392,128,-2648,22274,0,0,0,0,0,-1,59,10843005,169837,3,176,0,0,5,133136,0,2,181818,7,11,20,139292,0,166377,82375,0,40,6999,1467667,1,0,0,0,0,0,0,17916,0,0,1,2064,0,0,0,0,0,0,4333,9167,1,50,2,2560,1440,5120,2880,2500,2,2,0,3261,0,1,3309,3309,11114749,0
2317,44751929917,23280083,0,0,1,5120,2880,2392,128,-2648,20722,0,0,0,0,0,-1,48,103212,115708,3,176,0,0,5,126108,0,2,181818,7,10,17,55461,0,150459,41457,0,31,6770,17051667,1,0,0,0,0,0,0,21333,0,0,1,2064,0,0,0,0,0,0,5500,11417,1,50,2,2560,1440,5120,2880,2500,2,2,0,3262,0,1,3310,3310,11015208,0
2318,44770397625,18467708,0,0,1,5120,2880,2392,128,-2648,21963,0,0,0,0,0,-1,57,170840,187460,3,176,0,0,5,125996,0,2,181818,7,11,16,129665,0,179126,53708,0,38,6947,9113708,1,0,0,0,0,0,0,31417,0,0,1,2064,0,0,0,0,0,0,6375,17875,1,50,2,2560,1440,5120,2880,2500,2,2,0,3263,0,1,3311,3311,11246333,0
2319,44788866917,18469292,0,0,1,5120,2880,2392,128,-2648,20712,0,0,0,0,0,-1,48,2439789,175040,3,176,0,0,5,125996,0,2,181818,7,10,18,130542,0,164792,59250,0,31,6770,8505167,1,0,0,0,0,0,0,32917,0,0,1,2064,0,0,0,0,0,0,8167,19208,1,50,2,2560,1440,5120,2880,2500,2,2,0,3264,0,1,3312,3312,11246333,0
2320,44808472667,19605750,0,0,1,5120,2880,2392,128,-2648,20712,0,0,0,0,0,-1,48,7524372,139045,3,176,0,0,5,125996,0,2,181818,7,10,19,146165,0,159542,51832,0,31,6770,6439167,1,0,0,0,0,0,0,20625,0,0,1,2064,0,0,0,0,0,0,4709,10750,1,50,2,2560,1440,5120,2880,2500,2,2,0,3265,0,1,3313,3313,11216500,0
2321,44828940125,20467458,0,0,1,5120,2880,2392,128,-2648,22040,0,0,0,0,0,-1,58,12069211,134007,3,176,0,0,5,125996,0,2,181818,7,11,20,149208,0,144332,38667,0,39,6915,1274917,1,0,0,0,0,0,0,17875,0,0,1,2064,0,0,0,0,0,0,3834,10917,1,50,2,2560,1440,5120,2880,2500,2,2,0,3266,0,1,3314,3314,11120624,0
2322,44851575209,22635084,0,0,1,5120,2880,2392,128,-2648,20419,0,0,0,0,0,-1,48,104583,126454,3,176,0,0,5,125996,0,2,181818,7,10,17,53292,0,144208,40750,0,31,6669,16885792,1,0,0,0,0,0,0,16583,0,0,1,2064,0,0,0,0,0,0,4458,9208,1,50,2,2560,1440,5120,2880,2500,2,2,0,3267,0,1,3315,3315,9435374,0
2323,44870310792,18735583,0,0,1,5120,2880,2392,128,-2648,21626,0,0,0,0,0,-1,57,167708,192791,3,176,0,0,5,125884,0,2,181818,7,11,16,131124,0,194167,54876,0,38,6841,9231542,1,0,0,0,0,0,0,29750,0,0,1,2064,0,0,0,0,0,0,4458,19500,1,50,2,2560,1440,5120,2880,2500,2,2,0,3268,0,1,3316,3316,11565499,0
2324,44888717375,18406583,0,0,1,5120,2880,2392,128,-2648,20409,0,0,0,0,0,-1,48,2916373,147460,3,176,0,0,5,125772,0,2,181818,7,10,19,139126,0,156166,47041,0,31,6669,8591417,1,0,0,0,0,0,0,34916,0,0,1,2064,0,0,0,0,0,0,7625,21334,1,50,2,2560,1440,5120,2880,2500,2,2,0,3269,0,1,3317,3317,11565499,0
2325,44908106500,19389125,0,0,1,5120,2880,2392,128,-2648,20409,0,0,0,0,0,-1,48,7640539,140086,3,176,0,0,5,125660,0,2,181818,7,10,19,139374,0,164166,46833,0,31,6669,6529166,1,0,0,0,0,0,0,18416,0,0,1,2064,0,0,0,0,0,0,4417,10417,1,50,2,2560,1440,5120,2880,2500,2,2,0,3270,0,1,3318,3318,9626375,0
2326,44928623375,20516875,0,0,1,5120,2880,2392,128,-2648,22124,0,0,0,0,0,-1,59,11645414,158539,3,176,0,0,5,132800,0,2,181818,7,11,20,143711,0,148667,45418,0,40,6929,1680833,1,0,0,0,0,0,0,17750,0,0,1,2064,0,0,0,0,0,0,3667,10417,1,50,2,2560,1440,5120,2880,2500,2,2,0,3271,0,1,3319,3319,11133208,0
2327,44951709917,23086542,0,0,1,5120,2880,2392,128,-2648,20443,0,0,0,0,0,-1,49,100292,131581,3,176,0,0,5,132912,0,2,181818,7,10,17,56000,0,139499,46333,0,32,6671,17075916,1,0,0,0,0,0,0,30208,0,0,1,2064,0,0,0,0,0,0,6166,16958,1,50,2,2560,1440,5120,2880,2500,2,2,0,3272,0,1,3320,3320,10991541,0
2328,44969873084,18163167,0,0,1,5120,2880,2392,128,-2648,21760,0,0,0,0,0,-1,58,210581,193669,3,176,0,0,5,133472,0,2,181818,7,11,16,143459,0,214625,44041,0,39,6863,9408375,1,0,0,0,0,0,0,30666,0,0,1,2064,0,0,0,0,0,0,5625,18417,1,50,2,2560,1440,5120,2880,2500,2,2,0,3273,0,1,3321,3321,11254374,0
2329,44989002875,19129791,0,0,1,5120,2880,2392,128,-2648,20433,0,0,0,0,0,-1,49,3104750,156335,3,176,0,0,5,133584,0,2,181818,7,10,19,149503,0,156957,51667,0,32,6671,8410667,1,0,0,0,0,0,0,37041,0,0,1,2064,0,0,0,0,0,0,6542,23833,1,50,2,2560,1440,5120,2880,2500,2,2,0,3274,0,1,3322,3322,11254374,0
2330,45008456917,19454042,0,0,1,5120,2880,2392,128,-2648,20433,0,0,0,0,0,-1,49,7492167,131918,3,176,0,0,5,133696,0,2,181818,7,10,19,143208,0,158416,42375,0,32,6671,5803083,1,0,0,0,0,0,0,15833,0,0,1,2064,0,0,0,0,0,0,4084,9958,1,50,2,2560,1440,5120,2880,2500,2,2,0,3275,0,1,3323,3323,11168500,0
2331,45028534250,20077333,0,0,1,5120,2880,2392,128,-2648,22858,0,0,0,0,0,-1,59,10474498,156170,3,176,0,0,5,133920,0,2,181818,7,11,20,146165,0,161333,92292,0,40,7191,1583625,1,0,0,0,0,0,0,17541,0,0,1,2064,0,0,0,0,0,0,3709,11416,1,50,2,2560,1440,5120,2880,2500,2,2,0,3276,0,1,3324,3324,11136499,0
2332,45052547709,24013459,0,0,1,5120,2880,2392,128,-2648,21448,0,0,0,0,0,-1,49,106123,141209,3,176,0,0,5,134144,0,2,181818,7,10,17,57001,0,144042,50750,0,32,7006,17010000,1,0,0,0,0,0,0,33875,0,0,1,2064,0,0,0,0,0,0,8333,20375,1,50,2,2560,1440,5120,2880,2500,2,2,0,3277,0,1,3325,3325,11067416,0
2333,45071146750,18599041,0,0,1,5120,2880,2392,128,-2648,23040,0,0,0,0,0,-1,59,324958,208788,3,176,0,0,5,148536,0,2,181818,7,11,16,153954,0,189001,55209,0,40,7300,8398125,1,0,0,0,0,0,0,33833,0,0,1,2064,0,0,0,0,0,0,6125,20417,1,50,2,2560,1440,5120,2880,2500,2,2,0,3278,0,1,3326,3326,11362249,0
2334,45090952417,19805667,0,0,1,5120,2880,2392,128,-2648,21749,0,0,0,0,0,-1,51,5229668,139338,13,24440,0,0,5,148648,0,2,181818,7,10,19,134250,0,178084,4468960,0,33,7100,7418542,1,0,0,0,0,0,0,15083,0,0,1,2064,0,0,0,0,0,0,3167,10042,1,50,2,2560,1440,5120,2880,2500,2,2,0,3279,0,1,3327,3327,11362249,0
2335,45117670375,26717958,0,0,1,5120,2880,2392,128,-2648,21617,0,0,0,0,0,-1,50,110790,131001,3,176,0,0,5,156432,0,2,181818,7,10,15,1169,0,143832,37001,0,34,7050,21164000,1,0,0,0,0,0,0,14750,0,0,1,2064,0,0,0,0,0,0,3792,9458,1,50,2,2560,1440,5120,2880,2500,2,2,0,3280,0,1,3328,3328,11297708,0
2336,45136946625,19276250,0,0,1,5120,2880,2392,129,-2647,23218,0,0,0,0,0,-1,60,160876,189286,3,176,0,0,5,197732,0,2,181818,7,11,15,86373,0,183209,61417,0,41,7290,9480292,1,0,0,0,0,0,0,31833,0,0,1,2064,0,0,0,0,0,0,4583,19792,1,50,2,2560,1440,5120,2880,2500,2,2,0,3281,0,1,3329,3329,11544291,0
2337,45159145250,22198625,0,0,1,5120,2880,2392,129,-2647,21915,0,0,0,0,0,-1,50,6913628,152456,3,176,0,0,5,217052,0,2,181818,7,10,16,131874,0,137666,46833,0,33,7157,8627833,1,0,0,0,0,0,0,17000,0,0,1,2064,0,0,0,0,0,0,3583,10208,1,50,2,2560,1440,5120,2880,2500,2,2,0,3282,0,1,3330,3330,11544291,0
2338,45186381250,27236000,0,0,1,5120,2880,2392,129,-2647,23541,0,0,0,0,0,-1,59,179505,216457,3,176,0,0,5,233012,0,2,181818,7,11,16,2040,0,210501,37125,0,41,7460,17893875,1,0,0,0,0,0,0,38959,0,0,1,2064,0,0,0,0,0,0,9125,21292,1,50,2,2560,1440,5120,2880,2500,2,2,0,3283,0,1,3331,3331,12026083,0
2339,45207034292,20653042,0,0,1,5120,2880,2392,129,-2647,19786,0,0,0,0,0,-1,58,2848168,180208,3,176,0,0,5,285400,0,2,181818,7,10,14,150333,0,151291,52832,0,41,6400,9153916,1,0,0,0,0,0,0,35750,0,0,1,2064,0,0,0,0,0,0,8417,19333,1,50,2,2560,1440,5120,2880,2500,2,2,0,3284,0,1,3332,3332,12026083,0
2340,45235012792,27978500,0,0,1,5120,2880,2393,129,-2647,16615,0,0,0,0,0,-1,71,156461,199838,7,1128352,0,0,5,325756,0,2,181818,7,11,16,1665,0,202457,33334,0,52,5040,20462500,1,0,0,0,0,0,0,17500,0,0,1,2064,0,0,0,0,0,0,4125,9417,1,50,2,2560,1440,5120,2880,2500,2,2,0,3285,0,1,3333,3333,10325000,0
2341,45252592250,17579458,0,0,1,5120,2880,2393,129,-2647,13522,0,0,0,0,0,-1,64,151952,193958,3,176,0,0,5,402148,0,2,181818,7,10,12,51083,0,162209,38667,0,47,4285,10465250,1,0,0,0,0,0,0,25250,0,0,1,2064,0,0,0,0,0,0,5042,16208,1,50,2,2560,1440,5120,2880,2500,2,2,0,3286,0,1,3334,3334,10160541,0
2342,45269664750,17072500,0,0,1,5120,2880,2393,129,-2647,14516,0,0,0,0,0,-1,73,223129,240583,3,176,0,0,5,408556,0,2,181818,7,11,14,59626,0,200209,53833,0,54,4362,8377500,1,0,0,0,0,0,0,26417,0,0,1,2064,0,0,0,0,0,0,5542,14917,1,50,2,2560,1440,5120,2880,2500,2,2,0,3287,0,1,3335,3335,11807375,0
2343,45287306959,17642209,0,0,1,5120,2880,2393,129,-2647,13170,0,0,0,0,0,-1,64,1674793,176499,3,176,0,0,5,408556,0,2,181818,7,10,15,145585,0,162125,45209,0,47,4165,9593917,1,0,0,0,0,0,0,33167,0,0,1,2064,0,0,0,0,0,0,7500,17750,1,50,2,2560,1440,5120,2880,2500,2,2,0,3288,0,1,3336,3336,10130250,0
2344,45304734334,17427375,0,0,1,5120,2880,2393,129,-2647,13162,0,0,0,0,0,-1,64,2878208,171169,3,176,0,0,5,408556,0,2,181818,7,10,19,150165,0,145375,49376,0,47,4165,8581666,1,0,0,0,0,0,0,29333,0,0,1,2064,0,0,0,0,0,0,5708,18417,1,50,2,2560,1440,5120,2880,2500,2,2,0,3289,0,1,3337,3337,11842958,0
2345,45322595000,17860666,0,0,1,5120,2880,2393,129,-2647,14868,0,0,0,0,0,-1,74,2526293,270961,3,176,0,0,5,408772,0,2,181818,7,11,18,62123,0,209791,46085,0,55,4424,6252375,1,0,0,0,0,0,0,54166,0,0,1,2064,0,0,0,0,0,0,7083,39625,1,50,2,2560,1440,5120,2880,2500,2,2,0,3290,0,1,3338,3338,11906083,0
2346,45340016292,17421292,0,0,1,5120,2880,2393,129,-2647,13170,0,0,0,0,0,-1,64,3745959,188793,3,176,0,0,5,408772,0,2,181818,7,10,15,152624,0,149249,58542,0,47,4165,6513208,1,0,0,0,0,0,0,42000,0,0,1,2064,0,0,0,0,0,0,6333,25667,1,50,2,2560,1440,5120,2880,2500,2,2,0,3291,0,1,3339,3339,10116333,0
2347,45357154917,17138625,0,0,1,5120,2880,2393,129,-2647,13162,0,0,0,0,0,-1,64,5315413,184085,3,176,0,0,5,408772,0,2,181818,7,10,19,138539,0,138999,47585,0,47,4165,5830875,1,0,0,0,0,0,0,40625,0,0,1,2064,0,0,0,0,0,0,6500,26500,1,50,2,2560,1440,5120,2880,2500,2,2,0,3292,0,1,3340,3340,11720541,0
2348,45384052417,26897500,0,0,1,5120,2880,2393,129,-2647,14384,0,0,0,0,0,-1,72,136788,173000,3,176,0,0,5,408772,0,2,181818,7,11,16,1333,0,154709,33585,0,54,4338,20793875,1,0,0,0,0,0,0,16375,0,0,1,2064,0,0,0,0,0,0,3792,9209,1,50,2,2560,1440,5120,2880,2500,2,2,0,3293,0,1,3341,3341,11702166,0
2349,45401785667,17733250,0,0,1,5120,2880,2393,129,-2647,13165,0,0,0,0,0,-1,64,133709,177167,3,176,0,0,5,408772,0,2,181818,7,10,12,50209,0,149375,39001,0,47,4166,11776500,1,0,0,0,0,0,0,27250,0,0,1,2064,0,0,0,0,0,0,6791,14542,1,50,2,2560,1440,5120,2880,2500,2,2,0,3294,0,1,3342,3342,10043000,0
2350,45418949459,17163792,0,0,1,5120,2880,2393,128,-2647,14791,0,0,0,0,0,-1,74,176881,214249,3,176,0,0,5,408880,0,2,181818,7,11,14,52166,0,180625,45084,0,55,4411,9376208,1,0,0,0,0,0,0,23625,0,0,1,2064,0,0,0,0,0,0,5041,13209,1,50,2,2560,1440,5120,2880,2500,2,2,0,3295,0,1,3343,3343,11720625,0
2351,45435985000,17035541,0,0,1,5120,2880,2393,128,-2647,13173,0,0,0,0,0,-1,64,716165,167456,3,176,0,0,5,408880,0,2,181818,7,10,15,153291,0,162332,58543,0,47,4166,10387000,1,0,0,0,0,0,0,23000,0,0,1,2064,0,0,0,0,0,0,4250,13875,1,50,2,2560,1440,5120,2880,2500,2,2,0,3296,0,1,3344,3344,11739500,0
2352,45453396125,17411125,0,0,1,5120,2880,2393,128,-2647,13165,0,0,0,0,0,-1,64,1694541,157161,3,176,0,0,5,408880,0,2,181818,7,10,19,143791,0,154958,47958,0,47,4166,9981625,1,0,0,0,0,0,0,26625,0,0,1,2064,0,0,0,0,0,0,6209,16750,1,50,2,2560,1440,5120,2880,2500,2,2,0,3297,0,1,3345,3345,10238416,0
2353,45471166209,17770084,0,0,1,5120,2880,2393,128,-2647,14384,0,0,0,0,0,-1,73,1916792,214494,3,176,0,0,5,408988,0,2,181818,7,11,18,53708,0,194958,43042,0,54,4338,7619792,1,0,0,0,0,0,0,34292,0,0,1,2064,0,0,0,0,0,0,6500,21584,1,50,2,2560,1440,5120,2880,2500,2,2,0,3298,0,1,3346,3346,11965874,0
2354,45488759750,17593541,0,0,1,5120,2880,2393,128,-2647,12798,0,0,0,0,0,-1,64,2706291,186451,3,176,0,0,5,414172,0,2,181818,7,10,15,149416,0,149957,51292,0,47,4041,7901666,1,0,0,0,0,0,0,34250,0,0,1,2064,0,0,0,0,0,0,8000,20709,1,50,2,2560,1440,5120,2880,2500,2,2,0,3299,0,1,3347,3347,10131124,0
2355,45506046834,17287084,0,0,1,5120,2880,2393,128,-2647,12907,0,0,0,0,0,-1,64,3524048,189837,3,176,0,0,5,414172,0,2,181818,7,10,19,154625,0,144959,47292,0,47,4080,6998958,1,0,0,0,0,0,0,41250,0,0,1,2064,0,0,0,0,0,0,10125,22083,1,50,2,2560,1440,5120,2880,2500,2,2,0,3300,0,1,3348,3348,11858375,0
2356,45523769209,17722375,0,0,1,5120,2880,2393,128,-2647,14782,0,0,0,0,0,-1,74,3775578,216830,3,176,0,0,5,434080,0,2,181818,7,11,18,53916,0,174584,49542,0,55,4410,4843542,1,0,0,0,0,0,0,29667,0,0,1,2064,0,0,0,0,0,0,5542,18000,1,50,2,2560,1440,5120,2880,2500,2,2,0,3301,0,1,3349,3349,11875500,0
2357,45541778375,18009166,0,0,1,5120,2880,2393,128,-2647,14079,0,0,0,0,0,-1,65,5509204,213414,3,176,0,0,5,436564,0,2,181818,7,10,15,148373,0,157625,367666,0,48,4462,5268000,1,0,0,0,0,0,0,19917,0,0,1,2064,0,0,0,0,0,0,5083,10584,1,50,2,2560,1440,5120,2880,2500,2,2,0,3302,0,1,3350,3350,10055416,0
2358,45559691750,17913375,0,0,1,5120,2880,2393,128,-2647,14881,0,0,0,0,0,-1,65,7836914,199415,3,176,0,0,5,428644,0,2,181818,7,10,19,145876,0,150918,372292,0,48,4732,3841209,1,0,0,0,0,0,0,16041,0,0,1,2064,0,0,0,0,0,0,4375,9000,1,50,2,2560,1440,5120,2880,2500,2,2,0,3303,0,1,3351,3351,11828249,0
2359,45584643209,24951459,0,0,1,5120,2880,2393,128,-2647,17563,0,0,0,0,0,-1,74,167251,194628,3,176,0,0,5,428320,0,2,181818,7,11,16,1416,0,155040,32627,0,56,5371,17743750,1,0,0,0,0,0,0,14834,0,0,1,2064,0,0,0,0,0,0,3375,9666,1,50,2,2560,1440,5120,2880,2500,2,2,0,3304,0,1,3352,3352,11814083,0
2360,45603995125,19351916,0,0,1,5120,2880,2393,128,-2647,19285,0,0,0,0,0,-1,66,152959,186336,3,176,0,0,5,418708,0,2,181818,7,10,12,59458,0,153417,51043,0,49,6196,10993292,1,0,0,0,0,0,0,29833,0,0,1,2064,0,0,0,0,0,0,9125,15709,1,50,2,2560,1440,5120,2880,2500,2,2,0,3305,0,1,3353,3353,10142708,0
2361,45623417417,19422292,0,0,1,5120,2880,2393,128,-2647,21203,0,0,0,0,0,-1,76,2231883,232706,3,176,0,0,5,418960,0,2,181818,7,11,14,54751,0,210459,52376,0,57,6553,6921542,1,0,0,0,0,0,0,41375,0,0,1,2064,0,0,0,0,0,0,8709,24041,1,50,2,2560,1440,5120,2880,2500,2,2,0,3306,0,1,3354,3354,12269333,0
2362,45643808209,20390792,0,0,1,5120,2880,2393,128,-2647,19885,0,0,0,0,0,-1,66,7613667,178416,3,176,0,0,5,418960,0,2,181818,7,10,15,119708,0,161543,46834,0,49,6394,5530125,1,0,0,0,0,0,0,14958,0,0,1,2064,0,0,0,0,0,0,3333,9542,1,50,2,2560,1440,5120,2880,2500,2,2,0,3307,0,1,3355,3355,12136125,0
2363,45669271584,25463375,0,0,1,5120,2880,2393,128,-2647,20000,0,0,0,0,0,-1,65,134374,167538,3,176,0,0,5,418816,0,2,181818,7,10,13,1459,0,146584,32875,0,49,6433,18595583,1,0,0,0,0,0,0,17750,0,0,1,2064,0,0,0,0,0,0,4792,9292,1,50,2,2560,1440,5120,2880,2500,2,2,0,3308,0,1,3356,3356,10026749,0
2364,45689110334,19838750,0,0,1,5120,2880,2393,128,-2647,21205,0,0,0,0,0,-1,75,1997747,203873,3,176,0,0,5,418492,0,2,181818,7,11,13,60835,0,204082,43292,0,56,6605,8532750,1,0,0,0,0,0,0,35542,0,0,1,2064,0,0,0,0,0,0,3750,24208,1,50,2,2560,1440,5120,2880,2500,2,2,0,3309,0,1,3357,3357,12378208,0
2365,45709743250,20632916,0,0,1,5120,2880,2393,128,-2647,20002,0,0,0,0,0,-1,66,6991918,196663,3,176,0,0,5,418492,0,2,181818,7,10,15,117168,0,152000,47042,0,49,6433,6152584,1,0,0,0,0,0,0,18292,0,0,1,2064,0,0,0,0,0,0,3875,10917,1,50,2,2560,1440,5120,2880,2500,2,2,0,3310,0,1,3358,3358,12249458,0
2366,45735208334,25465084,0,0,1,5120,2880,2393,128,-2647,21806,0,0,0,0,0,-1,75,155464,194542,3,176,0,0,5,418492,0,2,181818,7,11,14,1500,0,156457,35291,0,57,6714,17719583,1,0,0,0,0,0,0,14042,0,0,1,2064,0,0,0,0,0,0,2958,8042,1,50,2,2560,1440,5120,2880,2500,2,2,0,3311,0,1,3359,3359,9940291,0
2367,45754602250,19393916,0,0,1,5120,2880,2393,128,-2647,20002,0,0,0,0,0,-1,66,695464,209669,3,176,0,0,5,418492,0,2,181818,7,10,14,120083,0,162792,62833,0,49,6433,10527709,1,0,0,0,0,0,0,35709,0,0,1,2064,0,0,0,0,0,0,7416,20917,1,50,2,2560,1440,5120,2880,2500,2,2,0,3312,0,1,3360,3360,12444416,0
2368,45775859125,21256875,0,0,1,5120,2880,2393,128,-2647,21244,0,0,0,0,0,-1,75,5917082,220465,3,176,0,0,5,418816,0,2,181818,7,11,16,62083,0,185708,45750,0,56,6610,6153958,1,0,0,0,0,0,0,19500,0,0,1,2064,0,0,0,0,0,0,3834,13125,1,50,2,2560,1440,5120,2880,2500,2,2,0,3313,0,1,3361,3361,12357750,0
2369,45801652167,25793042,0,0,1,5120,2880,2393,128,-2647,19990,0,0,0,0,0,-1,65,144706,172207,3,176,0,0,5,418816,0,2,181818,7,10,11,1458,0,150207,35083,0,49,6433,19939250,1,0,0,0,0,0,0,21917,0,0,1,2064,0,0,0,0,0,0,5583,12375,1,50,2,2560,1440,5120,2880,2500,2,2,0,3314,0,1,3362,3362,9943708,0
2370,45821512125,19859958,0,0,1,5120,2880,2393,128,-2647,21512,0,0,0,0,0,-1,76,703003,221840,3,176,0,0,5,418600,0,2,181818,7,11,13,60752,0,238834,45752,0,57,6656,9295583,1,0,0,0,0,0,0,31334,0,0,1,2064,0,0,0,0,0,0,5834,18541,1,50,2,2560,1440,5120,2880,2500,2,2,0,3315,0,1,3363,3363,12433833,0
2371,45842159042,20646917,0,0,1,5120,2880,2393,128,-2647,20002,0,0,0,0,0,-1,66,5669543,192587,3,176,0,0,5,418600,0,2,181818,7,10,15,118042,0,145332,55792,0,49,6433,7647625,1,0,0,0,0,0,0,16667,0,0,1,2064,0,0,0,0,0,0,3834,9959,1,50,2,2560,1440,5120,2880,2500,2,2,0,3316,0,1,3364,3364,12231666,0
2372,45868470375,26311333,0,0,1,5120,2880,2393,128,-2647,20000,0,0,0,0,0,-1,65,143209,172669,3,176,0,0,5,418600,0,2,181818,7,10,13,1416,0,150793,36416,0,49,6433,20491250,1,0,0,0,0,0,0,17750,0,0,1,2064,0,0,0,0,0,0,4583,10208,1,50,2,2560,1440,5120,2880,2500,2,2,0,3317,0,1,3365,3365,10075375,0
2373,45888189084,19718709,0,0,1,5120,2880,2393,128,-2647,21315,0,0,0,0,0,-1,75,1120706,220128,3,176,0,0,5,418600,0,2,181818,7,11,13,59417,0,221085,43749,0,56,6625,9305375,1,0,0,0,0,0,0,30792,0,0,1,2064,0,0,0,0,0,0,5208,19250,1,50,2,2560,1440,5120,2880,2500,2,2,0,3318,0,1,3366,3366,12378458,0
2374,45908887792,20698708,0,0,1,5120,2880,2393,128,-2647,20002,0,0,0,0,0,-1,66,5391415,202997,3,176,0,0,5,418600,0,2,181818,7,10,15,130580,0,176167,47165,0,49,6433,7698417,1,0,0,0,0,0,0,16083,0,0,1,2064,0,0,0,0,0,0,4209,9208,1,50,2,2560,1440,5120,2880,2500,2,2,0,3319,0,1,3367,3367,12305875,0
2375,45934852334,25964542,0,0,1,5120,2880,2393,128,-2647,21541,0,0,0,0,0,-1,75,174993,204837,3,176,0,0,5,418708,0,2,181818,7,11,14,1833,0,154792,34540,0,57,6661,18546625,1,0,0,0,0,0,0,13792,0,0,1,2064,0,0,0,0,0,0,3042,8500,1,50,2,2560,1440,5120,2880,2500,2,2,0,3320,0,1,3368,3368,9905750,0
2376,45954316000,19463666,0,0,1,5120,2880,2393,128,-2647,20002,0,0,0,0,0,-1,66,586916,212419,3,176,0,0,5,418708,0,2,181818,7,10,14,111376,0,175707,46458,0,49,6433,10881292,1,0,0,0,0,0,0,30500,0,0,1,2064,0,0,0,0,0,0,6917,17083,1,50,2,2560,1440,5120,2880,2500,2,2,0,3321,0,1,3369,3369,12409124,0
2377,45975568000,21252000,0,0,1,5120,2880,2392,128,-2647,21209,0,0,0,0,0,-1,75,5300664,219420,3,176,0,0,5,418600,0,2,181818,7,11,16,52875,0,199542,34666,0,56,6605,6581083,1,0,0,0,0,0,0,45583,0,0,1,2064,0,0,0,0,0,0,8958,25208,1,50,2,2560,1440,5120,2880,2500,2,2,0,3322,0,1,3370,3370,12322291,0
2378,45996288542,20720542,0,0,1,5120,2880,2392,128,-2647,20002,0,0,0,0,0,-1,66,11389127,160790,3,176,0,0,5,418600,0,2,181818,7,10,15,105709,0,138417,39335,0,49,6433,3599333,1,0,0,0,0,0,0,19666,0,0,1,2064,0,0,0,0,0,0,4250,11541,1,50,2,2560,1440,5120,2880,2500,2,2,0,3323,0,1,3371,3371,9958791,0
2379,46019407334,23118792,0,0,1,5120,2880,2392,128,-2647,20000,0,0,0,0,0,-1,66,129332,165460,3,176,0,0,5,418600,0,2,181818,7,10,15,57707,0,125750,55210,0,49,6433,16337458,1,0,0,0,0,0,0,26834,0,0,1,2064,0,0,0,0,0,0,5625,15541,1,50,2,2560,1440,5120,2880,2500,2,2,0,3324,0,1,3372,3372,12434833,0
2380,46039410959,20003625,0,0,1,5120,2880,2392,128,-2647,21662,0,0,0,0,0,-1,77,2437787,227798,13,17132,0,0,5,419068,0,2,181818,7,11,14,54457,0,213251,45168,0,57,6684,8578875,1,0,0,0,0,0,0,15875,0,0,1,2064,0,0,0,0,0,0,2750,10125,1,50,2,2560,1440,5120,2880,2500,2,2,0,3325,0,1,3373,3373,12451583,0
2381,46060192875,20781916,0,0,1,5120,2880,2392,128,-2647,20002,0,0,0,0,0,-1,66,8585416,174836,3,176,0,0,5,419068,0,2,181818,7,10,15,106209,0,125334,52750,0,49,6433,6465500,1,0,0,0,0,0,0,13500,0,0,1,2064,0,0,0,0,0,0,2542,8916,1,50,2,2560,1440,5120,2880,2500,2,2,0,3326,0,1,3374,3374,9972875,0
2382,46084861875,24669000,0,0,1,5120,2880,2392,128,-2646,21209,0,0,0,0,0,-1,74,139001,160375,3,176,0,0,5,419176,0,2,181818,7,11,14,1290,0,133376,32417,0,56,6605,17742167,1,0,0,0,0,0,0,15125,0,0,1,2064,0,0,0,0,0,0,3041,8584,1,50,2,2560,1440,5120,2880,2500,2,2,0,3327,0,1,3375,3375,12355499,0
2383,46104614792,19752917,0,0,1,5120,2880,2392,128,-2646,20002,0,0,0,0,0,-1,66,1328251,172874,3,176,0,0,5,419176,0,2,181818,7,10,14,119873,0,144333,49583,0,49,6433,11066625,1,0,0,0,0,0,0,30916,0,0,1,2064,0,0,0,0,0,0,7000,18709,1,50,2,2560,1440,5120,2880,2500,2,2,0,3328,0,1,3376,3376,12484541,0
2384,46125586625,20971833,0,0,1,5120,2880,2392,128,-2646,21696,0,0,0,0,0,-1,76,5454666,227665,3,176,0,0,5,419284,0,2,181818,7,11,16,50749,0,159165,42208,0,57,6692,6514625,1,0,0,0,0,0,0,40541,0,0,1,2064,0,0,0,0,0,0,8000,26000,1,50,2,2560,1440,5120,2880,2500,2,2,0,3329,0,1,3377,3377,10034333,0
2385,46150802834,25216209,0,0,1,5120,2880,2392,128,-2646,19990,0,0,0,0,0,-1,65,118664,135916,3,176,0,0,5,419284,0,2,181818,7,10,11,749,0,118708,35250,0,49,6433,20417375,1,0,0,0,0,0,0,44416,0,0,1,2064,0,0,0,0,0,0,2625,39042,1,50,2,2560,1440,5120,2880,2500,2,2,0,3330,0,1,3378,3378,12341708,0
2386,46170946959,20144125,0,0,1,5120,2880,2392,128,-2647,21315,0,0,0,0,0,-1,75,367754,221083,3,176,0,0,5,418816,0,2,181818,7,11,13,56124,0,196541,47624,0,56,6625,10030542,1,0,0,0,0,0,0,31125,0,0,1,2064,0,0,0,0,0,0,3834,20875,1,50,2,2560,1440,5120,2880,2500,2,2,0,3331,0,1,3379,3379,12558958,0
2387,46191804417,20857458,0,0,1,5120,2880,2392,128,-2647,20071,0,0,0,0,0,-1,66,4933251,189916,3,176,0,0,5,418816,0,2,181818,7,10,15,121165,0,142875,47833,0,49,6456,8039250,1,0,0,0,0,0,0,14833,0,0,1,2064,0,0,0,0,0,0,3875,8375,1,50,2,2560,1440,5120,2880,2500,2,2,0,3332,0,1,3380,3380,10037874,0
2388,46217420000,25615583,0,0,1,5120,2880,2392,128,-2647,20069,0,0,0,0,0,-1,65,128290,148133,3,176,0,0,5,418708,0,2,181818,7,10,13,1420,0,129583,31459,0,49,6456,20564917,1,0,0,0,0,0,0,15750,0,0,1,2064,0,0,0,0,0,0,3958,9542,1,50,2,2560,1440,5120,2880,2500,2,2,0,3333,0,1,3381,3381,12358958,0
2389,46237411625,19991625,0,0,1,5120,2880,2392,128,-2647,21578,0,0,0,0,0,-1,76,566463,191832,3,176,0,0,5,435232,0,2,181818,7,11,13,52501,0,163917,45291,0,57,6676,10336125,1,0,0,0,0,0,0,26125,0,0,1,2064,0,0,0,0,0,0,2083,17750,1,50,2,2560,1440,5120,2880,2500,2,2,0,3334,0,1,3382,3382,12462458,0
2390,46258239834,20828209,0,0,1,5120,2880,2392,128,-2647,20074,0,0,0,0,0,-1,66,4902039,190664,3,176,0,0,5,435124,0,2,181818,7,10,15,113622,0,148167,49332,0,49,6457,8295125,1,0,0,0,0,0,0,16834,0,0,1,2064,0,0,0,0,0,0,3666,10375,1,50,2,2560,1440,5120,2880,2500,2,2,0,3335,0,1,3383,3383,10102625,0
2391,46284363709,26123875,0,0,1,5120,2880,2392,128,-2647,21268,0,0,0,0,0,-1,74,128293,169170,3,176,0,0,5,435124,0,2,181818,7,11,14,1208,0,130292,32543,0,56,6618,19287708,1,0,0,0,0,0,0,13750,0,0,1,2064,0,0,0,0,0,0,2375,8792,1,50,2,2560,1440,5120,2880,2500,2,2,0,3336,0,1,3384,3384,12295499,0
2392,46304030334,19666625,0,0,1,5120,2880,2392,128,-2647,20149,0,0,0,0,0,-1,66,166462,173917,3,176,0,0,5,435232,0,2,181818,7,10,12,53418,0,160500,54917,0,49,6484,11364416,1,0,0,0,0,0,0,20084,0,0,1,2064,0,0,0,0,0,0,3959,9708,1,50,2,2560,1440,5120,2880,2500,2,2,0,3337,0,1,3385,3385,12388666,0
2393,46324645042,20614708,0,0,1,5120,2880,2392,128,-2647,21803,0,0,0,0,0,-1,76,4250585,242581,3,176,0,0,5,434908,0,2,181818,7,11,14,56542,0,213207,52958,0,57,6735,7123417,1,0,0,0,0,0,0,16292,0,0,1,2064,0,0,0,0,0,0,3792,8292,1,50,2,2560,1440,5120,2880,2500,2,2,0,3338,0,1,3386,3386,10150500,0
2394,46345039125,20394083,0,0,1,5120,2880,2392,128,-2647,20158,0,0,0,0,0,-1,66,9875460,168210,3,176,0,0,5,443548,0,2,181818,7,10,15,114165,0,144999,52000,0,49,6485,4370542,1,0,0,0,0,0,0,15875,0,0,1,2064,0,0,0,0,0,0,4083,9208,1,50,2,2560,1440,5120,2880,2500,2,2,0,3339,0,1,3387,3387,12191333,0
2395,46368855417,23816292,0,0,1,5120,2880,2392,128,-2647,20157,0,0,0,0,0,-1,66,133000,160877,3,176,0,0,5,443548,0,2,181818,7,10,14,43708,0,129541,59042,0,49,6485,17361375,1,0,0,0,0,0,0,45416,0,0,1,2064,0,0,0,0,0,0,10083,25000,1,50,2,2560,1440,5120,2880,2500,2,2,0,3340,0,1,3388,3388,12337499,0
2396,46388924584,20069167,0,0,1,5120,2880,2392,128,-2647,21361,0,0,0,0,0,-1,75,2074709,214049,3,176,0,0,5,443440,0,2,181818,7,11,13,53293,0,191958,39000,0,56,6657,8887625,1,0,0,0,0,0,0,30833,0,0,1,2064,0,0,0,0,0,0,4625,17208,1,50,2,2560,1440,5120,2880,2500,2,2,0,3341,0,1,3389,3389,10221500,0
2397,46409174667,20250083,0,0,1,5120,2880,2392,128,-2647,20158,0,0,0,0,0,-1,66,6363922,203539,3,176,0,0,5,443440,0,2,181818,7,10,15,116790,0,143710,55126,0,49,6485,6446125,1,0,0,0,0,0,0,15791,0,0,1,2064,0,0,0,0,0,0,3958,8750,1,50,2,2560,1440,5120,2880,2500,2,2,0,3342,0,1,3390,3390,12272958,0
2398,46435195125,26020458,0,0,1,5120,2880,2392,128,-2647,21687,0,0,0,0,0,-1,75,152998,204170,3,176,0,0,5,443548,0,2,181818,7,11,14,1417,0,147042,37499,0,57,6711,18474416,1,0,0,0,0,0,0,17500,0,0,1,2064,0,0,0,0,0,0,4833,9250,1,50,2,2560,1440,5120,2880,2500,2,2,0,3343,0,1,3391,3391,12272499,0
2399,46454751209,19556084,0,0,1,5120,2880,2392,128,-2647,20158,0,0,0,0,0,-1,66,989746,184377,3,176,0,0,5,443440,0,2,181818,7,10,14,114332,0,150000,48209,0,49,6485,10557625,1,0,0,0,0,0,0,37209,0,0,1,2064,0,0,0,0,0,0,9000,21166,1,50,2,2560,1440,5120,2880,2500,2,2,0,3344,0,1,3392,3392,10223708,0
2400,46475254000,20502791,0,0,1,5120,2880,2392,128,-2647,21475,0,0,0,0,0,-1,75,5210702,214872,3,176,0,0,5,453484,0,2,181818,7,11,16,57875,0,175041,42708,0,56,6677,6202458,1,0,0,0,0,0,0,14792,0,0,1,2064,0,0,0,0,0,0,3583,8125,1,50,2,2560,1440,5120,2880,2500,2,2,0,3345,0,1,3393,3393,12327833,0
2401,46500866959,25612959,0,0,1,5120,2880,2392,128,-2647,20146,0,0,0,0,0,-1,65,135963,141792,3,176,0,0,5,453808,0,2,181818,7,10,11,1332,0,120625,33542,0,49,6485,20481334,1,0,0,0,0,0,0,15583,0,0,1,2064,0,0,0,0,0,0,4166,8458,1,50,2,2560,1440,5120,2880,2500,2,2,0,3346,0,1,3394,3394,12231291,0
2402,46521016292,20149333,0,0,1,5120,2880,2392,128,-2647,21878,0,0,0,0,0,-1,76,777586,227836,3,176,0,0,5,453916,0,2,181818,7,11,13,51250,0,188585,43500,0,57,6750,10188833,1,0,0,0,0,0,0,30125,0,0,1,2064,0,0,0,0,0,0,6042,17250,1,50,2,2560,1440,5120,2880,2500,2,2,0,3347,0,1,3395,3395,10267750,0
2403,46541478917,20462625,0,0,1,5120,2880,2392,128,-2647,21889,0,0,0,0,0,-1,66,4163081,173838,3,176,0,0,5,453916,0,2,181818,7,10,15,116750,0,146249,53624,0,49,7062,7595167,1,0,0,0,0,0,0,16666,0,0,1,2064,0,0,0,0,0,0,3792,9750,1,50,2,2560,1440,5120,2880,2500,2,2,0,3348,0,1,3396,3396,12335375,0
2404,46568099542,26620625,0,0,1,5120,2880,2392,128,-2647,22097,0,0,0,0,0,-1,65,139338,167593,3,176,0,0,5,453916,0,2,181818,7,10,13,1126,0,123043,31249,0,49,7132,20919417,1,0,0,0,0,0,0,12875,0,0,1,2064,0,0,0,0,0,0,3209,7375,1,50,2,2560,1440,5120,2880,2500,2,2,0,3349,0,1,3397,3397,12236750,0
2405,46588571125,20471583,0,0,1,5120,2880,2392,128,-2648,23323,0,0,0,0,0,-1,75,1158287,211872,3,176,0,0,5,451468,0,2,181818,7,11,13,53666,0,171916,40249,0,56,7311,9114458,1,0,0,0,0,0,0,29334,0,0,1,2064,0,0,0,0,0,0,4792,18750,1,50,2,2560,1440,5120,2880,2500,2,2,0,3350,0,1,3398,3398,10096125,0
2406,46610049959,21478834,0,0,1,5120,2880,2392,128,-2648,22210,0,0,0,0,0,-1,66,5042289,237659,3,176,0,0,5,451324,0,2,181818,7,10,15,123124,0,156958,71500,0,49,7169,7198791,1,0,0,0,0,0,0,18458,0,0,1,2064,0,0,0,0,0,0,4125,11459,1,50,2,2560,1440,5120,2880,2500,2,2,0,3351,0,1,3399,3399,12594625,0
2407,46636302709,26252750,0,0,1,5120,2880,2392,128,-2648,23418,0,0,0,0,0,-1,75,150711,191173,3,176,0,0,5,442360,0,2,181818,7,11,14,1043,0,154751,33250,0,57,7276,17677542,1,0,0,0,0,0,0,50792,0,0,1,2064,0,0,0,0,0,0,11375,28500,1,50,2,2560,1440,5120,2880,2500,2,2,0,3352,0,1,3400,3400,12279208,0
2408,46656808000,20505291,0,0,1,5120,2880,2392,128,-2648,21232,0,0,0,0,0,-1,66,2243125,188503,3,176,0,0,5,426772,0,2,181818,7,10,14,117086,0,149918,52001,0,49,6843,9502500,1,0,0,0,0,0,0,25416,0,0,1,2064,0,0,0,0,0,0,5125,16125,1,50,2,2560,1440,5120,2880,2500,2,2,0,3353,0,1,3401,3401,10139749,0
2409,46678273792,21465792,0,0,1,5120,2880,2392,129,-2648,21918,0,0,0,0,0,-1,74,7820037,227248,3,176,0,0,5,419536,0,2,181818,7,11,16,54583,0,1980500,33959,0,55,6845,4003708,1,0,0,0,0,0,0,16167,0,0,1,2064,0,0,0,0,0,0,3542,9250,1,50,2,2560,1440,5120,2880,2500,2,2,0,3354,0,1,3402,3402,12486749,0
2410,46702969875,24696083,0,0,1,5120,2880,2392,129,-2648,20234,0,0,0,0,0,-1,65,126200,162875,3,176,0,0,5,399520,0,2,181818,7,10,13,51334,0,145333,42209,0,48,6516,17454334,1,0,0,0,0,0,0,22792,0,0,1,2064,0,0,0,0,0,0,5916,13625,1,50,2,2560,1440,5120,2880,2500,2,2,0,3355,0,1,3403,3403,12344249,0
2411,46723306084,20336209,0,0,1,5120,2880,2392,129,-2648,22146,0,0,0,0,0,-1,70,2062124,223041,3,176,0,0,5,321796,0,2,181818,7,11,16,89168,0,212041,64250,0,51,6889,7843667,1,0,0,0,0,0,0,19125,0,0,1,2064,0,0,0,0,0,0,3917,12500,1,50,2,2560,1440,5120,2880,2500,2,2,0,3356,0,1,3404,3404,10145583,0
2412,46744335292,21029208,0,0,1,5120,2880,2392,129,-2648,20659,0,0,0,0,0,-1,60,8673209,159127,3,176,0,0,5,302284,0,2,181818,7,10,15,140497,0,175125,460624,0,43,6679,5308292,1,0,0,0,0,0,0,22500,0,0,1,2064,0,0,0,0,0,0,4833,13208,1,50,2,2560,1440,5120,2880,2500,2,2,0,3357,0,1,3405,3405,10145583,0
2413,46769787209,25451917,0,0,1,5120,2880,2392,129,-2648,20766,0,0,0,0,0,-1,60,132874,152578,3,176,0,0,5,312760,0,2,181818,7,10,17,60166,0,151291,59418,0,43,6714,17973542,1,0,0,0,0,0,0,31042,0,0,1,2064,0,0,0,0,0,0,8042,17083,1,50,2,2560,1440,5120,2880,2500,2,2,0,3358,0,1,3406,3406,9965250,0
2414,46790150917,20363708,0,0,1,5120,2880,2392,129,-2648,22419,0,0,0,0,0,-1,67,2616210,179290,3,176,0,0,5,290620,0,2,181818,7,11,16,115706,0,175166,57917,0,48,7024,7996459,1,0,0,0,0,0,0,29875,0,0,1,2064,0,0,0,0,0,0,4417,20458,1,50,2,2560,1440,5120,2880,2500,2,2,0,3359,0,1,3407,3407,12530583,0
2415,46811422459,21271542,0,0,1,5120,2880,2392,129,-2648,21416,0,0,0,0,0,-1,58,9012043,144705,3,176,0,0,5,284284,0,2,181818,7,10,17,140960,0,153874,89624,0,41,6946,5484292,1,0,0,0,0,0,0,16667,0,0,1,2064,0,0,0,0,0,0,4417,9541,1,50,2,2560,1440,5120,2880,2500,2,2,0,3360,0,1,3408,3408,12530583,0
2416,46836488334,25065875,0,0,1,5120,2880,2393,129,-2648,23116,0,0,0,0,0,-1,68,128417,191834,3,176,0,0,5,283852,0,2,181818,7,11,18,54919,0,178752,43793,0,49,7227,16089375,1,0,0,0,0,0,0,15167,0,0,1,2064,0,0,0,0,0,0,3417,9125,1,50,2,2560,1440,5120,2880,2500,2,2,0,3361,0,1,3409,3409,12420166,0
2417,46856221667,19733333,0,0,1,5120,2880,2393,129,-2648,21814,0,0,0,0,0,-1,55,2095666,171163,3,176,0,0,5,265456,0,2,181818,7,10,15,158210,0,154834,47124,0,38,7092,9259291,1,0,0,0,0,0,0,30666,0,0,1,2064,0,0,0,0,0,0,6416,17708,1,50,2,2560,1440,5120,2880,2500,2,2,0,3362,0,1,3410,3410,12420166,0
2418,46884682709,28461042,0,0,1,5120,2880,2393,129,-2648,19377,0,0,0,0,0,-1,61,668455,175540,3,176,0,0,5,255664,0,2,181818,7,11,16,1794,0,163458,34332,0,43,6060,20537292,1,0,0,0,0,0,0,18625,0,0,1,2064,0,0,0,0,0,0,4292,8625,1,50,2,2560,1440,5120,2880,2500,2,2,0,3363,0,1,3411,3411,9877791,0
2419,46902918667,18235958,0,0,1,5120,2880,2393,129,-2648,14891,0,0,0,0,0,-1,54,143709,174377,3,176,0,0,5,249840,0,2,181818,7,10,14,147543,0,168415,67124,0,37,4793,11086208,1,0,0,0,0,0,0,27416,0,0,1,2064,0,0,0,0,0,0,6500,14416,1,50,2,2560,1440,5120,2880,2500,2,2,0,3364,0,1,3412,3412,12116416,0
2420,46919807209,16888542,0,0,1,5120,2880,2393,129,-2648,16543,0,0,0,0,0,-1,64,499412,177250,3,176,0,0,5,232340,0,2,181818,7,11,20,109710,0,182043,52084,0,45,5024,7926000,1,0,0,0,0,0,0,25041,0,0,1,2064,0,0,0,0,0,0,5167,16000,1,50,2,2560,1440,5120,2880,2500,2,2,0,3365,0,1,3413,3413,8299833,0
2421,46936936625,17129416,0,0,1,5120,2880,2393,129,-2648,15246,0,0,0,0,0,-1,54,1351044,152497,3,176,0,0,5,217780,0,2,181818,7,10,17,142373,0,147500,786584,0,37,4914,8835125,1,0,0,0,0,0,0,29667,0,0,1,2064,0,0,0,0,0,0,6417,17625,1,50,2,2560,1440,5120,2880,2500,2,2,0,3366,0,1,3414,3414,8299833,0
2422,46954942250,18005625,0,0,1,5120,2880,2393,129,-2648,16593,0,0,0,0,0,-1,53,2826459,152713,3,176,0,0,5,204704,0,2,181818,7,10,19,140916,0,154208,79041,0,36,5369,8043042,1,0,0,0,0,0,0,40917,0,0,1,2064,0,0,0,0,0,0,8042,24666,1,50,2,2560,1440,5120,2880,2500,2,2,0,3367,0,1,3415,3415,11707583,0
2423,46974019209,19076959,0,0,1,5120,2880,2393,128,-2648,18828,0,0,0,0,0,-1,62,4254833,193624,3,176,0,0,5,199412,0,2,181818,7,11,20,148166,0,185708,50916,0,43,5883,5386709,1,0,0,0,0,0,0,35750,0,0,1,2064,0,0,0,0,0,0,7584,19750,1,50,2,2560,1440,5120,2880,2500,2,2,0,3368,0,1,3416,3416,9947041,0
2424,47000432334,26413125,0,0,1,5120,2880,2393,128,-2648,17629,0,0,0,0,0,-1,52,505417,135082,3,176,0,0,5,199188,0,2,181818,7,10,15,1459,0,141707,33500,0,36,5711,21325792,1,0,0,0,0,0,0,13041,0,0,1,2064,0,0,0,0,0,0,2875,7750,1,50,2,2560,1440,5120,2880,2500,2,2,0,3369,0,1,3417,3417,11535833,0
2425,47019921459,19489125,0,0,1,5120,2880,2393,128,-2648,20568,0,0,0,0,0,-1,63,136920,179165,3,176,0,0,5,191516,0,2,181818,7,11,13,49582,0,168002,43083,0,44,6407,10665167,1,0,0,0,0,0,0,24958,0,0,1,2064,0,0,0,0,0,0,5041,14792,1,50,2,2560,1440,5120,2880,2500,2,2,0,3370,0,1,3418,3418,11716958,0
2426,47037320125,17398666,0,0,1,5120,2880,2393,128,-2648,19025,0,0,0,0,0,-1,53,1641621,143417,3,176,0,0,5,191516,0,2,181818,7,10,15,122794,0,154833,42374,0,36,6177,9406125,1,0,0,0,0,0,0,26917,0,0,1,2064,0,0,0,0,0,0,3875,16250,1,50,2,2560,1440,5120,2880,2500,2,2,0,3371,0,1,3419,3419,11716958,0
2427,47056737542,19417417,0,0,1,5120,2880,2393,128,-2648,19017,0,0,0,0,0,-1,53,4122085,181040,3,176,0,0,5,191516,0,2,181818,7,10,19,149416,0,157334,46251,0,36,6177,8601666,1,0,0,0,0,0,0,23042,0,0,1,2064,0,0,0,0,0,0,4333,14667,1,50,2,2560,1440,5120,2880,2500,2,2,0,3372,0,1,3420,3420,11732749,0
2428,47084389000,27651458,0,0,1,5120,2880,2393,128,-2648,20346,0,0,0,0,0,-1,61,582462,162752,3,176,0,0,5,191516,0,2,181818,7,11,16,1334,0,164333,34042,0,43,6369,20343083,1,0,0,0,0,0,0,15083,0,0,1,2064,0,0,0,0,0,0,3125,10167,1,50,2,2560,1440,5120,2880,2500,2,2,0,3373,0,1,3421,3421,9689666,0
2429,47102933750,18544750,0,0,1,5120,2880,2393,128,-2648,19017,0,0,0,0,0,-1,53,149541,177834,3,176,0,0,5,191516,0,2,181818,7,10,12,53000,0,180668,55959,0,36,6177,11658000,1,0,0,0,0,0,0,24583,0,0,1,2064,0,0,0,0,0,0,6208,14042,1,50,2,2560,1440,5120,2880,2500,2,2,0,3374,0,1,3422,3422,11679125,0
2430,47122290750,19357000,0,0,1,5120,2880,2393,128,-2648,20584,0,0,0,0,0,-1,64,2197292,218750,6,9476,0,0,5,191740,0,2,181818,7,11,16,142002,0,212584,59749,0,44,6408,8234958,1,0,0,0,0,0,0,19750,0,0,1,2064,0,0,0,0,0,0,3167,12708,1,50,2,2560,1440,5120,2880,2500,2,2,0,3375,0,1,3423,3423,9825500,0
2431,47140888125,18597375,0,0,1,5120,2880,2393,128,-2648,19017,0,0,0,0,0,-1,53,5651668,153376,3,176,0,0,5,191740,0,2,181818,7,10,19,139624,0,159625,47249,0,36,6177,6925166,1,0,0,0,0,0,0,17834,0,0,1,2064,0,0,0,0,0,0,3583,12375,1,50,2,2560,1440,5120,2880,2500,2,2,0,3376,0,1,3424,3424,9825500,0
2432,47167343084,26454959,0,0,1,5120,2880,2393,128,-2648,19027,0,0,0,0,0,-1,52,134830,149414,3,176,0,0,5,191740,0,2,181818,7,10,15,1456,0,156334,32874,0,36,6177,21643625,1,0,0,0,0,0,0,13667,0,0,1,2064,0,0,0,0,0,0,4250,7958,1,50,2,2560,1440,5120,2880,2500,2,2,0,3377,0,1,3425,3425,11630749,0
2433,47185922000,18578916,0,0,1,5120,2880,2393,128,-2648,20226,0,0,0,0,0,-1,62,150536,185294,3,176,0,0,5,191740,0,2,181818,7,11,13,49082,0,197417,51334,0,43,6349,10477167,1,0,0,0,0,0,0,24792,0,0,1,2064,0,0,0,0,0,0,3500,17875,1,50,2,2560,1440,5120,2880,2500,2,2,0,3378,0,1,3426,3426,11649499,0
2434,47204170709,18248709,0,0,1,5120,2880,2393,128,-2648,19025,0,0,0,0,0,-1,53,1014668,192290,3,176,0,0,5,191740,0,2,181818,7,10,15,144623,0,162335,53543,0,36,6177,10084292,1,0,0,0,0,0,0,35000,0,0,1,2064,0,0,0,0,0,0,9333,19167,1,50,2,2560,1440,5120,2880,2500,2,2,0,3379,0,1,3427,3427,11649499,0
2435,47224286167,20115458,0,0,1,5120,2880,2393,128,-2648,20643,0,0,0,0,0,-1,63,4724504,219459,3,176,0,0,5,191516,0,2,181818,7,11,20,136292,0,3483583,48377,0,44,6422,6125166,1,0,0,0,0,0,0,23417,0,0,1,2064,0,0,0,0,0,0,6000,12667,1,50,2,2560,1440,5120,2880,2500,2,2,0,3380,0,1,3428,3428,11569624,0
2436,47243174542,18888375,0,0,1,5120,2880,2393,128,-2648,19017,0,0,0,0,0,-1,53,9306746,143172,3,176,0,0,5,191516,0,2,181818,7,10,19,129291,0,142500,49917,0,36,6177,4271542,1,0,0,0,0,0,0,21834,0,0,1,2064,0,0,0,0,0,0,5458,10875,1,50,2,2560,1440,5120,2880,2500,2,2,0,3381,0,1,3429,3429,11823874,0
2437,47268470709,25296167,0,0,1,5120,2880,2393,128,-2648,19027,0,0,0,0,0,-1,52,131706,158122,3,176,0,0,5,191516,0,2,181818,7,10,15,1417,0,170540,40457,0,36,6177,19134333,1,0,0,0,0,0,0,20583,0,0,1,2064,0,0,0,0,0,0,5083,12125,1,50,2,2560,1440,5120,2880,2500,2,2,0,3382,0,1,3430,3430,11587999,0
2438,47287259167,18788458,0,0,1,5120,2880,2393,128,-2648,21632,0,0,0,0,0,-1,62,139129,189419,3,176,0,0,5,198432,0,2,181818,7,11,13,56541,0,229249,53833,0,43,6811,9157334,1,0,0,0,0,0,0,26625,0,0,1,2064,0,0,0,0,0,0,5500,14500,1,50,2,2560,1440,5120,2880,2500,2,2,0,3383,0,1,3431,3431,9800750,0
2439,47306193542,18934375,0,0,1,5120,2880,2393,128,-2648,20672,0,0,0,0,0,-1,53,2579124,170997,3,176,0,0,5,198096,0,2,181818,7,10,15,154919,0,154374,42416,0,36,6726,8537083,1,0,0,0,0,0,0,37292,0,0,1,2064,0,0,0,0,0,0,10084,20750,1,50,2,2560,1440,5120,2880,2500,2,2,0,3384,0,1,3432,3432,9800750,0
2440,47334815042,28621500,0,0,1,5120,2880,2393,128,-2648,22427,0,0,0,0,0,-1,62,317080,193211,3,176,0,0,5,197872,0,2,181818,7,11,16,1377,0,164834,37667,0,44,7004,20624208,1,0,0,0,0,0,0,16791,0,0,1,2064,0,0,0,0,0,0,4333,9083,1,50,2,2560,1440,5120,2880,2500,2,2,0,3385,0,1,3433,3433,9639458,0
2441,47353687792,18872750,0,0,1,5120,2880,2393,128,-2648,20730,0,0,0,0,0,-1,53,160042,147247,3,176,0,0,5,187680,0,2,181818,7,10,14,110416,0,162791,49417,0,36,6746,11058833,1,0,0,0,0,0,0,33792,0,0,1,2064,0,0,0,0,0,0,7542,19250,1,50,2,2560,1440,5120,2880,2500,2,2,0,3386,0,1,3434,3434,11948666,0
2442,47373917042,20229250,0,0,1,5120,2880,2393,128,-2648,22088,0,0,0,0,0,-1,62,3953582,215959,3,176,0,0,5,186336,0,2,181818,7,11,18,145337,0,196456,96584,0,43,6953,7157500,1,0,0,0,0,0,0,32333,0,0,1,2064,0,0,0,0,0,0,8125,18000,1,50,2,2560,1440,5120,2880,2500,2,2,0,3387,0,1,3435,3435,11948666,0
2443,47400774084,26857042,0,0,1,5120,2880,2393,128,-2648,20779,0,0,0,0,0,-1,52,441168,130377,3,176,0,0,5,183872,0,2,181818,7,10,15,1166,0,145419,34456,0,36,6761,21269833,1,0,0,0,0,0,0,15542,0,0,1,2064,0,0,0,0,0,0,4042,9042,1,50,2,2560,1440,5120,2880,2500,2,2,0,3388,0,1,3436,3436,11589916,0
2444,47420325167,19551083,0,0,1,5120,2880,2393,128,-2648,22326,0,0,0,0,0,-1,63,137503,201751,3,176,0,0,5,181408,0,2,181818,7,11,13,51876,0,196376,38209,0,44,6997,10331584,1,0,0,0,0,0,0,27042,0,0,1,2064,0,0,0,0,0,0,5167,17667,1,50,2,2560,1440,5120,2880,2500,2,2,0,3389,0,1,3437,3437,11783249,0
2445,47439173459,18848292,0,0,1,5120,2880,2393,128,-2648,20813,0,0,0,0,0,-1,53,2776168,171455,3,176,0,0,5,181296,0,2,181818,7,10,15,152289,0,157625,47792,0,36,6773,8379333,1,0,0,0,0,0,0,32917,0,0,1,2064,0,0,0,0,0,0,7084,19750,1,50,2,2560,1440,5120,2880,2500,2,2,0,3390,0,1,3438,3438,11783249,0
2446,47459459125,20285666,0,0,1,5120,2880,2393,128,-2648,20778,0,0,0,0,0,-1,53,7666123,155665,3,176,0,0,5,180960,0,2,181818,7,10,19,154167,0,162417,42374,0,36,6764,6485000,1,0,0,0,0,0,0,23708,0,0,1,2064,0,0,0,0,0,0,5625,14500,1,50,2,2560,1440,5120,2880,2500,2,2,0,3391,0,1,3439,3439,11629958,0
2447,47485051167,25592042,0,0,1,5120,2880,2393,128,-2648,22030,0,0,0,0,0,-1,61,317631,168665,3,176,0,0,5,180400,0,2,181818,7,11,16,1378,0,159208,34208,0,43,6947,17558666,1,0,0,0,0,0,0,14250,0,0,1,2064,0,0,0,0,0,0,3083,8500,1,50,2,2560,1440,5120,2880,2500,2,2,0,3392,0,1,3440,3440,11523333,0
2448,47503254125,18202958,0,0,1,5120,2880,2393,128,-2648,20963,0,0,0,0,0,-1,52,144125,158999,3,176,0,0,5,168892,0,2,181818,7,10,14,147707,0,177584,48959,0,35,6829,10691333,1,0,0,0,0,0,0,30916,0,0,1,2064,0,0,0,0,0,0,7709,18084,1,50,2,2560,1440,5120,2880,2500,2,2,0,3393,0,1,3441,3441,11686666,0
2449,47523923125,20669000,0,0,1,5120,2880,2393,128,-2648,22690,0,0,0,0,0,-1,62,3746708,212789,3,176,0,0,5,170572,0,2,181818,7,11,20,139753,0,192335,54376,0,43,7103,7221041,1,0,0,0,0,0,0,29875,0,0,1,2064,0,0,0,0,0,0,7459,16292,1,50,2,2560,1440,5120,2880,2500,2,2,0,3394,0,1,3442,3442,11686666,0
2450,47551283584,27360459,0,0,1,5120,2880,2393,128,-2648,21058,0,0,0,0,0,-1,51,493416,130835,3,176,0,0,5,171020,0,2,181818,7,10,15,1456,0,147209,33457,0,35,6860,21239333,1,0,0,0,0,0,0,15458,0,0,1,2064,0,0,0,0,0,0,4208,8417,1,50,2,2560,1440,5120,2880,2500,2,2,0,3395,0,1,3443,3443,11490624,0
2451,47570527875,19244291,0,0,1,5120,2880,2393,128,-2648,22232,0,0,0,0,0,-1,61,157826,180335,3,176,0,0,5,171692,0,2,181818,7,11,15,84207,0,195584,52416,0,42,7021,10001292,1,0,0,0,0,0,0,31500,0,0,1,2064,0,0,0,0,0,0,5958,19625,1,50,2,2560,1440,5120,2880,2500,2,2,0,3396,0,1,3444,3444,11779250,0
2452,47590138834,19610959,0,0,1,5120,2880,2393,128,-2648,21023,0,0,0,0,0,-1,52,3511955,172166,3,176,0,0,5,171580,0,2,181818,7,10,15,144038,0,153041,50252,0,35,6849,8361791,1,0,0,0,0,0,0,19708,0,0,1,2064,0,0,0,0,0,0,4083,12875,1,50,2,2560,1440,5120,2880,2500,2,2,0,3397,0,1,3445,3445,11779250,0
2453,47617986459,27847625,0,0,1,5120,2880,2393,128,-2648,21025,0,0,0,0,0,-1,51,125125,145872,3,176,0,0,5,171356,0,2,181818,7,10,15,1749,0,163123,34626,0,35,6849,22082833,1,0,0,0,0,0,0,17459,0,0,1,2064,0,0,0,0,0,0,4500,10625,1,50,2,2560,1440,5120,2880,2500,2,2,0,3398,0,1,3446,3446,11582375,0
2454,47637508209,19521750,0,0,1,5120,2880,2393,128,-2648,22532,0,0,0,0,0,-1,62,163212,207624,3,176,0,0,5,171244,0,2,181818,7,11,13,52917,0,194332,55209,0,43,7071,9744542,1,0,0,0,0,0,0,35000,0,0,1,2064,0,0,0,0,0,0,8750,19000,1,50,2,2560,1440,5120,2880,2500,2,2,0,3399,0,1,3447,3447,9709708,0
2455,47656895084,19386875,0,0,1,5120,2880,2393,128,-2648,21014,0,0,0,0,0,-1,52,3775747,159548,3,176,0,0,5,171244,0,2,181818,7,10,15,134582,0,155876,50001,0,35,6846,7836875,1,0,0,0,0,0,0,19667,0,0,1,2064,0,0,0,0,0,0,4833,11458,1,50,2,2560,1440,5120,2880,2500,2,2,0,3400,0,1,3448,3448,9709708,0
2456,47684737459,27842375,0,0,1,5120,2880,2393,128,-2648,22335,0,0,0,0,0,-1,60,450921,163504,3,176,0,0,5,171244,0,2,181818,7,11,16,1498,0,170582,32916,0,42,7038,20091125,1,0,0,0,0,0,0,16583,0,0,1,2064,0,0,0,0,0,0,5000,8875,1,50,2,2560,1440,5120,2880,2500,2,2,0,3401,0,1,3449,3449,9472125,0
2457,47703417292,18679833,0,0,1,5120,2880,2393,128,-2648,21014,0,0,0,0,0,-1,52,142000,160790,3,176,0,0,5,171020,0,2,181818,7,10,14,143708,0,168542,58291,0,35,6846,11198625,1,0,0,0,0,0,0,36500,0,0,1,2064,0,0,0,0,0,0,9708,20125,1,50,2,2560,1440,5120,2880,2500,2,2,0,3402,0,1,3450,3450,11790499,0
2458,47724361042,20943750,0,0,1,5120,2880,2393,128,-2647,22700,0,0,0,0,0,-1,62,4802413,193910,3,176,0,0,5,171244,0,2,181818,7,11,20,152290,0,177378,55166,0,43,7105,6563083,1,0,0,0,0,0,0,19291,0,0,1,2064,0,0,0,0,0,0,4250,11208,1,50,2,2560,1440,5120,2880,2500,2,2,0,3403,0,1,3451,3451,11790499,0
2459,47750949625,26588583,0,0,1,5120,2880,2393,128,-2647,21019,0,0,0,0,0,-1,51,483872,135125,3,176,0,0,5,180428,0,2,181818,7,10,15,710,0,149500,31710,0,35,6847,21195292,1,0,0,0,0,0,0,15458,0,0,1,2064,0,0,0,0,0,0,4000,8625,1,50,2,2560,1440,5120,2880,2500,2,2,0,3404,0,1,3452,3452,11440750,0
2460,47770308250,19358625,0,0,1,5120,2880,2393,128,-2647,22275,0,0,0,0,0,-1,62,193545,185795,17,34088,0,0,5,180540,0,2,181818,7,11,15,91417,0,238411,54042,0,42,7024,10428042,1,0,0,0,0,0,0,32583,0,0,1,2064,0,0,0,0,0,0,7250,19375,1,50,2,2560,1440,5120,2880,2500,2,2,0,3405,0,1,3453,3453,9634833,0
2461,47789861417,19553167,0,0,1,5120,2880,2393,128,-2647,21010,0,0,0,0,0,-1,52,3233124,154211,10,15140,0,0,5,179392,0,2,181818,7,10,15,146125,0,197043,62250,0,34,6846,8827666,1,0,0,0,0,0,0,32709,0,0,1,2064,0,0,0,0,0,0,7959,16583,1,50,2,2560,1440,5120,2880,2500,2,2,0,3406,0,1,3454,3454,9634833,0
2462,47817657334,27795917,0,0,1,5120,2880,2393,128,-2647,21005,0,0,0,0,0,-1,50,128454,140628,3,176,0,0,5,179840,0,2,181818,7,10,15,1417,0,152083,34251,0,34,6846,22664125,1,0,0,0,0,0,0,15125,0,0,1,2064,0,0,0,0,0,0,3292,9416,1,50,2,2560,1440,5120,2880,2500,2,2,0,3407,0,1,3455,3455,9503250,0
2463,47836628875,18971541,0,0,1,5120,2880,2393,129,-2647,22634,0,0,0,0,0,-1,61,156582,186791,3,176,0,0,5,179504,0,2,181818,7,11,15,81665,0,190249,58126,0,42,7092,10106500,1,0,0,0,0,0,0,30917,0,0,1,2064,0,0,0,0,0,0,5584,19291,1,50,2,2560,1440,5120,2880,2500,2,2,0,3408,0,1,3456,3456,11612250,0
2464,47856497167,19868292,0,0,1,5120,2880,2393,129,-2647,21003,0,0,0,0,0,-1,51,3642667,168126,3,176,0,0,5,179392,0,2,181818,7,10,15,146878,0,162042,2728500,0,34,6846,9007791,1,0,0,0,0,0,0,39084,0,0,1,2064,0,0,0,0,0,0,9125,21250,1,50,2,2560,1440,5120,2880,2500,2,2,0,3409,0,1,3457,3457,11612250,0
2465,47884529667,28032500,0,0,1,5120,2880,2393,129,-2647,22214,0,0,0,0,0,-1,59,131040,170834,3,176,0,0,5,179280,0,2,181818,7,11,16,1501,0,165625,35542,0,41,7018,20261042,1,0,0,0,0,0,0,17875,0,0,1,2064,0,0,0,0,0,0,4750,9541,1,50,2,2560,1440,5120,2880,2500,2,2,0,3410,0,1,3458,3458,11558833,0
2466,47903206750,18677083,0,0,1,5120,2880,2393,129,-2647,21003,0,0,0,0,0,-1,51,155168,158750,3,176,0,0,5,178944,0,2,181818,7,10,14,130456,0,181083,47000,0,34,6846,11197625,1,0,0,0,0,0,0,32334,0,0,1,2064,0,0,0,0,0,0,6583,19000,1,50,2,2560,1440,5120,2880,2500,2,2,0,3411,0,1,3459,3459,9646208,0
2467,47923798459,20591709,0,0,1,5120,2880,2393,129,-2646,22536,0,0,0,0,0,-1,61,4123247,213832,3,176,0,0,5,178944,0,2,181818,7,11,20,145043,0,188501,3153750,0,42,7074,7384167,1,0,0,0,0,0,0,34125,0,0,1,2064,0,0,0,0,0,0,8125,19541,1,50,2,2560,1440,5120,2880,2500,2,2,0,3412,0,1,3460,3460,9646208,0
2468,47950880417,27081958,0,0,1,5120,2880,2393,129,-2646,21019,0,0,0,0,0,-1,51,476043,140663,17,34088,0,0,5,178944,0,2,181818,7,10,15,1498,0,180208,33125,0,34,6846,21664333,1,0,0,0,0,0,0,14125,0,0,1,2064,0,0,0,0,0,0,3250,8666,1,50,2,2560,1440,5120,2880,2500,2,2,0,3413,0,1,3461,3461,9539791,0
2469,47970154875,19274458,0,0,1,5120,2880,2393,129,-2646,22322,0,0,0,0,0,-1,60,175168,196206,3,176,0,0,5,178384,0,2,181818,7,11,15,93542,0,193584,58167,0,41,7038,10481542,1,0,0,0,0,0,0,31667,0,0,1,2064,0,0,0,0,0,0,5958,19458,1,50,2,2560,1440,5120,2880,2500,2,2,0,3414,0,1,3462,3462,11714291,0
2470,47989654917,19500042,0,0,1,5120,2880,2393,129,-2646,21003,0,0,0,0,0,-1,51,3195666,170169,3,176,0,0,5,177936,0,2,181818,7,10,15,149166,0,163708,2455000,0,34,6846,8916750,1,0,0,0,0,0,0,27833,0,0,1,2064,0,0,0,0,0,0,5667,16292,1,50,2,2560,1440,5120,2880,2500,2,2,0,3415,0,1,3463,3463,11714291,0
2471,48009839292,20184375,0,0,1,5120,2880,2393,129,-2646,20995,0,0,0,0,0,-1,51,8384289,135544,3,176,0,0,5,177040,0,2,181818,7,10,19,143751,0,167083,7645542,0,34,6846,5873208,1,0,0,0,0,0,0,16250,0,0,1,2064,0,0,0,0,0,0,3541,10334,1,50,2,2560,1440,5120,2880,2500,2,2,0,3416,0,1,3464,3464,11672791,0
2472,48035225334,25386042,0,0,1,5120,2880,2393,129,-2646,22556,0,0,0,0,0,-1,60,122543,181751,3,176,0,0,5,176816,0,2,181818,7,11,16,2543,0,185458,35418,0,42,7076,17221875,1,0,0,0,0,0,0,33542,0,0,1,2064,0,0,0,0,0,0,6167,21292,1,50,2,2560,1440,5120,2880,2500,2,2,0,3417,0,1,3465,3465,11534166,0
2473,48053699250,18473916,0,0,1,5120,2880,2393,129,-2646,21426,0,0,0,0,0,-1,51,365707,155288,3,176,0,0,5,176592,0,2,181818,7,10,14,148330,0,174791,53084,0,34,6987,10613584,1,0,0,0,0,0,0,29959,0,0,1,2064,0,0,0,0,0,0,6041,18125,1,50,2,2560,1440,5120,2880,2500,2,2,0,3418,0,1,3466,3466,11534166,0
2474,48074872875,21173625,0,0,1,5120,2880,2393,129,-2646,22537,0,0,0,0,0,-1,60,5270086,160830,3,176,0,0,5,176256,0,2,181818,7,11,20,157750,0,168457,498375,0,41,7129,6351459,1,0,0,0,0,0,0,13334,0,0,1,2064,0,0,0,0,0,0,2459,8791,1,50,2,2560,1440,5120,2880,2500,2,2,0,3419,0,1,3467,3467,11865166,0
2475,48101391084,26518209,0,0,1,5120,2880,2393,129,-2646,21197,0,0,0,0,0,-1,50,111668,131540,3,176,0,0,5,185328,0,2,181818,7,10,15,1460,0,150376,34500,0,34,6910,20591334,1,0,0,0,0,0,0,13959,0,0,1,2064,0,0,0,0,0,0,2958,8667,1,50,2,2560,1440,5120,2880,2500,2,2,0,3420,0,1,3468,3468,11618208,0
2476,48120998959,19607875,0,0,1,5120,2880,2393,128,-2646,23360,0,0,0,0,0,-1,60,193250,205085,3,176,0,0,5,223660,0,2,181818,7,11,15,143419,0,196752,47958,0,41,7317,9531750,1,0,0,0,0,0,0,38334,0,0,1,2064,0,0,0,0,0,0,8250,23375,1,50,2,2560,1440,5120,2880,2500,2,2,0,3421,0,1,3469,3469,12138874,0
2477,48143250042,22251083,0,0,1,5120,2880,2393,128,-2646,17981,0,0,0,0,0,-1,55,7793962,155668,3,176,0,0,5,257248,0,2,181818,7,10,19,148878,0,145792,54001,0,38,5817,7755292,1,0,0,0,0,0,0,22792,0,0,1,2064,0,0,0,0,0,0,4583,14834,1,50,2,2560,1440,5120,2880,2500,2,2,0,3422,0,1,3470,3470,12138874,0
2478,48167678542,24428500,0,0,1,5120,2880,2393,128,-2646,13016,0,0,0,0,0,-1,59,681417,152412,3,176,0,0,5,298432,0,2,181818,7,10,15,1333,0,141459,32999,0,43,4133,18635416,1,0,0,0,0,0,0,26709,0,0,1,2064,0,0,0,0,0,0,3166,21500,1,50,2,2560,1440,5120,2880,2500,2,2,0,3423,0,1,3471,3471,11931000,0
2479,48184965792,17287250,0,0,1,5120,2880,2393,128,-2645,11041,0,0,0,0,0,-1,73,131959,184837,3,176,0,0,5,417736,0,2,181818,7,11,13,53250,0,155625,46084,0,54,3229,9981459,1,0,0,0,0,0,0,25000,0,0,1,2064,0,0,0,0,0,0,4666,16542,1,50,2,2560,1440,5120,2880,2500,2,2,0,3424,0,1,3472,3472,11684083,0
2480,48201394250,16428458,0,0,1,5120,2880,2393,128,-2645,8251,0,0,0,0,0,-1,65,153127,182331,3,176,0,0,5,439480,0,2,181818,7,10,13,59248,0,135291,55042,0,48,2524,11017083,1,0,0,0,0,0,0,25333,0,0,1,2064,0,0,0,0,0,0,4625,16458,1,50,2,2560,1440,5120,2880,2500,2,2,0,3425,0,1,3473,3473,10018666,0
2481,48218355959,16961709,0,0,1,5120,2880,2393,128,-2645,9421,0,0,0,0,0,-1,75,154873,216875,3,176,0,0,5,439264,0,2,181818,7,11,14,51292,0,175375,51375,0,56,2631,9902375,1,0,0,0,0,0,0,32750,0,0,1,2064,0,0,0,0,0,0,6750,18875,1,50,2,2560,1440,5120,2880,2500,2,2,0,3426,0,1,3474,3474,11583249,0
2482,48234458125,16102166,0,0,1,5120,2880,2393,128,-2645,7840,0,0,0,0,0,-1,65,132000,153871,3,176,0,0,5,439264,0,2,181818,7,10,13,52583,0,145125,47291,0,48,2387,10277625,1,0,0,0,0,0,0,31584,0,0,1,2064,0,0,0,0,0,0,7500,17667,1,50,2,2560,1440,5120,2880,2500,2,2,0,3427,0,1,3475,3475,11443625,0
2483,48250608209,16150084,0,0,1,5120,2880,2393,128,-2645,7729,0,0,0,0,0,-1,65,109836,151919,3,176,0,0,5,439264,0,2,181818,7,10,13,51621,0,115959,40083,0,48,2350,11489542,1,0,0,0,0,0,0,25750,0,0,1,2064,0,0,0,0,0,0,6542,17042,1,50,2,2560,1440,5120,2880,2500,2,2,0,3428,0,1,3476,3476,11423374,0
2484,48267195750,16587541,0,0,1,5120,2880,2393,128,-2645,9083,0,0,0,0,0,-1,74,124333,163706,3,176,0,0,5,439480,0,2,181818,7,11,14,44958,0,134501,38792,0,55,2547,10677708,1,0,0,0,0,0,0,26166,0,0,1,2064,0,0,0,0,0,0,4750,17166,1,50,2,2560,1440,5120,2880,2500,2,2,0,3429,0,1,3477,3477,11499125,0
2485,48283804209,16608459,0,0,1,5120,2880,2393,128,-2645,7729,0,0,0,0,0,-1,65,126840,162961,3,176,0,0,5,439480,0,2,181818,7,10,13,70417,0,128415,43291,0,48,2350,12157250,1,0,0,0,0,0,0,18625,0,0,1,2064,0,0,0,0,0,0,2959,13041,1,50,2,2560,1440,5120,2880,2500,2,2,0,3430,0,1,3478,3478,9965500,0
2486,48300433917,16629708,0,0,1,5120,2880,2393,128,-2645,7729,0,0,0,0,0,-1,65,117125,161587,3,176,0,0,5,439480,0,2,181818,7,10,13,52082,0,143542,42083,0,48,2350,12263041,1,0,0,0,0,0,0,24417,0,0,1,2064,0,0,0,0,0,0,6083,13375,1,50,2,2560,1440,5120,2880,2500,2,2,0,3431,0,1,3479,3479,11442749,0
2487,48317473750,17039833,0,0,1,5120,2880,2393,128,-2645,9283,0,0,0,0,0,-1,75,150629,215575,3,176,0,0,5,439156,0,2,181818,7,11,13,38958,0,180959,49082,0,56,2581,10857125,1,0,0,0,0,0,0,31709,0,0,1,2064,0,0,0,0,0,0,5042,18916,1,50,2,2560,1440,5120,2880,2500,2,2,0,3432,0,1,3480,3480,11516583,0
2488,48333940042,16466292,0,0,1,5120,2880,2393,128,-2645,7729,0,0,0,0,0,-1,65,120625,157294,3,176,0,0,5,439156,0,2,181818,7,10,12,60042,0,138708,38125,0,48,2350,11999292,1,0,0,0,0,0,0,23125,0,0,1,2064,0,0,0,0,0,0,4750,13958,1,50,2,2560,1440,5120,2880,2500,2,2,0,3433,0,1,3481,3481,9970999,0
2489,48350498667,16558625,0,0,1,5120,2880,2393,128,-2645,7729,0,0,0,0,0,-1,65,127753,163790,3,176,0,0,5,439156,0,2,181818,7,10,13,57624,0,141210,40417,0,48,2350,12209042,1,0,0,0,0,0,0,15125,0,0,1,2064,0,0,0,0,0,0,2583,10333,1,50,2,2560,1440,5120,2880,2500,2,2,0,3434,0,1,3482,3482,11478875,0
2490,48367318417,16819750,0,0,1,5120,2880,2393,128,-2645,8938,0,0,0,0,0,-1,74,153831,189620,3,176,0,0,5,438832,0,2,181818,7,11,14,49168,0,171959,44001,0,55,2522,10818833,1,0,0,0,0,0,0,15666,0,0,1,2064,0,0,0,0,0,0,2375,10500,1,50,2,2560,1440,5120,2880,2500,2,2,0,3435,0,1,3483,3483,10062291,0
2491,48383849584,16531167,0,0,1,5120,2880,2393,128,-2645,7729,0,0,0,0,0,-1,65,122293,154000,3,176,0,0,5,438832,0,2,181818,7,10,13,56793,0,145250,40084,0,48,2350,11995875,1,0,0,0,0,0,0,21167,0,0,1,2064,0,0,0,0,0,0,3666,14292,1,50,2,2560,1440,5120,2880,2500,2,2,0,3436,0,1,3484,3484,10120083,0
2492,48400348125,16498541,0,0,1,5120,2880,2393,128,-2645,7729,0,0,0,0,0,-1,65,107670,152249,3,176,0,0,5,438832,0,2,181818,7,10,13,52042,0,129001,40041,0,48,2350,12139125,1,0,0,0,0,0,0,18000,0,0,1,2064,0,0,0,0,0,0,4208,10000,1,50,2,2560,1440,5120,2880,2500,2,2,0,3437,0,1,3485,3485,11503624,0
2493,48417201459,16853334,0,0,1,5120,2880,2393,128,-2645,9355,0,0,0,0,0,-1,75,142380,184918,3,176,0,0,5,438832,0,2,181818,7,11,14,56248,0,170291,44042,0,56,2595,11129125,1,0,0,0,0,0,0,19292,0,0,1,2064,0,0,0,0,0,0,3875,11583,1,50,2,2560,1440,5120,2880,2500,2,2,0,3438,0,1,3486,3486,10006124,0
2494,48433604000,16402541,0,0,1,5120,2880,2393,128,-2645,7729,0,0,0,0,0,-1,65,105707,153457,3,176,0,0,5,438832,0,2,181818,7,10,13,56916,0,126251,36834,0,48,2350,12227209,1,0,0,0,0,0,0,21875,0,0,1,2064,0,0,0,0,0,0,3792,13166,1,50,2,2560,1440,5120,2880,2500,2,2,0,3439,0,1,3487,3487,11393249,0
2495,48450136209,16532209,0,0,1,5120,2880,2393,128,-2645,7729,0,0,0,0,0,-1,65,111710,141331,3,176,0,0,5,438832,0,2,181818,7,10,13,52251,0,123583,43334,0,48,2350,12537625,1,0,0,0,0,0,0,31666,0,0,1,2064,0,0,0,0,0,0,5792,19833,1,50,2,2560,1440,5120,2880,2500,2,2,0,3440,0,1,3488,3488,11415375,0
2496,48467052750,16916541,0,0,1,5120,2880,2393,128,-2645,8936,0,0,0,0,0,-1,74,125373,174042,3,176,0,0,5,438832,0,2,181818,7,11,13,29665,0,138874,47793,0,55,2522,11417916,1,0,0,0,0,0,0,32584,0,0,1,2064,0,0,0,0,0,0,6042,20167,1,50,2,2560,1440,5120,2880,2500,2,2,0,3441,0,1,3489,3489,10030124,0
2497,48483556500,16503750,0,0,1,5120,2880,2393,128,-2645,7729,0,0,0,0,0,-1,65,103662,144417,3,176,0,0,5,438832,0,2,181818,7,10,12,50083,0,125001,39875,0,48,2350,12317584,1,0,0,0,0,0,0,30500,0,0,1,2064,0,0,0,0,0,0,6625,18833,1,50,2,2560,1440,5120,2880,2500,2,2,0,3442,0,1,3490,3490,11465041,0
2498,48499965167,16408667,0,0,1,5120,2880,2393,128,-2645,7729,0,0,0,0,0,-1,65,110127,127335,3,176,0,0,5,438832,0,2,181818,7,10,13,51834,0,122750,45001,0,48,2350,12507625,1,0,0,0,0,0,0,30166,0,0,1,2064,0,0,0,0,0,0,5583,19500,1,50,2,2560,1440,5120,2880,2500,2,2,0,3443,0,1,3491,3491,9992000,0
2499,48516912042,16946875,0,0,1,5120,2880,2393,128,-2645,9463,0,0,0,0,0,-1,75,131423,175630,3,176,0,0,5,439264,0,2,181818,7,11,13,30792,0,134415,47210,0,56,2617,11269417,1,0,0,0,0,0,0,33667,0,0,1,2064,0,0,0,0,0,0,6709,20916,1,50,2,2560,1440,5120,2880,2500,2,2,0,3444,0,1,3492,3492,11586750,0
2500,48533789500,16877458,0,0,1,5120,2880,2393,128,-2645,7726,0,0,0,0,0,-1,65,119422,149789,3,176,0,0,5,453088,0,2,181818,7,10,10,1208,0,138459,38459,0,49,2346,12343625,1,0,0,0,0,0,0,28583,0,0,1,2064,0,0,0,0,0,0,5417,19292,1,50,2,2560,1440,5120,2880,2500,2,2,0,3445,0,1,3493,3493,11478000,0
2501,48550570792,16781292,0,0,1,5120,2880,2393,128,-2645,8018,0,0,0,0,0,-1,66,111626,151415,3,176,0,0,5,447904,0,2,181818,7,10,11,29250,0,124000,48418,0,49,2442,12183375,1,0,0,0,0,0,0,32791,0,0,1,2064,0,0,0,0,0,0,7083,20167,1,50,2,2560,1440,5120,2880,2500,2,2,0,3446,0,1,3494,3494,10032625,0
2502,48567725792,17155000,0,0,1,5120,2880,2393,128,-2645,9783,0,0,0,0,0,-1,74,137786,191580,3,176,0,0,5,443260,0,2,181818,7,11,11,1292,0,154833,34334,0,56,2784,10689875,1,0,0,0,0,0,0,41916,0,0,1,2064,0,0,0,0,0,0,8417,23291,1,50,2,2560,1440,5120,2880,2500,2,2,0,3447,0,1,3495,3495,11593000,0
2503,48584580709,16854917,0,0,1,5120,2880,2393,128,-2645,9127,0,0,0,0,0,-1,66,115458,145712,3,176,0,0,5,435484,0,2,181818,7,10,12,54333,0,129167,35042,0,49,2810,11410583,1,0,0,0,0,0,0,19500,0,0,1,2064,0,0,0,0,0,0,3541,11750,1,50,2,2560,1440,5120,2880,2500,2,2,0,3448,0,1,3496,3496,11508374,0
2504,48601905875,17325166,0,0,1,5120,2880,2393,128,-2645,9922,0,0,0,0,0,-1,66,131914,182671,3,176,0,0,5,435268,0,2,181818,7,10,13,60165,0,145707,48500,0,49,3075,11314291,1,0,0,0,0,0,0,40583,0,0,1,2064,0,0,0,0,0,0,10125,22750,1,50,2,2560,1440,5120,2880,2500,2,2,0,3449,0,1,3497,3497,10078374,0
2505,48618478000,16572125,0,0,1,5120,2880,2393,128,-2645,11438,0,0,0,0,0,-1,76,147248,203212,3,176,0,0,5,435484,0,2,181818,7,11,14,57791,0,169083,51459,0,57,3298,9257875,1,0,0,0,0,0,0,29750,0,0,1,2064,0,0,0,0,0,0,6625,16667,1,50,2,2560,1440,5120,2880,2500,2,2,0,3450,0,1,3498,3498,11649624,0
2506,48635508667,17030667,0,0,1,5120,2880,2393,128,-2645,12283,0,0,0,0,0,-1,66,119960,156709,3,176,0,0,5,435484,0,2,181818,7,10,13,55250,0,120458,40709,0,49,3862,10700167,1,0,0,0,0,0,0,28916,0,0,1,2064,0,0,0,0,0,0,6667,16333,1,50,2,2560,1440,5120,2880,2500,2,2,0,3451,0,1,3499,3499,11637499,0
2507,48652423000,16914333,0,0,1,5120,2880,2393,128,-2645,13060,0,0,0,0,0,-1,66,150790,166082,3,176,0,0,5,435268,0,2,181818,7,10,13,49542,0,164376,42583,0,49,4121,10407834,1,0,0,0,0,0,0,25584,0,0,1,2064,0,0,0,0,0,0,5500,15125,1,50,2,2560,1440,5120,2880,2500,2,2,0,3452,0,1,3500,3500,10083375,0
2508,48669685667,17262667,0,0,1,5120,2880,2393,128,-2645,15781,0,0,0,0,0,-1,75,181256,216336,3,176,0,0,5,435052,0,2,181818,7,11,14,56415,0,175958,52125,0,56,4797,8787292,1,0,0,0,0,0,0,26000,0,0,1,2064,0,0,0,0,0,0,5792,14625,1,50,2,2560,1440,5120,2880,2500,2,2,0,3453,0,1,3501,3501,11968624,0
2509,48687817042,18131375,0,0,1,5120,2880,2393,128,-2645,16102,0,0,0,0,0,-1,66,980374,178463,3,176,0,0,5,434836,0,2,181818,7,10,15,119459,0,132248,46376,0,49,5133,9501250,1,0,0,0,0,0,0,30167,0,0,1,2064,0,0,0,0,0,0,7000,17583,1,50,2,2560,1440,5120,2880,2500,2,2,0,3454,0,1,3502,3502,11912874,0
2510,48706590000,18772958,0,0,1,5120,2880,2393,128,-2645,16472,0,0,0,0,0,-1,66,3264085,170080,3,176,0,0,5,434692,0,2,181818,7,10,17,108834,0,138916,46001,0,49,5259,8094916,1,0,0,0,0,0,0,46459,0,0,1,2064,0,0,0,0,0,0,10250,25792,1,50,2,2560,1440,5120,2880,2500,2,2,0,3455,0,1,3503,3503,10139624,0
2511,48725517084,18927084,0,0,1,5120,2880,2393,128,-2645,18124,0,0,0,0,0,-1,76,6203749,199090,3,176,0,0,5,434944,0,2,181818,7,11,16,52627,0,212999,44290,0,57,5508,4474583,1,0,0,0,0,0,0,16125,0,0,1,2064,0,0,0,0,0,0,3416,9459,1,50,2,2560,1440,5120,2880,2500,2,2,0,3456,0,1,3504,3504,12009375,0
2512,48750310667,24793583,0,0,1,5120,2880,2393,128,-2645,16468,0,0,0,0,0,-1,65,123545,135460,3,176,0,0,5,434836,0,2,181818,7,10,11,1125,0,133500,32500,0,49,5259,20359583,1,0,0,0,0,0,0,14125,0,0,1,2064,0,0,0,0,0,0,2875,9209,1,50,2,2560,1440,5120,2880,2500,2,2,0,3457,0,1,3505,3505,11952875,0
2513,48769362834,19052167,0,0,1,5120,2880,2393,128,-2645,17718,0,0,0,0,0,-1,75,146580,220915,3,176,0,0,5,434476,0,2,181818,7,11,13,52751,0,149793,40042,0,56,5436,11078708,1,0,0,0,0,0,0,23084,0,0,1,2064,0,0,0,0,0,0,4292,13750,1,50,2,2560,1440,5120,2880,2500,2,2,0,3458,0,1,3506,3506,10197875,0
2514,48787584959,18222125,0,0,1,5120,2880,2393,128,-2645,16480,0,0,0,0,0,-1,66,1694962,163458,3,176,0,0,5,434476,0,2,181818,7,10,15,114417,0,145543,56333,0,49,5259,9456500,1,0,0,0,0,0,0,26084,0,0,1,2064,0,0,0,0,0,0,5333,17084,1,50,2,2560,1440,5120,2880,2500,2,2,0,3459,0,1,3507,3507,12077208,0
2515,48806828959,19244000,0,0,1,5120,2880,2393,128,-2645,16472,0,0,0,0,0,-1,66,3922579,166539,3,176,0,0,5,434476,0,2,181818,7,10,17,111126,0,149249,53459,0,49,5259,8330750,1,0,0,0,0,0,0,36584,0,0,1,2064,0,0,0,0,0,0,7500,21750,1,50,2,2560,1440,5120,2880,2500,2,2,0,3460,0,1,3508,3508,12027375,0
2516,48825696500,18867541,0,0,1,5120,2880,2393,128,-2645,17994,0,0,0,0,0,-1,76,6282207,220792,3,176,0,0,5,434692,0,2,181818,7,11,16,47793,0,226458,32459,0,57,5482,4123542,1,0,0,0,0,0,0,17250,0,0,1,2064,0,0,0,0,0,0,4459,10208,1,50,2,2560,1440,5120,2880,2500,2,2,0,3461,0,1,3509,3509,9987625,0
2517,48851017084,25320584,0,0,1,5120,2880,2393,128,-2645,16468,0,0,0,0,0,-1,65,133461,163956,3,176,0,0,5,434692,0,2,181818,7,10,11,750,0,152333,34208,0,49,5259,20169292,1,0,0,0,0,0,0,14500,0,0,1,2064,0,0,0,0,0,0,4042,8541,1,50,2,2560,1440,5120,2880,2500,2,2,0,3462,0,1,3510,3510,11954541,0
2518,48869512167,18495083,0,0,1,5120,2880,2393,128,-2645,17793,0,0,0,0,0,-1,75,189088,226079,3,176,0,0,5,434836,0,2,181818,7,11,13,48959,0,190167,40542,0,56,5451,10172125,1,0,0,0,0,0,0,27500,0,0,1,2064,0,0,0,0,0,0,3750,19333,1,50,2,2560,1440,5120,2880,2500,2,2,0,3463,0,1,3511,3511,10157999,0
2519,48888388375,18876208,0,0,1,5120,2880,2393,128,-2645,16480,0,0,0,0,0,-1,66,2345083,166875,3,176,0,0,5,434836,0,2,181818,7,10,15,104500,0,132334,47876,0,49,5259,9562875,1,0,0,0,0,0,0,34958,0,0,1,2064,0,0,0,0,0,0,5667,23000,1,50,2,2560,1440,5120,2880,2500,2,2,0,3464,0,1,3512,3512,10161583,0
2520,48907290917,18902542,0,0,1,5120,2880,2393,128,-2645,16472,0,0,0,0,0,-1,66,4250875,189421,3,176,0,0,5,434836,0,2,181818,7,10,17,121332,0,174748,44667,0,49,5259,7691000,1,0,0,0,0,0,0,32750,0,0,1,2064,0,0,0,0,0,0,6750,20125,1,50,2,2560,1440,5120,2880,2500,2,2,0,3465,0,1,3513,3513,12175708,0
2521,48926326042,19035125,0,0,1,5120,2880,2393,128,-2646,18169,0,0,0,0,0,-1,76,7188089,229291,3,176,0,0,5,436708,0,2,181818,7,11,16,55544,0,208083,41417,0,57,5517,3859458,1,0,0,0,0,0,0,15250,0,0,1,2064,0,0,0,0,0,0,1958,11583,1,50,2,2560,1440,5120,2880,2500,2,2,0,3466,0,1,3514,3514,9986625,0
2522,48950883042,24557000,0,0,1,5120,2880,2393,128,-2646,16468,0,0,0,0,0,-1,65,134915,154709,3,176,0,0,5,436708,0,2,181818,7,10,11,1084,0,145125,34042,0,49,5259,19681750,1,0,0,0,0,0,0,14125,0,0,1,2064,0,0,0,0,0,0,2792,9125,1,50,2,2560,1440,5120,2880,2500,2,2,0,3467,0,1,3515,3515,9953333,0
2523,48969751834,18868792,0,0,1,5120,2880,2393,128,-2646,17697,0,0,0,0,0,-1,76,188042,246953,17,42788,0,0,5,436276,0,2,181818,7,11,13,55542,0,209333,43208,0,56,5431,10297666,1,0,0,0,0,0,0,22083,0,0,1,2064,0,0,0,0,0,0,4375,13833,1,50,2,2560,1440,5120,2880,2500,2,2,0,3468,0,1,3516,3516,12203791,0
2524,48988058709,18306875,0,0,1,5120,2880,2393,128,-2646,16480,0,0,0,0,0,-1,66,1904669,178535,3,176,0,0,5,436276,0,2,181818,7,10,15,115456,0,156165,49374,0,49,5259,9414708,1,0,0,0,0,0,0,26375,0,0,1,2064,0,0,0,0,0,0,4916,17042,1,50,2,2560,1440,5120,2880,2500,2,2,0,3469,0,1,3517,3517,12132249,0
2525,49007174667,19115958,0,0,1,5120,2880,2393,128,-2646,16472,0,0,0,0,0,-1,66,4072705,194918,3,176,0,0,5,436276,0,2,181818,7,10,17,109124,0,154584,50832,0,49,5259,7865875,1,0,0,0,0,0,0,33625,0,0,1,2064,0,0,0,0,0,0,5250,21458,1,50,2,2560,1440,5120,2880,2500,2,2,0,3470,0,1,3518,3518,10140666,0
2526,49026194542,19019875,0,0,1,5120,2880,2393,128,-2646,18144,0,0,0,0,0,-1,76,7269867,223082,3,176,0,0,5,435700,0,2,181818,7,11,16,48042,0,218708,46042,0,57,5512,3307875,1,0,0,0,0,0,0,15833,0,0,1,2064,0,0,0,0,0,0,2833,10292,1,50,2,2560,1440,5120,2880,2500,2,2,0,3471,0,1,3519,3519,12072166,0
2527,49050436542,24242000,0,0,1,5120,2880,2393,128,-2646,16468,0,0,0,0,0,-1,65,130961,143252,3,176,0,0,5,435592,0,2,181818,7,10,11,751,0,125125,32208,0,49,5259,19622625,1,0,0,0,0,0,0,15917,0,0,1,2064,0,0,0,0,0,0,4292,8167,1,50,2,2560,1440,5120,2880,2500,2,2,0,3472,0,1,3520,3520,11981166,0
2528,49069323125,18886583,0,0,1,5120,2880,2393,128,-2646,17686,0,0,0,0,0,-1,75,183128,201838,3,176,0,0,5,435484,0,2,181818,7,11,13,50460,0,154251,40957,0,56,5432,10800375,1,0,0,0,0,0,0,26375,0,0,1,2064,0,0,0,0,0,0,3875,16500,1,50,2,2560,1440,5120,2880,2500,2,2,0,3473,0,1,3521,3521,10262166,0
2529,49088014167,18691042,0,0,1,5120,2880,2393,128,-2646,16483,0,0,0,0,0,-1,66,2081082,156712,3,176,0,0,5,435700,0,2,181818,7,10,15,101914,0,147873,48043,0,49,5260,9883500,1,0,0,0,0,0,0,30375,0,0,1,2064,0,0,0,0,0,0,6666,19709,1,50,2,2560,1440,5120,2880,2500,2,2,0,3474,0,1,3522,3522,12249666,0
2530,49107350834,19336667,0,0,1,5120,2880,2393,128,-2646,16475,0,0,0,0,0,-1,66,3423792,226962,3,176,0,0,5,435952,0,2,181818,7,10,17,111332,0,160458,71916,0,49,5260,7901709,1,0,0,0,0,0,0,51041,0,0,1,2064,0,0,0,0,0,0,9750,25666,1,50,2,2560,1440,5120,2880,2500,2,2,0,3475,0,1,3523,3523,10224625,0
2531,49126688167,19337333,0,0,1,5120,2880,2393,128,-2646,18027,0,0,0,0,0,-1,76,7962376,219666,3,176,0,0,5,435844,0,2,181818,7,11,16,61749,0,159792,44040,0,57,5489,3593916,1,0,0,0,0,0,0,12417,0,0,1,2064,0,0,0,0,0,0,2625,7959,1,50,2,2560,1440,5120,2880,2500,2,2,0,3476,0,1,3524,3524,10108999,0
2532,49152472709,25784542,0,0,1,5120,2880,2393,128,-2646,21547,0,0,0,0,0,-1,65,133251,169831,3,176,0,0,5,435952,0,2,181818,7,10,11,1042,0,147501,34999,0,49,6952,19330208,1,0,0,0,0,0,0,28709,0,0,1,2064,0,0,0,0,0,0,5291,19084,1,50,2,2560,1440,5120,2880,2500,2,2,0,3477,0,1,3525,3525,12652875,0
2533,49173301375,20828666,0,0,1,5120,2880,2393,128,-2647,23202,0,0,0,0,0,-1,75,1402825,267339,3,176,0,0,5,436168,0,2,181818,7,11,13,55000,0,221250,52418,0,56,7254,8242625,1,0,0,0,0,0,0,31334,0,0,1,2064,0,0,0,0,0,0,7833,17833,1,50,2,2560,1440,5120,2880,2500,2,2,0,3478,0,1,3526,3526,10236333,0
2534,49194975375,21674000,0,0,1,5120,2880,2393,128,-2647,21889,0,0,0,0,0,-1,66,9398127,168258,3,176,0,0,5,436060,0,2,181818,7,10,15,108208,0,152043,47749,0,49,7062,5829250,1,0,0,0,0,0,0,15750,0,0,1,2064,0,0,0,0,0,0,2833,10417,1,50,2,2560,1440,5120,2880,2500,2,2,0,3479,0,1,3527,3527,10051999,0
2535,49220140625,25165250,0,0,1,5120,2880,2393,128,-2647,21887,0,0,0,0,0,-1,66,146870,197376,3,176,0,0,5,451504,0,2,181818,7,10,15,69129,0,166124,57376,0,49,7062,17210750,1,0,0,0,0,0,0,20750,0,0,1,2064,0,0,0,0,0,0,4708,12958,1,50,2,2560,1440,5120,2880,2500,2,2,0,3480,0,1,3528,3528,12753041,0
2536,49240973084,20832459,0,0,1,5120,2880,2392,128,-2647,23702,0,0,0,0,0,-1,76,2552908,223294,3,176,0,0,5,459892,0,2,181818,7,11,14,51416,0,220583,41499,0,57,7384,7503709,1,0,0,0,0,0,0,37209,0,0,1,2064,0,0,0,0,0,0,6125,23500,1,50,2,2560,1440,5120,2880,2500,2,2,0,3481,0,1,3529,3529,10147624,0
2537,49262653084,21680000,0,0,1,5120,2880,2392,128,-2647,22177,0,0,0,0,0,-1,66,9827581,200581,3,176,0,0,5,459784,0,2,181818,7,10,15,110082,0,157750,54125,0,49,7158,4851458,1,0,0,0,0,0,0,18292,0,0,1,2064,0,0,0,0,0,0,3958,10375,1,50,2,2560,1440,5120,2880,2500,2,2,0,3482,0,1,3530,3530,9973416,0
2538,49287384459,24731375,0,0,1,5120,2880,2392,129,-2647,23077,0,0,0,0,0,-1,75,149671,197255,3,176,0,0,5,435052,0,2,181818,7,11,16,56627,0,158875,47999,0,56,7221,15023125,1,0,0,0,0,0,0,18375,0,0,1,2064,0,0,0,0,0,0,4042,10000,1,50,2,2560,1440,5120,2880,2500,2,2,0,3483,0,1,3531,3531,12512125,0
2539,49307777875,20393416,0,0,1,5120,2880,2392,129,-2647,21035,0,0,0,0,0,-1,67,3112081,185917,16,20036,0,0,5,423496,0,2,181818,7,10,15,116623,0,196835,49499,0,49,6773,8458250,1,0,0,0,0,0,0,31959,0,0,1,2064,0,0,0,0,0,0,7459,18166,1,50,2,2560,1440,5120,2880,2500,2,2,0,3484,0,1,3532,3532,12470791,0
2540,49335227292,27449417,0,0,1,5120,2880,2392,129,-2647,22414,0,0,0,0,0,-1,74,153923,205877,3,176,0,0,5,396784,0,2,181818,7,11,14,1415,0,157917,34333,0,56,6921,19872750,1,0,0,0,0,0,0,13542,0,0,1,2064,0,0,0,0,0,0,2750,8292,1,50,2,2560,1440,5120,2880,2500,2,2,0,3485,0,1,3533,3533,9967999,0
2541,49354956209,19728917,0,0,1,5120,2880,2392,129,-2647,21901,0,0,0,0,0,-1,58,613127,171879,3,176,0,0,5,292420,0,2,181818,7,10,14,147417,0,163875,54709,0,41,7105,10694583,1,0,0,0,0,0,0,32250,0,0,1,2064,0,0,0,0,0,0,5667,20791,1,50,2,2560,1440,5120,2880,2500,2,2,0,3486,0,1,3534,3534,12614625,0
2542,49377233084,22276875,0,0,1,5120,2880,2392,129,-2647,23355,0,0,0,0,0,-1,67,7589877,197745,3,176,0,0,5,285976,0,2,181818,7,11,20,122295,0,174208,59250,0,48,7360,5200542,1,0,0,0,0,0,0,16875,0,0,1,2064,0,0,0,0,0,0,4166,9542,1,50,2,2560,1440,5120,2880,2500,2,2,0,3487,0,1,3535,3535,9898249,0
2543,49403195250,25962166,0,0,1,5120,2880,2392,129,-2647,22407,0,0,0,0,0,-1,55,116291,147458,3,176,0,0,5,265888,0,2,181818,7,10,15,59543,0,144167,47500,0,38,7291,18549417,1,0,0,0,0,0,0,31875,0,0,1,2064,0,0,0,0,0,0,9625,16458,1,50,2,2560,1440,5120,2880,2500,2,2,0,3488,0,1,3536,3536,9885583,0
2544,49424283750,21088500,0,0,1,5120,2880,2392,129,-2648,23686,0,0,0,0,0,-1,65,2759751,209332,3,176,0,0,5,266788,0,2,181818,7,11,16,143333,0,200001,188750,0,46,7433,7866166,1,0,0,0,0,0,0,35958,0,0,1,2064,0,0,0,0,0,0,8416,22084,1,50,2,2560,1440,5120,2880,2500,2,2,0,3489,0,1,3537,3537,10002708,0
2545,49445383667,21099917,0,0,1,5120,2880,2392,129,-2648,20819,0,0,0,0,0,-1,52,9217664,137453,3,176,0,0,5,249328,0,2,181818,7,10,19,139251,0,162334,84791,0,35,6781,4805208,1,0,0,0,0,0,0,16500,0,0,1,2064,0,0,0,0,0,0,4000,9708,1,50,2,2560,1440,5120,2880,2500,2,2,0,3490,0,1,3538,3538,10002708,0
2546,49470444209,25060542,0,0,1,5120,2880,2392,129,-2648,20007,0,0,0,0,0,-1,52,112459,147461,3,176,0,0,5,249220,0,2,181818,7,10,17,53791,0,149834,51249,0,35,6507,17050417,1,0,0,0,0,0,0,26125,0,0,1,2064,0,0,0,0,0,0,5708,15625,1,50,2,2560,1440,5120,2880,2500,2,2,0,3491,0,1,3539,3539,12295624,0
2547,49489575125,19130916,0,0,1,5120,2880,2392,129,-2648,21332,0,0,0,0,0,-1,62,2662625,175334,11,15404,0,0,5,249436,0,2,181818,7,11,16,144707,0,194292,50752,0,42,6699,7619042,1,0,0,0,0,0,0,34667,0,0,1,2064,0,0,0,0,0,0,5958,20917,1,50,2,2560,1440,5120,2880,2500,2,2,0,3492,0,1,3540,3540,12295624,0
2548,49509707417,20132292,0,0,1,5120,2880,2392,129,-2648,17984,0,0,0,0,0,-1,52,8544913,137628,3,176,0,0,5,249544,0,2,181818,7,10,19,145086,0,154917,45084,0,35,5836,5414583,1,0,0,0,0,0,0,14584,0,0,1,2064,0,0,0,0,0,0,3208,9125,1,50,2,2560,1440,5120,2880,2500,2,2,0,3493,0,1,3541,3541,12230000,0
2549,49534833584,25126167,0,0,1,5120,2880,2392,129,-2648,18229,0,0,0,0,0,-1,59,257086,206045,3,176,0,0,5,223436,0,2,181818,7,11,16,1501,0,167749,32584,0,41,5636,17508458,1,0,0,0,0,0,0,13917,0,0,1,2064,0,0,0,0,0,0,2959,8875,1,50,2,2560,1440,5120,2880,2500,2,2,0,3494,0,1,3542,3542,11920874,0
2550,49552548334,17714750,0,0,1,5120,2880,2392,129,-2648,11756,0,0,0,0,0,-1,54,149043,166124,3,176,0,0,5,243792,0,2,181818,7,10,14,144166,0,171334,50501,0,37,3748,11058708,1,0,0,0,0,0,0,26417,0,0,1,2064,0,0,0,0,0,0,4958,15500,1,50,2,2560,1440,5120,2880,2500,2,2,0,3495,0,1,3543,3543,12003208,0
2551,49569380167,16831833,0,0,1,5120,2880,2392,128,-2648,10812,0,0,0,0,0,-1,63,990205,192327,3,176,0,0,5,233348,0,2,181818,7,11,20,150251,0,364709,55501,0,44,3205,8296083,1,0,0,0,0,0,0,28125,0,0,1,2064,0,0,0,0,0,0,7000,14875,1,50,2,2560,1440,5120,2880,2500,2,2,0,3496,0,1,3544,3544,12003208,0
2552,49585028959,15648792,0,0,1,5120,2880,2392,128,-2648,8649,0,0,0,0,0,-1,54,724953,163000,3,176,0,0,5,239620,0,2,181818,7,10,19,147125,0,167292,52248,0,37,2715,9521208,1,0,0,0,0,0,0,28000,0,0,1,2064,0,0,0,0,0,0,6417,17208,1,50,2,2560,1440,5120,2880,2500,2,2,0,3497,0,1,3545,3545,11402375,0
2553,49600940875,15911916,0,0,1,5120,2880,2392,128,-2648,8013,0,0,0,0,0,-1,54,699040,152372,3,176,0,0,5,252052,0,2,181818,7,10,19,129083,0,173249,47541,0,37,2503,9677375,1,0,0,0,0,0,0,28041,0,0,1,2064,0,0,0,0,0,0,5125,17416,1,50,2,2560,1440,5120,2880,2500,2,2,0,3498,0,1,3546,3546,11303291,0
2554,49618238084,17297209,0,0,1,5120,2880,2392,128,-2648,9392,0,0,0,0,0,-1,66,253206,200746,3,176,0,0,5,283140,0,2,181818,7,11,18,54668,0,164501,43959,0,47,2653,9776125,1,0,0,0,0,0,0,19208,0,0,1,2064,0,0,0,0,0,0,3750,11917,1,50,2,2560,1440,5120,2880,2500,2,2,0,3499,0,1,3547,3547,11114041,0
2555,49634707792,16469708,0,0,1,5120,2880,2392,128,-2648,8016,0,0,0,0,0,-1,56,140914,174500,3,176,0,0,5,303056,0,2,181818,7,10,13,63499,0,178167,60750,0,39,2494,10903042,1,0,0,0,0,0,0,21166,0,0,1,2064,0,0,0,0,0,0,4667,12083,1,50,2,2560,1440,5120,2880,2500,2,2,0,3500,0,1,3548,3548,11192875,0
2556,49650638375,15930583,0,0,1,5120,2880,2392,128,-2648,8016,0,0,0,0,0,-1,56,113543,158796,3,176,0,0,5,303056,0,2,181818,7,10,13,54959,0,142707,42875,0,39,2494,11372625,1,0,0,0,0,0,0,18958,0,0,1,2064,0,0,0,0,0,0,5166,10209,1,50,2,2560,1440,5120,2880,2500,2,2,0,3501,0,1,3549,3549,10913291,0
2557,49667413792,16775417,0,0,1,5120,2880,2392,128,-2648,9219,0,0,0,0,0,-1,65,150873,185084,3,176,0,0,5,302832,0,2,181818,7,11,12,14793,0,188375,52833,0,46,2666,10777542,1,0,0,0,0,0,0,44084,0,0,1,2064,0,0,0,0,0,0,9042,26209,1,50,2,2560,1440,5120,2880,2500,2,2,0,3502,0,1,3550,3550,11045124,0
2558,49683758000,16344208,0,0,1,5120,2880,2392,128,-2648,8016,0,0,0,0,0,-1,56,121876,156749,3,176,0,0,5,302832,0,2,181818,7,10,12,54082,0,146832,46876,0,39,2494,11861000,1,0,0,0,0,0,0,36916,0,0,1,2064,0,0,0,0,0,0,7875,21500,1,50,2,2560,1440,5120,2880,2500,2,2,0,3503,0,1,3551,3551,10838499,0
2559,49700053000,16295000,0,0,1,5120,2880,2392,128,-2648,8018,0,0,0,0,0,-1,56,104754,156713,11,15404,0,0,5,302720,0,2,181818,7,10,11,1208,0,164541,32084,0,39,2494,12424708,1,0,0,0,0,0,0,18166,0,0,1,2064,0,0,0,0,0,0,4375,11208,1,50,2,2560,1440,5120,2880,2500,2,2,0,3504,0,1,3552,3552,10973750,0
2560,49717423375,17370375,0,0,1,5120,2880,2392,128,-2649,9708,0,0,0,0,0,-1,65,149334,222748,3,176,0,0,5,302496,0,2,181818,7,11,11,2376,0,215334,33042,0,47,2754,11227208,1,0,0,0,0,0,0,33625,0,0,1,2064,0,0,0,0,0,0,7083,18875,1,50,2,2560,1440,5120,2880,2500,2,2,0,3505,0,1,3553,3553,10992916,0
2561,49733814000,16390625,0,0,1,5120,2880,2392,128,-2649,8009,0,0,0,0,0,-1,56,130834,178793,5,1028,0,0,5,302496,0,2,181818,7,10,10,1458,0,201626,32290,0,39,2494,12035792,1,0,0,0,0,0,0,35083,0,0,1,2064,0,0,0,0,0,0,7000,19833,1,50,2,2560,1440,5120,2880,2500,2,2,0,3506,0,1,3554,3554,9693750,0
2562,49750398667,16584667,0,0,1,5120,2880,2392,128,-2649,8007,0,0,0,0,0,-1,55,126415,170127,3,176,0,0,5,302496,0,2,181818,7,10,10,2750,0,190125,31916,0,39,2494,12338125,1,0,0,0,0,0,0,32500,0,0,1,2064,0,0,0,0,0,0,8333,18083,1,50,2,2560,1440,5120,2880,2500,2,2,0,3507,0,1,3555,3555,10914541,0
2563,49767169667,16771000,0,0,1,5120,2880,2392,128,-2649,9310,0,0,0,0,0,-1,64,125673,146414,3,176,0,0,5,302608,0,2,181818,7,11,11,999,0,145750,28125,0,46,2674,11119917,1,0,0,0,0,0,0,44750,0,0,1,2064,0,0,0,0,0,0,10750,25250,1,50,2,2560,1440,5120,2880,2500,2,2,0,3508,0,1,3556,3556,9824916,0
2564,49783419792,16250125,0,0,1,5120,2880,2392,128,-2649,7956,0,0,0,0,0,-1,55,108662,131582,3,176,0,0,5,307788,0,2,181818,7,10,10,1457,0,149999,33001,0,39,2477,12299791,1,0,0,0,0,0,0,14625,0,0,1,2064,0,0,0,0,0,0,3416,9084,1,50,2,2560,1440,5120,2880,2500,2,2,0,3509,0,1,3557,3557,11058833,0
2565,49799615542,16195750,0,0,1,5120,2880,2392,128,-2649,7956,0,0,0,0,0,-1,55,90167,122871,3,176,0,0,5,307788,0,2,181818,7,10,10,918,0,133791,28500,0,39,2477,12764542,1,0,0,0,0,0,0,22458,0,0,1,2064,0,0,0,0,0,0,4375,13167,1,50,2,2560,1440,5120,2880,2500,2,2,0,3510,0,1,3558,3558,9738958,0
2566,49816990209,17374667,0,0,1,5120,2880,2392,128,-2649,9469,0,0,0,0,0,-1,65,131122,174537,3,176,0,0,5,307564,0,2,181818,7,11,11,1251,0,159709,33875,0,47,2699,12017959,1,0,0,0,0,0,0,40166,0,0,1,2064,0,0,0,0,0,0,10666,21709,1,50,2,2560,1440,5120,2880,2500,2,2,0,3511,0,1,3559,3559,11187875,0
2567,49833517459,16527250,0,0,1,5120,2880,2392,128,-2649,8001,0,0,0,0,0,-1,57,103208,141125,3,176,0,0,5,327736,0,2,181818,7,10,10,1666,0,146751,29626,0,41,2478,12381083,1,0,0,0,0,0,0,31750,0,0,1,2064,0,0,0,0,0,0,6042,19208,1,50,2,2560,1440,5120,2880,2500,2,2,0,3512,0,1,3560,3560,9743375,0
2568,49850026959,16509500,0,0,1,5120,2880,2392,128,-2649,7995,0,0,0,0,0,-1,57,105376,148079,3,176,0,0,5,327736,0,2,181818,7,10,10,1084,0,147833,32791,0,41,2478,12635583,1,0,0,0,0,0,0,26375,0,0,1,2064,0,0,0,0,0,0,5333,16375,1,50,2,2560,1440,5120,2880,2500,2,2,0,3513,0,1,3561,3561,10995000,0
2569,49866969250,16942291,0,0,1,5120,2880,2392,128,-2649,9204,0,0,0,0,0,-1,66,152541,187166,3,176,0,0,5,328312,0,2,181818,7,11,11,2000,0,178709,35250,0,48,2650,11134666,1,0,0,0,0,0,0,25000,0,0,1,2064,0,0,0,0,0,0,4375,17167,1,50,2,2560,1440,5120,2880,2500,2,2,0,3514,0,1,3562,3562,9799999,0
2570,49883931334,16962084,0,0,1,5120,2880,2392,128,-2649,7995,0,0,0,0,0,-1,57,134999,196293,3,176,0,0,5,328312,0,2,181818,7,10,10,2793,0,192044,32209,0,41,2478,12439708,1,0,0,0,0,0,0,33583,0,0,1,2064,0,0,0,0,0,0,7625,19125,1,50,2,2560,1440,5120,2880,2500,2,2,0,3515,0,1,3563,3563,10888874,0
2571,49900053459,16122125,0,0,1,5120,2880,2392,128,-2649,8004,0,0,0,0,0,-1,58,109041,130414,3,176,0,0,5,328312,0,2,181818,7,10,12,53167,0,133750,36541,0,41,2478,12064125,1,0,0,0,0,0,0,33875,0,0,1,2064,0,0,0,0,0,0,6708,20333,1,50,2,2560,1440,5120,2880,2500,2,2,0,3516,0,1,3564,3564,9768999,0
2572,49916887834,16834375,0,0,1,5120,2880,2392,128,-2649,9765,0,0,0,0,0,-1,65,110581,136582,3,176,0,0,5,302496,0,2,181818,7,11,12,1040,0,132499,27166,0,47,2778,11343292,1,0,0,0,0,0,0,39792,0,0,1,2064,0,0,0,0,0,0,8709,23166,1,50,2,2560,1440,5120,2880,2500,2,2,0,3517,0,1,3565,3565,11080875,0
2573,49956690459,39802625,0,0,1,5120,2880,2392,128,-2649,8429,0,0,0,0,0,-1,56,23794289,137789,3,176,0,0,5,270484,0,2,181818,7,10,14,140376,0,124251,76458,0,39,2629,12519542,1,0,0,0,0,0,0,11209,0,0,1,2064,0,0,0,0,0,0,2250,6333,1,50,2,2560,1440,5120,2880,2500,2,2,0,3518,0,1,3566,3566,11080875,0
2574,49985925167,29234708,0,0,1,5120,2880,2392,128,-2649,12133,0,0,0,0,0,-1,62,4128833,217329,3,176,0,0,5,219348,0,2,181818,7,11,18,54126,0,202250,42792,0,43,3648,17038750,1,0,0,0,0,0,0,32250,0,0,1,2064,0,0,0,0,0,0,5750,22125,1,50,2,2560,1440,5120,2880,2500,2,2,0,3519,0,1,3567,3567,10676375,0
2575,50006167667,20242500,0,0,1,5120,2880,2392,128,-2649,17900,0,0,0,0,0,-1,53,226621,259961,3,176,0,0,5,199552,0,2,181818,7,10,15,157168,0,189376,84417,0,36,5802,10063625,1,0,0,0,0,0,0,68125,0,0,1,2064,0,0,0,0,0,0,17958,27375,1,50,2,2560,1440,5120,2880,2500,2,2,0,3520,0,1,3568,3568,11641041,0
2576,50026063292,19895625,0,0,1,5120,2880,2392,128,-2649,22269,0,0,0,0,0,-1,63,4606294,245793,3,176,0,0,5,198432,0,2,181818,7,11,20,141872,0,4201084,77458,0,44,6974,4258375,1,0,0,0,0,0,0,24709,0,0,1,2064,0,0,0,0,0,0,9916,9917,1,50,2,2560,1440,5120,2880,2500,2,2,0,3521,0,1,3569,3569,11641041,0
2577,50068444000,42380708,0,0,1,5120,2880,2392,128,-2649,21019,0,0,0,0,0,-1,52,15226836,136331,3,176,0,0,5,198208,0,2,181818,7,10,15,917,0,134749,31916,0,36,6841,21145291,1,0,0,0,0,0,0,16250,0,0,1,2064,0,0,0,0,0,0,4250,9791,1,50,2,2560,1440,5120,2880,2500,2,2,0,3522,0,1,3570,3570,11744375,0
2578,50087627292,19183292,0,0,1,5120,2880,2392,128,-2649,22369,0,0,0,0,0,-1,62,651249,171750,3,176,0,0,5,197984,0,2,181818,7,11,15,146000,0,195334,47458,0,43,7044,8717292,1,0,0,0,0,0,0,34125,0,0,1,2064,0,0,0,0,0,0,4916,23708,1,50,2,2560,1440,5120,2880,2500,2,2,0,3523,0,1,3571,3571,9981124,0
2579,50107678459,20051167,0,0,1,5120,2880,2392,128,-2649,21042,0,0,0,0,0,-1,53,5072339,162086,3,176,0,0,5,197872,0,2,181818,7,10,19,141084,0,149376,49001,0,36,6852,7770958,1,0,0,0,0,0,0,19500,0,0,1,2064,0,0,0,0,0,0,6042,9500,1,50,2,2560,1440,5120,2880,2500,2,2,0,3524,0,1,3572,3572,9981124,0
2580,50134674334,26995875,0,0,1,5120,2880,2392,128,-2649,22748,0,0,0,0,0,-1,62,350286,154578,3,176,0,0,5,197872,0,2,181818,7,11,16,1336,0,148833,33333,0,44,7111,19415334,1,0,0,0,0,0,0,13250,0,0,1,2064,0,0,0,0,0,0,3625,7750,1,50,2,2560,1440,5120,2880,2500,2,2,0,3525,0,1,3573,3573,9720000,0
2581,50154410709,19736375,0,0,1,5120,2880,2392,128,-2649,21050,0,0,0,0,0,-1,53,163294,211296,3,176,0,0,5,197760,0,2,181818,7,10,14,102790,0,181874,86999,0,36,6852,11260334,1,0,0,0,0,0,0,38750,0,0,1,2064,0,0,0,0,0,0,8583,23125,1,50,2,2560,1440,5120,2880,2500,2,2,0,3526,0,1,3574,3574,12022124,0
2582,50175438375,21027666,0,0,1,5120,2880,2392,128,-2649,22259,0,0,0,0,0,-1,62,2560371,298786,3,176,0,0,5,197536,0,2,181818,7,11,16,160501,0,183543,103458,0,43,7024,6346250,1,0,0,0,0,0,0,28333,0,0,1,2064,0,0,0,0,0,0,6042,11500,1,50,2,2560,1440,5120,2880,2500,2,2,0,3527,0,1,3575,3575,12022124,0
2583,50196499750,21061375,0,0,1,5120,2880,2392,128,-2649,21042,0,0,0,0,0,-1,53,9560335,207210,3,176,0,0,5,197536,0,2,181818,7,10,19,141170,0,168916,108500,0,36,6852,3146333,1,0,0,0,0,0,0,27459,0,0,1,2064,0,0,0,0,0,0,6209,16250,1,50,2,2560,1440,5120,2880,2500,2,2,0,3528,0,1,3576,3576,10396750,0
2584,50221324167,24824417,0,0,1,5120,2880,2392,128,-2649,22678,0,0,0,0,0,-1,63,470457,243794,3,176,0,0,5,197760,0,2,181818,7,11,18,68791,0,178166,67084,0,44,7097,13653958,1,0,0,0,0,0,0,33834,0,0,1,2064,0,0,0,0,0,0,8291,17500,1,50,2,2560,1440,5120,2880,2500,2,2,0,3529,0,1,3577,3577,10424916,0
2585,50240121084,18796917,0,0,1,5120,2880,2392,128,-2649,21050,0,0,0,0,0,-1,53,855628,256041,3,176,0,0,5,197760,0,2,181818,7,10,15,149249,0,174834,64127,0,36,6852,7938875,1,0,0,0,0,0,0,41125,0,0,1,2064,0,0,0,0,0,0,10833,22000,1,50,2,2560,1440,5120,2880,2500,2,2,0,3530,0,1,3578,3578,10424916,0
2586,50269229792,29108708,0,0,1,5120,2880,2392,128,-2649,21052,0,0,0,0,0,-1,52,140165,180626,3,176,0,0,5,197760,0,2,181818,7,10,15,2416,0,142499,38833,0,36,6852,22306667,1,0,0,0,0,0,0,20292,0,0,1,2064,0,0,0,0,0,0,5750,10791,1,50,2,2560,1440,5120,2880,2500,2,2,0,3531,0,1,3579,3579,9994916,0
2587,50290074500,20844708,0,0,1,5120,2880,2392,128,-2649,22286,0,0,0,0,0,-1,62,228206,234538,3,176,0,0,5,197984,0,2,181818,7,11,13,61668,0,234708,61083,0,43,7029,7944875,1,0,0,0,0,0,0,44958,0,0,1,2064,0,0,0,0,0,0,11542,26291,1,50,2,2560,1440,5120,2880,2500,2,2,0,3532,0,1,3580,3580,12948999,0
2588,50310108292,20033792,0,0,1,5120,2880,2392,128,-2649,21050,0,0,0,0,0,-1,53,6767870,220833,3,176,0,0,5,197984,0,2,181818,7,10,15,169586,0,147334,103084,0,36,6852,5549125,1,0,0,0,0,0,0,20542,0,0,1,2064,0,0,0,0,0,0,6833,10250,1,50,2,2560,1440,5120,2880,2500,2,2,0,3533,0,1,3581,3581,12948999,0
2589,50336136167,26027875,0,0,1,5120,2880,2392,128,-2648,22601,0,0,0,0,0,-1,62,519163,204171,3,176,0,0,5,196864,0,2,181818,7,11,16,3045,0,185667,37710,0,44,7082,16863875,1,0,0,0,0,0,0,16208,0,0,1,2064,0,0,0,0,0,0,4208,9042,1,50,2,2560,1440,5120,2880,2500,2,2,0,3534,0,1,3582,3582,11978541,0
2590,50354881084,18744917,0,0,1,5120,2880,2392,128,-2648,21055,0,0,0,0,0,-1,54,164751,209207,5,1472,0,0,5,197088,0,2,181818,7,10,14,151876,0,193874,57293,0,36,6853,9981500,1,0,0,0,0,0,0,34916,0,0,1,2064,0,0,0,0,0,0,9000,18000,1,50,2,2560,1440,5120,2880,2500,2,2,0,3535,0,1,3583,3583,9962958,0
2591,50375743084,20862000,0,0,1,5120,2880,2392,128,-2648,22364,0,0,0,0,0,-1,62,5330500,201920,3,176,0,0,5,197088,0,2,181818,7,11,20,139960,0,156208,74250,0,43,7045,5837250,1,0,0,0,0,0,0,21125,0,0,1,2064,0,0,0,0,0,0,3500,9958,1,50,2,2560,1440,5120,2880,2500,2,2,0,3536,0,1,3584,3584,9962958,0
2592,50402183542,26440458,0,0,1,5120,2880,2392,128,-2648,22124,0,0,0,0,0,-1,53,469871,159126,10,15140,0,0,5,197200,0,2,181818,7,10,15,1292,0,157377,31124,0,36,7207,19972125,1,0,0,0,0,0,0,20000,0,0,1,2064,0,0,0,0,0,0,5500,10917,1,50,2,2560,1440,5120,2880,2500,2,2,0,3537,0,1,3585,3585,9675625,0
2593,50421901042,19717500,0,0,1,5120,2880,2392,129,-2648,23644,0,0,0,0,0,-1,63,201330,210664,3,176,0,0,5,197648,0,2,181818,7,11,15,121917,0,195584,64792,0,44,7433,8999542,1,0,0,0,0,0,0,33625,0,0,1,2064,0,0,0,0,0,0,7417,18750,1,50,2,2560,1440,5120,2880,2500,2,2,0,3538,0,1,3586,3586,12226749,0
2594,50442420417,20519375,0,0,1,5120,2880,2392,129,-2648,22107,0,0,0,0,0,-1,53,6742916,167170,3,176,0,0,5,197648,0,2,181818,7,10,17,131168,0,167418,61084,0,36,7207,6925959,1,0,0,0,0,0,0,19833,0,0,1,2064,0,0,0,0,0,0,3917,13459,1,50,2,2560,1440,5120,2880,2500,2,2,0,3539,0,1,3587,3587,12226749,0
2595,50468989542,26569125,0,0,1,5120,2880,2392,129,-2648,22117,0,0,0,0,0,-1,52,122666,148789,3,176,0,0,5,197648,0,2,181818,7,10,15,1456,0,142584,40875,0,36,7207,19804500,1,0,0,0,0,0,0,57875,0,0,1,2064,0,0,0,0,0,0,12125,35042,1,50,2,2560,1440,5120,2880,2500,2,2,0,3540,0,1,3588,3588,11898500,0
2596,50488788334,19798792,0,0,1,5120,2880,2392,129,-2647,23868,0,0,0,0,0,-1,62,178623,208916,3,176,0,0,5,197872,0,2,181818,7,11,15,122541,0,190750,61001,0,43,7561,8558500,1,0,0,0,0,0,0,36125,0,0,1,2064,0,0,0,0,0,0,8792,21042,1,50,2,2560,1440,5120,2880,2500,2,2,0,3541,0,1,3589,3589,9927250,0
2597,50509324292,20535958,0,0,1,5120,2880,2392,129,-2647,22653,0,0,0,0,0,-1,53,6240165,166918,3,176,0,0,5,197872,0,2,181818,7,10,17,145290,0,153251,68040,0,36,7389,6830334,1,0,0,0,0,0,0,18500,0,0,1,2064,0,0,0,0,0,0,4667,10417,1,50,2,2560,1440,5120,2880,2500,2,2,0,3542,0,1,3590,3590,9927250,0
2598,50535989750,26665458,0,0,1,5120,2880,2392,129,-2647,24494,0,0,0,0,0,-1,62,291502,205459,3,176,0,0,5,197760,0,2,181818,7,11,16,2125,0,190584,30249,0,44,7675,17719500,1,0,0,0,0,0,0,35791,0,0,1,2064,0,0,0,0,0,0,7041,21583,1,50,2,2560,1440,5120,2880,2500,2,2,0,3543,0,1,3591,3591,9697666,0
2599,50554988334,18998584,0,0,1,5120,2880,2392,129,-2647,21953,0,0,0,0,0,-1,53,296750,170291,3,176,0,0,5,197312,0,2,181818,7,10,14,146998,0,163917,55957,0,36,7153,9959375,1,0,0,0,0,0,0,37125,0,0,1,2064,0,0,0,0,0,0,6250,24500,1,50,2,2560,1440,5120,2880,2500,2,2,0,3544,0,1,3592,3592,9697666,0
2600,50576598084,21609750,0,0,1,5120,2880,2392,129,-2647,22905,0,0,0,0,0,-1,62,7262040,181625,3,176,0,0,5,196752,0,2,181818,7,11,20,146123,0,146375,66542,0,43,7242,5366500,1,0,0,0,0,0,0,15166,0,0,1,2064,0,0,0,0,0,0,3666,8542,1,50,2,2560,1440,5120,2880,2500,2,2,0,3545,0,1,3593,3593,12126749,0
2601,50602856584,26258500,0,0,1,5120,2880,2392,129,-2647,21706,0,0,0,0,0,-1,52,513041,159202,3,176,0,0,5,196640,0,2,181818,7,10,15,1210,0,160376,31459,0,36,7070,18822042,1,0,0,0,0,0,0,42625,0,0,1,2064,0,0,0,0,0,0,9166,23208,1,50,2,2560,1440,5120,2880,2500,2,2,0,3546,0,1,3594,3594,12002208,0
2602,50623830209,20973625,0,0,1,5120,2880,2392,129,-2647,22589,0,0,0,0,0,-1,63,227043,259248,3,176,0,0,5,202912,0,2,181818,7,11,15,140127,0,214083,77708,0,44,7082,8280000,1,0,0,0,0,0,0,39750,0,0,1,2064,0,0,0,0,0,0,11084,21000,1,50,2,2560,1440,5120,2880,2500,2,2,0,3547,0,1,3595,3595,10892874,0
2603,50644118917,20288708,0,0,1,5120,2880,2392,129,-2647,20679,0,0,0,0,0,-1,53,8770330,159955,3,176,0,0,5,218452,0,2,181818,7,10,17,136418,0,159749,47875,0,36,6731,4741958,1,0,0,0,0,0,0,20000,0,0,1,2064,0,0,0,0,0,0,4959,10875,1,50,2,2560,1440,5120,2880,2500,2,2,0,3548,0,1,3596,3596,10892874,0
2604,50669366375,25247458,0,0,1,5120,2880,2392,129,-2647,20270,0,0,0,0,0,-1,53,103874,147170,3,176,0,0,5,231444,0,2,181818,7,10,17,56583,0,150251,42543,0,36,6589,18320125,1,0,0,0,0,0,0,23792,0,0,1,2064,0,0,0,0,0,0,6291,12209,1,50,2,2560,1440,5120,2880,2500,2,2,0,3549,0,1,3597,3597,9855749,0
2605,50688753250,19386875,0,0,1,5120,2880,2392,129,-2647,19677,0,0,0,0,0,-1,59,1912875,172209,3,176,0,0,5,220076,0,2,181818,7,11,16,148584,0,157711,59168,0,40,6162,8595708,1,0,0,0,0,0,0,28791,0,0,1,2064,0,0,0,0,0,0,6167,16542,1,50,2,2560,1440,5120,2880,2500,2,2,0,3550,0,1,3598,3598,9855749,0
2606,50709750334,20997084,0,0,1,5120,2880,2392,129,-2647,17057,0,0,0,0,0,-1,52,8153955,138164,3,176,0,0,5,246736,0,2,181818,7,10,19,143627,0,150125,46833,0,35,5527,7007667,1,0,0,0,0,0,0,15542,0,0,1,2064,0,0,0,0,0,0,3208,9084,1,50,2,2560,1440,5120,2880,2500,2,2,0,3551,0,1,3599,3599,12224000,0
2607,50734674750,24924416,0,0,1,5120,2880,2392,128,-2646,18479,0,0,0,0,0,-1,61,133498,148666,3,176,0,0,5,247744,0,2,181818,7,11,16,1791,0,154625,34209,0,43,5712,17326042,1,0,0,0,0,0,0,18916,0,0,1,2064,0,0,0,0,0,0,4166,11875,1,50,2,2560,1440,5120,2880,2500,2,2,0,3552,0,1,3600,3600,11830583,0
2608,50753263625,18588875,0,0,1,5120,2880,2392,128,-2646,16274,0,0,0,0,0,-1,55,112299,153666,3,176,0,0,5,265564,0,2,181818,7,10,12,51957,0,184167,34293,0,38,5248,11388875,1,0,0,0,0,0,0,27291,0,0,1,2064,0,0,0,0,0,0,6833,14916,1,50,2,2560,1440,5120,2880,2500,2,2,0,3553,0,1,3601,3601,9976833,0
2609,50771226084,17962459,0,0,1,5120,2880,2392,128,-2646,17545,0,0,0,0,0,-1,67,878289,210665,3,176,0,0,5,279352,0,2,181818,7,11,16,112501,0,179708,47501,0,48,5416,8003875,1,0,0,0,0,0,0,28792,0,0,1,2064,0,0,0,0,0,0,6625,16542,1,50,2,2560,1440,5120,2880,2500,2,2,0,3554,0,1,3602,3602,11961041,0
2610,50789763500,18537416,0,0,1,5120,2880,2392,128,-2646,16123,0,0,0,0,0,-1,59,2851747,161884,3,176,0,0,5,281116,0,2,181818,7,10,17,153541,0,156040,60166,0,42,5178,8023917,1,0,0,0,0,0,0,23208,0,0,1,2064,0,0,0,0,0,0,4875,14000,1,50,2,2560,1440,5120,2880,2500,2,2,0,3555,0,1,3603,3603,11961041,0
2611,50807913792,18150292,0,0,1,5120,2880,2392,128,-2646,15850,0,0,0,0,0,-1,59,4956450,178792,3,176,0,0,5,287020,0,2,181818,7,10,19,148917,0,151083,62167,0,42,5087,5863958,1,0,0,0,0,0,0,16500,0,0,1,2064,0,0,0,0,0,0,4500,9500,1,50,2,2560,1440,5120,2880,2500,2,2,0,3556,0,1,3604,3604,10049999,0
2612,50834904167,26990375,0,0,1,5120,2880,2392,128,-2646,16929,0,0,0,0,0,-1,68,142712,184547,3,176,0,0,5,293356,0,2,181818,7,11,16,1832,0,149584,33875,0,50,5147,19768875,1,0,0,0,0,0,0,18541,0,0,1,2064,0,0,0,0,0,0,5125,9959,1,50,2,2560,1440,5120,2880,2500,2,2,0,3557,0,1,3605,3605,12165874,0
2613,50853027209,18123042,0,0,1,5120,2880,2392,128,-2646,15004,0,0,0,0,0,-1,60,144912,165005,3,176,0,0,5,306640,0,2,181818,7,10,12,54167,0,149082,39415,0,43,4799,10988875,1,0,0,0,0,0,0,27792,0,0,1,2064,0,0,0,0,0,0,7542,15125,1,50,2,2560,1440,5120,2880,2500,2,2,0,3558,0,1,3606,3606,11767750,0
2614,50870733584,17706375,0,0,1,5120,2880,2392,128,-2646,16174,0,0,0,0,0,-1,70,165837,203042,6,3080,0,0,5,309124,0,2,181818,7,11,14,61167,0,243791,48834,0,50,4957,8203375,1,0,0,0,0,0,0,26208,0,0,1,2064,0,0,0,0,0,0,6958,13833,1,50,2,2560,1440,5120,2880,2500,2,2,0,3559,0,1,3607,3607,11987874,0
2615,50888775042,18041458,0,0,1,5120,2880,2392,128,-2646,14937,0,0,0,0,0,-1,63,833920,242256,3,176,0,0,5,342496,0,2,181818,7,10,15,164166,0,219751,121750,0,46,4760,8541000,1,0,0,0,0,0,0,42917,0,0,1,2064,0,0,0,0,0,0,9292,26250,1,50,2,2560,1440,5120,2880,2500,2,2,0,3560,0,1,3608,3608,11987874,0
2616,50906974334,18199292,0,0,1,5120,2880,2392,128,-2646,15133,0,0,0,0,0,-1,63,3644504,223624,3,176,0,0,5,342496,0,2,181818,7,10,19,145623,0,2575082,63002,0,46,4826,6632125,1,0,0,0,0,0,0,34958,0,0,1,2064,0,0,0,0,0,0,7000,20250,1,50,2,2560,1440,5120,2880,2500,2,2,0,3561,0,1,3609,3609,10004499,0
2617,50926036375,19062041,0,0,1,5120,2880,2392,128,-2646,17185,0,0,0,0,0,-1,74,6186579,222089,3,176,0,0,5,388180,0,2,181818,7,11,18,59376,0,174542,53543,0,55,5199,3394458,1,0,0,0,0,0,0,19166,0,0,1,2064,0,0,0,0,0,0,5333,9958,1,50,2,2560,1440,5120,2880,2500,2,2,0,3562,0,1,3610,3610,9901541,0
2618,50950969084,24932709,0,0,1,5120,2880,2392,128,-2646,15478,0,0,0,0,0,-1,63,122800,157917,3,176,0,0,5,388180,0,2,181818,7,10,11,1042,0,139875,31167,0,47,4941,19919250,1,0,0,0,0,0,0,14541,0,0,1,2064,0,0,0,0,0,0,3916,8334,1,50,2,2560,1440,5120,2880,2500,2,2,0,3563,0,1,3611,3611,10022375,0
2619,50969858417,18889333,0,0,1,5120,2880,2393,128,-2646,16803,0,0,0,0,0,-1,73,144836,213125,3,176,0,0,5,387928,0,2,181818,7,11,13,52250,0,170250,48374,0,54,5133,10393542,1,0,0,0,0,0,0,24583,0,0,1,2064,0,0,0,0,0,0,5000,14500,1,50,2,2560,1440,5120,2880,2500,2,2,0,3564,0,1,3612,3612,12028375,0
2620,50987523917,17665500,0,0,1,5120,2880,2393,128,-2646,15492,0,0,0,0,0,-1,64,1244164,161336,3,176,0,0,5,387928,0,2,181818,7,10,15,139040,0,156917,49502,0,47,4941,9591709,1,0,0,0,0,0,0,30250,0,0,1,2064,0,0,0,0,0,0,6500,18000,1,50,2,2560,1440,5120,2880,2500,2,2,0,3565,0,1,3613,3613,10082624,0
2621,51006108792,18584875,0,0,1,5120,2880,2393,128,-2646,15492,0,0,0,0,0,-1,65,3002626,175251,11,15404,0,0,5,387928,0,2,181818,7,10,19,153086,0,1907002,352083,0,47,4941,8680541,1,0,0,0,0,0,0,24583,0,0,1,2064,0,0,0,0,0,0,4833,15792,1,50,2,2560,1440,5120,2880,2500,2,2,0,3566,0,1,3614,3614,12125333,0
2622,51024877250,18768458,0,0,1,5120,2880,2393,128,-2646,17045,0,0,0,0,0,-1,74,5212961,226626,3,176,0,0,5,387304,0,2,181818,7,11,18,55998,0,200667,45208,0,55,5171,4975208,1,0,0,0,0,0,0,18834,0,0,1,2064,0,0,0,0,0,0,3208,13167,1,50,2,2560,1440,5120,2880,2500,2,2,0,3567,0,1,3615,3615,12085624,0
2623,51043589709,18712459,0,0,1,5120,2880,2393,128,-2646,15492,0,0,0,0,0,-1,64,8592496,165666,3,176,0,0,5,387304,0,2,181818,7,10,15,144584,0,145002,45000,0,47,4941,4591542,1,0,0,0,0,0,0,12959,0,0,1,2064,0,0,0,0,0,0,3333,7875,1,50,2,2560,1440,5120,2880,2500,2,2,0,3568,0,1,3616,3616,9940666,0
2624,51067750917,24161208,0,0,1,5120,2880,2393,128,-2646,15494,0,0,0,0,0,-1,63,145541,175882,3,176,0,0,5,387304,0,2,181818,7,10,15,1084,0,142042,33208,0,47,4941,19202459,1,0,0,0,0,0,0,18041,0,0,1,2064,0,0,0,0,0,0,3542,12667,1,50,2,2560,1440,5120,2880,2500,2,2,0,3569,0,1,3617,3617,12123333,0
2625,51086138292,18387375,0,0,1,5120,2880,2393,128,-2646,16693,0,0,0,0,0,-1,73,165910,195540,3,176,0,0,5,387304,0,2,181818,7,11,13,51542,0,170126,39540,0,54,5113,10188125,1,0,0,0,0,0,0,21958,0,0,1,2064,0,0,0,0,0,0,3417,15041,1,50,2,2560,1440,5120,2880,2500,2,2,0,3570,0,1,3618,3618,12050124,0
2626,51104442084,18303792,0,0,1,5120,2880,2393,128,-2646,15492,0,0,0,0,0,-1,64,610336,198002,3,176,0,0,5,387304,0,2,181818,7,10,15,143669,0,189875,56584,0,47,4941,10132375,1,0,0,0,0,0,0,34791,0,0,1,2064,0,0,0,0,0,0,9250,17625,1,50,2,2560,1440,5120,2880,2500,2,2,0,3571,0,1,3619,3619,10069874,0
2627,51123226042,18783958,0,0,1,5120,2880,2393,128,-2646,17155,0,0,0,0,0,-1,74,2993876,220496,3,176,0,0,5,387736,0,2,181818,7,11,18,63418,0,200124,41794,0,55,5193,6857208,1,0,0,0,0,0,0,19375,0,0,1,2064,0,0,0,0,0,0,4709,11666,1,50,2,2560,1440,5120,2880,2500,2,2,0,3572,0,1,3620,3620,12115833,0
2628,51141870167,18644125,0,0,1,5120,2880,2393,128,-2646,15492,0,0,0,0,0,-1,64,5398667,182794,3,176,0,0,5,387736,0,2,181818,7,10,15,149291,0,157209,57335,0,47,4941,6135625,1,0,0,0,0,0,0,15333,0,0,1,2064,0,0,0,0,0,0,3834,9125,1,50,2,2560,1440,5120,2880,2500,2,2,0,3573,0,1,3621,3621,12008249,0
2629,51168282750,26412583,0,0,1,5120,2880,2393,128,-2646,15494,0,0,0,0,0,-1,63,147171,180750,3,176,0,0,5,387736,0,2,181818,7,10,15,1666,0,149667,38165,0,47,4941,20818333,1,0,0,0,0,0,0,24333,0,0,1,2064,0,0,0,0,0,0,5750,14500,1,50,2,2560,1440,5120,2880,2500,2,2,0,3574,0,1,3622,3622,10057541,0
2630,51186886875,18604125,0,0,1,5120,2880,2393,128,-2646,16522,0,0,0,0,0,-1,74,157002,199091,3,176,0,0,5,402424,0,2,181818,7,11,13,53834,0,171708,42958,0,55,5050,9372708,1,0,0,0,0,0,0,29416,0,0,1,2064,0,0,0,0,0,0,8959,15041,1,50,2,2560,1440,5120,2880,2500,2,2,0,3575,0,1,3623,3623,12062624,0
2631,51204890209,18003334,0,0,1,5120,2880,2393,128,-2646,14887,0,0,0,0,0,-1,66,1082585,183874,3,176,0,0,5,421396,0,2,181818,7,10,15,112623,0,166833,46583,0,49,4728,8962584,1,0,0,0,0,0,0,31167,0,0,1,2064,0,0,0,0,0,0,7458,17167,1,50,2,2560,1440,5120,2880,2500,2,2,0,3576,0,1,3624,3624,10227999,0
2632,51223616959,18726750,0,0,1,5120,2880,2393,128,-2646,15752,0,0,0,0,0,-1,76,2880292,209334,3,176,0,0,5,436012,0,2,181818,7,11,16,53748,0,201460,43790,0,57,4734,6062167,1,0,0,0,0,0,0,47292,0,0,1,2064,0,0,0,0,0,0,11041,25292,1,50,2,2560,1440,5120,2880,2500,2,2,0,3577,0,1,3625,3625,12212458,0
2633,51242017750,18400791,0,0,1,5120,2880,2393,128,-2646,13978,0,0,0,0,0,-1,66,5722877,195341,3,176,0,0,5,429028,0,2,181818,7,10,15,114290,0,159625,53792,0,49,4425,5502334,1,0,0,0,0,0,0,14666,0,0,1,2064,0,0,0,0,0,0,3750,9167,1,50,2,2560,1440,5120,2880,2500,2,2,0,3578,0,1,3626,3626,12046708,0
2634,51268154500,26136750,0,0,1,5120,2880,2393,128,-2646,14516,0,0,0,0,0,-1,65,138795,159671,3,176,0,0,5,435184,0,2,181818,7,10,13,1374,0,143749,32791,0,49,4605,20563541,1,0,0,0,0,0,0,17459,0,0,1,2064,0,0,0,0,0,0,4500,10459,1,50,2,2560,1440,5120,2880,2500,2,2,0,3579,0,1,3627,3627,10097708,0
2635,51286782250,18627750,0,0,1,5120,2880,2393,128,-2646,16541,0,0,0,0,0,-1,75,158756,198040,3,176,0,0,5,444076,0,2,181818,7,11,13,51793,0,149040,41751,0,56,5027,8994041,1,0,0,0,0,0,0,27500,0,0,1,2064,0,0,0,0,0,0,5500,16709,1,50,2,2560,1440,5120,2880,2500,2,2,0,3580,0,1,3628,3628,11952291,0
2636,51303886625,17104375,0,0,1,5120,2880,2393,128,-2646,15379,0,0,0,0,0,-1,66,157793,194079,3,176,0,0,5,452716,0,2,181818,7,10,13,55835,0,178292,47168,0,49,4894,9400208,1,0,0,0,0,0,0,29583,0,0,1,2064,0,0,0,0,0,0,6833,17792,1,50,2,2560,1440,5120,2880,2500,2,2,0,3581,0,1,3629,3629,11888291,0
2637,51322258625,18372000,0,0,1,5120,2880,2393,128,-2646,17220,0,0,0,0,0,-1,76,1887538,246460,3,176,0,0,5,452932,0,2,181818,7,11,14,65796,0,193666,49457,0,57,5200,7062125,1,0,0,0,0,0,0,29000,0,0,1,2064,0,0,0,0,0,0,5916,17458,1,50,2,2560,1440,5120,2880,2500,2,2,0,3582,0,1,3630,3630,10238874,0
2638,51340472959,18214334,0,0,1,5120,2880,2393,128,-2646,15592,0,0,0,0,0,-1,66,3364798,176120,3,176,0,0,5,452824,0,2,181818,7,10,15,112374,0,140000,53708,0,49,4963,7078334,1,0,0,0,0,0,0,20375,0,0,1,2064,0,0,0,0,0,0,3916,11542,1,50,2,2560,1440,5120,2880,2500,2,2,0,3583,0,1,3631,3631,11876583,0
2639,51358462167,17989208,0,0,1,5120,2880,2393,128,-2646,15584,0,0,0,0,0,-1,66,5891123,186877,3,176,0,0,5,463192,0,2,181818,7,10,17,111794,0,151625,54750,0,49,4963,5467125,1,0,0,0,0,0,0,16875,0,0,1,2064,0,0,0,0,0,0,3958,9000,1,50,2,2560,1440,5120,2880,2500,2,2,0,3584,0,1,3632,3632,11861874,0
2640,51376747209,18285042,0,0,1,5120,2880,2392,128,-2646,16874,0,0,0,0,0,-1,75,7364957,209377,3,176,0,0,5,463084,0,2,181818,7,11,16,53420,0,211209,36289,0,56,5160,2483500,1,0,0,0,0,0,0,21250,0,0,1,2064,0,0,0,0,0,0,2875,14750,1,50,2,2560,1440,5120,2880,2500,2,2,0,3585,0,1,3633,3633,10044541,0
2641,51401112875,24365666,0,0,1,5120,2880,2392,128,-2646,15655,0,0,0,0,0,-1,65,132704,159921,3,176,0,0,5,462976,0,2,181818,7,10,11,999,0,140875,31459,0,49,4988,19153666,1,0,0,0,0,0,0,34750,0,0,1,2064,0,0,0,0,0,0,4250,27208,1,50,2,2560,1440,5120,2880,2500,2,2,0,3586,0,1,3634,3634,11679374,0
2642,51419687250,18574375,0,0,1,5120,2880,2392,128,-2646,17287,0,0,0,0,0,-1,76,153748,203580,3,176,0,0,5,463408,0,2,181818,7,11,13,59081,0,172250,41458,0,57,5233,9951625,1,0,0,0,0,0,0,30000,0,0,1,2064,0,0,0,0,0,0,5125,19625,1,50,2,2560,1440,5120,2880,2500,2,2,0,3587,0,1,3635,3635,11853666,0
2643,51436908334,17221084,0,0,1,5120,2880,2392,128,-2646,15667,0,0,0,0,0,-1,66,549000,182295,3,176,0,0,5,463300,0,2,181818,7,10,15,116753,0,174625,59084,0,49,4988,9719291,1,0,0,0,0,0,0,28958,0,0,1,2064,0,0,0,0,0,0,4167,20000,1,50,2,2560,1440,5120,2880,2500,2,2,0,3588,0,1,3636,3636,10171333,0
2644,51454947042,18038708,0,0,1,5120,2880,2392,128,-2646,15659,0,0,0,0,0,-1,66,2001170,175460,3,176,0,0,5,463300,0,2,181818,7,10,17,105500,0,156168,53542,0,49,4988,9069667,1,0,0,0,0,0,0,40459,0,0,1,2064,0,0,0,0,0,0,7541,25834,1,50,2,2560,1440,5120,2880,2500,2,2,0,3589,0,1,3637,3637,11941583,0
2645,51473270542,18323500,0,0,1,5120,2880,2392,128,-2646,16874,0,0,0,0,0,-1,75,2994627,228209,3,176,0,0,5,463084,0,2,181818,7,11,16,54916,0,234542,50291,0,56,5160,6254500,1,0,0,0,0,0,0,25417,0,0,1,2064,0,0,0,0,0,0,4916,15875,1,50,2,2560,1440,5120,2880,2500,2,2,0,3590,0,1,3638,3638,11965624,0
2646,51491957167,18686625,0,0,1,5120,2880,2392,128,-2646,15667,0,0,0,0,0,-1,66,4121459,257459,3,176,0,0,5,463084,0,2,181818,7,10,15,129207,0,174666,67626,0,49,4988,5614875,1,0,0,0,0,0,0,32459,0,0,1,2064,0,0,0,0,0,0,5792,22000,1,50,2,2560,1440,5120,2880,2500,2,2,0,3591,0,1,3639,3639,10392999,0
2647,51509900292,17943125,0,0,1,5120,2880,2392,128,-2646,15803,0,0,0,0,0,-1,66,7012545,195457,3,176,0,0,5,463084,0,2,181818,7,10,17,102754,0,147541,48834,0,49,5036,3907459,1,0,0,0,0,0,0,51291,0,0,1,2064,0,0,0,0,0,0,4667,28416,1,50,2,2560,1440,5120,2880,2500,2,2,0,3592,0,1,3640,3640,11829875,0
2648,51534412834,24512542,0,0,1,5120,2880,2392,128,-2646,17385,0,0,0,0,0,-1,75,138833,184794,3,176,0,0,5,463300,0,2,181818,7,11,14,1332,0,155458,32542,0,57,5271,17736250,1,0,0,0,0,0,0,14542,0,0,1,2064,0,0,0,0,0,0,3000,8875,1,50,2,2560,1440,5120,2880,2500,2,2,0,3593,0,1,3641,3641,11770416,0
2649,51552995459,18582625,0,0,1,5120,2880,2392,128,-2646,15805,0,0,0,0,0,-1,66,131336,179085,3,176,0,0,5,469240,0,2,181818,7,10,12,54916,0,145293,41792,0,49,5036,11566500,1,0,0,0,0,0,0,27541,0,0,1,2064,0,0,0,0,0,0,6709,14791,1,50,2,2560,1440,5120,2880,2500,2,2,0,3594,0,1,3642,3642,10114500,0
2650,51570296917,17301458,0,0,1,5120,2880,2392,128,-2647,17124,0,0,0,0,0,-1,75,503709,200918,3,176,0,0,5,471148,0,2,181818,7,11,14,55583,0,211375,47626,0,56,5228,8179500,1,0,0,0,0,0,0,30750,0,0,1,2064,0,0,0,0,0,0,6459,19333,1,50,2,2560,1440,5120,2880,2500,2,2,0,3595,0,1,3643,3643,11737499,0
2651,51588641125,18344208,0,0,1,5120,2880,2392,128,-2647,18160,0,0,0,0,0,-1,66,662587,190254,3,176,0,0,5,489400,0,2,181818,7,10,15,119625,0,182832,53168,0,49,5819,8868167,1,0,0,0,0,0,0,34583,0,0,1,2064,0,0,0,0,0,0,8208,18333,1,50,2,2560,1440,5120,2880,2500,2,2,0,3596,0,1,3644,3644,11882999,0
2652,51607976459,19335334,0,0,1,5120,2880,2392,128,-2647,18152,0,0,0,0,0,-1,66,3359373,241415,3,176,0,0,5,489724,0,2,181818,7,10,17,128125,0,177124,62125,0,49,5819,7340833,1,0,0,0,0,0,0,33292,0,0,1,2064,0,0,0,0,0,0,6625,21583,1,50,2,2560,1440,5120,2880,2500,2,2,0,3597,0,1,3645,3645,10332875,0
2653,51627353209,19376750,0,0,1,5120,2880,2392,128,-2647,21750,0,0,0,0,0,-1,76,6377080,220205,3,176,0,0,5,497788,0,2,181818,7,11,16,54082,0,203708,39792,0,57,6734,2867583,1,0,0,0,0,0,0,15000,0,0,1,2064,0,0,0,0,0,0,4000,9041,1,50,2,2560,1440,5120,2880,2500,2,2,0,3598,0,1,3646,3646,12108249,0
2654,51652244500,24891291,0,0,1,5120,2880,2392,128,-2647,20224,0,0,0,0,0,-1,65,135582,166084,3,176,0,0,5,497896,0,2,181818,7,10,11,1041,0,146041,32250,0,49,6511,18616334,1,0,0,0,0,0,0,15083,0,0,1,2064,0,0,0,0,0,0,3791,8834,1,50,2,2560,1440,5120,2880,2500,2,2,0,3599,0,1,3647,3647,12077874,0
2655,51671930917,19686417,0,0,1,5120,2880,2392,128,-2647,21439,0,0,0,0,0,-1,75,166165,206416,3,176,0,0,5,497572,0,2,181818,7,11,13,53377,0,203751,48749,0,56,6683,8588750,1,0,0,0,0,0,0,32458,0,0,1,2064,0,0,0,0,0,0,6125,19250,1,50,2,2560,1440,5120,2880,2500,2,2,0,3600,0,1,3648,3648,10500374,0
2656,51692159000,20228083,0,0,1,5120,2880,2392,128,-2647,20236,0,0,0,0,0,-1,66,4761042,206413,3,176,0,0,5,497572,0,2,181818,7,10,15,114167,0,155916,48333,0,49,6511,7280500,1,0,0,0,0,0,0,17042,0,0,1,2064,0,0,0,0,0,0,4875,9417,1,50,2,2560,1440,5120,2880,2500,2,2,0,3601,0,1,3649,3649,12212500,0
2657,51712214000,20055000,0,0,1,5120,2880,2392,128,-2647,20228,0,0,0,0,0,-1,66,9777714,162371,3,176,0,0,5,504376,0,2,181818,7,10,17,114292,0,156793,43958,0,49,6511,3672834,1,0,0,0,0,0,0,25959,0,0,1,2064,0,0,0,0,0,0,5125,17208,1,50,2,2560,1440,5120,2880,2500,2,2,0,3602,0,1,3650,3650,12253875,0
2658,51736350417,24136417,0,0,1,5120,2880,2392,128,-2647,22030,0,0,0,0,0,-1,76,158498,200336,3,176,0,0,5,503692,0,2,181818,7,11,16,54500,0,179418,46750,0,57,6790,14907458,1,0,0,0,0,0,0,20208,0,0,1,2064,0,0,0,0,0,0,4042,11959,1,50,2,2560,1440,5120,2880,2500,2,2,0,3603,0,1,3651,3651,10155583,0
2659,51756111500,19761083,0,0,1,5120,2880,2392,128,-2647,21784,0,0,0,0,0,-1,66,196377,253662,3,176,0,0,5,496780,0,2,181818,7,10,13,54040,0,189541,53541,0,49,7029,9732750,1,0,0,0,0,0,0,31042,0,0,1,2064,0,0,0,0,0,0,6375,18459,1,50,2,2560,1440,5120,2880,2500,2,2,0,3604,0,1,3652,3652,12467666,0
2660,51776926167,20814667,0,0,1,5120,2880,2392,129,-2648,22863,0,0,0,0,0,-1,75,5086037,235915,3,176,0,0,5,495988,0,2,181818,7,11,14,50376,0,232959,35167,0,56,7151,5013458,1,0,0,0,0,0,0,20917,0,0,1,2064,0,0,0,0,0,0,4167,13333,1,50,2,2560,1440,5120,2880,2500,2,2,0,3605,0,1,3653,3653,12475458,0
2661,51802747417,25821250,0,0,1,5120,2880,2392,129,-2648,21532,0,0,0,0,0,-1,65,126706,154418,3,176,0,0,5,481120,0,2,181818,7,10,11,1209,0,130377,29250,0,49,6947,19045792,1,0,0,0,0,0,0,17042,0,0,1,2064,0,0,0,0,0,0,4542,9500,1,50,2,2560,1440,5120,2880,2500,2,2,0,3606,0,1,3654,3654,10131749,0
2662,51822932042,20184625,0,0,1,5120,2880,2392,129,-2648,22655,0,0,0,0,0,-1,77,1443252,228750,5,296976,0,0,5,451492,0,2,181818,7,11,13,55332,0,270752,42832,0,57,7035,8534917,1,0,0,0,0,0,0,28375,0,0,1,2064,0,0,0,0,0,0,5125,17291,1,50,2,2560,1440,5120,2880,2500,2,2,0,3607,0,1,3655,3655,12461000,0
2663,51843499334,20567292,0,0,1,5120,2880,2392,129,-2648,20803,0,0,0,0,0,-1,66,6436167,192461,3,176,0,0,5,442384,0,2,181818,7,10,15,118374,0,139917,43084,0,49,6700,6261542,1,0,0,0,0,0,0,16417,0,0,1,2064,0,0,0,0,0,0,3750,9833,1,50,2,2560,1440,5120,2880,2500,2,2,0,3608,0,1,3656,3656,12252625,0
2664,51869379334,25880000,0,0,1,5120,2880,2392,129,-2648,20531,0,0,0,0,0,-1,65,145419,157788,3,176,0,0,5,425068,0,2,181818,7,10,13,1417,0,142001,33209,0,49,6610,19241292,1,0,0,0,0,0,0,16625,0,0,1,2064,0,0,0,0,0,0,4292,10083,1,50,2,2560,1440,5120,2880,2500,2,2,0,3609,0,1,3657,3657,10126916,0
2665,51889398292,20018958,0,0,1,5120,2880,2392,129,-2648,21063,0,0,0,0,0,-1,75,1384958,212127,3,176,0,0,5,420928,0,2,181818,7,11,13,55080,0,185708,45417,0,56,6541,8333833,1,0,0,0,0,0,0,35083,0,0,1,2064,0,0,0,0,0,0,6166,22167,1,50,2,2560,1440,5120,2880,2500,2,2,0,3610,0,1,3658,3658,12477499,0
2666,51910503625,21105333,0,0,1,5120,2880,2392,129,-2648,20050,0,0,0,0,0,-1,65,7701169,182505,3,176,0,0,5,396088,0,2,181818,7,10,15,135293,0,146167,347167,0,48,6452,6587458,1,0,0,0,0,0,0,17584,0,0,1,2064,0,0,0,0,0,0,3208,12166,1,50,2,2560,1440,5120,2880,2500,2,2,0,3611,0,1,3659,3659,12477624,0
2667,51936183000,25679375,0,0,1,5120,2880,2393,129,-2648,22133,0,0,0,0,0,-1,70,132121,177250,3,176,0,0,5,314836,0,2,181818,7,11,16,1126,0,152834,33209,0,52,6878,17275250,1,0,0,0,0,0,0,29125,0,0,1,2064,0,0,0,0,0,0,8416,17167,1,50,2,2560,1440,5120,2880,2500,2,2,0,3612,0,1,3660,3660,9977125,0
2668,51955883084,19700084,0,0,1,5120,2880,2393,129,-2648,21691,0,0,0,0,0,-1,58,1181665,168166,3,176,0,0,5,283300,0,2,181818,7,10,14,147332,0,154000,49167,0,41,7035,9874333,1,0,0,0,0,0,0,50208,0,0,1,2064,0,0,0,0,0,0,11708,28292,1,50,2,2560,1440,5120,2880,2500,2,2,0,3613,0,1,3661,3661,9977125,0
2669,51978414125,22531041,0,0,1,5120,2880,2393,129,-2648,23342,0,0,0,0,0,-1,64,8558336,168828,3,176,0,0,5,269080,0,2,181818,7,11,20,147124,0,167584,49541,0,45,7373,4591292,1,0,0,0,0,0,0,15834,0,0,1,2064,0,0,0,0,0,0,4375,8583,1,50,2,2560,1440,5120,2880,2500,2,2,0,3614,0,1,3662,3662,9976791,0
2670,52003613584,25199459,0,0,1,5120,2880,2393,129,-2648,22635,0,0,0,0,0,-1,55,122294,148295,3,176,0,0,5,262456,0,2,181818,7,10,17,56168,0,144208,47334,0,38,7365,17468834,1,0,0,0,0,0,0,17125,0,0,1,2064,0,0,0,0,0,0,4791,9542,1,50,2,2560,1440,5120,2880,2500,2,2,0,3615,0,1,3663,3663,9922625,0
2671,52024249792,20636208,0,0,1,5120,2880,2393,129,-2649,23465,0,0,0,0,0,-1,60,3023002,206835,3,176,0,0,5,216524,0,2,181818,7,11,16,138835,0,196375,495334,0,41,7370,7633708,1,0,0,0,0,0,0,29500,0,0,1,2064,0,0,0,0,0,0,6584,16750,1,50,2,2560,1440,5120,2880,2500,2,2,0,3616,0,1,3664,3664,9922625,0
2672,52045480292,21230500,0,0,1,5120,2880,2393,129,-2649,21329,0,0,0,0,0,-1,50,9470879,133415,3,176,0,0,5,216860,0,2,181818,7,10,19,149668,0,140334,52543,0,33,6963,4857209,1,0,0,0,0,0,0,20084,0,0,1,2064,0,0,0,0,0,0,5083,10458,1,50,2,2560,1440,5120,2880,2500,2,2,0,3617,0,1,3665,3665,9990999,0
2673,52070502292,25022000,0,0,1,5120,2880,2393,128,-2649,22583,0,0,0,0,0,-1,60,128291,181417,3,176,0,0,5,179536,0,2,181818,7,11,18,60418,0,177291,44834,0,41,7141,11501250,1,0,0,0,0,0,0,27750,0,0,1,2064,0,0,0,0,0,0,7250,14833,1,50,2,2560,1440,5120,2880,2500,2,2,0,3618,0,1,3666,3666,12351041,0
2674,52089523125,19020833,0,0,1,5120,2880,2393,128,-2649,21283,0,0,0,0,0,-1,53,1146789,203545,11,15404,0,0,5,181020,0,2,181818,7,10,15,157752,0,160500,67250,0,35,6933,8902875,1,0,0,0,0,0,0,24583,0,0,1,2064,0,0,0,0,0,0,4917,13166,1,50,2,2560,1440,5120,2880,2500,2,2,0,3619,0,1,3667,3667,12351041,0
2675,52109849625,20326500,0,0,1,5120,2880,2393,128,-2649,21303,0,0,0,0,0,-1,52,7587210,154373,3,176,0,0,5,181132,0,2,181818,7,10,19,138832,0,156292,52667,0,35,6945,6199750,1,0,0,0,0,0,0,18792,0,0,1,2064,0,0,0,0,0,0,4792,10209,1,50,2,2560,1440,5120,2880,2500,2,2,0,3620,0,1,3668,3668,12324874,0
2676,52135347750,25498125,0,0,1,5120,2880,2393,128,-2649,23009,0,0,0,0,0,-1,61,137707,157045,3,176,0,0,5,177100,0,2,181818,7,11,16,1874,0,140876,30085,0,43,7204,17316667,1,0,0,0,0,0,0,48500,0,0,1,2064,0,0,0,0,0,0,8708,29208,1,50,2,2560,1440,5120,2880,2500,2,2,0,3621,0,1,3669,3669,11657625,0
2677,52153938209,18590459,0,0,1,5120,2880,2393,128,-2649,21218,0,0,0,0,0,-1,53,164584,174085,3,176,0,0,5,179564,0,2,181818,7,10,14,140292,0,172375,56667,0,36,6908,10605000,1,0,0,0,0,0,0,35458,0,0,1,2064,0,0,0,0,0,0,11084,16708,1,50,2,2560,1440,5120,2880,2500,2,2,0,3622,0,1,3670,3670,11657625,0
2678,52174914834,20976625,0,0,1,5120,2880,2393,128,-2649,22529,0,0,0,0,0,-1,62,5400919,182290,3,176,0,0,5,180236,0,2,181818,7,11,20,140000,0,172166,57627,0,43,7100,6480417,1,0,0,0,0,0,0,18500,0,0,1,2064,0,0,0,0,0,0,5167,9958,1,50,2,2560,1440,5120,2880,2500,2,2,0,3623,0,1,3671,3671,11799500,0
2679,52201202209,26287375,0,0,1,5120,2880,2393,128,-2649,21220,0,0,0,0,0,-1,52,493581,126372,3,176,0,0,5,180236,0,2,181818,7,10,15,1210,0,133999,32627,0,36,6908,20669667,1,0,0,0,0,0,0,19792,0,0,1,2064,0,0,0,0,0,0,5709,8834,1,50,2,2560,1440,5120,2880,2500,2,2,0,3624,0,1,3672,3672,11568708,0
2680,52220538417,19336208,0,0,1,5120,2880,2393,128,-2649,22746,0,0,0,0,0,-1,64,312455,201171,10,21548,0,0,5,180796,0,2,181818,7,11,15,86001,0,201333,49292,0,44,7132,10133250,1,0,0,0,0,0,0,34875,0,0,1,2064,0,0,0,0,0,0,7709,19791,1,50,2,2560,1440,5120,2880,2500,2,2,0,3625,0,1,3673,3673,11730666,0
2681,52240052334,19513917,0,0,1,5120,2880,2393,128,-2649,21197,0,0,0,0,0,-1,52,3260579,174623,3,176,0,0,5,174972,0,2,181818,7,10,15,136290,0,147000,59626,0,35,6907,8914083,1,0,0,0,0,0,0,34542,0,0,1,2064,0,0,0,0,0,0,7333,20209,1,50,2,2560,1440,5120,2880,2500,2,2,0,3626,0,1,3674,3674,11730666,0
2682,52267906042,27853708,0,0,1,5120,2880,2393,128,-2649,21199,0,0,0,0,0,-1,51,115171,133547,3,176,0,0,5,175084,0,2,181818,7,10,15,1707,0,144417,31001,0,35,6907,22672042,1,0,0,0,0,0,0,20209,0,0,1,2064,0,0,0,0,0,0,5500,11333,1,50,2,2560,1440,5120,2880,2500,2,2,0,3627,0,1,3675,3675,11578999,0
2683,52286791625,18885583,0,0,1,5120,2880,2393,128,-2649,22441,0,0,0,0,0,-1,61,312833,173710,3,176,0,0,5,175084,0,2,181818,7,11,15,134748,0,182333,44999,0,42,7084,10128458,1,0,0,0,0,0,0,34125,0,0,1,2064,0,0,0,0,0,0,5333,22042,1,50,2,2560,1440,5120,2880,2500,2,2,0,3628,0,1,3676,3676,11717499,0
2684,52306753334,19961709,0,0,1,5120,2880,2393,128,-2649,21189,0,0,0,0,0,-1,52,4085125,182336,3,176,0,0,5,175196,0,2,181818,7,10,19,148958,0,150709,52917,0,35,6907,8995542,1,0,0,0,0,0,0,28625,0,0,1,2064,0,0,0,0,0,0,3750,18417,1,50,2,2560,1440,5120,2880,2500,2,2,0,3629,0,1,3677,3677,11717499,0
2685,52334293584,27540250,0,0,1,5120,2880,2393,128,-2649,22850,0,0,0,0,0,-1,61,234718,149078,3,176,0,0,5,174972,0,2,181818,7,11,16,1917,0,138666,29208,0,43,7157,20463875,1,0,0,0,0,0,0,19083,0,0,1,2064,0,0,0,0,0,0,4709,10584,1,50,2,2560,1440,5120,2880,2500,2,2,0,3630,0,1,3678,3678,11675374,0
2686,52353674834,19381250,0,0,1,5120,2880,2393,128,-2649,21197,0,0,0,0,0,-1,52,137916,165917,3,176,0,0,5,174972,0,2,181818,7,10,14,89706,0,162708,53792,0,35,6907,11994250,1,0,0,0,0,0,0,38042,0,0,1,2064,0,0,0,0,0,0,9833,21084,1,50,2,2560,1440,5120,2880,2500,2,2,0,3631,0,1,3679,3679,11796208,0
2687,52373778334,20103500,0,0,1,5120,2880,2392,128,-2649,22436,0,0,0,0,0,-1,61,3087335,215878,3,176,0,0,5,174524,0,2,181818,7,11,16,150624,0,175125,2114708,0,42,7089,7487792,1,0,0,0,0,0,0,37625,0,0,1,2064,0,0,0,0,0,0,9375,19958,1,50,2,2560,1440,5120,2880,2500,2,2,0,3632,0,1,3680,3680,11796208,0
2688,52407942417,34164083,0,0,1,5120,2880,2392,128,-2649,21202,0,0,1,6,0,-1,51,515087,134918,3,176,0,0,5,180880,0,2,181818,7,10,15,1750,0,131000,41458,0,35,6908,21733167,1,0,0,0,0,0,0,15250,0,0,1,2064,0,0,0,0,0,0,4209,8208,1,50,2,2560,1440,5120,2880,2500,2,2,0,3633,0,1,3681,3681,11553625,0
2689,52426745417,18803000,0,0,1,5120,2880,2392,128,-2649,22676,0,0,0,0,0,-1,62,8217255,163167,3,176,0,0,5,176512,0,2,181818,7,11,15,137002,0,159791,44417,0,43,7117,3368834,1,0,0,0,0,0,0,14750,0,0,1,2064,0,0,0,0,0,0,3333,8542,1,50,2,2560,1440,5120,2880,2500,2,2,0,3634,0,1,3682,3682,11553625,0
2690,52451519292,24773875,0,0,1,5120,2880,2392,128,-2649,21163,0,0,0,0,0,-1,52,434206,128543,6,9476,0,0,5,176512,0,2,181818,7,10,15,1000,0,159667,30084,0,35,6894,18943834,1,0,0,0,0,0,0,14166,0,0,1,2064,0,0,0,0,0,0,3334,8583,1,50,2,2560,1440,5120,2880,2500,2,2,0,3635,0,1,3683,3683,11416249,0
2691,52470475834,18956542,0,0,1,5120,2880,2392,128,-2649,22477,0,0,0,0,0,-1,61,176542,200629,3,176,0,0,5,176512,0,2,181818,7,11,15,147416,0,189915,53750,0,42,7086,9941542,1,0,0,0,0,0,0,31083,0,0,1,2064,0,0,0,0,0,0,4833,20541,1,50,2,2560,1440,5120,2880,2500,2,2,0,3636,0,1,3684,3684,11775499,0
2692,52490206625,19730791,0,0,1,5120,2880,2392,128,-2649,21150,0,0,0,0,0,-1,52,4501913,170461,3,176,0,0,5,176512,0,2,181818,7,10,19,149748,0,154750,44500,0,35,6894,8386792,1,0,0,0,0,0,0,19834,0,0,1,2064,0,0,0,0,0,0,4458,12208,1,50,2,2560,1440,5120,2880,2500,2,2,0,3637,0,1,3685,3685,11775499,0
2693,52517682459,27475834,0,0,1,5120,2880,2392,128,-2649,21160,0,0,0,0,0,-1,51,114545,131835,3,176,0,0,5,176512,0,2,181818,7,10,15,832,0,144750,38708,0,35,6894,22419416,1,0,0,0,0,0,0,15000,0,0,1,2064,0,0,0,0,0,0,2834,10041,1,50,2,2560,1440,5120,2880,2500,2,2,0,3638,0,1,3686,3686,11561083,0
2694,52536676584,18994125,0,0,1,5120,2880,2392,128,-2649,22888,0,0,0,0,0,-1,62,165044,169249,3,176,0,0,5,176288,0,2,181818,7,11,15,85456,0,184752,54874,0,43,7159,10289333,1,0,0,0,0,0,0,19333,0,0,1,2064,0,0,0,0,0,0,3166,12417,1,50,2,2560,1440,5120,2880,2500,2,2,0,3639,0,1,3687,3687,11677291,0
2695,52556272792,19596208,0,0,1,5120,2880,2392,128,-2649,21152,0,0,0,0,0,-1,52,3411127,179797,3,176,0,0,5,176288,0,2,181818,7,10,15,136042,0,159374,55127,0,35,6892,8695541,1,0,0,0,0,0,0,37084,0,0,1,2064,0,0,0,0,0,0,9167,20500,1,50,2,2560,1440,5120,2880,2500,2,2,0,3640,0,1,3688,3688,11677291,0
2696,52584529167,28256375,0,0,1,5120,2880,2392,128,-2649,22363,0,0,0,0,0,-1,60,261171,176376,3,176,0,0,5,176288,0,2,181818,7,11,16,1210,0,156166,34543,0,42,7064,20935541,1,0,0,0,0,0,0,11875,0,0,1,2064,0,0,0,0,0,0,2250,7625,1,50,2,2560,1440,5120,2880,2500,2,2,0,3641,0,1,3689,3689,11543749,0
2697,52603702667,19173500,0,0,1,5120,2880,2392,128,-2649,21150,0,0,0,0,0,-1,52,141293,156828,3,176,0,0,5,176288,0,2,181818,7,10,14,111124,0,175625,71292,0,35,6892,11431042,1,0,0,0,0,0,0,30250,0,0,1,2064,0,0,0,0,0,0,5292,19291,1,50,2,2560,1440,5120,2880,2500,2,2,0,3642,0,1,3690,3690,11794999,0
2698,52623585584,19882917,0,0,1,5120,2880,2392,128,-2649,22765,0,0,0,0,0,-1,62,3052799,197460,3,176,0,0,5,175952,0,2,181818,7,11,18,141877,0,197416,48209,0,43,7136,7555208,1,0,0,0,0,0,0,114875,0,0,1,2064,0,0,0,0,0,0,7667,96250,1,50,2,2560,1440,5120,2880,2500,2,2,0,3643,0,1,3691,3691,11794999,0
2699,52643279792,19694208,0,0,1,5120,2880,2392,128,-2649,21144,0,0,0,0,0,-1,52,8962838,137876,3,176,0,0,5,175952,0,2,181818,7,10,19,141872,0,153292,46665,0,35,6892,5429166,1,0,0,0,0,0,0,18791,0,0,1,2064,0,0,0,0,0,0,5125,9708,1,50,2,2560,1440,5120,2880,2500,2,2,0,3644,0,1,3692,3692,11716208,0
2700,52668670209,25390417,0,0,1,5120,2880,2392,128,-2649,21154,0,0,0,0,0,-1,51,118876,140500,3,176,0,0,5,175728,0,2,181818,7,10,15,1456,0,151667,35624,0,35,6892,19606417,1,0,0,0,0,0,0,50542,0,0,1,2064,0,0,0,0,0,0,12084,28875,1,50,2,2560,1440,5120,2880,2500,2,2,0,3645,0,1,3693,3693,11528416,0
2701,52687466375,18796166,0,0,1,5120,2880,2392,128,-2649,22361,0,0,0,0,0,-1,61,952290,184165,3,176,0,0,5,176064,0,2,181818,7,11,15,142042,0,191626,50417,0,42,7064,8996084,1,0,0,0,0,0,0,31416,0,0,1,2064,0,0,0,0,0,0,5375,20750,1,50,2,2560,1440,5120,2880,2500,2,2,0,3646,0,1,3694,3694,11528416,0
2702,52707211500,19745125,0,0,1,5120,2880,2392,128,-2649,21144,0,0,0,0,0,-1,52,5161084,170706,3,176,0,0,5,175952,0,2,181818,7,10,19,139626,0,159834,49667,0,35,6892,8128083,1,0,0,0,0,0,0,15583,0,0,1,2064,0,0,0,0,0,0,2792,10333,1,50,2,2560,1440,5120,2880,2500,2,2,0,3647,0,1,3695,3695,9691249,0
2703,52734798500,27587000,0,0,1,5120,2880,2392,128,-2649,22705,0,0,0,0,0,-1,61,222544,167084,3,176,0,0,5,175952,0,2,181818,7,11,16,1667,0,167582,32959,0,43,7122,20007333,1,0,0,0,0,0,0,16750,0,0,1,2064,0,0,0,0,0,0,3750,9333,1,50,2,2560,1440,5120,2880,2500,2,2,0,3648,0,1,3696,3696,9486625,0
2704,52753186584,18388084,0,0,1,5120,2880,2392,128,-2649,21152,0,0,0,0,0,-1,52,144125,161834,3,176,0,0,5,175952,0,2,181818,7,10,14,146830,0,163250,42417,0,35,6892,10918875,1,0,0,0,0,0,0,29917,0,0,1,2064,0,0,0,0,0,0,4875,19417,1,50,2,2560,1440,5120,2880,2500,2,2,0,3649,0,1,3697,3697,11689833,0
2705,52773797709,20611125,0,0,1,5120,2880,2392,128,-2649,22498,0,0,0,0,0,-1,61,3707290,199292,3,176,0,0,5,175728,0,2,181818,7,11,20,155207,0,199166,2755167,0,42,7089,7533709,1,0,0,0,0,0,0,31500,0,0,1,2064,0,0,0,0,0,0,5125,20084,1,50,2,2560,1440,5120,2880,2500,2,2,0,3650,0,1,3698,3698,11689833,0
2706,52793513375,19715666,0,0,1,5120,2880,2392,128,-2649,21144,0,0,0,0,0,-1,52,9234128,128704,3,176,0,0,5,175616,0,2,181818,7,10,19,140291,0,140750,50332,0,35,6892,4961708,1,0,0,0,0,0,0,15709,0,0,1,2064,0,0,0,0,0,0,2916,10459,1,50,2,2560,1440,5120,2880,2500,2,2,0,3651,0,1,3699,3699,9702625,0
2707,52818782417,25269042,0,0,1,5120,2880,2392,128,-2649,21154,0,0,0,0,0,-1,51,115916,151499,3,176,0,0,5,175616,0,2,181818,7,10,15,1418,0,181585,34000,0,35,6892,19067542,1,0,0,0,0,0,0,30792,0,0,1,2064,0,0,0,0,0,0,5667,19416,1,50,2,2560,1440,5120,2880,2500,2,2,0,3652,0,1,3700,3700,9545041,0
2708,52837503792,18721375,0,0,1,5120,2880,2392,128,-2649,22671,0,0,0,0,0,-1,62,880998,180957,3,176,0,0,5,176848,0,2,181818,7,11,15,143086,0,192627,56125,0,43,7116,9303375,1,0,0,0,0,0,0,29708,0,0,1,2064,0,0,0,0,0,0,5916,19375,1,50,2,2560,1440,5120,2880,2500,2,2,0,3653,0,1,3701,3701,9545041,0
2709,52857463500,19959708,0,0,1,5120,2880,2392,128,-2649,22068,0,0,0,0,0,-1,52,4483627,172331,3,176,0,0,5,178528,0,2,181818,7,10,19,150587,0,155915,51751,0,35,7200,8102417,1,0,0,0,0,0,0,46208,0,0,1,2064,0,0,0,0,0,0,9916,25584,1,50,2,2560,1440,5120,2880,2500,2,2,0,3654,0,1,3702,3702,11668458,0
2710,52884793000,27329500,0,0,1,5120,2880,2392,128,-2648,23287,0,0,0,0,0,-1,60,169038,158537,3,176,0,0,5,180432,0,2,181818,7,11,16,1416,0,169166,37541,0,42,7372,19905166,1,0,0,0,0,0,0,12708,0,0,1,2064,0,0,0,0,0,0,2625,8000,1,50,2,2560,1440,5120,2880,2500,2,2,0,3655,0,1,3703,3703,11500374,0
2711,52907861209,23068209,0,0,1,5120,2880,2392,128,-2648,22068,0,0,1,4,0,-1,52,163752,156291,3,176,0,0,5,183232,0,2,181818,7,10,12,57293,0,173206,48707,0,35,7200,11329541,1,0,0,0,0,0,0,31042,0,0,1,2064,0,0,0,0,0,0,6333,20041,1,50,2,2560,1440,5120,2880,2500,2,2,0,3656,0,1,3704,3704,9649375,0
2712,52924902125,17040916,0,0,1,5120,2880,2392,128,-2648,23888,0,0,0,0,0,-1,63,3096337,230836,19,40004,0,0,5,185584,0,2,181818,7,11,16,146377,0,2590913,56626,0,43,7479,2330292,1,0,0,0,0,0,0,31542,0,0,1,2064,0,0,0,0,0,0,4542,13625,1,50,2,2560,1440,5120,2880,2500,2,2,0,3657,0,1,3705,3705,9649375,0
2713,52951240000,26337875,0,0,1,5120,2880,2392,128,-2648,22078,0,0,0,0,0,-1,51,475377,141878,3,176,0,0,5,186592,0,2,181818,7,10,15,1918,0,131167,31665,0,35,7200,20932750,1,0,0,0,0,0,0,16750,0,0,1,2064,0,0,0,0,0,0,3583,9958,1,50,2,2560,1440,5120,2880,2500,2,2,0,3658,0,1,3706,3706,9651000,0
2714,52971493500,20253500,0,0,1,5120,2880,2392,128,-2648,23937,0,0,0,0,0,-1,61,127256,185579,3,176,0,0,5,188160,0,2,181818,7,11,13,57792,0,200459,44251,0,42,7592,10376583,1,0,0,0,0,0,0,28666,0,0,1,2064,0,0,0,0,0,0,7583,14792,1,50,2,2560,1440,5120,2880,2500,2,2,0,3659,0,1,3707,3707,11896875,0
2715,52991516834,20023334,0,0,1,5120,2880,2392,128,-2648,22736,0,0,0,0,0,-1,52,4313621,191290,3,176,0,0,5,188160,0,2,181818,7,10,15,134332,0,151042,60583,0,35,7420,7517125,1,0,0,0,0,0,0,18209,0,0,1,2064,0,0,0,0,0,0,4375,9625,1,50,2,2560,1440,5120,2880,2500,2,2,0,3660,0,1,3708,3708,11896875,0
2716,53018175250,26658416,0,0,1,5120,2880,2392,128,-2648,22738,0,0,0,0,0,-1,51,104373,118086,3,176,0,0,5,188160,0,2,181818,7,10,15,1500,0,129666,30291,0,35,7420,21478250,1,0,0,0,0,0,0,14291,0,0,1,2064,0,0,0,0,0,0,3167,8250,1,50,2,2560,1440,5120,2880,2500,2,2,0,3661,0,1,3709,3709,11887333,0
2717,53037928209,19752959,0,0,1,5120,2880,2392,128,-2647,24287,0,0,0,0,0,-1,62,336668,206673,3,176,0,0,5,187824,0,2,181818,7,11,15,139834,0,205208,65625,0,43,7650,10089958,1,0,0,0,0,0,0,44459,0,0,1,2064,0,0,0,0,0,0,13042,21500,1,50,2,2560,1440,5120,2880,2500,2,2,0,3662,0,1,3710,3710,10179375,0
2718,53058363167,20434958,0,0,1,5120,2880,2392,128,-2647,22728,0,0,0,0,0,-1,52,4956127,171539,3,176,0,0,5,187712,0,2,181818,7,10,19,127915,0,167833,54333,0,35,7420,7415958,1,0,0,0,0,0,0,17125,0,0,1,2064,0,0,0,0,0,0,5000,8791,1,50,2,2560,1440,5120,2880,2500,2,2,0,3663,0,1,3711,3711,10179375,0
2719,53085136792,26773625,0,0,1,5120,2880,2392,128,-2647,24058,0,0,0,0,0,-1,61,121043,156625,4,248,0,0,5,186704,0,2,181818,7,11,16,2041,0,160207,30333,0,42,7612,18961958,1,0,0,0,0,0,0,13500,0,0,1,2064,0,0,0,0,0,0,3125,7792,1,50,2,2560,1440,5120,2880,2500,2,2,0,3664,0,1,3712,3712,9920624,0
2720,53110096167,24959375,0,0,1,5120,2880,2392,128,-2647,22722,0,0,1,9,0,-1,51,112874,146417,20,40580,0,0,5,185556,0,2,181818,7,10,10,1292,0,165330,31541,0,34,7419,11044833,1,0,0,0,0,0,0,24917,0,0,1,2064,0,0,0,0,0,0,3458,10167,1,50,2,2560,1440,5120,2880,2500,2,2,0,3665,0,1,3713,3713,11890124,0
2721,53129243584,19147417,0,0,1,5120,2880,2392,129,-2647,24268,0,0,0,0,0,-1,61,10004922,163168,3,176,0,0,5,182868,0,2,181818,7,11,15,140873,0,149793,8725500,0,42,7648,1141583,1,0,0,0,0,0,0,14916,0,0,1,2064,0,0,0,0,0,0,3334,8666,1,50,2,2560,1440,5120,2880,2500,2,2,0,3666,0,1,3714,3714,11890124,0
2722,53153138792,23895208,0,0,1,5120,2880,2392,129,-2647,22724,0,0,0,0,0,-1,51,466753,169127,3,176,0,0,5,176708,0,2,181818,7,10,17,55543,0,146376,40709,0,34,7419,16537292,1,0,0,0,0,0,0,31500,0,0,1,2064,0,0,0,0,0,0,7292,16958,1,50,2,2560,1440,5120,2880,2500,2,2,0,3667,0,1,3715,3715,11686583,0
2723,53172722667,19583875,0,0,1,5120,2880,2392,129,-2647,22800,0,0,0,0,0,-1,60,1429794,194084,3,176,0,0,5,173460,0,2,181818,7,11,16,141626,0,177042,523708,0,41,7214,8407750,1,0,0,0,0,0,0,45083,0,0,1,2064,0,0,0,0,0,0,12875,22917,1,50,2,2560,1440,5120,2880,2500,2,2,0,3668,0,1,3716,3716,11686583,0
2724,53192926334,20203667,0,0,1,5120,2880,2392,129,-2647,21484,0,0,1,0,0,-1,51,6723375,183749,3,176,0,0,5,172564,0,2,181818,7,10,19,141417,0,152125,5952500,0,34,7009,5607958,1,0,0,0,0,0,0,21875,0,0,1,2064,0,0,0,0,0,0,6000,11875,1,50,2,2560,1440,5120,2880,2500,2,2,0,3669,0,1,3717,3717,12075791,0
2725,53218224834,25298500,0,0,1,5120,2880,2392,129,-2647,21332,0,0,0,0,0,-1,50,104082,126125,3,176,0,0,5,166432,0,2,181818,7,10,15,1125,0,126833,33292,0,34,6955,19701417,1,0,0,0,0,0,0,14917,0,0,1,2064,0,0,0,0,0,0,2917,8750,1,50,2,2560,1440,5120,2880,2500,2,2,0,3670,0,1,3718,3718,11545374,0
2726,53237264084,19039250,0,0,1,5120,2880,2392,129,-2646,22933,0,0,0,0,0,-1,60,486836,166954,3,176,0,0,5,191716,0,2,181818,7,11,15,142876,0,161917,51207,0,41,7197,9867167,1,0,0,0,0,0,0,36625,0,0,1,2064,0,0,0,0,0,0,7167,21416,1,50,2,2560,1440,5120,2880,2500,2,2,0,3671,0,1,3719,3719,11772249,0
2727,53258039750,20775666,0,0,1,5120,2880,2392,129,-2646,21614,0,0,0,0,0,-1,50,4883709,175874,3,176,0,0,5,210364,0,2,181818,7,10,19,139251,0,140791,49584,0,33,7058,8595125,1,0,0,0,0,0,0,13167,0,0,1,2064,0,0,0,0,0,0,2500,8417,1,50,2,2560,1440,5120,2880,2500,2,2,0,3672,0,1,3720,3720,11772249,0
2728,53284971250,26931500,0,0,1,5120,2880,2392,129,-2646,23597,0,0,0,0,0,-1,58,114958,149127,3,176,0,0,5,216636,0,2,181818,7,11,16,1960,0,137292,31085,0,40,7478,19549459,1,0,0,0,0,0,0,15375,0,0,1,2064,0,0,0,0,0,0,3833,8917,1,50,2,2560,1440,5120,2880,2500,2,2,0,3673,0,1,3721,3721,11943624,0
2729,53304975709,20004459,0,0,1,5120,2880,2392,129,-2646,21985,0,0,0,0,0,-1,56,1562833,152710,6,3080,0,0,5,264796,0,2,181818,7,10,14,152461,0,161710,38375,0,38,7148,11127292,1,0,0,0,0,0,0,32458,0,0,1,2064,0,0,0,0,0,0,6541,19417,1,50,2,2560,1440,5120,2880,2500,2,2,0,3674,0,1,3722,3722,11943624,0
2730,53327889875,22914166,0,0,1,5120,2880,2392,129,-2646,23193,0,0,0,0,0,-1,65,9721710,161248,3,176,0,0,5,266596,0,2,181818,7,11,20,144212,0,151958,290250,0,46,7248,5313334,1,0,0,0,0,0,0,15709,0,0,1,2064,0,0,0,0,0,0,3709,9125,1,50,2,2560,1440,5120,2880,2500,2,2,0,3675,0,1,3723,3723,9975708,0
2731,53352875834,24985959,0,0,1,5120,2880,2392,129,-2646,21396,0,0,0,0,0,-1,58,118791,135453,3,176,0,0,5,280528,0,2,181818,7,10,17,57917,0,142002,44040,0,41,6936,18001792,1,0,0,0,0,0,0,35042,0,0,1,2064,0,0,0,0,0,0,7708,20542,1,50,2,2560,1440,5120,2880,2500,2,2,0,3676,0,1,3724,3724,12245624,0
2732,53373538750,20662916,0,0,1,5120,2880,2392,129,-2646,22023,0,0,0,0,0,-1,69,2532743,199665,3,176,0,0,5,300724,0,2,181818,7,11,16,87583,0,215125,65208,0,50,6886,8603292,1,0,0,0,0,0,0,21500,0,0,1,2064,0,0,0,0,0,0,3375,12875,1,50,2,2560,1440,5120,2880,2500,2,2,0,3677,0,1,3725,3725,12402416,0
2733,53394730250,21191500,0,0,1,5120,2880,2392,129,-2646,20704,0,0,0,0,0,-1,60,9843165,153956,3,176,0,0,5,300724,0,2,181818,7,10,15,142122,0,135625,453375,0,43,6694,5924375,1,0,0,0,0,0,0,18833,0,0,1,2064,0,0,0,0,0,0,3875,10375,1,50,2,2560,1440,5120,2880,2500,2,2,0,3678,0,1,3726,3726,12402416,0
2734,53419497625,24767375,0,0,1,5120,2880,2392,129,-2646,20706,0,0,0,0,0,-1,60,124460,164003,3,176,0,0,5,300724,0,2,181818,7,10,17,67914,0,164458,43542,0,43,6694,18117875,1,0,0,0,0,0,0,15541,0,0,1,2064,0,0,0,0,0,0,3333,10084,1,50,2,2560,1440,5120,2880,2500,2,2,0,3679,0,1,3727,3727,12425375,0
2735,53439960500,20462875,0,0,1,5120,2880,2393,128,-2646,22235,0,0,0,0,0,-1,70,2498620,190751,3,176,0,0,5,300256,0,2,181818,7,11,16,87834,0,177042,55333,0,51,6920,8879916,1,0,0,0,0,0,0,25917,0,0,1,2064,0,0,0,0,0,0,3417,19125,1,50,2,2560,1440,5120,2880,2500,2,2,0,3680,0,1,3728,3728,9920499,0
2736,53460952375,20991875,0,0,1,5120,2880,2393,128,-2646,20704,0,0,0,0,0,-1,60,8948461,152702,3,176,0,0,5,300472,0,2,181818,7,10,15,144626,0,153875,462750,0,43,6694,5746791,1,0,0,0,0,0,0,20625,0,0,1,2064,0,0,0,0,0,0,4500,12041,1,50,2,2560,1440,5120,2880,2500,2,2,0,3681,0,1,3729,3729,9920499,0
2737,53486695792,25743417,0,0,1,5120,2880,2393,128,-2646,21926,0,0,0,0,0,-1,70,380874,215583,14,33872,0,0,5,300724,0,2,181818,7,11,18,61791,0,201250,48417,0,50,6866,16984417,1,0,0,0,0,0,0,32208,0,0,1,2064,0,0,0,0,0,0,6500,17542,1,50,2,2560,1440,5120,2880,2500,2,2,0,3682,0,1,3730,3730,12339749,0
2738,53506627459,19931667,0,0,1,5120,2880,2393,128,-2646,20704,0,0,0,0,0,-1,60,2264753,178876,3,176,0,0,5,300832,0,2,181818,7,10,15,148125,0,158624,467833,0,43,6694,9378667,1,0,0,0,0,0,0,31333,0,0,1,2064,0,0,0,0,0,0,6875,18042,1,50,2,2560,1440,5120,2880,2500,2,2,0,3683,0,1,3731,3731,12339749,0
2739,53528325042,21697583,0,0,1,5120,2880,2393,128,-2646,22408,0,0,0,0,0,-1,71,9218291,209956,3,176,0,0,5,307852,0,2,181818,7,11,18,55333,0,189501,57791,0,52,6951,4372292,1,0,0,0,0,0,0,22958,0,0,1,2064,0,0,0,0,0,0,3375,16167,1,50,2,2560,1440,5120,2880,2500,2,2,0,3684,0,1,3732,3732,12342750,0
2740,53553038084,24713042,0,0,1,5120,2880,2393,128,-2646,20717,0,0,0,0,0,-1,61,122332,166210,3,176,0,0,5,307960,0,2,181818,7,10,13,59790,0,166208,43875,0,44,6695,18022417,1,0,0,0,0,0,0,24167,0,0,1,2064,0,0,0,0,0,0,11584,9542,1,50,2,2560,1440,5120,2880,2500,2,2,0,3685,0,1,3733,3733,9776583,0
2741,53573420792,20382708,0,0,1,5120,2880,2393,128,-2646,21934,0,0,0,0,0,-1,70,2363334,211876,3,176,0,0,5,308428,0,2,181818,7,11,16,109831,0,190000,57917,0,51,6867,8537667,1,0,0,0,0,0,0,23625,0,0,1,2064,0,0,0,0,0,0,3541,16542,1,50,2,2560,1440,5120,2880,2500,2,2,0,3686,0,1,3734,3734,12562333,0
2742,53594598750,21177958,0,0,1,5120,2880,2393,128,-2646,20725,0,0,0,0,0,-1,61,8670377,174877,3,176,0,0,5,308428,0,2,181818,7,10,15,132168,0,169957,7682166,0,44,6695,5575875,1,0,0,0,0,0,0,20500,0,0,1,2064,0,0,0,0,0,0,4291,13000,1,50,2,2560,1440,5120,2880,2500,2,2,0,3687,0,1,3735,3735,12562333,0
2743,53619376042,24777292,0,0,1,5120,2880,2393,128,-2646,20727,0,0,0,0,0,-1,61,583078,179918,3,176,0,0,5,308428,0,2,181818,7,10,17,67504,0,160209,49792,0,44,6695,17832167,1,0,0,0,0,0,0,36208,0,0,1,2064,0,0,0,0,0,0,7042,21708,1,50,2,2560,1440,5120,2880,2500,2,2,0,3688,0,1,3736,3736,12511999,0
2744,53639889500,20513458,0,0,1,5120,2880,2393,128,-2646,22119,0,0,0,0,0,-1,71,2143003,233996,3,176,0,0,5,308860,0,2,181818,7,11,14,54041,0,197457,58125,0,52,6880,8760875,1,0,0,0,0,0,0,42458,0,0,1,2064,0,0,0,0,0,0,7541,26334,1,50,2,2560,1440,5120,2880,2500,2,2,0,3689,0,1,3737,3737,12584833,0
2745,53661080959,21191459,0,0,1,5120,2880,2393,128,-2646,20460,0,0,0,0,0,-1,62,9411620,145583,3,176,0,0,5,310120,0,2,181818,7,10,15,134043,0,136458,49041,0,45,6603,6158417,1,0,0,0,0,0,0,16667,0,0,1,2064,0,0,0,0,0,0,3208,10250,1,50,2,2560,1440,5120,2880,2500,2,2,0,3690,0,1,3738,3738,12584833,0
2746,53685935625,24854666,0,0,1,5120,2880,2393,128,-2646,21781,0,0,0,0,0,-1,71,555791,174880,3,176,0,0,5,309904,0,2,181818,7,11,18,57667,0,151416,49292,0,52,6795,16709458,1,0,0,0,0,0,0,31708,0,0,1,2064,0,0,0,0,0,0,4417,20958,1,50,2,2560,1440,5120,2880,2500,2,2,0,3691,0,1,3739,3739,12458291,0
2747,53706417125,20481500,0,0,1,5120,2880,2393,128,-2646,19210,0,0,0,0,0,-1,66,2623539,164250,3,176,0,0,5,388240,0,2,181818,7,10,15,122837,0,159709,50001,0,49,6169,10165833,1,0,0,0,0,0,0,45583,0,0,1,2064,0,0,0,0,0,0,8625,27708,1,50,2,2560,1440,5120,2880,2500,2,2,0,3692,0,1,3740,3740,12573374,0
2748,53727555042,21137917,0,0,1,5120,2880,2393,128,-2646,20980,0,0,0,0,0,-1,76,7747292,213423,3,176,0,0,5,394036,0,2,181818,7,11,16,49499,0,167042,35125,0,57,6452,4684583,1,0,0,0,0,0,0,12000,0,0,1,2064,0,0,0,0,0,0,2584,7792,1,50,2,2560,1440,5120,2880,2500,2,2,0,3693,0,1,3741,3741,9934833,0
2749,53752107250,24552208,0,0,1,5120,2880,2393,128,-2646,19273,0,0,0,0,0,-1,65,128501,156207,3,176,0,0,5,394036,0,2,181818,7,10,11,1669,0,148834,29249,0,49,6194,18600833,1,0,0,0,0,0,0,34708,0,0,1,2064,0,0,0,0,0,0,6583,20750,1,50,2,2560,1440,5120,2880,2500,2,2,0,3694,0,1,3742,3742,12400125,0
2750,53772556542,20449292,0,0,1,5120,2880,2393,128,-2646,20694,0,0,0,0,0,-1,75,1125955,218292,3,176,0,0,5,386296,0,2,181818,7,11,13,59291,0,206251,40666,0,56,6428,9411583,1,0,0,0,0,0,0,32667,0,0,1,2064,0,0,0,0,0,0,7083,18667,1,50,2,2560,1440,5120,2880,2500,2,2,0,3695,0,1,3743,3743,12891249,0
2751,53793530292,20973750,0,0,1,5120,2880,2393,128,-2646,19456,0,0,0,0,0,-1,66,7939792,166416,3,176,0,0,5,378520,0,2,181818,7,10,15,110585,0,152959,41000,0,49,6251,6749708,1,0,0,0,0,0,0,14750,0,0,1,2064,0,0,0,0,0,0,2709,9666,1,50,2,2560,1440,5120,2880,2500,2,2,0,3696,0,1,3744,3744,9928958,0
2752,53818750209,25219917,0,0,1,5120,2880,2393,128,-2646,19454,0,0,0,0,0,-1,65,150494,160795,3,176,0,0,5,378520,0,2,181818,7,10,13,1583,0,149499,37666,0,49,6251,19403500,1,0,0,0,0,0,0,14000,0,0,1,2064,0,0,0,0,0,0,3041,8042,1,50,2,2560,1440,5120,2880,2500,2,2,0,3697,0,1,3745,3745,12493499,0
2753,53839316625,20566416,0,0,1,5120,2880,2393,128,-2646,21071,0,0,0,0,0,-1,76,1345041,227255,3,176,0,0,5,378520,0,2,181818,7,11,13,55624,0,222249,42416,0,57,6495,9340500,1,0,0,0,0,0,0,38041,0,0,1,2064,0,0,0,0,0,0,6250,22458,1,50,2,2560,1440,5120,2880,2500,2,2,0,3698,0,1,3746,3746,12898416,0
2754,53860726959,21410334,0,0,1,5120,2880,2393,128,-2646,19456,0,0,0,0,0,-1,66,6453451,282416,3,176,0,0,5,378520,0,2,181818,7,10,15,129913,0,179334,66792,0,49,6251,6847334,1,0,0,0,0,0,0,21083,0,0,1,2064,0,0,0,0,0,0,4750,11541,1,50,2,2560,1440,5120,2880,2500,2,2,0,3699,0,1,3747,3747,10291958,0
2755,53887037667,26310708,0,0,1,5120,2880,2393,128,-2646,20663,0,0,0,0,0,-1,74,194965,317537,3,176,0,0,5,378052,0,2,181818,7,11,14,1291,0,156125,40459,0,56,6423,17019042,1,0,0,0,0,0,0,68958,0,0,1,2064,0,0,0,0,0,0,10084,45667,1,50,2,2560,1440,5120,2880,2500,2,2,0,3700,0,1,3748,3748,12984625,0
2756,53907536834,20499167,0,0,1,5120,2880,2393,128,-2646,19456,0,0,0,0,0,-1,66,1493833,234170,3,176,0,0,5,378052,0,2,181818,7,10,14,129917,0,178042,88248,0,49,6251,8517292,1,0,0,0,0,0,0,31250,0,0,1,2064,0,0,0,0,0,0,7625,16166,1,50,2,2560,1440,5120,2880,2500,2,2,0,3701,0,1,3749,3749,13310625,0
2757,53928734917,21198083,0,0,1,5120,2880,2393,128,-2646,21005,0,0,0,0,0,-1,76,8636034,222124,3,176,0,0,5,377728,0,2,181818,7,11,16,56335,0,182292,38585,0,57,6481,3361125,1,0,0,0,0,0,0,16000,0,0,1,2064,0,0,0,0,0,0,2500,11417,1,50,2,2560,1440,5120,2880,2500,2,2,0,3702,0,1,3750,3750,9955166,0
2758,53952927375,24192458,0,0,1,5120,2880,2393,128,-2646,19450,0,0,0,0,0,-1,66,131538,165373,3,176,0,0,5,377728,0,2,181818,7,10,13,55003,0,145792,45584,0,49,6251,17352084,1,0,0,0,0,0,0,35625,0,0,1,2064,0,0,0,0,0,0,7500,20708,1,50,2,2560,1440,5120,2880,2500,2,2,0,3703,0,1,3751,3751,12381416,0
2759,53973074542,20147167,0,0,1,5120,2880,2393,128,-2646,20769,0,0,0,0,0,-1,75,1752208,253587,3,176,0,0,5,377944,0,2,181818,7,11,14,59085,0,212375,64083,0,56,6443,8472958,1,0,0,0,0,0,0,55458,0,0,1,2064,0,0,0,0,0,0,7334,35416,1,50,2,2560,1440,5120,2880,2500,2,2,0,3704,0,1,3752,3752,12694208,0
2760,53994057292,20982750,0,0,1,5120,2880,2393,128,-2646,19621,0,0,0,0,0,-1,66,7825665,187041,3,176,0,0,5,377944,0,2,181818,7,10,15,109167,0,174166,53459,0,49,6306,6189875,1,0,0,0,0,0,0,17667,0,0,1,2064,0,0,0,0,0,0,4084,9583,1,50,2,2560,1440,5120,2880,2500,2,2,0,3705,0,1,3753,3753,9858583,0
2761,54019050000,24992708,0,0,1,5120,2880,2393,128,-2646,19619,0,0,0,0,0,-1,65,144208,179502,3,176,0,0,5,377836,0,2,181818,7,10,13,1627,0,176166,36209,0,49,6306,18726667,1,0,0,0,0,0,0,32917,0,0,1,2064,0,0,0,0,0,0,5500,22291,1,50,2,2560,1440,5120,2880,2500,2,2,0,3706,0,1,3754,3754,12468625,0
2762,54039148250,20098250,0,0,1,5120,2880,2393,128,-2646,21166,0,0,0,0,0,-1,76,2103959,209544,3,176,0,0,5,371896,0,2,181818,7,11,13,55085,0,201208,47084,0,57,6536,8972542,1,0,0,0,0,0,0,31333,0,0,1,2064,0,0,0,0,0,0,5916,18375,1,50,2,2560,1440,5120,2880,2500,2,2,0,3707,0,1,3755,3755,10031250,0
2763,54060230542,21082292,0,0,1,5120,2880,2393,128,-2646,20077,0,0,0,0,0,-1,66,6917834,198708,3,176,0,0,5,391696,0,2,181818,7,10,15,116044,0,152084,49417,0,49,6458,6951416,1,0,0,0,0,0,0,13667,0,0,1,2064,0,0,0,0,0,0,2375,8959,1,50,2,2560,1440,5120,2880,2500,2,2,0,3708,0,1,3756,3756,9935250,0
2764,54085934667,25704125,0,0,1,5120,2880,2393,128,-2646,21284,0,0,0,0,0,-1,74,146375,190373,3,176,0,0,5,391804,0,2,181818,7,11,14,1249,0,158167,34875,0,56,6630,17934750,1,0,0,0,0,0,0,20541,0,0,1,2064,0,0,0,0,0,0,4292,12375,1,50,2,2560,1440,5120,2880,2500,2,2,0,3709,0,1,3757,3757,12479875,0
2765,54105856375,19921708,0,0,1,5120,2880,2393,128,-2646,20104,0,0,0,0,0,-1,66,982331,229380,3,176,0,0,5,391912,0,2,181818,7,10,14,131125,0,196334,64249,0,49,6467,9745583,1,0,0,0,0,0,0,36000,0,0,1,2064,0,0,0,0,0,0,6917,21833,1,50,2,2560,1440,5120,2880,2500,2,2,0,3710,0,1,3758,3758,12567750,0
2766,54127108209,21251834,0,0,1,5120,2880,2393,128,-2646,21913,0,0,0,0,0,-1,76,7153915,206626,3,176,0,0,5,397204,0,2,181818,7,11,16,50538,0,219876,53250,0,57,6749,5296334,1,0,0,0,0,0,0,18209,0,0,1,2064,0,0,0,0,0,0,2167,13000,1,50,2,2560,1440,5120,2880,2500,2,2,0,3711,0,1,3759,3759,9988750,0
2767,54152503209,25395000,0,0,1,5120,2880,2393,128,-2646,20092,0,0,0,0,0,-1,65,136757,169833,3,176,0,0,5,397204,0,2,181818,7,10,11,1375,0,150417,37833,0,49,6467,19030833,1,0,0,0,0,0,0,47208,0,0,1,2064,0,0,0,0,0,0,9334,27333,1,50,2,2560,1440,5120,2880,2500,2,2,0,3712,0,1,3760,3760,12339250,0
2768,54172682459,20179250,0,0,1,5120,2880,2393,128,-2647,21583,0,0,0,0,0,-1,75,1254039,244707,3,176,0,0,5,403504,0,2,181818,7,11,13,57168,0,237876,49125,0,56,6731,8943917,1,0,0,0,0,0,0,30458,0,0,1,2064,0,0,0,0,0,0,5916,17667,1,50,2,2560,1440,5120,2880,2500,2,2,0,3713,0,1,3761,3761,12649583,0
2769,54193803792,21121333,0,0,1,5120,2880,2393,128,-2647,20854,0,0,0,0,0,-1,66,7061167,182088,3,176,0,0,5,403504,0,2,181818,7,10,15,111042,0,155291,53416,0,49,6717,6178500,1,0,0,0,0,0,0,19750,0,0,1,2064,0,0,0,0,0,0,4583,11000,1,50,2,2560,1440,5120,2880,2500,2,2,0,3714,0,1,3762,3762,10018041,0
2770,54219350167,25546375,0,0,1,5120,2880,2393,128,-2647,20852,0,0,0,0,0,-1,65,136292,181047,3,176,0,0,5,403612,0,2,181818,7,10,13,1667,0,169792,43249,0,49,6717,19029583,1,0,0,0,0,0,0,25583,0,0,1,2064,0,0,0,0,0,0,3542,15791,1,50,2,2560,1440,5120,2880,2500,2,2,0,3715,0,1,3763,3763,12754291,0
2771,54239776167,20426000,0,0,1,5120,2880,2393,128,-2647,22369,0,0,0,0,0,-1,76,2233540,212001,3,176,0,0,5,403612,0,2,181818,7,11,13,53543,0,210167,42333,0,57,6941,8296833,1,0,0,0,0,0,0,38375,0,0,1,2064,0,0,0,0,0,0,3917,25958,1,50,2,2560,1440,5120,2880,2500,2,2,0,3716,0,1,3764,3764,10101374,0
2772,54261067542,21291375,0,0,1,5120,2880,2393,128,-2647,20854,0,0,0,0,0,-1,66,8617372,188708,3,176,0,0,5,419128,0,2,181818,7,10,15,113625,0,167793,54542,0,49,6717,5897875,1,0,0,0,0,0,0,16000,0,0,1,2064,0,0,0,0,0,0,4167,8958,1,50,2,2560,1440,5120,2880,2500,2,2,0,3717,0,1,3765,3765,9939458,0
2773,54286186584,25119042,0,0,1,5120,2880,2393,128,-2647,22206,0,0,0,0,0,-1,74,159665,198497,3,176,0,0,5,403396,0,2,181818,7,11,14,1833,0,193499,36208,0,56,6914,16800125,1,0,0,0,0,0,0,36042,0,0,1,2064,0,0,0,0,0,0,7667,23833,1,50,2,2560,1440,5120,2880,2500,2,2,0,3718,0,1,3766,3766,12347875,0
2774,54306469417,20282833,0,0,1,5120,2880,2393,128,-2647,21190,0,0,0,0,0,-1,66,1389791,196084,3,176,0,0,5,403252,0,2,181818,7,10,14,117960,0,166583,54041,0,49,6829,9963250,1,0,0,0,0,0,0,17875,0,0,1,2064,0,0,0,0,0,0,4250,10083,1,50,2,2560,1440,5120,2880,2500,2,2,0,3719,0,1,3767,3767,12705500,0
2775,54327938292,21468875,0,0,1,5120,2880,2393,129,-2647,22395,0,0,0,0,0,-1,76,7680205,216045,3,176,0,0,5,412756,0,2,181818,7,11,16,52996,0,242583,43666,0,57,6945,4654292,1,0,0,0,0,0,0,13916,0,0,1,2064,0,0,0,0,0,0,2541,8709,1,50,2,2560,1440,5120,2880,2500,2,2,0,3720,0,1,3768,3768,9915999,0
2776,54353102250,25163958,0,0,1,5120,2880,2393,129,-2647,20422,0,0,0,0,0,-1,65,124627,170494,3,176,0,0,5,407464,0,2,181818,7,10,11,1333,0,151460,35833,0,49,6577,18190667,1,0,0,0,0,0,0,21458,0,0,1,2064,0,0,0,0,0,0,3666,15292,1,50,2,2560,1440,5120,2880,2500,2,2,0,3721,0,1,3769,3769,12324458,0
2777,54373766625,20664375,0,0,1,5120,2880,2393,129,-2647,21542,0,0,0,0,0,-1,74,1838418,227002,3,176,0,0,5,387808,0,2,181818,7,11,13,61959,0,257375,50708,0,55,6721,8179000,1,0,0,0,0,0,0,32708,0,0,1,2064,0,0,0,0,0,0,6209,19208,1,50,2,2560,1440,5120,2880,2500,2,2,0,3722,0,1,3770,3770,10339458,0
2778,54395162834,21396209,0,0,1,5120,2880,2393,129,-2647,20746,0,0,0,0,0,-1,64,9055621,176954,3,176,0,0,5,358216,0,2,181818,7,10,15,152874,0,158499,49917,0,47,6688,5488709,1,0,0,0,0,0,0,18209,0,0,1,2064,0,0,0,0,0,0,4666,10208,1,50,2,2560,1440,5120,2880,2500,2,2,0,3723,0,1,3771,3771,9999375,0
2779,54420089167,24926333,0,0,1,5120,2880,2393,129,-2647,20727,0,0,0,0,0,-1,59,121752,173660,3,176,0,0,5,295432,0,2,181818,7,10,17,65125,0,163209,57165,0,42,6707,17226209,1,0,0,0,0,0,0,31917,0,0,1,2064,0,0,0,0,0,0,6041,19875,1,50,2,2560,1440,5120,2880,2500,2,2,0,3724,0,1,3772,3772,12613833,0
2780,54440391500,20302333,0,0,1,5120,2880,2393,129,-2647,20995,0,0,0,0,0,-1,68,2829876,183630,3,176,0,0,5,282436,0,2,181818,7,11,16,82377,0,176250,57417,0,49,6506,7930292,1,0,0,0,0,0,0,19417,0,0,1,2064,0,0,0,0,0,0,3125,11666,1,50,2,2560,1440,5120,2880,2500,2,2,0,3725,0,1,3773,3773,10134833,0
2781,54460000417,19608917,0,0,1,5120,2880,2393,129,-2647,18808,0,0,0,0,0,-1,55,7986751,168416,3,176,0,0,5,262924,0,2,181818,7,10,15,143833,0,159582,52375,0,38,6090,5645458,1,0,0,0,0,0,0,13500,0,0,1,2064,0,0,0,0,0,0,2959,8292,1,50,2,2560,1440,5120,2880,2500,2,2,0,3726,0,1,3774,3774,10134833,0
2782,54485546625,25546208,0,0,1,5120,2880,2393,129,-2647,19071,0,0,0,0,0,-1,63,532372,172503,3,176,0,0,5,262780,0,2,181818,7,11,16,1709,0,166749,33040,0,45,5946,17439042,1,0,0,0,0,0,0,18834,0,0,1,2064,0,0,0,0,0,0,4250,10375,1,50,2,2560,1440,5120,2880,2500,2,2,0,3727,0,1,3775,3775,11931750,0
2783,54503343542,17796917,0,0,1,5120,2880,2393,129,-2647,14484,0,0,0,0,0,-1,53,160835,166623,3,176,0,0,5,247156,0,2,181818,7,10,14,147667,0,166417,49876,0,36,4663,10617917,1,0,0,0,0,0,0,29250,0,0,1,2064,0,0,0,0,0,0,5875,17125,1,50,2,2560,1440,5120,2880,2500,2,2,0,3728,0,1,3776,3776,12199916,0
2784,54521838000,18494458,0,0,1,5120,2880,2393,129,-2647,15170,0,0,0,0,0,-1,63,2791044,181005,3,176,0,0,5,246292,0,2,181818,7,11,20,143420,0,2132292,54458,0,44,4584,7521833,1,0,0,0,0,0,0,27417,0,0,1,2064,0,0,0,0,0,0,6250,16625,1,50,2,2560,1440,5120,2880,2500,2,2,0,3729,0,1,3777,3777,12199916,0
2785,54539258000,17420000,0,0,1,5120,2880,2393,129,-2647,12703,0,0,0,0,0,-1,52,4089706,144540,3,176,0,0,5,234920,0,2,181818,7,10,19,144414,0,146501,66582,0,35,4078,6796209,1,0,0,0,0,0,0,29292,0,0,1,2064,0,0,0,0,0,0,7209,17041,1,50,2,2560,1440,5120,2880,2500,2,2,0,3730,0,1,3778,3778,12357125,0
2786,54556764584,17506584,0,0,1,5120,2880,2393,129,-2647,11730,0,0,0,0,0,-1,54,4906330,151624,3,176,0,0,5,236768,0,2,181818,7,10,19,141085,0,156876,4238125,0,37,3742,6728833,1,0,0,0,0,0,0,39125,0,0,1,2064,0,0,0,0,0,0,7208,22584,1,50,2,2560,1440,5120,2880,2500,2,2,0,3731,0,1,3779,3779,11990166,0
2787,54574089292,17324708,0,0,1,5120,2880,2393,129,-2647,12347,0,0,0,0,0,-1,63,5932080,197622,3,176,0,0,5,213444,0,2,181818,7,11,20,144752,0,4692208,48916,0,44,3700,3815375,1,0,0,0,0,0,0,34459,0,0,1,2064,0,0,0,0,0,0,6459,21708,1,50,2,2560,1440,5120,2880,2500,2,2,0,3732,0,1,3780,3780,11954624,0
2788,54590361042,16271750,0,0,1,5120,2880,2393,129,-2647,10815,0,0,0,0,0,-1,53,5950626,151541,3,176,0,0,5,207172,0,2,181818,7,10,19,140917,0,172459,47085,0,36,3443,4761833,1,0,0,0,0,0,0,30750,0,0,1,2064,0,0,0,0,0,0,7250,17833,1,50,2,2560,1440,5120,2880,2500,2,2,0,3733,0,1,3781,3781,11646375,0
2789,54606638667,16277625,0,0,1,5120,2880,2393,129,-2647,10563,0,0,0,0,0,-1,52,4619331,157253,3,176,0,0,5,201572,0,2,181818,7,10,19,134669,0,161499,47873,0,35,3365,5501416,1,0,0,0,0,0,0,30833,0,0,1,2064,0,0,0,0,0,0,6625,18750,1,50,2,2560,1440,5120,2880,2500,2,2,0,3734,0,1,3782,3782,11532291,0
2790,54623308667,16670000,0,0,1,5120,2880,2393,128,-2647,11981,0,0,0,0,0,-1,62,4462376,191915,3,176,0,0,5,201572,0,2,181818,7,11,20,139751,0,170209,55750,0,43,3554,4116541,1,0,0,0,0,0,0,26084,0,0,1,2064,0,0,0,0,0,0,5000,16959,1,50,2,2560,1440,5120,2880,2500,2,2,0,3735,0,1,3783,3783,11446958,0
2791,54639084667,15776000,0,0,1,5120,2880,2393,128,-2647,10605,0,0,0,0,0,-1,53,4285753,169790,3,176,0,0,5,202188,0,2,181818,7,10,19,141416,0,147876,55292,0,36,3373,5732084,1,0,0,0,0,0,0,22209,0,0,1,2064,0,0,0,0,0,0,4792,13000,1,50,2,2560,1440,5120,2880,2500,2,2,0,3736,0,1,3784,3784,11362958,0
2792,54655301000,16216333,0,0,1,5120,2880,2393,128,-2647,11001,0,0,0,0,0,-1,53,3471707,151370,3,176,0,0,5,219996,0,2,181818,7,10,19,146836,0,161458,49250,0,36,3505,6965458,1,0,0,0,0,0,0,29125,0,0,1,2064,0,0,0,0,0,0,3167,18792,1,50,2,2560,1440,5120,2880,2500,2,2,0,3737,0,1,3785,3785,11392208,0
2793,54672278292,16977292,0,0,1,5120,2880,2393,128,-2647,12801,0,0,0,0,0,-1,62,3537165,188167,3,176,0,0,5,206416,0,2,181818,7,11,20,149334,0,198624,61459,0,43,3874,5387959,1,0,0,0,0,0,0,30666,0,0,1,2064,0,0,0,0,0,0,7459,19500,1,50,2,2560,1440,5120,2880,2500,2,2,0,3738,0,1,3786,3786,11473124,0
2794,54688435084,16156792,0,0,1,5120,2880,2393,128,-2647,11592,0,0,0,0,0,-1,53,4236292,140374,3,176,0,0,5,206416,0,2,181818,7,10,19,146750,0,159291,49665,0,36,3702,6734709,1,0,0,0,0,0,0,23167,0,0,1,2064,0,0,0,0,0,0,6334,12709,1,50,2,2560,1440,5120,2880,2500,2,2,0,3739,0,1,3787,3787,11435499,0
2795,54704733167,16298083,0,0,1,5120,2880,2393,128,-2647,11592,0,0,0,0,0,-1,53,3793336,155626,3,176,0,0,5,206416,0,2,181818,7,10,19,133791,0,153541,47582,0,36,3702,7906166,1,0,0,0,0,0,0,16125,0,0,1,2064,0,0,0,0,0,0,3500,8375,1,50,2,2560,1440,5120,2880,2500,2,2,0,3740,0,1,3788,3788,11300375,0
2796,54721708542,16975375,0,0,1,5120,2880,2393,128,-2647,13238,0,0,0,0,0,-1,63,3808630,193122,3,176,0,0,5,206416,0,2,181818,7,11,20,136706,0,2714667,48124,0,44,3951,6009500,1,0,0,0,0,0,0,28500,0,0,1,2064,0,0,0,0,0,0,5208,18084,1,50,2,2560,1440,5120,2880,2500,2,2,0,3741,0,1,3789,3789,11255333,0
2797,54737622500,15913958,0,0,1,5120,2880,2393,128,-2647,11592,0,0,0,0,0,-1,53,3502164,142878,3,176,0,0,5,206416,0,2,181818,7,10,19,149751,0,154542,47251,0,36,3702,7529833,1,0,0,0,0,0,0,28666,0,0,1,2064,0,0,0,0,0,0,5958,16708,1,50,2,2560,1440,5120,2880,2500,2,2,0,3742,0,1,3790,3790,11309833,0
2798,54753931417,16308917,0,0,1,5120,2880,2393,128,-2647,11603,0,0,0,0,0,-1,54,2928878,146372,14,28112,0,0,5,206416,0,2,181818,7,10,19,144460,0,188877,2259417,0,36,3702,8673333,1,0,0,0,0,0,0,24209,0,0,1,2064,0,0,0,0,0,0,4208,15958,1,50,2,2560,1440,5120,2880,2500,2,2,0,3743,0,1,3791,3791,11122291,0
2799,54770883084,16951667,0,0,1,5120,2880,2393,128,-2647,12836,0,0,0,0,0,-1,62,3045876,191464,3,176,0,0,5,200592,0,2,181818,7,11,20,147997,0,188999,51126,0,43,3879,6770167,1,0,0,0,0,0,0,40209,0,0,1,2064,0,0,0,0,0,0,6375,25167,1,50,2,2560,1440,5120,2880,2500,2,2,0,3744,0,1,3792,3792,11210500,0
2800,54786821250,15938166,0,0,1,5120,2880,2393,128,-2647,11592,0,0,0,0,0,-1,53,2763837,142669,3,176,0,0,5,200592,0,2,181818,7,10,19,149045,0,161458,55874,0,36,3702,8275917,1,0,0,0,0,0,0,29750,0,0,1,2064,0,0,0,0,0,0,4625,19500,1,50,2,2560,1440,5120,2880,2500,2,2,0,3745,0,1,3793,3793,11271499,0
2801,54803106250,16285000,0,0,1,5120,2880,2393,128,-2647,11592,0,0,0,0,0,-1,53,2147956,158916,3,176,0,0,5,200592,0,2,181818,7,10,19,159625,0,163543,50084,0,36,3702,9377833,1,0,0,0,0,0,0,23916,0,0,1,2064,0,0,0,0,0,0,4042,15375,1,50,2,2560,1440,5120,2880,2500,2,2,0,3746,0,1,3794,3794,11174874,0
2802,54820136917,17030667,0,0,1,5120,2880,2393,128,-2647,13118,0,0,0,0,0,-1,63,2356419,187334,3,176,0,0,5,200144,0,2,181818,7,11,20,138456,0,1181833,48500,0,44,3927,7672459,1,0,0,0,0,0,0,31458,0,0,1,2064,0,0,0,0,0,0,6083,18459,1,50,2,2560,1440,5120,2880,2500,2,2,0,3747,0,1,3795,3795,11195458,0
2803,54836111584,15974667,0,0,1,5120,2880,2393,128,-2647,11592,0,0,0,0,0,-1,53,2134958,148711,3,176,0,0,5,200144,0,2,181818,7,10,19,141082,0,164166,40207,0,36,3702,9083834,1,0,0,0,0,0,0,27584,0,0,1,2064,0,0,0,0,0,0,5166,16625,1,50,2,2560,1440,5120,2880,2500,2,2,0,3748,0,1,3796,3796,11291750,0
2804,54852378750,16267166,0,0,1,5120,2880,2393,128,-2647,11592,0,0,0,0,0,-1,53,1622788,137750,3,176,0,0,5,200144,0,2,181818,7,10,19,144709,0,156251,40792,0,36,3702,10286875,1,0,0,0,0,0,0,27000,0,0,1,2064,0,0,0,0,0,0,4791,17209,1,50,2,2560,1440,5120,2880,2500,2,2,0,3749,0,1,3797,3797,11150916,0
2805,54869409417,17030667,0,0,1,5120,2880,2393,128,-2647,12911,0,0,0,0,0,-1,62,1788416,176293,3,176,0,0,5,199696,0,2,181818,7,11,20,144498,0,180251,50748,0,43,3894,8487833,1,0,0,0,0,0,0,21791,0,0,1,2064,0,0,0,0,0,0,3250,14541,1,50,2,2560,1440,5120,2880,2500,2,2,0,3750,0,1,3798,3798,11222708,0
2806,54885427875,16018458,0,0,1,5120,2880,2393,128,-2647,12039,0,0,0,0,0,-1,53,654833,157457,3,176,0,0,5,197848,0,2,181818,7,10,19,143747,0,168167,50208,0,36,3851,9465333,1,0,0,0,0,0,0,24000,0,0,1,2064,0,0,0,0,0,0,4833,14292,1,50,2,2560,1440,5120,2880,2500,2,2,0,3751,0,1,3799,3799,11137624,0
2807,54902609459,17181584,0,0,1,5120,2880,2393,128,-2647,15414,0,0,0,0,0,-1,53,145544,145538,3,176,0,0,5,196616,0,2,181818,7,10,19,151375,0,159501,60792,0,36,4976,10684250,1,0,0,0,0,0,0,24250,0,0,1,2064,0,0,0,0,0,0,4000,16541,1,50,2,2560,1440,5120,2880,2500,2,2,0,3752,0,1,3800,3800,11245875,0
2808,54920475750,17866291,0,0,1,5120,2880,2392,128,-2647,21327,0,0,0,0,0,-1,63,155420,177583,3,176,0,0,5,203308,0,2,181818,7,11,20,119130,0,189167,56334,0,44,6640,8545666,1,0,0,0,0,0,0,32000,0,0,1,2064,0,0,0,0,0,0,6833,19208,1,50,2,2560,1440,5120,2880,2500,2,2,0,3753,0,1,3801,3801,11483375,0
2809,54939406667,18930917,0,0,1,5120,2880,2392,128,-2647,20870,0,0,0,0,0,-1,53,2421586,157583,3,176,0,0,5,227108,0,2,181818,7,10,17,137833,0,149709,52666,0,36,6795,8706375,1,0,0,0,0,0,0,31959,0,0,1,2064,0,0,0,0,0,0,6083,22458,1,50,2,2560,1440,5120,2880,2500,2,2,0,3754,0,1,3802,3802,11483375,0
2810,54959472417,20065750,0,0,1,5120,2880,2392,128,-2647,21023,0,0,0,0,0,-1,52,7710670,135167,3,176,0,0,5,196476,0,2,181818,7,10,19,140375,0,152626,39917,0,35,6852,6568375,1,0,0,0,0,0,0,13750,0,0,1,2064,0,0,0,0,0,0,2750,8958,1,50,2,2560,1440,5120,2880,2500,2,2,0,3755,0,1,3803,3803,11673500,0
2811,54985503459,26031042,0,0,1,5120,2880,2392,128,-2647,22267,0,0,0,0,0,-1,60,231667,158162,7,3476,0,0,5,191072,0,2,181818,7,11,16,4624,0,177625,34042,0,41,7037,18050125,1,0,0,0,0,0,0,14584,0,0,1,2064,0,0,0,0,0,0,3625,8209,1,50,2,2560,1440,5120,2880,2500,2,2,0,3756,0,1,3804,3804,11609750,0
2812,55003475959,17972500,0,0,1,5120,2880,2392,128,-2647,21076,0,0,0,0,0,-1,51,145376,150374,3,176,0,0,5,189056,0,2,181818,7,10,14,149711,0,175833,44916,0,34,6873,10649333,1,0,0,0,0,0,0,28625,0,0,1,2064,0,0,0,0,0,0,5916,18042,1,50,2,2560,1440,5120,2880,2500,2,2,0,3757,0,1,3805,3805,11662166,0
2813,55023452292,19976333,0,0,1,5120,2880,2392,128,-2647,22724,0,0,0,0,0,-1,61,3375831,197705,3,176,0,0,5,188272,0,2,181818,7,11,20,147875,0,183125,2379709,0,42,7124,7400541,1,0,0,0,0,0,0,37166,0,0,1,2064,0,0,0,0,0,0,5791,24750,1,50,2,2560,1440,5120,2880,2500,2,2,0,3758,0,1,3806,3806,11662166,0
2814,55042600917,19148625,0,0,1,5120,2880,2392,128,-2647,21077,0,0,0,0,0,-1,51,7948087,138956,3,176,0,0,5,187936,0,2,181818,7,10,19,147582,0,153999,6880041,0,34,6876,5478708,1,0,0,0,0,0,0,14917,0,0,1,2064,0,0,0,0,0,0,3042,9667,1,50,2,2560,1440,5120,2880,2500,2,2,0,3759,0,1,3807,3807,11582541,0
2815,55068035834,25434917,0,0,1,5120,2880,2392,128,-2647,21087,0,0,0,0,0,-1,50,110248,125832,3,176,0,0,5,187600,0,2,181818,7,10,15,1417,0,144083,34417,0,34,6876,20226584,1,0,0,0,0,0,0,13916,0,0,1,2064,0,0,0,0,0,0,2875,8875,1,50,2,2560,1440,5120,2880,2500,2,2,0,3760,0,1,3808,3808,11398249,0
2816,55086900959,18865125,0,0,1,5120,2880,2392,128,-2647,22251,0,0,0,0,0,-1,60,153127,166711,3,176,0,0,5,180124,0,2,181818,7,11,14,72331,0,171083,56831,0,41,7035,9688334,1,0,0,0,0,0,0,22292,0,0,1,2064,0,0,0,0,0,0,3958,14792,1,50,2,2560,1440,5120,2880,2500,2,2,0,3761,0,1,3809,3809,11577333,0
2817,55105681375,18780416,0,0,1,5120,2880,2392,128,-2647,21046,0,0,0,0,0,-1,51,1623749,183754,3,176,0,0,5,167188,0,2,181818,7,10,15,149751,0,180832,914583,0,34,6863,9376208,1,0,0,0,0,0,0,33667,0,0,1,2064,0,0,0,0,0,0,6875,21375,1,50,2,2560,1440,5120,2880,2500,2,2,0,3762,0,1,3810,3810,11577333,0
2818,55126089209,20407834,0,0,1,5120,2880,2392,128,-2647,22593,0,0,0,0,0,-1,61,6837206,198458,3,176,0,0,5,160272,0,2,181818,7,11,20,151249,0,184917,5970125,0,42,7095,5010667,1,0,0,0,0,0,0,13916,0,0,1,2064,0,0,0,0,0,0,3709,8250,1,50,2,2560,1440,5120,2880,2500,2,2,0,3763,0,1,3811,3811,11495750,0
2819,55151026084,24936875,0,0,1,5120,2880,2392,128,-2647,21036,0,0,0,0,0,-1,49,505044,121205,3,176,0,0,5,148064,0,2,181818,7,10,15,1123,0,147084,34585,0,33,6865,19588375,1,0,0,0,0,0,0,13333,0,0,1,2064,0,0,0,0,0,0,2834,8750,1,50,2,2560,1440,5120,2880,2500,2,2,0,3764,0,1,3812,3812,11263749,0
2820,55170174167,19148083,0,0,1,5120,2880,2392,128,-2647,22345,0,0,0,0,0,-1,59,123249,173457,3,176,0,0,5,139412,0,2,181818,7,11,13,56249,0,202458,45209,0,40,7057,10452500,1,0,0,0,0,0,0,23292,0,0,1,2064,0,0,0,0,0,0,4041,14917,1,50,2,2560,1440,5120,2880,2500,2,2,0,3765,0,1,3813,3813,11588499,0
2821,55188804917,18630750,0,0,1,5120,2880,2392,128,-2647,20983,0,0,0,0,0,-1,50,1912544,141129,3,176,0,0,5,139412,0,2,181818,7,10,15,141833,0,156376,55999,0,33,6848,9346458,1,0,0,0,0,0,0,20625,0,0,1,2064,0,0,0,0,0,0,4875,13167,1,50,2,2560,1440,5120,2880,2500,2,2,0,3766,0,1,3814,3814,11588499,0
2822,55208580625,19775708,0,0,1,5120,2880,2392,128,-2647,20975,0,0,0,0,0,-1,50,6893580,132666,3,176,0,0,5,139412,0,2,181818,7,10,19,141541,0,146124,51251,0,33,6848,7142458,1,0,0,0,0,0,0,14875,0,0,1,2064,0,0,0,0,0,0,3417,9458,1,50,2,2560,1440,5120,2880,2500,2,2,0,3767,0,1,3815,3815,11493958,0
2823,55234791875,26211250,0,0,1,5120,2880,2392,128,-2647,22506,0,0,0,0,0,-1,59,156712,164380,3,176,0,0,5,128940,0,2,181818,7,11,16,1586,0,171417,34707,0,41,7072,18755916,1,0,0,0,0,0,0,16083,0,0,1,2064,0,0,0,0,0,0,4041,8959,1,50,2,2560,1440,5120,2880,2500,2,2,0,3768,0,1,3816,3816,11355125,0
2824,55253775917,18984042,0,0,1,5120,2880,2392,128,-2647,20892,0,0,0,0,0,-1,50,151082,161914,3,176,0,0,5,129052,0,2,181818,7,10,14,87290,0,170083,66501,0,33,6818,11120209,1,0,0,0,0,0,0,33041,0,0,1,2064,0,0,0,0,0,0,6333,20625,1,50,2,2560,1440,5120,2880,2500,2,2,0,3769,0,1,3817,3817,9638124,0
2825,55272922000,19146083,0,0,1,5120,2880,2392,128,-2647,22108,0,0,0,0,0,-1,60,2414751,162917,3,176,0,0,5,143332,0,2,181818,7,11,16,145749,0,175877,472835,0,41,6979,7669250,1,0,0,0,0,0,0,20166,0,0,1,2064,0,0,0,0,0,0,3708,13375,1,50,2,2560,1440,5120,2880,2500,2,2,0,3770,0,1,3818,3818,9638124,0
2826,55292485084,19563084,0,0,1,5120,2880,2392,128,-2647,20718,0,0,0,0,0,-1,51,7409747,126788,3,176,0,0,5,157696,0,2,181818,7,10,19,137332,0,151832,6672250,0,34,6756,6083708,1,0,0,0,0,0,0,15292,0,0,1,2064,0,0,0,0,0,0,3833,9500,1,50,2,2560,1440,5120,2880,2500,2,2,0,3771,0,1,3819,3819,11556541,0
2827,55318115167,25630083,0,0,1,5120,2880,2392,128,-2647,20632,0,0,0,0,0,-1,51,112085,126957,3,176,0,0,5,165928,0,2,181818,7,10,15,1455,0,149333,32416,0,35,6718,20309666,1,0,0,0,0,0,0,12416,0,0,1,2064,0,0,0,0,0,0,2959,8041,1,50,2,2560,1440,5120,2880,2500,2,2,0,3772,0,1,3820,3820,11497375,0
2828,55337127000,19011833,0,0,1,5120,2880,2393,128,-2647,23139,0,0,0,0,0,-1,62,149496,163751,3,176,0,0,5,170100,0,2,181818,7,11,14,70872,0,168665,51166,0,43,7234,9934209,1,0,0,0,0,0,0,19958,0,0,1,2064,0,0,0,0,0,0,3500,13417,1,50,2,2560,1440,5120,2880,2500,2,2,0,3773,0,1,3821,3821,11662874,0
2829,55357080209,19953209,0,0,1,5120,2880,2393,128,-2647,21614,0,0,0,0,0,-1,52,2878624,159581,3,176,0,0,5,184632,0,2,181818,7,10,15,144873,0,159208,46332,0,35,7046,8986542,1,0,0,0,0,0,0,33459,0,0,1,2064,0,0,0,0,0,0,7125,19625,1,50,2,2560,1440,5120,2880,2500,2,2,0,3774,0,1,3822,3822,11662874,0
2830,55385544292,28464083,0,0,1,5120,2880,2392,128,-2646,23177,0,0,0,0,0,-1,63,293583,156581,16,28640,0,0,5,236740,0,2,181818,7,11,16,1500,0,179165,31125,0,44,7319,20235667,1,0,0,0,0,0,0,17834,0,0,1,2064,0,0,0,0,0,0,4208,10708,1,50,2,2560,1440,5120,2880,2500,2,2,0,3775,0,1,3823,3823,12173916,0
2831,55405229000,19684708,0,0,1,5120,2880,2392,128,-2646,17620,0,0,0,0,0,-1,55,1431418,142875,4,5624,0,0,5,255472,0,2,181818,7,10,14,139793,0,175376,47041,0,37,5702,10214834,1,0,0,0,0,0,0,36167,0,0,1,2064,0,0,0,0,0,0,7334,22416,1,50,2,2560,1440,5120,2880,2500,2,2,0,3776,0,1,3824,3824,12173916,0
2832,55425643334,20414334,0,0,1,5120,2880,2392,128,-2646,18137,0,0,0,0,0,-1,65,6214117,173165,4,2228,0,0,5,246976,0,2,181818,7,11,20,145666,0,4754456,306916,0,45,5594,5133500,1,0,0,0,0,0,0,20125,0,0,1,2064,0,0,0,0,0,0,2958,14083,1,50,2,2560,1440,5120,2880,2500,2,2,0,3777,0,1,3825,3825,12103083,0
2833,55451309042,25665708,0,0,1,5120,2880,2392,128,-2646,16250,0,0,0,0,0,-1,57,111290,140874,3,176,0,0,5,268756,0,2,181818,7,10,15,1164,0,140207,29918,0,41,5223,20450833,1,0,0,0,0,0,0,18125,0,0,1,2064,0,0,0,0,0,0,3916,11584,1,50,2,2560,1440,5120,2880,2500,2,2,0,3778,0,1,3826,3826,11802749,0
2834,55470116959,18807917,0,0,1,5120,2880,2392,128,-2646,17331,0,0,0,0,0,-1,68,149290,191995,3,176,0,0,5,278620,0,2,181818,7,11,13,53794,0,181959,39625,0,49,5333,10134750,1,0,0,0,0,0,0,24500,0,0,1,2064,0,0,0,0,0,0,5666,14917,1,50,2,2560,1440,5120,2880,2500,2,2,0,3779,0,1,3827,3827,10022291,0
2835,55487481167,17364208,0,0,1,5120,2880,2392,128,-2646,16341,0,0,0,0,0,-1,59,688251,167869,3,176,0,0,5,278152,0,2,181818,7,10,15,132082,0,154376,50833,0,42,5248,8965000,1,0,0,0,0,0,0,30542,0,0,1,2064,0,0,0,0,0,0,6042,18458,1,50,2,2560,1440,5120,2880,2500,2,2,0,3780,0,1,3828,3828,11966083,0
2836,55506071542,18590375,0,0,1,5120,2880,2392,128,-2646,16495,0,0,0,0,0,-1,59,2183293,164834,3,176,0,0,5,278152,0,2,181818,7,10,19,140166,0,150833,72084,0,42,5302,8611583,1,0,0,0,0,0,0,34209,0,0,1,2064,0,0,0,0,0,0,9042,18666,1,50,2,2560,1440,5120,2880,2500,2,2,0,3781,0,1,3829,3829,11966083,0
2837,55525030459,18958917,0,0,1,5120,2880,2392,129,-2646,17280,0,0,0,0,0,-1,69,4359585,209918,3,176,0,0,5,290788,0,2,181818,7,11,20,82333,0,195668,55751,0,50,5268,4672125,1,0,0,0,0,0,0,34833,0,0,1,2064,0,0,0,0,0,0,7458,19917,1,50,2,2560,1440,5120,2880,2500,2,2,0,3782,0,1,3830,3830,11956375,0
2838,55551202417,26171958,0,0,1,5120,2880,2392,129,-2646,14116,0,0,0,0,0,-1,59,118543,144838,3,176,0,0,5,297448,0,2,181818,7,10,11,750,0,141416,30625,0,43,4505,21105584,1,0,0,0,0,0,0,14333,0,0,1,2064,0,0,0,0,0,0,3333,8500,1,50,2,2560,1440,5120,2880,2500,2,2,0,3783,0,1,3831,3831,11631249,0
2839,55569419042,18216625,0,0,1,5120,2880,2392,129,-2645,14123,0,0,0,0,0,-1,71,142629,190996,3,176,0,0,5,328984,0,2,181818,7,11,13,56125,0,156166,55042,0,52,4264,10308292,1,0,0,0,0,0,0,29208,0,0,1,2064,0,0,0,0,0,0,4500,20042,1,50,2,2560,1440,5120,2880,2500,2,2,0,3784,0,1,3832,3832,11642333,0
2840,55585695625,16276583,0,0,1,5120,2880,2392,129,-2645,12416,0,0,0,0,0,-1,62,149457,167955,3,176,0,0,5,328984,0,2,181818,7,10,13,56544,0,167333,52167,0,45,3926,10088833,1,0,0,0,0,0,0,23167,0,0,1,2064,0,0,0,0,0,0,4291,15042,1,50,2,2560,1440,5120,2880,2500,2,2,0,3785,0,1,3833,3833,11579708,0
2841,55603510167,17814542,0,0,1,5120,2880,2392,129,-2645,12890,0,0,0,0,0,-1,62,174292,198874,3,176,0,0,5,328768,0,2,181818,7,10,13,66000,0,181166,48375,0,45,4084,10633709,1,0,0,0,0,0,0,27583,0,0,1,2064,0,0,0,0,0,0,5250,15583,1,50,2,2560,1440,5120,2880,2500,2,2,0,3786,0,1,3834,3834,9972250,0
2842,55619948834,16438667,0,0,1,5120,2880,2392,129,-2645,14511,0,0,0,0,0,-1,72,411961,209666,3,176,0,0,5,328984,0,2,181818,7,11,14,59126,0,180000,59707,0,53,4328,8134042,1,0,0,0,0,0,0,24458,0,0,1,2064,0,0,0,0,0,0,6084,13500,1,50,2,2560,1440,5120,2880,2500,2,2,0,3787,0,1,3835,3835,11813749,0
2843,55636822292,16873458,0,0,1,5120,2880,2392,129,-2645,12901,0,0,0,0,0,-1,63,562706,191581,6,2444,0,0,5,328984,0,2,181818,7,10,15,147416,0,178457,52208,0,45,4084,9673375,1,0,0,0,0,0,0,44833,0,0,1,2064,0,0,0,0,0,0,7584,30125,1,50,2,2560,1440,5120,2880,2500,2,2,0,3788,0,1,3836,3836,11656749,0
2844,55654059500,17237208,0,0,1,5120,2880,2392,129,-2645,12890,0,0,0,0,0,-1,62,2400210,183171,3,176,0,0,5,328984,0,2,181818,7,10,19,152583,0,145958,60168,0,45,4084,9088542,1,0,0,0,0,0,0,31584,0,0,1,2064,0,0,0,0,0,0,4458,19625,1,50,2,2560,1440,5120,2880,2500,2,2,0,3789,0,1,3837,3837,11656749,0
2845,55671660167,17600667,0,0,1,5120,2880,2392,129,-2645,14109,0,0,0,0,0,-1,71,2393458,236298,3,176,0,0,5,329344,0,2,181818,7,11,18,58334,0,201127,55708,0,52,4256,6899709,1,0,0,0,0,0,0,36291,0,0,1,2064,0,0,0,0,0,0,5959,18834,1,50,2,2560,1440,5120,2880,2500,2,2,0,3790,0,1,3838,3838,11736125,0
2846,55688729250,17069083,0,0,1,5120,2880,2392,129,-2645,12898,0,0,0,0,0,-1,62,2534256,183665,3,176,0,0,5,329344,0,2,181818,7,10,15,141208,0,159501,56541,0,45,4084,7932958,1,0,0,0,0,0,0,33708,0,0,1,2064,0,0,0,0,0,0,6584,18792,1,50,2,2560,1440,5120,2880,2500,2,2,0,3791,0,1,3839,3839,11736125,0
2847,55705684917,16955667,0,0,1,5120,2880,2392,129,-2645,12890,0,0,0,0,0,-1,62,3690418,177462,3,176,0,0,5,329344,0,2,181818,7,10,19,145789,0,153836,45166,0,45,4084,7334875,1,0,0,0,0,0,0,16542,0,0,1,2064,0,0,0,0,0,0,3333,9917,1,50,2,2560,1440,5120,2880,2500,2,2,0,3792,0,1,3840,3840,10040291,0
2848,55723242750,17557833,0,0,1,5120,2880,2391,129,-2645,14588,0,0,0,0,0,-1,72,4053877,212543,3,176,0,0,5,328984,0,2,181818,7,11,18,54710,0,184958,101376,0,53,4341,5405083,1,0,0,0,0,0,0,22209,0,0,1,2064,0,0,0,0,0,0,3833,14125,1,50,2,2560,1440,5120,2880,2500,2,2,0,3793,0,1,3841,3841,11654375,0
2849,55740277375,17034625,0,0,1,5120,2880,2391,129,-2645,12895,0,0,0,0,0,-1,62,4289918,182166,3,176,0,0,5,328984,0,2,181818,7,10,15,149418,0,153875,50957,0,45,4083,6489833,1,0,0,0,0,0,0,31000,0,0,1,2064,0,0,0,0,0,0,5417,19000,1,50,2,2560,1440,5120,2880,2500,2,2,0,3794,0,1,3842,3842,11654375,0
2850,55757953334,17675959,0,0,1,5120,2880,2391,129,-2645,12887,0,0,0,0,0,-1,62,3642587,273832,3,176,0,0,5,328876,0,2,181818,7,10,19,207414,0,183166,91376,0,45,4083,5550250,1,0,0,0,0,0,0,33709,0,0,1,2064,0,0,0,0,0,0,5166,19625,1,50,2,2560,1440,5120,2880,2500,2,2,0,3795,0,1,3843,3843,10027541,0
2851,55783851084,25897750,0,0,1,5120,2880,2391,129,-2645,14253,0,0,0,0,0,-1,71,540040,162834,5,1904,0,0,5,328876,0,2,181818,7,11,16,1582,0,165916,28124,0,52,4280,19506125,1,0,0,0,0,0,0,14542,0,0,1,2064,0,0,0,0,0,0,3250,8291,1,50,2,2560,1440,5120,2880,2500,2,2,0,3796,0,1,3844,3844,10016208,0
2852,55801892292,18041208,0,0,1,5120,2880,2391,129,-2645,10625,0,0,0,0,0,-1,62,118335,155505,3,176,0,0,5,328876,0,2,181818,7,10,12,54291,0,147665,46374,0,45,3329,12307167,1,0,0,0,0,0,0,16958,0,0,1,2064,0,0,0,0,0,0,3958,9208,1,50,2,2560,1440,5120,2880,2500,2,2,0,3797,0,1,3845,3845,11348833,0
2853,55818575584,16683292,0,0,1,5120,2880,2391,128,-2645,11901,0,0,0,0,0,-1,73,125122,170668,6,99744,0,0,5,328552,0,2,181818,7,11,14,44208,0,149292,46792,0,53,3471,9628833,1,0,0,0,0,0,0,24084,0,0,1,2064,0,0,0,0,0,0,5125,15167,1,50,2,2560,1440,5120,2880,2500,2,2,0,3798,0,1,3846,3846,11629750,0
2854,55835212542,16636958,0,0,1,5120,2880,2391,128,-2645,9910,0,0,0,0,0,-1,63,120251,157703,3,176,0,0,5,356164,0,2,181818,7,10,13,52752,0,126707,41749,0,46,3087,11005000,1,0,0,0,0,0,0,24042,0,0,1,2064,0,0,0,0,0,0,3916,15167,1,50,2,2560,1440,5120,2880,2500,2,2,0,3799,0,1,3847,3847,9970958,0
2855,55851850250,16637708,0,0,1,5120,2880,2391,128,-2645,8834,0,0,0,0,0,-1,65,139919,160623,4,24256,0,0,5,397348,0,2,181818,7,10,13,53874,0,136457,42666,0,47,2722,11037250,1,0,0,0,0,0,0,16250,0,0,1,2064,0,0,0,0,0,0,2708,9084,1,50,2,2560,1440,5120,2880,2500,2,2,0,3800,0,1,3848,3848,11679708,0
2856,55868751042,16900792,0,0,1,5120,2880,2391,128,-2645,9469,0,0,0,0,0,-1,73,165709,216414,3,176,0,0,5,392380,0,2,181818,7,11,14,57667,0,174749,43709,0,54,2703,9268459,1,0,0,0,0,0,0,20625,0,0,1,2064,0,0,0,0,0,0,4083,12916,1,50,2,2560,1440,5120,2880,2500,2,2,0,3801,0,1,3849,3849,11615916,0
2857,55884904917,16153875,0,0,1,5120,2880,2391,128,-2645,9187,0,0,0,0,0,-1,64,123879,153665,3,176,0,0,5,385720,0,2,181818,7,10,13,53876,0,137209,43457,0,47,2840,10755167,1,0,0,0,0,0,0,17834,0,0,1,2064,0,0,0,0,0,0,3459,11375,1,50,2,2560,1440,5120,2880,2500,2,2,0,3802,0,1,3850,3850,10040875,0
2858,55901879500,16974583,0,0,1,5120,2880,2391,128,-2645,9409,0,0,0,0,0,-1,64,126834,157708,3,176,0,0,5,416932,0,2,181818,7,10,13,54290,0,130124,43626,0,47,2914,11298709,1,0,0,0,0,0,0,32458,0,0,1,2064,0,0,0,0,0,0,6000,20125,1,50,2,2560,1440,5120,2880,2500,2,2,0,3803,0,1,3851,3851,11416875,0
2859,55918981625,17102125,0,0,1,5120,2880,2391,128,-2645,11472,0,0,0,0,0,-1,74,154250,220878,3,176,0,0,5,407680,0,2,181818,7,11,14,55207,0,178416,45375,0,55,3302,9513542,1,0,0,0,0,0,0,16792,0,0,1,2064,0,0,0,0,0,0,3250,10083,1,50,2,2560,1440,5120,2880,2500,2,2,0,3804,0,1,3852,3852,10072000,0
2860,55934939792,15958167,0,0,1,5120,2880,2391,128,-2645,9874,0,0,0,0,0,-1,64,125879,149754,3,176,0,0,5,407680,0,2,181818,7,10,13,51667,0,136166,39332,0,47,3069,10626250,1,0,0,0,0,0,0,17958,0,0,1,2064,0,0,0,0,0,0,3375,11875,1,50,2,2560,1440,5120,2880,2500,2,2,0,3805,0,1,3853,3853,11368500,0
2861,55951833834,16894042,0,0,1,5120,2880,2391,128,-2645,9829,0,0,0,0,0,-1,63,122880,146919,3,176,0,0,5,383488,0,2,181818,7,10,13,54291,0,140999,39917,0,46,3060,11347208,1,0,0,0,0,0,0,30708,0,0,1,2064,0,0,0,0,0,0,5042,18208,1,50,2,2560,1440,5120,2880,2500,2,2,0,3806,0,1,3854,3854,11354500,0
2862,55968950875,17117041,0,0,1,5120,2880,2391,127,-2645,11710,0,0,0,0,0,-1,72,149709,190166,3,176,0,0,5,384100,0,2,181818,7,11,14,53165,0,167458,42041,0,53,3456,9731875,1,0,0,0,0,0,0,28542,0,0,1,2064,0,0,0,0,0,0,3083,19792,1,50,2,2560,1440,5120,2880,2500,2,2,0,3807,0,1,3855,3855,9994541,0
2863,55985446584,16495709,0,0,1,5120,2880,2391,127,-2645,10705,0,0,0,0,0,-1,64,125170,194203,3,176,0,0,5,406600,0,2,181818,7,10,13,55335,0,140374,46375,0,47,3346,10515792,1,0,0,0,0,0,0,17083,0,0,1,2064,0,0,0,0,0,0,3792,9791,1,50,2,2560,1440,5120,2880,2500,2,2,0,3808,0,1,3856,3856,11344791,0
2864,56001368084,15921500,0,0,1,5120,2880,2391,127,-2645,10705,0,0,0,0,0,-1,64,141206,155709,3,176,0,0,5,399688,0,2,181818,7,10,13,50538,0,149334,34667,0,47,3346,10854375,1,0,0,0,0,0,0,23083,0,0,1,2064,0,0,0,0,0,0,2791,15584,1,50,2,2560,1440,5120,2880,2500,2,2,0,3809,0,1,3857,3857,11379375,0
2865,56018246584,16878500,0,0,1,5120,2880,2391,127,-2645,12266,0,0,0,0,0,-1,74,139414,186505,3,176,0,0,5,390904,0,2,181818,7,11,14,57374,0,133958,45458,0,55,3578,10283084,1,0,0,0,0,0,0,14750,0,0,1,2064,0,0,0,0,0,0,2292,9375,1,50,2,2560,1440,5120,2880,2500,2,2,0,3810,0,1,3858,3858,10043291,0
2866,56034347709,16101125,0,0,1,5120,2880,2391,127,-2645,10684,0,0,0,0,0,-1,63,130414,133124,3,176,0,0,5,375388,0,2,181818,7,10,13,52459,0,121042,38543,0,46,3345,11533459,1,0,0,0,0,0,0,15083,0,0,1,2064,0,0,0,0,0,0,2833,9375,1,50,2,2560,1440,5120,2880,2500,2,2,0,3811,0,1,3859,3859,11357666,0
2867,56051463500,17115791,0,0,1,5120,2880,2391,127,-2645,10684,0,0,0,0,0,-1,63,110996,148499,3,176,0,0,5,375388,0,2,181818,7,10,13,58628,0,127749,39750,0,46,3345,12082167,1,0,0,0,0,0,0,29875,0,0,1,2064,0,0,0,0,0,0,2583,21041,1,50,2,2560,1440,5120,2880,2500,2,2,0,3812,0,1,3860,3860,9792500,0
2868,56068245125,16781625,0,0,1,5120,2880,2391,127,-2645,12019,0,0,0,0,0,-1,73,133127,177246,19,29756,0,0,5,375712,0,2,181818,7,11,14,53375,0,160499,36500,0,53,3537,10271750,1,0,0,0,0,0,0,12875,0,0,1,2064,0,0,0,0,0,0,2084,8625,1,50,2,2560,1440,5120,2880,2500,2,2,0,3813,0,1,3861,3861,11428999,0
2869,56084385459,16140334,0,0,1,5120,2880,2391,127,-2645,10684,0,0,0,0,0,-1,63,115833,141956,3,176,0,0,5,375712,0,2,181818,7,10,13,50541,0,116292,41082,0,46,3345,11427000,1,0,0,0,0,0,0,13583,0,0,1,2064,0,0,0,0,0,0,2334,8833,1,50,2,2560,1440,5120,2880,2500,2,2,0,3814,0,1,3862,3862,11461999,0
2870,56101152792,16767333,0,0,1,5120,2880,2391,127,-2645,10684,0,0,0,0,0,-1,63,117869,137787,3,176,0,0,5,375712,0,2,181818,7,10,13,54627,0,136625,39584,0,46,3345,12076334,1,0,0,0,0,0,0,12417,0,0,1,2064,0,0,0,0,0,0,2209,7792,1,50,2,2560,1440,5120,2880,2500,2,2,0,3815,0,1,3863,3863,9824375,0
2871,56118282125,17129333,0,0,1,5120,2880,2391,127,-2645,12380,0,0,0,0,0,-1,73,134123,190626,3,176,0,0,5,375712,0,2,181818,7,11,14,52916,0,165417,37458,0,54,3604,10625541,1,0,0,0,0,0,0,14417,0,0,1,2064,0,0,0,0,0,0,2417,9666,1,50,2,2560,1440,5120,2880,2500,2,2,0,3816,0,1,3864,3864,11516499,0
2872,56134472584,16190459,0,0,1,5120,2880,2391,127,-2645,10684,0,0,0,0,0,-1,63,112415,139876,3,176,0,0,5,375712,0,2,181818,7,10,13,51080,0,118959,41874,0,46,3345,11260542,1,0,0,0,0,0,0,13916,0,0,1,2064,0,0,0,0,0,0,1958,9292,1,50,2,2560,1440,5120,2880,2500,2,2,0,3817,0,1,3865,3865,11444416,0
2873,56150716000,16243416,0,0,1,5120,2880,2391,127,-2645,10684,0,0,0,0,0,-1,63,118835,125250,3,176,0,0,5,375712,0,2,181818,7,10,13,50000,0,120958,40417,0,46,3345,11994875,1,0,0,0,0,0,0,11208,0,0,1,2064,0,0,0,0,0,0,1750,7208,1,50,2,2560,1440,5120,2880,2500,2,2,0,3818,0,1,3866,3866,9906624,0
2874,56168125792,17409792,0,0,1,5120,2880,2391,127,-2645,11893,0,0,0,0,0,-1,72,133716,175076,3,176,0,0,5,375388,0,2,181818,7,11,14,53043,0,165333,42542,0,53,3517,11100250,1,0,0,0,0,0,0,53041,0,0,1,2064,0,0,0,0,0,0,4459,42292,1,50,2,2560,1440,5120,2880,2500,2,2,0,3819,0,1,3867,3867,11486000,0
2875,56184398667,16272875,0,0,1,5120,2880,2391,127,-2645,10684,0,0,0,0,0,-1,63,133838,151666,3,176,0,0,5,375388,0,2,181818,7,10,13,51624,0,118418,38417,0,46,3345,11617291,1,0,0,0,0,0,0,13250,0,0,1,2064,0,0,0,0,0,0,2000,9375,1,50,2,2560,1440,5120,2880,2500,2,2,0,3820,0,1,3868,3868,9887208,0
2876,56200824917,16426250,0,0,1,5120,2880,2391,127,-2645,10684,0,0,0,0,0,-1,63,98543,142167,3,176,0,0,5,375388,0,2,181818,7,10,13,50999,0,121875,38208,0,46,3345,12104750,1,0,0,0,0,0,0,11292,0,0,1,2064,0,0,0,0,0,0,1750,7708,1,50,2,2560,1440,5120,2880,2500,2,2,0,3821,0,1,3869,3869,11498624,0
2877,56218125417,17300500,0,0,1,5120,2880,2391,127,-2646,12320,0,0,0,0,0,-1,73,133710,180542,3,176,0,0,5,375712,0,2,181818,7,11,14,51248,0,157583,45791,0,54,3592,10896041,1,0,0,0,0,0,0,34625,0,0,1,2064,0,0,0,0,0,0,3958,24750,1,50,2,2560,1440,5120,2880,2500,2,2,0,3822,0,1,3870,3870,11528833,0
2878,56234501792,16376375,0,0,1,5120,2880,2391,127,-2646,10684,0,0,0,0,0,-1,63,135250,145710,3,176,0,0,5,375712,0,2,181818,7,10,13,47125,0,129250,40708,0,46,3345,11667542,1,0,0,0,0,0,0,15459,0,0,1,2064,0,0,0,0,0,0,3375,9125,1,50,2,2560,1440,5120,2880,2500,2,2,0,3823,0,1,3871,3871,9863500,0
2879,56250829959,16328167,0,0,1,5120,2880,2391,127,-2646,10684,0,0,0,0,0,-1,63,109043,141212,3,176,0,0,5,375712,0,2,181818,7,10,13,52876,0,118500,39876,0,46,3345,11959041,1,0,0,0,0,0,0,11625,0,0,1,2064,0,0,0,0,0,0,2625,7000,1,50,2,2560,1440,5120,2880,2500,2,2,0,3824,0,1,3872,3872,11482583,0
2880,56268527209,17697250,0,0,1,5120,2880,2391,127,-2646,12333,0,0,0,0,0,-1,73,130787,178701,3,176,0,0,5,399328,0,2,181818,7,11,14,54290,0,146584,38916,0,54,3651,10852500,1,0,0,0,0,0,0,18292,0,0,1,2064,0,0,0,0,0,0,2750,12083,1,50,2,2560,1440,5120,2880,2500,2,2,0,3825,0,1,3873,3873,9915874,0
2881,56285501834,16974625,0,0,1,5120,2880,2391,127,-2646,12802,0,0,0,0,0,-1,63,118209,149160,3,176,0,0,5,401092,0,2,181818,7,10,13,54876,0,119623,42833,0,46,4051,10620458,1,0,0,0,0,0,0,17750,0,0,1,2064,0,0,0,0,0,0,2667,13083,1,50,2,2560,1440,5120,2880,2500,2,2,0,3826,0,1,3874,3874,11584916,0
2882,56302919625,17417791,0,0,1,5120,2880,2391,127,-2646,16543,0,0,0,0,0,-1,63,111418,149876,3,176,0,0,5,422548,0,2,181818,7,10,13,51749,0,128376,35750,0,46,5298,10827625,1,0,0,0,0,0,0,20416,0,0,1,2064,0,0,0,0,0,0,4125,12875,1,50,2,2560,1440,5120,2880,2500,2,2,0,3827,0,1,3875,3875,11632499,0
2883,56320785709,17866084,0,0,1,5120,2880,2391,127,-2646,21209,0,0,0,0,0,-1,73,140373,195037,3,176,0,0,5,421756,0,2,181818,7,11,14,50333,0,204792,40750,0,54,6567,8898750,1,0,0,0,0,0,0,25750,0,0,1,2064,0,0,0,0,0,0,2792,18125,1,50,2,2560,1440,5120,2880,2500,2,2,0,3828,0,1,3876,3876,10034625,0
2884,56340091584,19305875,0,0,1,5120,2880,2391,127,-2646,20013,0,0,0,0,0,-1,63,2428543,163252,3,176,0,0,5,440404,0,2,181818,7,10,15,145251,0,1858459,52290,0,46,6452,8821166,1,0,0,0,0,0,0,21750,0,0,1,2064,0,0,0,0,0,0,4042,14459,1,50,2,2560,1440,5120,2880,2500,2,2,0,3829,0,1,3877,3877,10034625,0
2885,56360446209,20354625,0,0,1,5120,2880,2391,127,-2646,20110,0,0,0,0,0,-1,63,8084079,190460,3,176,0,0,5,440260,0,2,181818,7,10,19,148499,0,6921624,45790,0,46,6487,5686875,1,0,0,0,0,0,0,14166,0,0,1,2064,0,0,0,0,0,0,2375,9250,1,50,2,2560,1440,5120,2880,2500,2,2,0,3830,0,1,3878,3878,12059458,0
2886,56386206334,25760125,0,0,1,5120,2880,2391,127,-2646,21415,0,0,0,0,0,-1,71,607454,176714,3,176,0,0,5,433132,0,2,181818,7,11,16,1750,0,168000,32957,0,53,6671,16857083,1,0,0,0,0,0,0,16333,0,0,1,2064,0,0,0,0,0,0,2791,11125,1,50,2,2560,1440,5120,2880,2500,2,2,0,3831,0,1,3879,3879,9852541,0
2887,56404763875,18557541,0,0,1,5120,2880,2391,127,-2646,20139,0,0,0,0,0,-1,63,448502,180040,3,176,0,0,5,433132,0,2,181818,7,10,14,142248,0,145125,42750,0,46,6494,10008375,1,0,0,0,0,0,0,28334,0,0,1,2064,0,0,0,0,0,0,5250,17667,1,50,2,2560,1440,5120,2880,2500,2,2,0,3832,0,1,3880,3880,12141041,0
2888,56425474417,20710542,0,0,1,5120,2880,2391,127,-2646,21662,0,0,0,0,0,-1,73,5551874,199540,3,176,0,0,5,433132,0,2,181818,7,11,18,53835,0,160041,43500,0,54,6718,6158625,1,0,0,0,0,0,0,15542,0,0,1,2064,0,0,0,0,0,0,2792,9834,1,50,2,2560,1440,5120,2880,2500,2,2,0,3833,0,1,3881,3881,9847250,0
2889,56451376250,25901833,0,0,1,5120,2880,2391,127,-2646,20125,0,0,0,0,0,-1,62,123161,145541,3,176,0,0,5,433024,0,2,181818,7,10,11,999,0,136333,30958,0,46,6494,20739750,1,0,0,0,0,0,0,14334,0,0,1,2064,0,0,0,0,0,0,3250,8666,1,50,2,2560,1440,5120,2880,2500,2,2,0,3834,0,1,3882,3882,11957541,0
2890,56470670959,19294709,0,0,1,5120,2880,2391,128,-2646,21340,0,0,0,0,0,-1,72,160834,195545,3,176,0,0,5,433132,0,2,181818,7,11,13,56042,0,171333,44917,0,53,6666,10033208,1,0,0,0,0,0,0,29334,0,0,1,2064,0,0,0,0,0,0,4833,19083,1,50,2,2560,1440,5120,2880,2500,2,2,0,3835,0,1,3883,3883,12194875,0
2891,56490675875,20004916,0,0,1,5120,2880,2391,128,-2646,20139,0,0,0,0,0,-1,63,3707175,170166,3,176,0,0,5,433024,0,2,181818,7,10,15,141414,0,2874417,46209,0,46,6494,8942250,1,0,0,0,0,0,0,35125,0,0,1,2064,0,0,0,0,0,0,5916,22042,1,50,2,2560,1440,5120,2880,2500,2,2,0,3836,0,1,3884,3884,12194875,0
2892,56510616084,19940209,0,0,1,5120,2880,2391,128,-2646,20131,0,0,0,0,0,-1,63,9075961,155666,3,176,0,0,5,432916,0,2,181818,7,10,19,134959,0,7856541,41542,0,46,6494,5244625,1,0,0,0,0,0,0,15125,0,0,1,2064,0,0,0,0,0,0,3167,8917,1,50,2,2560,1440,5120,2880,2500,2,2,0,3837,0,1,3885,3885,10008375,0
2893,56535446709,24830625,0,0,1,5120,2880,2391,128,-2646,21972,0,0,0,0,0,-1,72,472088,178161,3,176,0,0,5,432700,0,2,181818,7,11,16,1542,0,149418,30334,0,54,6780,16840500,1,0,0,0,0,0,0,51958,0,0,1,2064,0,0,0,0,0,0,6209,32584,1,50,2,2560,1440,5120,2880,2500,2,2,0,3838,0,1,3886,3886,12062041,0
2894,56554375667,18928958,0,0,1,5120,2880,2391,128,-2646,20139,0,0,0,0,0,-1,63,881496,184289,3,176,0,0,5,432592,0,2,181818,7,10,14,142000,0,144124,45291,0,46,6494,10815250,1,0,0,0,0,0,0,29375,0,0,1,2064,0,0,0,0,0,0,3292,21208,1,50,2,2560,1440,5120,2880,2500,2,2,0,3839,0,1,3887,3887,10073708,0
2895,56574962334,20586667,0,0,1,5120,2880,2391,128,-2646,21350,0,0,0,0,0,-1,72,4673207,212586,3,176,0,0,5,432592,0,2,181818,7,11,18,57040,0,173250,73751,0,53,6666,6670959,1,0,0,0,0,0,0,15042,0,0,1,2064,0,0,0,0,0,0,2750,9458,1,50,2,2560,1440,5120,2880,2500,2,2,0,3840,0,1,3888,3888,12140124,0
2896,56601185292,26222958,0,0,1,5120,2880,2391,128,-2646,20125,0,0,0,0,0,-1,62,117001,169541,3,176,0,0,5,432592,0,2,181818,7,10,11,1375,0,123042,28417,0,46,6494,21162417,1,0,0,0,0,0,0,16875,0,0,1,2064,0,0,0,0,0,0,2792,11458,1,50,2,2560,1440,5120,2880,2500,2,2,0,3841,0,1,3889,3889,11998416,0
2897,56620863167,19677875,0,0,1,5120,2880,2391,128,-2646,21647,0,0,0,0,0,-1,73,164458,210833,3,176,0,0,5,432700,0,2,181818,7,11,13,53626,0,184459,39751,0,54,6717,10501417,1,0,0,0,0,0,0,31750,0,0,1,2064,0,0,0,0,0,0,7000,17792,1,50,2,2560,1440,5120,2880,2500,2,2,0,3842,0,1,3890,3890,12275249,0
2898,56640400084,19536917,0,0,1,5120,2880,2391,128,-2646,20139,0,0,0,0,0,-1,63,2997502,176500,3,176,0,0,5,432700,0,2,181818,7,10,15,145419,0,2286250,47000,0,46,6494,8648875,1,0,0,0,0,0,0,32667,0,0,1,2064,0,0,0,0,0,0,4750,19875,1,50,2,2560,1440,5120,2880,2500,2,2,0,3843,0,1,3891,3891,12275249,0
2899,56660662667,20262583,0,0,1,5120,2880,2391,128,-2646,20131,0,0,0,0,0,-1,63,8882337,168502,3,176,0,0,5,432592,0,2,181818,7,10,19,141665,0,7578042,47917,0,46,6494,5318417,1,0,0,0,0,0,0,14458,0,0,1,2064,0,0,0,0,0,0,3125,8917,1,50,2,2560,1440,5120,2880,2500,2,2,0,3844,0,1,3892,3892,12145749,0
2900,56685735459,25072792,0,0,1,5120,2880,2391,128,-2646,21460,0,0,0,0,0,-1,71,584871,179711,3,176,0,0,5,432592,0,2,181818,7,11,16,1752,0,142292,30915,0,53,6686,17034333,1,0,0,0,0,0,0,15042,0,0,1,2064,0,0,0,0,0,0,3167,8625,1,50,2,2560,1440,5120,2880,2500,2,2,0,3845,0,1,3893,3893,12179458,0
2901,56704521500,18786041,0,0,1,5120,2880,2391,128,-2646,20139,0,0,0,0,0,-1,63,669456,187665,3,176,0,0,5,432592,0,2,181818,7,10,14,143333,0,144291,46459,0,46,6494,10513750,1,0,0,0,0,0,0,29541,0,0,1,2064,0,0,0,0,0,0,4667,20333,1,50,2,2560,1440,5120,2880,2500,2,2,0,3846,0,1,3894,3894,12248624,0
2902,56725456167,20934667,0,0,1,5120,2880,2391,128,-2646,21692,0,0,0,0,0,-1,73,5366082,204630,3,176,0,0,5,432700,0,2,181818,7,11,18,52207,0,161709,44833,0,54,6724,6364209,1,0,0,0,0,0,0,14459,0,0,1,2064,0,0,0,0,0,0,3542,8458,1,50,2,2560,1440,5120,2880,2500,2,2,0,3847,0,1,3895,3895,10028833,0
2903,56744995042,19538875,0,0,1,5120,2880,2391,128,-2646,20106,0,0,0,0,0,-1,63,8857254,163496,3,176,0,0,5,432700,0,2,181818,7,10,15,142253,0,8266957,43750,0,46,6483,4089166,1,0,0,0,0,0,0,15875,0,0,1,2064,0,0,0,0,0,0,3625,9625,1,50,2,2560,1440,5120,2880,2500,2,2,0,3848,0,1,3896,3896,10028833,0
2904,56769771667,24776625,0,0,1,5120,2880,2391,128,-2646,20108,0,0,0,0,0,-1,63,472257,181002,3,176,0,0,5,432592,0,2,181818,7,10,17,65625,0,167750,49292,0,46,6483,17616584,1,0,0,0,0,0,0,23583,0,0,1,2064,0,0,0,0,0,0,4750,15291,1,50,2,2560,1440,5120,2880,2500,2,2,0,3849,0,1,3897,3897,12199416,0
2905,56788959542,19187875,0,0,1,5120,2880,2391,128,-2646,21543,0,0,0,0,0,-1,72,867371,217627,3,176,0,0,5,399868,0,2,181818,7,11,14,54830,0,198332,95625,0,53,6727,8187459,1,0,0,0,0,0,0,36166,0,0,1,2064,0,0,0,0,0,0,4333,26167,1,50,2,2560,1440,5120,2880,2500,2,2,0,3850,0,1,3898,3898,12242583,0
2906,56808899084,19939542,0,0,1,5120,2880,2391,128,-2646,20223,0,0,0,0,0,-1,63,4918253,156541,3,176,0,0,5,394396,0,2,181818,7,10,15,152000,0,4139250,42291,0,46,6522,7218917,1,0,0,0,0,0,0,20333,0,0,1,2064,0,0,0,0,0,0,3209,14583,1,50,2,2560,1440,5120,2880,2500,2,2,0,3851,0,1,3899,3899,12242583,0
2907,56829659459,20760375,0,0,1,5120,2880,2392,128,-2646,21783,0,0,0,0,0,-1,73,9650843,197378,3,176,0,0,5,392164,0,2,181818,7,11,18,47668,0,174208,44793,0,54,6745,1999917,1,0,0,0,0,0,0,15292,0,0,1,2064,0,0,0,0,0,0,2625,9375,1,50,2,2560,1440,5120,2880,2500,2,2,0,3852,0,1,3900,3900,9945041,0
2908,56853532167,23872708,0,0,1,5120,2880,2392,128,-2646,20022,0,0,0,0,0,-1,63,128205,156044,3,176,0,0,5,394756,0,2,181818,7,10,12,44831,0,150210,47959,0,46,6459,16668416,1,0,0,0,0,0,0,36583,0,0,1,2064,0,0,0,0,0,0,8000,21375,1,50,2,2560,1440,5120,2880,2500,2,2,0,3853,0,1,3901,3901,11978291,0
2909,56872540459,19008292,0,0,1,5120,2880,2392,128,-2646,21109,0,0,0,0,0,-1,72,334084,258625,3,176,0,0,5,382264,0,2,181818,7,11,14,58001,0,189459,55333,0,53,6589,7997583,1,0,0,0,0,0,0,38000,0,0,1,2064,0,0,0,0,0,0,5916,25167,1,50,2,2560,1440,5120,2880,2500,2,2,0,3854,0,1,3902,3902,12351041,0
2910,56892868459,20328000,0,0,1,5120,2880,2392,128,-2646,19860,0,0,0,0,0,-1,64,4760249,206420,3,176,0,0,5,390004,0,2,181818,7,10,15,145791,0,138167,65959,0,47,6395,6905417,1,0,0,0,0,0,0,21209,0,0,1,2064,0,0,0,0,0,0,3125,15166,1,50,2,2560,1440,5120,2880,2500,2,2,0,3855,0,1,3903,3903,10120041,0
2911,56912390125,19521666,0,0,1,5120,2880,2392,128,-2646,19696,0,0,0,0,0,-1,64,10014504,167631,3,176,0,0,5,398680,0,2,181818,7,10,19,122128,0,137667,46792,0,47,6343,3222167,1,0,0,0,0,0,0,18209,0,0,1,2064,0,0,0,0,0,0,2334,13041,1,50,2,2560,1440,5120,2880,2500,2,2,0,3856,0,1,3904,3904,12115124,0
2912,56936151334,23761209,0,0,1,5120,2880,2392,128,-2646,21407,0,0,0,0,0,-1,74,142457,198251,3,176,0,0,5,399004,0,2,181818,7,11,18,55544,0,174291,42958,0,55,6603,15757500,1,0,0,0,0,0,0,15709,0,0,1,2064,0,0,0,0,0,0,2375,10750,1,50,2,2560,1440,5120,2880,2500,2,2,0,3857,0,1,3905,3905,12148208,0
2913,56955211750,19060416,0,0,1,5120,2880,2392,128,-2646,19704,0,0,0,0,0,-1,64,1479080,150747,3,176,0,0,5,407644,0,2,181818,7,10,15,138583,0,154040,47165,0,47,6343,10180958,1,0,0,0,0,0,0,30667,0,0,1,2064,0,0,0,0,0,0,5458,18959,1,50,2,2560,1440,5120,2880,2500,2,2,0,3858,0,1,3906,3906,10104499,0
2914,56975206500,19994750,0,0,1,5120,2880,2392,128,-2646,21025,0,0,0,0,0,-1,73,4651247,211250,3,176,0,0,5,407500,0,2,181818,7,11,18,59248,0,200331,39332,0,54,6535,6421458,1,0,0,0,0,0,0,15416,0,0,1,2064,0,0,0,0,0,0,3792,8583,1,50,2,2560,1440,5120,2880,2500,2,2,0,3859,0,1,3907,3907,12203791,0
2915,56994940709,19734209,0,0,1,5120,2880,2392,128,-2646,19704,0,0,0,0,0,-1,64,9322503,160707,3,176,0,0,5,407500,0,2,181818,7,10,15,141541,0,143208,46583,0,47,6343,4419833,1,0,0,0,0,0,0,21792,0,0,1,2064,0,0,0,0,0,0,3417,16375,1,50,2,2560,1440,5120,2880,2500,2,2,0,3860,0,1,3908,3908,12014375,0
2916,57019348625,24407916,0,0,1,5120,2880,2392,128,-2646,19706,0,0,0,0,0,-1,63,143584,174499,3,176,0,0,5,407500,0,2,181818,7,10,15,1210,0,151582,36376,0,47,6343,18070875,1,0,0,0,0,0,0,15833,0,0,1,2064,0,0,0,0,0,0,4083,9750,1,50,2,2560,1440,5120,2880,2500,2,2,0,3861,0,1,3909,3909,12116625,0
2917,57038403250,19054625,0,0,1,5120,2880,2392,128,-2646,21247,0,0,0,0,0,-1,74,1097247,202958,3,176,0,0,5,407752,0,2,181818,7,11,13,54458,0,228126,42043,0,55,6573,8856458,1,0,0,0,0,0,0,30167,0,0,1,2064,0,0,0,0,0,0,4125,19542,1,50,2,2560,1440,5120,2880,2500,2,2,0,3862,0,1,3910,3910,12260874,0
2918,57058462209,20058959,0,0,1,5120,2880,2392,128,-2646,19704,0,0,0,0,0,-1,64,3962461,195876,3,176,0,0,5,407752,0,2,181818,7,10,15,161501,0,145083,51666,0,47,6343,7496833,1,0,0,0,0,0,0,18750,0,0,1,2064,0,0,0,0,0,0,4208,11792,1,50,2,2560,1440,5120,2880,2500,2,2,0,3863,0,1,3911,3911,10097374,0
2919,57078367375,19905166,0,0,1,5120,2880,2392,128,-2646,20915,0,0,0,0,0,-1,73,7855459,207802,3,176,0,0,5,408652,0,2,181818,7,11,18,56460,0,175417,35792,0,54,6515,3113291,1,0,0,0,0,0,0,20000,0,0,1,2064,0,0,0,0,0,0,3416,13417,1,50,2,2560,1440,5120,2880,2500,2,2,0,3864,0,1,3912,3912,12114166,0
2920,57102561334,24193959,0,0,1,5120,2880,2392,128,-2646,19690,0,0,0,0,0,-1,63,139126,161249,3,176,0,0,5,408652,0,2,181818,7,10,11,1499,0,144917,31626,0,47,6343,18083166,1,0,0,0,0,0,0,55375,0,0,1,2064,0,0,0,0,0,0,11541,33542,1,50,2,2560,1440,5120,2880,2500,2,2,0,3865,0,1,3913,3913,11986750,0
2921,57121841125,19279791,0,0,1,5120,2880,2392,128,-2646,21347,0,0,0,0,0,-1,74,726204,210378,3,176,0,0,5,407968,0,2,181818,7,11,13,56252,0,223332,55541,0,55,6593,9034834,1,0,0,0,0,0,0,29334,0,0,1,2064,0,0,0,0,0,0,3875,19416,1,50,2,2560,1440,5120,2880,2500,2,2,0,3866,0,1,3914,3914,10181374,0
2922,57141503667,19662542,0,0,1,5120,2880,2392,128,-2646,19704,0,0,0,0,0,-1,64,4744211,176412,3,176,0,0,5,408076,0,2,181818,7,10,15,144000,0,143793,45585,0,47,6343,7885167,1,0,0,0,0,0,0,14459,0,0,1,2064,0,0,0,0,0,0,2500,9916,1,50,2,2560,1440,5120,2880,2500,2,2,0,3867,0,1,3915,3915,12139875,0
2923,57161696292,20192625,0,0,1,5120,2880,2392,128,-2646,19696,0,0,0,0,0,-1,64,9434333,176541,3,176,0,0,5,408076,0,2,181818,7,10,19,146707,0,157251,46126,0,47,6343,4687166,1,0,0,0,0,0,0,17792,0,0,1,2064,0,0,0,0,0,0,2292,12875,1,50,2,2560,1440,5120,2880,2500,2,2,0,3868,0,1,3916,3916,12131875,0
2924,57185897000,24200708,0,0,1,5120,2880,2392,128,-2646,20915,0,0,0,0,0,-1,72,155621,231339,3,176,0,0,5,407644,0,2,181818,7,11,16,1457,0,174208,32499,0,54,6515,16681625,1,0,0,0,0,0,0,50459,0,0,1,2064,0,0,0,0,0,0,7500,32000,1,50,2,2560,1440,5120,2880,2500,2,2,0,3869,0,1,3917,3917,9930166,0
2925,57204629625,18732625,0,0,1,5120,2880,2392,128,-2646,19704,0,0,0,0,0,-1,64,372044,196461,3,176,0,0,5,407644,0,2,181818,7,10,14,71624,0,177043,45833,0,47,6343,10503333,1,0,0,0,0,0,0,30709,0,0,1,2064,0,0,0,0,0,0,6166,19083,1,50,2,2560,1440,5120,2880,2500,2,2,0,3870,0,1,3918,3918,12239625,0
2926,57224801334,20171709,0,0,1,5120,2880,2392,128,-2646,21217,0,0,0,0,0,-1,74,3011043,216001,3,176,0,0,5,407752,0,2,181818,7,11,14,56041,0,231667,45209,0,55,6567,6822750,1,0,0,0,0,0,0,38125,0,0,1,2064,0,0,0,0,0,0,6458,24750,1,50,2,2560,1440,5120,2880,2500,2,2,0,3871,0,1,3919,3919,10122874,0
2927,57244803500,20002166,0,0,1,5120,2880,2392,128,-2646,19704,0,0,0,0,0,-1,64,8431798,169209,3,176,0,0,5,407752,0,2,181818,7,10,15,140790,0,148335,52167,0,47,6343,4703541,1,0,0,0,0,0,0,19167,0,0,1,2064,0,0,0,0,0,0,2708,14250,1,50,2,2560,1440,5120,2880,2500,2,2,0,3872,0,1,3920,3920,10039416,0
2928,57269827750,25024250,0,0,1,5120,2880,2392,128,-2646,19706,0,0,0,0,0,-1,63,137039,180332,3,176,0,0,5,407752,0,2,181818,7,10,15,1580,0,159500,37458,0,47,6343,18353500,1,0,0,0,0,0,0,19625,0,0,1,2064,0,0,0,0,0,0,3958,11708,1,50,2,2560,1440,5120,2880,2500,2,2,0,3873,0,1,3921,3921,12088749,0
2929,57288941959,19114209,0,0,1,5120,2880,2392,128,-2646,21050,0,0,0,0,0,-1,73,1025833,219540,3,176,0,0,5,408076,0,2,181818,7,11,13,54456,0,234542,48166,0,54,6540,8205250,1,0,0,0,0,0,0,32625,0,0,1,2064,0,0,0,0,0,0,5583,19333,1,50,2,2560,1440,5120,2880,2500,2,2,0,3874,0,1,3922,3922,10104166,0
2930,57308763125,19821166,0,0,1,5120,2880,2392,128,-2646,19704,0,0,0,0,0,-1,64,4496036,184959,3,176,0,0,5,408076,0,2,181818,7,10,15,149208,0,150666,50667,0,47,6343,7480167,1,0,0,0,0,0,0,19792,0,0,1,2064,0,0,0,0,0,0,3500,13333,1,50,2,2560,1440,5120,2880,2500,2,2,0,3875,0,1,3923,3923,12095375,0
2931,57328736750,19973625,0,0,1,5120,2880,2392,128,-2646,21402,0,0,0,0,0,-1,74,7958079,226037,3,176,0,0,5,407752,0,2,181818,7,11,18,57289,0,214001,42875,0,55,6602,1861250,1,0,0,0,0,0,0,25458,0,0,1,2064,0,0,0,0,0,0,5166,13209,1,50,2,2560,1440,5120,2880,2500,2,2,0,3876,0,1,3924,3924,12129125,0
2932,57353210292,24473542,0,0,1,5120,2880,2392,128,-2646,19690,0,0,0,0,0,-1,63,135958,178081,3,176,0,0,5,407752,0,2,181818,7,10,11,958,0,167418,35417,0,47,6343,17779750,1,0,0,0,0,0,0,36875,0,0,1,2064,0,0,0,0,0,0,8084,22125,1,50,2,2560,1440,5120,2880,2500,2,2,0,3877,0,1,3925,3925,9931291,0
2933,57372246625,19036333,0,0,1,5120,2880,2392,128,-2646,20905,0,0,0,0,0,-1,73,1218419,219790,3,176,0,0,5,407500,0,2,181818,7,11,13,57667,0,209416,55002,0,54,6515,8355375,1,0,0,0,0,0,0,31167,0,0,1,2064,0,0,0,0,0,0,4875,19208,1,50,2,2560,1440,5120,2880,2500,2,2,0,3878,0,1,3926,3926,12189250,0
2934,57392090292,19843667,0,0,1,5120,2880,2392,128,-2646,19704,0,0,0,0,0,-1,64,4577584,176081,3,176,0,0,5,407500,0,2,181818,7,10,15,146207,0,146541,49002,0,47,6343,7431666,1,0,0,0,0,0,0,18958,0,0,1,2064,0,0,0,0,0,0,3416,12584,1,50,2,2560,1440,5120,2880,2500,2,2,0,3879,0,1,3927,3927,12076875,0
2935,57411989584,19899292,0,0,1,5120,2880,2392,128,-2646,19696,0,0,0,0,0,-1,64,9451459,162543,3,176,0,0,5,407500,0,2,181818,7,10,19,146706,0,147375,48294,0,47,6343,4328584,1,0,0,0,0,0,0,19917,0,0,1,2064,0,0,0,0,0,0,4000,11208,1,50,2,2560,1440,5120,2880,2500,2,2,0,3880,0,1,3928,3928,9941500,0
2936,57436582375,24592791,0,0,1,5120,2880,2392,128,-2646,21342,0,0,0,0,0,-1,73,160539,192956,3,176,0,0,5,407284,0,2,181818,7,11,16,1544,0,165125,37457,0,55,6590,16221875,1,0,0,0,0,0,0,57750,0,0,1,2064,0,0,0,0,0,0,10417,35083,1,50,2,2560,1440,5120,2880,2500,2,2,0,3881,0,1,3929,3929,12097625,0
2937,57456357250,19774875,0,0,1,5120,2880,2392,128,-2646,19696,0,0,0,0,0,-1,64,164543,240960,3,176,0,0,5,407068,0,2,181818,7,10,12,63792,0,204625,55624,0,47,6343,9725458,1,0,0,0,0,0,0,40416,0,0,1,2064,0,0,0,0,0,0,10750,22541,1,50,2,2560,1440,5120,2880,2500,2,2,0,3882,0,1,3930,3930,12535624,0
2938,57475977500,19620250,0,0,1,5120,2880,2392,128,-2647,20905,0,0,0,0,0,-1,73,4921497,217748,3,176,0,0,5,406384,0,2,181818,7,11,14,55917,0,183082,46251,0,54,6515,5155917,1,0,0,0,0,0,0,16750,0,0,1,2064,0,0,0,0,0,0,3583,10916,1,50,2,2560,1440,5120,2880,2500,2,2,0,3883,0,1,3931,3931,10035625,0
2939,57495665375,19687875,0,0,1,5120,2880,2392,128,-2647,19704,0,0,0,0,0,-1,64,9671501,148918,3,176,0,0,5,406276,0,2,181818,7,10,15,135874,0,156458,41667,0,47,6343,3482542,1,0,0,0,0,0,0,21292,0,0,1,2064,0,0,0,0,0,0,4250,13291,1,50,2,2560,1440,5120,2880,2500,2,2,0,3884,0,1,3932,3932,12001083,0
2940,57519681542,24016167,0,0,1,5120,2880,2392,128,-2647,21282,0,0,0,0,0,-1,73,159459,188999,3,176,0,0,5,397420,0,2,181818,7,11,16,2417,0,180833,31709,0,55,6578,15207000,1,0,0,0,0,0,0,34125,0,0,1,2064,0,0,0,0,0,0,7500,20292,1,50,2,2560,1440,5120,2880,2500,2,2,0,3885,0,1,3933,3933,9983833,0
2941,57538442959,18761417,0,0,1,5120,2880,2392,128,-2647,19704,0,0,0,0,0,-1,64,874289,170168,3,176,0,0,5,397420,0,2,181818,7,10,14,142875,0,156707,45749,0,47,6343,9944875,1,0,0,0,0,0,0,33500,0,0,1,2064,0,0,0,0,0,0,5458,22000,1,50,2,2560,1440,5120,2880,2500,2,2,0,3886,0,1,3934,3934,10170958,0
2942,57558218709,19775750,0,0,1,5120,2880,2392,128,-2647,19696,0,0,0,0,0,-1,64,4458504,185957,3,176,0,0,5,397312,0,2,181818,7,10,19,153207,0,145542,56000,0,47,6343,7779458,1,0,0,0,0,0,0,32375,0,0,1,2064,0,0,0,0,0,0,7125,19583,1,50,2,2560,1440,5120,2880,2500,2,2,0,3887,0,1,3935,3935,12175749,0
2943,57578320292,20101583,0,0,1,5120,2880,2392,128,-2647,21025,0,0,0,0,0,-1,73,8259417,220163,3,176,0,0,5,397204,0,2,181818,7,11,18,52458,0,192875,40291,0,54,6535,3267417,1,0,0,0,0,0,0,12542,0,0,1,2064,0,0,0,0,0,0,2250,8459,1,50,2,2560,1440,5120,2880,2500,2,2,0,3888,0,1,3936,3936,9974750,0
2944,57602634209,24313917,0,0,1,5120,2880,2392,128,-2647,19690,0,0,0,0,0,-1,63,131959,155537,3,176,0,0,5,397204,0,2,181818,7,10,11,833,0,139167,33625,0,47,6343,18158083,1,0,0,0,0,0,0,14167,0,0,1,2064,0,0,0,0,0,0,2959,8583,1,50,2,2560,1440,5120,2880,2500,2,2,0,3889,0,1,3937,3937,11991000,0
2945,57621668625,19034416,0,0,1,5120,2880,2392,129,-2647,21222,0,0,0,0,0,-1,74,414796,228999,3,176,0,0,5,397564,0,2,181818,7,11,13,54791,0,217376,50583,0,55,6568,8593250,1,0,0,0,0,0,0,28084,0,0,1,2064,0,0,0,0,0,0,4791,17542,1,50,2,2560,1440,5120,2880,2500,2,2,0,3890,0,1,3938,3938,12205791,0
2946,57652448959,30780334,0,0,1,5120,2880,2392,129,-2647,19690,0,0,0,0,0,-1,63,133545,171541,3,176,0,0,5,397564,0,2,181818,7,10,11,1498,0,150833,29791,0,47,6343,24855666,1,0,0,0,0,0,0,13709,0,0,1,2064,0,0,0,0,0,0,2583,8667,1,50,2,2560,1440,5120,2880,2500,2,2,0,3891,0,1,3939,3939,9951000,0
2947,57671703709,19254750,0,0,1,5120,2880,2392,129,-2647,20905,0,0,0,0,0,-1,73,166212,216624,3,176,0,0,5,397312,0,2,181818,7,11,13,57418,0,257959,48251,0,54,6515,9319625,1,0,0,0,0,0,0,30250,0,0,1,2064,0,0,0,0,0,0,5375,18708,1,50,2,2560,1440,5120,2880,2500,2,2,0,3892,0,1,3940,3940,12211583,0
2948,57691398459,19694750,0,0,1,5120,2880,2392,129,-2647,19704,0,0,0,0,0,-1,64,3531084,192872,3,176,0,0,5,397312,0,2,181818,7,10,15,156500,0,152666,49918,0,47,6343,7968958,1,0,0,0,0,0,0,30708,0,0,1,2064,0,0,0,0,0,0,5083,19125,1,50,2,2560,1440,5120,2880,2500,2,2,0,3893,0,1,3941,3941,12037375,0
2949,57718986417,27587958,0,0,1,5120,2880,2392,129,-2647,19706,0,0,0,0,0,-1,63,133544,157170,3,176,0,0,5,397312,0,2,181818,7,10,15,1501,0,152293,33333,0,47,6343,21837334,1,0,0,0,0,0,0,13583,0,0,1,2064,0,0,0,0,0,0,3042,8416,1,50,2,2560,1440,5120,2880,2500,2,2,0,3894,0,1,3942,3942,9960208,0
2950,57737888000,18901583,0,0,1,5120,2880,2392,129,-2647,21492,0,0,0,0,0,-1,74,305376,212168,3,176,0,0,5,397564,0,2,181818,7,11,13,50250,0,202000,42875,0,55,6622,9320500,1,0,0,0,0,0,0,31667,0,0,1,2064,0,0,0,0,0,0,3417,22125,1,50,2,2560,1440,5120,2880,2500,2,2,0,3895,0,1,3943,3943,12095166,0
2951,57757984417,20096417,0,0,1,5120,2880,2392,129,-2647,19704,0,0,0,0,0,-1,64,3310036,186208,3,176,0,0,5,397564,0,2,181818,7,10,15,143207,0,157042,48958,0,47,6343,8384458,1,0,0,0,0,0,0,34375,0,0,1,2064,0,0,0,0,0,0,4875,21250,1,50,2,2560,1440,5120,2880,2500,2,2,0,3896,0,1,3944,3944,12268250,0
2952,57777847209,19862792,0,0,1,5120,2880,2392,129,-2647,21130,0,0,0,0,0,-1,73,6996335,196798,3,176,0,0,5,406276,0,2,181818,7,11,18,62915,0,190875,39876,0,54,6580,3005583,1,0,0,0,0,0,0,13167,0,0,1,2064,0,0,0,0,0,0,2416,8542,1,50,2,2560,1440,5120,2880,2500,2,2,0,3897,0,1,3945,3945,10080208,0
2953,57802705167,24857958,0,0,1,5120,2880,2392,129,-2647,19807,0,0,0,0,0,-1,63,139204,160251,3,176,0,0,5,419668,0,2,181818,7,10,11,1210,0,138916,29959,0,47,6382,18468500,1,0,0,0,0,0,0,13084,0,0,1,2064,0,0,0,0,0,0,2291,8625,1,50,2,2560,1440,5120,2880,2500,2,2,0,3898,0,1,3946,3946,12027999,0
2954,57822231834,19526667,0,0,1,5120,2880,2392,129,-2648,21215,0,0,0,0,0,-1,74,586466,210123,3,176,0,0,5,375460,0,2,181818,7,11,13,50709,0,211627,44541,0,55,6567,8843375,1,0,0,0,0,0,0,29292,0,0,1,2064,0,0,0,0,0,0,4375,17083,1,50,2,2560,1440,5120,2880,2500,2,2,0,3899,0,1,3947,3947,10301708,0
2955,57842504667,20272833,0,0,1,5120,2880,2392,129,-2648,19527,0,0,0,0,0,-1,64,4850750,195579,3,176,0,0,5,368512,0,2,181818,7,10,15,151584,0,143458,53709,0,47,6284,7302709,1,0,0,0,0,0,0,20958,0,0,1,2064,0,0,0,0,0,0,4083,13292,1,50,2,2560,1440,5120,2880,2500,2,2,0,3900,0,1,3948,3948,12206708,0
2956,57868885459,26380792,0,0,1,5120,2880,2392,129,-2648,18852,0,0,0,0,0,-1,62,140043,165836,3,176,0,0,5,349504,0,2,181818,7,10,15,1541,0,148208,34250,0,46,6062,20438792,1,0,0,0,0,0,0,15583,0,0,1,2064,0,0,0,0,0,0,3000,10417,1,50,2,2560,1440,5120,2880,2500,2,2,0,3901,0,1,3949,3949,12243500,0
2957,57888472500,19587041,0,0,1,5120,2880,2392,129,-2648,22325,0,0,0,0,0,-1,67,468832,200416,3,176,0,0,5,272644,0,2,181818,7,11,15,101791,0,200751,57543,0,48,6999,9257292,1,0,0,0,0,0,0,30291,0,0,1,2064,0,0,0,0,0,0,5167,19459,1,50,2,2560,1440,5120,2880,2500,2,2,0,3902,0,1,3950,3950,10215541,0
2958,57907262209,18789709,0,0,1,5120,2880,2392,129,-2648,21861,0,0,0,0,0,-1,55,3190124,162834,3,176,0,0,5,253348,0,2,181818,7,10,16,141500,0,168291,53293,0,38,7109,7708083,1,0,0,0,0,0,0,13667,0,0,1,2064,0,0,0,0,0,0,2750,8625,1,50,2,2560,1440,5120,2880,2500,2,2,0,3903,0,1,3951,3951,10215541,0
2959,57935720167,28457958,0,0,1,5120,2880,2392,128,-2648,23306,0,0,0,0,0,-1,61,579915,160374,3,176,0,0,5,235672,0,2,181818,7,11,16,1833,0,165166,35333,0,43,7321,20049916,1,0,0,0,0,0,0,14334,0,0,1,2064,0,0,0,0,0,0,3375,8375,1,50,2,2560,1440,5120,2880,2500,2,2,0,3904,0,1,3952,3952,12295291,0
2960,57955199167,19479000,0,0,1,5120,2880,2392,128,-2648,19285,0,0,0,0,0,-1,50,694665,151664,3,176,0,0,5,209216,0,2,181818,7,10,14,145915,0,152625,61333,0,33,6279,10635459,1,0,0,0,0,0,0,31792,0,0,1,2064,0,0,0,0,0,0,7500,19291,1,50,2,2560,1440,5120,2880,2500,2,2,0,3905,0,1,3953,3953,12295291,0
2961,57976632625,21433458,0,0,1,5120,2880,2392,128,-2648,20314,0,0,0,0,0,-1,60,7192373,165915,3,176,0,0,5,210588,0,2,181818,7,11,20,139876,0,161124,505083,0,41,6390,5714958,1,0,0,0,0,0,0,12709,0,0,1,2064,0,0,0,0,0,0,2833,7958,1,50,2,2560,1440,5120,2880,2500,2,2,0,3906,0,1,3954,3954,12414124,0
2962,58002794417,26161792,0,0,1,5120,2880,2392,128,-2648,19324,0,0,0,0,0,-1,51,112541,146623,3,176,0,0,5,226352,0,2,181818,7,10,15,1251,0,160249,34666,0,35,6282,19441084,1,0,0,0,0,0,0,18708,0,0,1,2064,0,0,0,0,0,0,4917,9958,1,50,2,2560,1440,5120,2880,2500,2,2,0,3907,0,1,3955,3955,11988625,0
2963,58022201167,19406750,0,0,1,5120,2880,2393,128,-2648,21080,0,0,0,0,0,-1,64,928162,212541,3,176,0,0,5,228200,0,2,181818,7,11,15,147459,0,195042,52459,0,45,6555,8675041,1,0,0,0,0,0,0,32417,0,0,1,2064,0,0,0,0,0,0,5500,21083,1,50,2,2560,1440,5120,2880,2500,2,2,0,3908,0,1,3956,3956,12267875,0
2964,58041692625,19491458,0,0,1,5120,2880,2393,128,-2648,19416,0,0,0,0,0,-1,54,5493127,152330,3,176,0,0,5,228200,0,2,181818,7,10,19,147748,0,153041,4854543,0,37,6304,7460875,1,0,0,0,0,0,0,14833,0,0,1,2064,0,0,0,0,0,0,3417,8875,1,50,2,2560,1440,5120,2880,2500,2,2,0,3909,0,1,3957,3957,12267875,0
2965,58068477334,26784709,0,0,1,5120,2880,2393,128,-2648,19430,0,0,0,0,0,-1,54,576833,145956,7,6092,0,0,5,228200,0,2,181818,7,10,15,1126,0,180374,32376,0,37,6304,21012459,1,0,0,0,0,0,0,18042,0,0,1,2064,0,0,0,0,0,0,3208,13000,1,50,2,2560,1440,5120,2880,2500,2,2,0,3910,0,1,3958,3958,12057374,0
2966,58088035375,19558041,0,0,1,5120,2880,2393,128,-2648,20634,0,0,0,0,0,-1,64,234000,206164,4,248,0,0,5,228312,0,2,181818,7,11,15,83250,0,226833,49291,0,44,6476,9879459,1,0,0,0,0,0,0,28541,0,0,1,2064,0,0,0,0,0,0,4042,18792,1,50,2,2560,1440,5120,2880,2500,2,2,0,3911,0,1,3959,3959,12485624,0
2967,58107680292,19644917,0,0,1,5120,2880,2393,128,-2648,19424,0,0,0,0,0,-1,54,3524289,168044,3,176,0,0,5,228312,0,2,181818,7,10,15,138875,0,157125,2840626,0,37,6304,8386125,1,0,0,0,0,0,0,16208,0,0,1,2064,0,0,0,0,0,0,3417,9458,1,50,2,2560,1440,5120,2880,2500,2,2,0,3912,0,1,3960,3960,12485624,0
2968,58128851375,21171083,0,0,1,5120,2880,2393,128,-2648,21122,0,0,0,0,0,-1,64,10182171,181748,3,176,0,0,5,228312,0,2,181818,7,11,20,155918,0,174625,52249,0,45,6565,3030084,1,0,0,0,0,0,0,19292,0,0,1,2064,0,0,0,0,0,0,4792,10417,1,50,2,2560,1440,5120,2880,2500,2,2,0,3913,0,1,3961,3961,12057999,0
2969,58152844709,23993334,0,0,1,5120,2880,2393,128,-2648,19426,0,0,0,0,0,-1,54,109916,148505,3,176,0,0,5,228312,0,2,181818,7,10,17,59500,0,152541,44376,0,37,6304,17581208,1,0,0,0,0,0,0,22292,0,0,1,2064,0,0,0,0,0,0,3958,15500,1,50,2,2560,1440,5120,2880,2500,2,2,0,3914,0,1,3962,3962,11957124,0
2970,58171775542,18930833,0,0,1,5120,2880,2393,128,-2648,20743,0,0,0,0,0,-1,63,907880,194042,3,176,0,0,5,228648,0,2,181818,7,11,16,147291,0,285208,52499,0,44,6496,8966083,1,0,0,0,0,0,0,29542,0,0,1,2064,0,0,0,0,0,0,4083,17833,1,50,2,2560,1440,5120,2880,2500,2,2,0,3915,0,1,3963,3963,11957124,0
2971,58191767167,19991625,0,0,1,5120,2880,2393,128,-2648,19416,0,0,0,0,0,-1,54,6099335,158666,3,176,0,0,5,228872,0,2,181818,7,10,19,142045,0,161582,4984459,0,37,6304,7507875,1,0,0,0,0,0,0,14250,0,0,1,2064,0,0,0,0,0,0,2791,9333,1,50,2,2560,1440,5120,2880,2500,2,2,0,3916,0,1,3964,3964,12270708,0
2972,58218361667,26594500,0,0,1,5120,2880,2393,128,-2648,19426,0,0,0,0,0,-1,53,674330,161831,3,176,0,0,5,228984,0,2,181818,7,10,15,1748,0,155749,33708,0,37,6304,20765917,1,0,0,0,0,0,0,13042,0,0,1,2064,0,0,0,0,0,0,2834,8209,1,50,2,2560,1440,5120,2880,2500,2,2,0,3917,0,1,3965,3965,12073500,0
2973,58237609917,19248250,0,0,1,5120,2880,2393,128,-2648,20943,0,0,0,0,0,-1,64,523547,176499,3,176,0,0,5,229320,0,2,181818,7,11,15,113750,0,185875,59042,0,45,6528,10027583,1,0,0,0,0,0,0,30750,0,0,1,2064,0,0,0,0,0,0,5666,18958,1,50,2,2560,1440,5120,2880,2500,2,2,0,3918,0,1,3966,3966,12153249,0
2974,58257155584,19545667,0,0,1,5120,2880,2393,128,-2648,19416,0,0,0,0,0,-1,54,3691875,163831,3,176,0,0,5,229544,0,2,181818,7,10,17,145085,0,156917,3140374,0,37,6304,8885916,1,0,0,0,0,0,0,16708,0,0,1,2064,0,0,0,0,0,0,2958,10209,1,50,2,2560,1440,5120,2880,2500,2,2,0,3919,0,1,3967,3967,12153249,0
2975,58284988875,27833291,0,0,1,5120,2880,2393,128,-2648,20670,0,0,0,0,0,-1,62,712917,179919,3,176,0,0,5,229208,0,2,181818,7,11,16,2125,0,168416,34416,0,44,6481,19635250,1,0,0,0,0,0,0,12625,0,0,1,2064,0,0,0,0,0,0,2625,7875,1,50,2,2560,1440,5120,2880,2500,2,2,0,3920,0,1,3968,3968,12041416,0
2976,58304791375,19802500,0,0,1,5120,2880,2393,128,-2648,19593,0,0,0,0,0,-1,54,107498,170505,3,176,0,0,5,223160,0,2,181818,7,10,12,51252,0,179167,47709,0,37,6363,11375125,1,0,0,0,0,0,0,27583,0,0,1,2064,0,0,0,0,0,0,5833,16417,1,50,2,2560,1440,5120,2880,2500,2,2,0,3921,0,1,3969,3969,12186875,0
2977,58324794000,20002625,0,0,1,5120,2880,2393,128,-2648,21262,0,0,0,0,0,-1,64,4289125,191663,3,176,0,0,5,222936,0,2,181818,7,11,16,153752,0,181457,51126,0,45,6615,6708500,1,0,0,0,0,0,0,32375,0,0,1,2064,0,0,0,0,0,0,8542,17875,1,50,2,2560,1440,5120,2880,2500,2,2,0,3922,0,1,3970,3970,12204875,0
2978,58344424417,19630417,0,0,1,5120,2880,2393,128,-2648,19593,0,0,0,0,0,-1,54,8946753,135379,3,176,0,0,5,223160,0,2,181818,7,10,19,146834,0,148042,8295625,0,37,6363,4749417,1,0,0,0,0,0,0,21583,0,0,1,2064,0,0,0,0,0,0,4250,13000,1,50,2,2560,1440,5120,2880,2500,2,2,0,3923,0,1,3971,3971,12204875,0
2979,58369843375,25418958,0,0,1,5120,2880,2393,128,-2648,19603,0,0,0,0,0,-1,54,639455,153958,3,176,0,0,5,223160,0,2,181818,7,10,17,61999,0,170459,52125,0,37,6363,17935958,1,0,0,0,0,0,0,22375,0,0,1,2064,0,0,0,0,0,0,4584,13500,1,50,2,2560,1440,5120,2880,2500,2,2,0,3924,0,1,3972,3972,12155250,0
2980,58388846917,19003542,0,0,1,5120,2880,2393,128,-2649,20810,0,0,0,0,0,-1,63,1765666,192374,3,176,0,0,5,222712,0,2,181818,7,11,16,151207,0,1159084,53708,0,44,6535,8409375,1,0,0,0,0,0,0,40500,0,0,1,2064,0,0,0,0,0,0,5250,23583,1,50,2,2560,1440,5120,2880,2500,2,2,0,3925,0,1,3973,3973,12155250,0
2981,58409104875,20257958,0,0,1,5120,2880,2393,128,-2649,19593,0,0,0,0,0,-1,54,6822624,158710,3,176,0,0,5,222712,0,2,181818,7,10,19,144291,0,149709,5681541,0,37,6363,6997667,1,0,0,0,0,0,0,18542,0,0,1,2064,0,0,0,0,0,0,3042,12667,1,50,2,2560,1440,5120,2880,2500,2,2,0,3926,0,1,3974,3974,12198458,0
2982,58435156042,26051167,0,0,1,5120,2880,2393,128,-2649,21124,0,0,0,0,0,-1,63,619171,148588,3,176,0,0,5,228760,0,2,181818,7,11,16,1625,0,142416,29251,0,45,6587,18406000,1,0,0,0,0,0,0,15041,0,0,1,2064,0,0,0,0,0,0,3541,8459,1,50,2,2560,1440,5120,2880,2500,2,2,0,3927,0,1,3975,3975,12123124,0
2983,58454595375,19439333,0,0,1,5120,2880,2393,128,-2649,20849,0,0,0,0,0,-1,54,141667,163544,3,176,0,0,5,237300,0,2,181818,7,10,14,84498,0,163958,58791,0,37,6779,10901417,1,0,0,0,0,0,0,36375,0,0,1,2064,0,0,0,0,0,0,9375,19417,1,50,2,2560,1440,5120,2880,2500,2,2,0,3928,0,1,3976,3976,12296166,0
2984,58475457042,20861667,0,0,1,5120,2880,2393,128,-2648,22126,0,0,0,0,0,-1,61,5594500,171047,3,176,0,0,5,227024,0,2,181818,7,11,16,134874,0,160291,4694540,0,42,6969,6757875,1,0,0,0,0,0,0,12709,0,0,1,2064,0,0,0,0,0,0,2917,7791,1,50,2,2560,1440,5120,2880,2500,2,2,0,3929,0,1,3977,3977,12296166,0
2985,58502453292,26996250,0,0,1,5120,2880,2393,128,-2648,20441,0,0,0,0,0,-1,51,505297,118371,3,176,0,0,5,227024,0,2,181818,7,10,15,1125,0,137168,30001,0,35,6654,20273083,1,0,0,0,0,0,0,14209,0,0,1,2064,0,0,0,0,0,0,3792,8083,1,50,2,2560,1440,5120,2880,2500,2,2,0,3930,0,1,3978,3978,12283250,0
2986,58522186959,19733667,0,0,1,5120,2880,2393,128,-2648,22168,0,0,0,0,0,-1,63,1148335,204584,6,3080,0,0,5,226912,0,2,181818,7,11,15,128083,0,554751,47373,0,43,6919,9302541,1,0,0,0,0,0,0,36167,0,0,1,2064,0,0,0,0,0,0,5708,23542,1,50,2,2560,1440,5120,2880,2500,2,2,0,3931,0,1,3979,3979,12283250,0
2987,58542884209,20697250,0,0,1,5120,2880,2393,128,-2648,20431,0,0,0,0,0,-1,52,7572497,156581,3,176,0,0,5,226800,0,2,181818,7,10,19,134751,0,163125,45208,0,35,6654,6723542,1,0,0,0,0,0,0,20292,0,0,1,2064,0,0,0,0,0,0,4583,12292,1,50,2,2560,1440,5120,2880,2500,2,2,0,3932,0,1,3980,3980,10107416,0
2988,58569267792,26383583,0,0,1,5120,2880,2393,128,-2648,20453,0,0,0,0,0,-1,51,107669,123838,3,176,0,0,5,226688,0,2,181818,7,10,15,1169,0,141750,32291,0,35,6658,20278083,1,0,0,0,0,0,0,14541,0,0,1,2064,0,0,0,0,0,0,3333,8958,1,50,2,2560,1440,5120,2880,2500,2,2,0,3933,0,1,3981,3981,9844041,0
2989,58589041792,19774000,0,0,1,5120,2880,2393,128,-2648,21660,0,0,0,0,0,-1,61,2072791,169377,3,176,0,0,5,227136,0,2,181818,7,11,15,133832,0,174835,1205459,0,42,6830,9267583,1,0,0,0,0,0,0,17292,0,0,1,2064,0,0,0,0,0,0,3041,11292,1,50,2,2560,1440,5120,2880,2500,2,2,0,3934,0,1,3982,3982,9844041,0
2990,58609778375,20736583,0,0,1,5120,2880,2393,128,-2648,20443,0,0,0,0,0,-1,52,8495460,128250,3,176,0,0,5,227136,0,2,181818,7,10,19,133753,0,146710,42749,0,35,6658,7019917,1,0,0,0,0,0,0,15209,0,0,1,2064,0,0,0,0,0,0,3125,9959,1,50,2,2560,1440,5120,2880,2500,2,2,0,3935,0,1,3983,3983,12375749,0
2991,58636306459,26528084,0,0,1,5120,2880,2393,128,-2648,22074,0,0,0,0,0,-1,61,484502,168915,3,176,0,0,5,226912,0,2,181818,7,11,16,2248,0,186041,37209,0,43,6902,17789125,1,0,0,0,0,0,0,16125,0,0,1,2064,0,0,0,0,0,0,3875,9375,1,50,2,2560,1440,5120,2880,2500,2,2,0,3936,0,1,3984,3984,12294666,0
2992,58655555750,19249291,0,0,1,5120,2880,2393,128,-2648,20451,0,0,0,0,0,-1,52,1699922,147876,3,176,0,0,5,226800,0,2,181818,7,10,14,142790,0,149916,41248,0,35,6658,10311916,1,0,0,0,0,0,0,18333,0,0,1,2064,0,0,0,0,0,0,3792,11541,1,50,2,2560,1440,5120,2880,2500,2,2,0,3937,0,1,3985,3985,12294666,0
2993,58677260875,21705125,0,0,1,5120,2880,2393,128,-2648,21652,0,0,0,0,0,-1,61,8316457,167624,3,176,0,0,5,227024,0,2,181818,7,11,20,142127,0,175292,7072834,0,42,6830,5327417,1,0,0,0,0,0,0,15792,0,0,1,2064,0,0,0,0,0,0,3750,9250,1,50,2,2560,1440,5120,2880,2500,2,2,0,3938,0,1,3986,3986,12440958,0
2994,58702887250,25626375,0,0,1,5120,2880,2393,128,-2648,20453,0,0,0,0,0,-1,52,508540,144542,3,176,0,0,5,227024,0,2,181818,7,10,17,57377,0,161167,41374,0,35,6658,18735625,1,0,0,0,0,0,0,18125,0,0,1,2064,0,0,0,0,0,0,3667,12125,1,50,2,2560,1440,5120,2880,2500,2,2,0,3939,0,1,3987,3987,12264999,0
2995,58722699875,19812625,0,0,1,5120,2880,2393,128,-2648,21992,0,0,0,0,0,-1,62,2114377,193628,3,176,0,0,5,226576,0,2,181818,7,11,16,142752,0,210375,57042,0,43,6886,8842709,1,0,0,0,0,0,0,29584,0,0,1,2064,0,0,0,0,0,0,6792,17833,1,50,2,2560,1440,5120,2880,2500,2,2,0,3940,0,1,3988,3988,12264999,0
2996,58743520250,20820375,0,0,1,5120,2880,2393,128,-2648,20443,0,0,0,0,0,-1,52,8851961,141171,3,176,0,0,5,226576,0,2,181818,7,10,19,150793,0,154833,46708,0,35,6658,6589333,1,0,0,0,0,0,0,14583,0,0,1,2064,0,0,0,0,0,0,3084,9625,1,50,2,2560,1440,5120,2880,2500,2,2,0,3941,0,1,3989,3989,12492125,0
2997,58769661000,26140750,0,0,1,5120,2880,2393,128,-2648,20453,0,0,0,0,0,-1,52,118585,169919,3,176,0,0,5,226576,0,2,181818,7,10,17,65586,0,187876,56625,0,35,6658,19646291,1,0,0,0,0,0,0,30291,0,0,1,2064,0,0,0,0,0,0,5583,19083,1,50,2,2560,1440,5120,2880,2500,2,2,0,3942,0,1,3990,3990,12382374,0
2998,58789358667,19697667,0,0,1,5120,2880,2393,128,-2648,21805,0,0,0,0,0,-1,61,2087871,189748,3,176,0,0,5,226464,0,2,181818,7,11,16,148833,0,175251,1261374,0,42,6855,8858958,1,0,0,0,0,0,0,19750,0,0,1,2064,0,0,0,0,0,0,2750,12250,1,50,2,2560,1440,5120,2880,2500,2,2,0,3943,0,1,3991,3991,12382374,0
2999,58810205042,20846375,0,0,1,5120,2880,2393,128,-2648,20443,0,0,0,0,0,-1,52,8752964,144792,3,176,0,0,5,226464,0,2,181818,7,10,19,149542,0,162793,50292,0,35,6658,6683500,1,0,0,0,0,0,0,15125,0,0,1,2064,0,0,0,0,0,0,3083,9750,1,50,2,2560,1440,5120,2880,2500,2,2,0,3944,0,1,3992,3992,12420416,0
3000,58836304542,26099500,0,0,1,5120,2880,2393,128,-2648,21979,0,0,0,0,0,-1,62,138207,187582,3,176,0,0,5,226240,0,2,181818,7,11,18,62043,0,174709,53874,0,43,6883,17098834,1,0,0,0,0,0,0,36333,0,0,1,2064,0,0,0,0,0,0,7250,19958,1,50,2,2560,1440,5120,2880,2500,2,2,0,3945,0,1,3993,3993,12302999,0
3001,58855435875,19131333,0,0,1,5120,2880,2393,128,-2648,20451,0,0,0,0,0,-1,52,1638623,163080,3,176,0,0,5,226240,0,2,181818,7,10,15,156708,0,166417,47167,0,35,6658,9665334,1,0,0,0,0,0,0,24625,0,0,1,2064,0,0,0,0,0,0,6083,14250,1,50,2,2560,1440,5120,2880,2500,2,2,0,3946,0,1,3994,3994,12302999,0
3002,58877206500,21770625,0,0,1,5120,2880,2393,128,-2648,21652,0,0,0,0,0,-1,61,8371331,195797,3,176,0,0,5,226128,0,2,181818,7,11,20,147791,0,176749,7407209,0,42,6830,5332084,1,0,0,0,0,0,0,17833,0,0,1,2064,0,0,0,0,0,0,4541,9583,1,50,2,2560,1440,5120,2880,2500,2,2,0,3947,0,1,3995,3995,12478499,0
3003,58902518625,25312125,0,0,1,5120,2880,2393,128,-2648,20453,0,0,0,0,0,-1,52,504795,144247,3,176,0,0,5,226128,0,2,181818,7,10,17,59459,0,157375,47916,0,35,6658,18578208,1,0,0,0,0,0,0,22208,0,0,1,2064,0,0,0,0,0,0,3667,14250,1,50,2,2560,1440,5120,2880,2500,2,2,0,3948,0,1,3996,3996,12314874,0
3004,58922535125,20016500,0,0,1,5120,2880,2393,128,-2648,22007,0,0,0,0,0,-1,62,1615709,175581,3,176,0,0,5,217392,0,2,181818,7,11,16,139915,0,177124,53375,0,43,6857,9141875,1,0,0,0,0,0,0,29959,0,0,1,2064,0,0,0,0,0,0,5875,17958,1,50,2,2560,1440,5120,2880,2500,2,2,0,3949,0,1,3997,3997,12314874,0
3005,58943161834,20626709,0,0,1,5120,2880,2393,128,-2648,19679,0,0,0,0,0,-1,52,8075666,155207,7,6092,0,0,5,211036,0,2,181818,7,10,19,151832,0,196165,65500,0,34,6408,6554542,1,0,0,0,0,0,0,16209,0,0,1,2064,0,0,0,0,0,0,4000,9625,1,50,2,2560,1440,5120,2880,2500,2,2,0,3950,0,1,3998,3998,12634541,0
3006,58969002625,25840791,0,0,1,5120,2880,2393,128,-2648,18893,0,0,0,0,0,-1,50,109669,128459,3,176,0,0,5,211820,0,2,181818,7,10,15,1126,0,151335,39708,0,34,6144,19666750,1,0,0,0,0,0,0,17334,0,0,1,2064,0,0,0,0,0,0,4125,10709,1,50,2,2560,1440,5120,2880,2500,2,2,0,3951,0,1,3999,3999,12288416,0
3007,58987872292,18869667,0,0,1,5120,2880,2393,129,-2648,17790,0,0,0,0,0,-1,62,1224833,182577,3,176,0,0,5,238948,0,2,181818,7,11,15,147791,0,203458,45791,0,43,5534,9355166,1,0,0,0,0,0,0,89083,0,0,1,2064,0,0,0,0,0,0,3792,78500,1,50,2,2560,1440,5120,2880,2500,2,2,0,3952,0,1,4000,4000,12288416,0
3008,59006539375,18667083,0,0,1,5120,2880,2393,129,-2648,16450,0,0,0,0,0,-1,53,3779664,159958,3,176,0,0,5,238948,0,2,181818,7,10,19,143542,0,152249,44584,0,36,5321,8078959,1,0,0,0,0,0,0,33625,0,0,1,2064,0,0,0,0,0,0,6625,21542,1,50,2,2560,1440,5120,2880,2500,2,2,0,3953,0,1,4001,4001,12248874,0
3009,59026819750,20280375,0,0,1,5120,2880,2393,129,-2648,15611,0,0,0,0,0,-1,64,8487917,176083,3,176,0,0,5,247408,0,2,181818,7,11,20,147584,0,174042,48083,0,45,4747,4463792,1,0,0,0,0,0,0,13417,0,0,1,2064,0,0,0,0,0,0,2583,8875,1,50,2,2560,1440,5120,2880,2500,2,2,0,3954,0,1,4002,4002,11969291,0
3010,59050767500,23947750,0,0,1,5120,2880,2393,129,-2648,13226,0,0,0,0,0,-1,55,122622,137791,3,176,0,0,5,257884,0,2,181818,7,10,15,1085,0,153375,32709,0,39,4225,18987292,1,0,0,0,0,0,0,13334,0,0,1,2064,0,0,0,0,0,0,2875,8375,1,50,2,2560,1440,5120,2880,2500,2,2,0,3955,0,1,4003,4003,11712291,0
3011,59069401209,18633709,0,0,1,5120,2880,2393,129,-2648,13437,0,0,0,0,0,-1,68,141373,200331,3,176,0,0,5,283840,0,2,181818,7,11,13,50918,0,177000,40000,0,49,4035,11014458,1,0,0,0,0,0,0,15750,0,0,1,2064,0,0,0,0,0,0,3292,9834,1,50,2,2560,1440,5120,2880,2500,2,2,0,3956,0,1,4004,4004,11807041,0
3012,59085949709,16548500,0,0,1,5120,2880,2393,129,-2648,11911,0,0,0,0,0,-1,63,144001,173000,3,176,0,0,5,330064,0,2,181818,7,10,13,53541,0,191082,38999,0,46,3754,10130834,1,0,0,0,0,0,0,23250,0,0,1,2064,0,0,0,0,0,0,5666,14167,1,50,2,2560,1440,5120,2880,2500,2,2,0,3957,0,1,4005,4005,11731999,0
3013,59102659375,16709666,0,0,1,5120,2880,2393,129,-2648,10120,0,0,0,0,0,-1,64,155168,186034,3,176,0,0,5,391372,0,2,181818,7,10,13,56709,0,195750,42876,0,47,3151,10537875,1,0,0,0,0,0,0,23667,0,0,1,2064,0,0,0,0,0,0,4000,15583,1,50,2,2560,1440,5120,2880,2500,2,2,0,3958,0,1,4006,4006,11608541,0
3014,59118845417,16186042,0,0,1,5120,2880,2393,129,-2648,9878,0,0,0,0,0,-1,74,166497,214539,3,176,0,0,5,402712,0,2,181818,7,11,14,57293,0,188541,48334,0,55,2784,8973959,1,0,0,0,0,0,0,23625,0,0,1,2064,0,0,0,0,0,0,3625,15625,1,50,2,2560,1440,5120,2880,2500,2,2,0,3959,0,1,4007,4007,10164541,0
3015,59135191500,16346083,0,0,1,5120,2880,2393,129,-2648,8122,0,0,0,0,0,-1,64,149999,173917,3,176,0,0,5,385360,0,2,181818,7,10,13,52332,0,169333,43541,0,47,2485,10829125,1,0,0,0,0,0,0,24167,0,0,1,2064,0,0,0,0,0,0,3333,15917,1,50,2,2560,1440,5120,2880,2500,2,2,0,3960,0,1,4008,4008,11394666,0
3016,59152223750,17032250,0,0,1,5120,2880,2393,129,-2648,8260,0,0,0,0,0,-1,64,138836,198291,3,176,0,0,5,385576,0,2,181818,7,10,13,53875,0,162875,45667,0,47,2531,11237500,1,0,0,0,0,0,0,34542,0,0,1,2064,0,0,0,0,0,0,8250,20500,1,50,2,2560,1440,5120,2880,2500,2,2,0,3961,0,1,4009,4009,11375583,0
3017,59168773250,16549500,0,0,1,5120,2880,2393,129,-2647,9109,0,0,0,0,0,-1,72,145041,220584,3,176,0,0,5,384100,0,2,181818,7,11,14,57001,0,188041,44958,0,53,2589,9559917,1,0,0,0,0,0,0,39750,0,0,1,2064,0,0,0,0,0,0,7125,25667,1,50,2,2560,1440,5120,2880,2500,2,2,0,3962,0,1,4010,4010,10130250,0
3018,59184809375,16036125,0,0,1,5120,2880,2393,129,-2647,7585,0,0,0,0,0,-1,63,129958,155873,3,176,0,0,5,388492,0,2,181818,7,10,13,54545,0,143166,41291,0,46,2312,10863958,1,0,0,0,0,0,0,17333,0,0,1,2064,0,0,0,0,0,0,3291,11625,1,50,2,2560,1440,5120,2880,2500,2,2,0,3963,0,1,4011,4011,11208958,0
3019,59201076750,16267375,0,0,1,5120,2880,2393,129,-2647,7369,0,0,0,0,0,-1,62,116876,149122,3,176,0,0,5,388060,0,2,181818,7,10,11,1295,0,149917,33749,0,46,2242,11639000,1,0,0,0,0,0,0,31875,0,0,1,2064,0,0,0,0,0,0,4750,19708,1,50,2,2560,1440,5120,2880,2500,2,2,0,3964,0,1,4012,4012,9983124,0
3020,59218019917,16943167,0,0,1,5120,2880,2393,129,-2647,8935,0,0,0,0,0,-1,72,160669,203958,3,176,0,0,5,387952,0,2,181818,7,11,11,1915,0,189166,37917,0,54,2468,10723458,1,0,0,0,0,0,0,30042,0,0,1,2064,0,0,0,0,0,0,4291,20750,1,50,2,2560,1440,5120,2880,2500,2,2,0,3965,0,1,4013,4013,11395750,0
3021,59234237667,16217750,0,0,1,5120,2880,2393,129,-2647,7213,0,0,0,0,0,-1,61,114379,151958,3,176,0,0,5,387088,0,2,181818,7,10,10,958,0,158833,34376,0,45,2197,11726959,1,0,0,0,0,0,0,23791,0,0,1,2064,0,0,0,0,0,0,4041,16709,1,50,2,2560,1440,5120,2880,2500,2,2,0,3966,0,1,4014,4014,11352625,0
3022,59250497542,16259875,0,0,1,5120,2880,2393,129,-2647,7258,0,0,0,0,0,-1,61,106542,140629,3,176,0,0,5,406204,0,2,181818,7,10,10,1292,0,129042,27249,0,45,2212,12263625,1,0,0,0,0,0,0,29167,0,0,1,2064,0,0,0,0,0,0,4542,18333,1,50,2,2560,1440,5120,2880,2500,2,2,0,3967,0,1,4015,4015,9947583,0
3023,59267772625,17275083,0,0,1,5120,2880,2393,128,-2647,8613,0,0,0,0,0,-1,70,135126,165791,3,176,0,0,5,406636,0,2,181818,7,11,11,791,0,137875,29542,0,52,2426,11428625,1,0,0,0,0,0,0,49250,0,0,1,2064,0,0,0,0,0,0,10125,26709,1,50,2,2560,1440,5120,2880,2500,2,2,0,3968,0,1,4016,4016,11438249,0
3024,59284055917,16283292,0,0,1,5120,2880,2393,128,-2647,7357,0,0,0,0,0,-1,61,102919,135668,3,176,0,0,5,406636,0,2,181818,7,10,10,2125,0,131541,28584,0,45,2245,11895084,1,0,0,0,0,0,0,36458,0,0,1,2064,0,0,0,0,0,0,5834,24084,1,50,2,2560,1440,5120,2880,2500,2,2,0,3969,0,1,4017,4017,9993375,0
3025,59300451125,16395208,0,0,1,5120,2880,2393,128,-2647,7357,0,0,0,0,0,-1,61,102962,118461,3,176,0,0,5,406636,0,2,181818,7,10,10,835,0,125750,28166,0,45,2245,12550042,1,0,0,0,0,0,0,24250,0,0,1,2064,0,0,0,0,0,0,4250,15167,1,50,2,2560,1440,5120,2880,2500,2,2,0,3970,0,1,4018,4018,11435833,0
3026,59317165417,16714292,0,0,1,5120,2880,2393,128,-2647,9053,0,0,0,0,0,-1,71,128299,159618,3,176,0,0,5,406204,0,2,181818,7,11,11,2292,0,184541,27251,0,53,2504,11473250,1,0,0,0,0,0,0,26625,0,0,1,2064,0,0,0,0,0,0,4208,17333,1,50,2,2560,1440,5120,2880,2500,2,2,0,3971,0,1,4019,4019,11494416,0
3027,59333455750,16290333,0,0,1,5120,2880,2393,128,-2647,7357,0,0,0,0,0,-1,61,98918,122913,3,176,0,0,5,406204,0,2,181818,7,10,10,1335,0,128292,29042,0,45,2245,12789334,1,0,0,0,0,0,0,26000,0,0,1,2064,0,0,0,0,0,0,4083,15916,1,50,2,2560,1440,5120,2880,2500,2,2,0,3972,0,1,4020,4020,9977000,0
3028,59349903042,16447292,0,0,1,5120,2880,2393,128,-2647,7357,0,0,0,0,0,-1,61,97584,117995,3,176,0,0,5,406204,0,2,181818,7,10,10,1167,0,126623,27084,0,45,2245,13188583,1,0,0,0,0,0,0,24458,0,0,1,2064,0,0,0,0,0,0,3541,15750,1,50,2,2560,1440,5120,2880,2500,2,2,0,3973,0,1,4021,4021,11446833,0
3029,59366915375,17012333,0,0,1,5120,2880,2393,128,-2647,8676,0,0,0,0,0,-1,70,131245,158832,3,176,0,0,5,406096,0,2,181818,7,11,11,835,0,138874,27249,0,52,2437,12252875,1,0,0,0,0,0,0,43709,0,0,1,2064,0,0,0,0,0,0,6667,27250,1,50,2,2560,1440,5120,2880,2500,2,2,0,3974,0,1,4022,4022,9998583,0
3030,59383290334,16374959,0,0,1,5120,2880,2393,128,-2647,7357,0,0,0,0,0,-1,61,106750,127465,3,176,0,0,5,400048,0,2,181818,7,10,10,709,0,131958,27917,0,45,2245,12923542,1,0,0,0,0,0,0,27000,0,0,1,2064,0,0,0,0,0,0,3250,19458,1,50,2,2560,1440,5120,2880,2500,2,2,0,3975,0,1,4023,4023,11469583,0
3031,59399807834,16517500,0,0,1,5120,2880,2393,128,-2647,7357,0,0,0,0,0,-1,61,92874,105539,3,176,0,0,5,400048,0,2,181818,7,10,10,1209,0,119124,24625,0,45,2245,13445084,1,0,0,0,0,0,0,33000,0,0,1,2064,0,0,0,0,0,0,5417,22583,1,50,2,2560,1440,5120,2880,2500,2,2,0,3976,0,1,4024,4024,11475208,0
3032,59416888000,17080166,0,0,1,5120,2880,2393,128,-2647,8878,0,0,0,0,0,-1,71,123206,148826,3,176,0,0,5,399688,0,2,181818,7,11,11,1042,0,135375,28250,0,53,2469,12312834,1,0,0,0,0,0,0,41958,0,0,1,2064,0,0,0,0,0,0,8250,23708,1,50,2,2560,1440,5120,2880,2500,2,2,0,3977,0,1,4025,4025,11524250,0
3033,59433366875,16478875,0,0,1,5120,2880,2393,128,-2647,7357,0,0,0,0,0,-1,61,106250,123955,3,176,0,0,5,399688,0,2,181818,7,10,10,1293,0,127416,33876,0,45,2245,13045458,1,0,0,0,0,0,0,26125,0,0,1,2064,0,0,0,0,0,0,3750,12042,1,50,2,2560,1440,5120,2880,2500,2,2,0,3978,0,1,4026,4026,11528541,0
3034,59450334459,16967584,0,0,1,5120,2880,2393,128,-2647,7357,0,0,0,0,0,-1,61,107043,136458,3,176,0,0,5,399688,0,2,181818,7,10,10,752,0,126833,28667,0,45,2245,13164875,1,0,0,0,0,0,0,40584,0,0,1,2064,0,0,0,0,0,0,7334,21959,1,50,2,2560,1440,5120,2880,2500,2,2,0,3979,0,1,4027,4027,9912291,0
3035,59467243042,16908583,0,0,1,5120,2880,2393,128,-2647,8566,0,0,0,0,0,-1,70,135169,181787,3,176,0,0,5,399688,0,2,181818,7,11,11,2916,0,174249,28167,0,52,2417,11759250,1,0,0,0,0,0,0,29208,0,0,1,2064,0,0,0,0,0,0,4625,18333,1,50,2,2560,1440,5120,2880,2500,2,2,0,3980,0,1,4028,4028,11602708,0
3036,59483375459,16132417,0,0,1,5120,2880,2393,128,-2647,7357,0,0,0,0,0,-1,61,96043,133537,3,176,0,0,5,399688,0,2,181818,7,10,10,1293,0,126916,26333,0,45,2245,12642583,1,0,0,0,0,0,0,22541,0,0,1,2064,0,0,0,0,0,0,3500,14625,1,50,2,2560,1440,5120,2880,2500,2,2,0,3981,0,1,4029,4029,11539416,0
3037,59499904417,16528958,0,0,1,5120,2880,2393,128,-2647,7357,0,0,0,0,0,-1,61,96873,119542,3,176,0,0,5,405736,0,2,181818,7,10,10,1168,0,125041,27375,0,45,2245,13264791,1,0,0,0,0,0,0,23584,0,0,1,2064,0,0,0,0,0,0,4792,13291,1,50,2,2560,1440,5120,2880,2500,2,2,0,3982,0,1,4030,4030,11594666,0
3038,59516982125,17077708,0,0,1,5120,2880,2393,128,-2647,9048,0,0,0,0,0,-1,71,132038,153083,3,176,0,0,5,405628,0,2,181818,7,11,11,1000,0,137373,29626,0,53,2503,12021166,1,0,0,0,0,0,0,38417,0,0,1,2064,0,0,0,0,0,0,6084,27333,1,50,2,2560,1440,5120,2880,2500,2,2,0,3983,0,1,4031,4031,11616583,0
3039,59533535000,16552875,0,0,1,5120,2880,2393,128,-2647,7357,0,0,0,0,0,-1,61,105501,135755,3,176,0,0,5,405628,0,2,181818,7,10,10,1458,0,121749,28209,0,45,2245,12786500,1,0,0,0,0,0,0,28208,0,0,1,2064,0,0,0,0,0,0,4958,17417,1,50,2,2560,1440,5120,2880,2500,2,2,0,3984,0,1,4032,4032,9926666,0
3040,59550258667,16723667,0,0,1,5120,2880,2393,128,-2647,7423,0,0,0,0,0,-1,61,102082,127125,3,176,0,0,5,399688,0,2,181818,7,10,10,793,0,121874,25792,0,45,2267,12952500,1,0,0,0,0,0,0,33750,0,0,1,2064,0,0,0,0,0,0,6333,21625,1,50,2,2560,1440,5120,2880,2500,2,2,0,3985,0,1,4033,4033,11583000,0
3041,59567240000,16981333,0,0,1,5120,2880,2393,128,-2647,8632,0,0,0,0,0,-1,70,142380,160956,3,176,0,0,5,392272,0,2,181818,7,11,11,2124,0,189875,35667,0,52,2439,11818791,1,0,0,0,0,0,0,28000,0,0,1,2064,0,0,0,0,0,0,4834,15916,1,50,2,2560,1440,5120,2880,2500,2,2,0,3986,0,1,4034,4034,9962874,0
3042,59583832417,16592417,0,0,1,5120,2880,2393,128,-2647,7525,0,0,0,0,0,-1,61,105958,128879,3,176,0,0,5,392380,0,2,181818,7,10,10,1707,0,142999,26750,0,45,2301,12429792,1,0,0,0,0,0,0,31083,0,0,1,2064,0,0,0,0,0,0,2792,20500,1,50,2,2560,1440,5120,2880,2500,2,2,0,3987,0,1,4035,4035,11534874,0
3043,59601087000,17254583,0,0,1,5120,2880,2393,128,-2647,8080,0,0,0,0,0,-1,61,119624,162755,3,176,0,0,5,392272,0,2,181818,7,10,10,1125,0,140042,29416,0,45,2486,12627375,1,0,0,0,0,0,0,66291,0,0,1,2064,0,0,0,0,0,0,14542,40916,1,50,2,2560,1440,5120,2880,2500,2,2,0,3988,0,1,4036,4036,11624250,0
3044,59618222334,17135334,0,0,1,5120,2880,2393,128,-2647,10448,0,0,0,0,0,-1,72,134959,171378,3,176,0,0,5,407248,0,2,181818,7,11,11,6209,0,163292,30793,0,54,2987,10792916,1,0,0,0,0,0,0,26125,0,0,1,2064,0,0,0,0,0,0,8000,13209,1,50,2,2560,1440,5120,2880,2500,2,2,0,3989,0,1,4037,4037,11546374,0
3045,59635280334,17058000,0,0,1,5120,2880,2393,128,-2647,9907,0,0,0,0,0,-1,63,120543,153582,3,176,0,0,5,425932,0,2,181818,7,10,12,58625,0,138376,46917,0,46,3086,11537750,1,0,0,0,0,0,0,22750,0,0,1,2064,0,0,0,0,0,0,4917,12250,1,50,2,2560,1440,5120,2880,2500,2,2,0,3990,0,1,4038,4038,11521125,0
3046,59651556459,16276125,0,0,1,5120,2880,2393,128,-2647,10918,0,0,0,0,0,-1,63,111331,140836,3,176,0,0,5,433996,0,2,181818,7,10,13,53166,0,118208,39457,0,46,3423,10688583,1,0,0,0,0,0,0,14541,0,0,1,2064,0,0,0,0,0,0,2875,8917,1,50,2,2560,1440,5120,2880,2500,2,2,0,3991,0,1,4039,4039,10011166,0
3047,59669087334,17530875,0,0,1,5120,2880,2393,128,-2647,13536,0,0,0,0,0,-1,72,138291,182208,3,176,0,0,5,413980,0,2,181818,7,11,14,52374,0,162043,38998,0,53,4048,10276917,1,0,0,0,0,0,0,22542,0,0,1,2064,0,0,0,0,0,0,5334,13667,1,50,2,2560,1440,5120,2880,2500,2,2,0,3992,0,1,4040,4040,11652500,0
3048,59685913334,16826000,0,0,1,5120,2880,2393,128,-2647,14356,0,0,0,0,0,-1,63,131674,148458,3,176,0,0,5,423052,0,2,181818,7,10,13,49250,0,126790,33250,0,46,4569,10654000,1,0,0,0,0,0,0,28791,0,0,1,2064,0,0,0,0,0,0,4833,17708,1,50,2,2560,1440,5120,2880,2500,2,2,0,3993,0,1,4041,4041,11618833,0
3049,59702687667,16774333,0,0,1,5120,2880,2393,128,-2647,14364,0,0,0,0,0,-1,63,235000,161711,3,176,0,0,5,422944,0,2,181818,7,10,15,134165,0,150791,48583,0,46,4569,10646917,1,0,0,0,0,0,0,24083,0,0,1,2064,0,0,0,0,0,0,4458,14500,1,50,2,2560,1440,5120,2880,2500,2,2,0,3994,0,1,4042,4042,10104250,0
3050,59721131500,18443833,0,0,1,5120,2880,2393,128,-2647,19151,0,0,0,0,0,-1,73,1139373,205952,3,176,0,0,5,416140,0,2,181818,7,11,18,44416,0,171043,40125,0,54,5857,8647208,1,0,0,0,0,0,0,24500,0,0,1,2064,0,0,0,0,0,0,4875,13000,1,50,2,2560,1440,5120,2880,2500,2,2,0,3995,0,1,4043,4043,12003416,0
3051,59739916709,18785209,0,0,1,5120,2880,2393,128,-2647,18045,0,0,0,0,0,-1,63,2464706,152042,3,176,0,0,5,416032,0,2,181818,7,10,15,146668,0,1776541,49708,0,46,5796,8668333,1,0,0,0,0,0,0,46458,0,0,1,2064,0,0,0,0,0,0,11834,24709,1,50,2,2560,1440,5120,2880,2500,2,2,0,3996,0,1,4044,4044,12003416,0
3052,59758993209,19076500,0,0,1,5120,2880,2393,128,-2647,18037,0,0,0,0,0,-1,63,6930003,168330,3,176,0,0,5,416140,0,2,181818,7,10,19,142082,0,5680418,43125,0,46,5796,5966000,1,0,0,0,0,0,0,14416,0,0,1,2064,0,0,0,0,0,0,2958,9375,1,50,2,2560,1440,5120,2880,2500,2,2,0,3997,0,1,4045,4045,10205250,0
3053,59784377125,25383916,0,0,1,5120,2880,2393,128,-2647,19291,0,0,0,0,0,-1,71,554756,140123,3,176,0,0,5,416032,0,2,181818,7,11,16,1375,0,138333,31792,0,53,5973,18930958,1,0,0,0,0,0,0,12250,0,0,1,2064,0,0,0,0,0,0,2250,7791,1,50,2,2560,1440,5120,2880,2500,2,2,0,3998,0,1,4046,4046,11893874,0
3054,59802789584,18412459,0,0,1,5120,2880,2393,128,-2647,18041,0,0,0,0,0,-1,63,138455,160167,3,176,0,0,5,416140,0,2,181818,7,10,13,63791,0,152708,49417,0,46,5796,12113833,1,0,0,0,0,0,0,22250,0,0,1,2064,0,0,0,0,0,0,3792,14084,1,50,2,2560,1440,5120,2880,2500,2,2,0,3999,0,1,4047,4047,10087374,0
3055,59822263084,19473500,0,0,1,5120,2880,2393,128,-2647,19658,0,0,0,0,0,-1,73,2286418,200957,3,176,0,0,5,415924,0,2,181818,7,11,14,54208,0,178915,41707,0,54,6040,8967166,1,0,0,0,0,0,0,30416,0,0,1,2064,0,0,0,0,0,0,3333,20708,1,50,2,2560,1440,5120,2880,2500,2,2,0,4000,0,1,4048,4048,12146791,0
3056,59841055417,18792333,0,0,1,5120,2880,2393,128,-2647,18045,0,0,0,0,0,-1,63,4624124,169583,3,176,0,0,5,416032,0,2,181818,7,10,15,155749,0,3975833,53584,0,46,5796,7576709,1,0,0,0,0,0,0,27458,0,0,1,2064,0,0,0,0,0,0,4583,16917,1,50,2,2560,1440,5120,2880,2500,2,2,0,4001,0,1,4049,4049,12146791,0
3057,59860306042,19250625,0,0,1,5120,2880,2393,128,-2647,18037,0,0,0,0,0,-1,63,8632502,152417,3,176,0,0,5,416032,0,2,181818,7,10,19,136834,0,7274416,44835,0,46,5796,4593083,1,0,0,0,0,0,0,13083,0,0,1,2064,0,0,0,0,0,0,2458,8709,1,50,2,2560,1440,5120,2880,2500,2,2,0,4002,0,1,4050,4050,11992958,0
3058,59884579084,24273042,0,0,1,5120,2880,2393,128,-2647,19256,0,0,0,0,0,-1,71,559669,158833,3,176,0,0,5,416032,0,2,181818,7,11,16,1250,0,147250,27624,0,53,5968,17647666,1,0,0,0,0,0,0,12959,0,0,1,2064,0,0,0,0,0,0,2583,8458,1,50,2,2560,1440,5120,2880,2500,2,2,0,4003,0,1,4051,4051,11903875,0
3059,59902977792,18398708,0,0,1,5120,2880,2393,128,-2647,18041,0,0,0,0,0,-1,63,162379,161121,3,176,0,0,5,416032,0,2,181818,7,10,13,74916,0,151251,50292,0,46,5796,12036208,1,0,0,0,0,0,0,21416,0,0,1,2064,0,0,0,0,0,0,3667,13125,1,50,2,2560,1440,5120,2880,2500,2,2,0,4004,0,1,4052,4052,10073000,0
3060,59922256667,19278875,0,0,1,5120,2880,2393,128,-2646,19578,0,0,0,0,0,-1,73,2411252,189953,3,176,0,0,5,416032,0,2,181818,7,11,14,62706,0,178543,49708,0,54,6024,8942000,1,0,0,0,0,0,0,28375,0,0,1,2064,0,0,0,0,0,0,5166,17375,1,50,2,2560,1440,5120,2880,2500,2,2,0,4005,0,1,4053,4053,12120125,0
3061,59941011709,18755042,0,0,1,5120,2880,2393,128,-2646,18045,0,0,0,0,0,-1,63,4730757,176963,3,176,0,0,5,416032,0,2,181818,7,10,15,137501,0,3806375,44208,0,46,5796,7488417,1,0,0,0,0,0,0,27375,0,0,1,2064,0,0,0,0,0,0,4583,17833,1,50,2,2560,1440,5120,2880,2500,2,2,0,4006,0,1,4054,4054,12120125,0
3062,59967659792,26648083,0,0,1,5120,2880,2393,128,-2646,18047,0,0,0,0,0,-1,62,553835,139041,3,176,0,0,5,416032,0,2,181818,7,10,15,1375,0,123126,30333,0,46,5796,21789708,1,0,0,0,0,0,0,11125,0,0,1,2064,0,0,0,0,0,0,2084,7042,1,50,2,2560,1440,5120,2880,2500,2,2,0,4007,0,1,4055,4055,10043875,0
3063,59986033625,18373833,0,0,1,5120,2880,2393,128,-2646,19356,0,0,0,0,0,-1,72,122959,167878,3,176,0,0,5,415240,0,2,181818,7,11,13,50000,0,190583,34333,0,53,5988,11036083,1,0,0,0,0,0,0,20375,0,0,1,2064,0,0,0,0,0,0,2417,14666,1,50,2,2560,1440,5120,2880,2500,2,2,0,4008,0,1,4056,4056,11905874,0
3064,60004865042,18831417,0,0,1,5120,2880,2393,128,-2646,18045,0,0,0,0,0,-1,63,2205916,163581,3,176,0,0,5,415240,0,2,181818,7,10,15,144458,0,1366876,45626,0,46,5796,10612833,1,0,0,0,0,0,0,25000,0,0,1,2064,0,0,0,0,0,0,3958,16375,1,50,2,2560,1440,5120,2880,2500,2,2,0,4009,0,1,4057,4057,11905874,0
