time_ns,x,y,z,yaw,pitch,regions,light_regions,resets,helper_gpu_ns,effective
233563706514500,2393.020502578278,128.0,-2647.3370247859066,-8.083297,3.7498682,3,0,5,-1,MetalFX temporal
233563731872833,2392.990182008862,128.0,-2647.5505878051163,-8.083297,3.7498682,3,0,5,10808083,MetalFX temporal
233563747637833,2392.990182008862,128.0,-2647.5505878051163,-8.083297,3.7498682,3,0,5,10808083,MetalFX temporal
233563767225291,2392.9598517698037,128.0,-2647.7642189324824,-8.083297,3.7498682,3,0,5,10769375,MetalFX temporal
233563785665666,2392.9598517698037,128.0,-2647.7642189324824,-8.083297,3.7498682,3,0,5,11026083,MetalFX temporal
233563804369916,2392.9598517698037,128.0,-2647.7642189324824,-8.083297,3.7498682,3,0,5,9685375,MetalFX temporal
233563823745583,2392.92951625112,128.0,-2647.9778872469064,-8.083297,3.7498682,3,0,5,10993416,MetalFX temporal
233563841773041,2392.92951625112,128.0,-2647.9778872469064,-8.083297,3.7498682,3,0,5,10877624,MetalFX temporal
233563860328583,2392.92951625112,128.0,-2647.9778872469064,-8.083297,3.7498682,3,0,5,10783874,MetalFX temporal
233563879776000,2392.89917784976,128.0,-2648.191575865467,-8.083297,3.7498682,3,0,5,10844125,MetalFX temporal
233563900218541,2392.89917784976,128.0,-2648.191575865467,-8.083297,3.7498682,3,0,5,10902624,MetalFX temporal
233563917476250,2392.8688378744587,128.0,-2648.4052755700864,-8.083297,3.7498682,3,0,5,10902624,MetalFX temporal
233563935844083,2392.8688378744587,128.0,-2648.4052755700864,-8.083297,3.7498682,3,0,5,11026208,MetalFX temporal
233563954626000,2392.8688378744587,128.0,-2648.4052755700864,-8.083297,3.7498682,3,0,5,10935416,MetalFX temporal
233563974243500,2392.8384970397856,128.0,-2648.618981327695,-8.083297,3.7498682,3,0,5,11000124,MetalFX temporal
233563992411166,2392.8384970397856,128.0,-2648.618981327695,-8.083297,3.7498682,3,0,5,9355291,MetalFX temporal
233564010977875,2392.8384970397856,128.0,-2648.618981327695,-8.083297,3.7498682,3,0,5,10763500,MetalFX temporal
233564030549541,2392.8081557358955,128.0,-2648.8326903902366,-8.083297,3.7498682,3,0,5,10808749,MetalFX temporal
233564050057541,2392.8081557358955,128.0,-2648.8326903902366,-8.083297,3.7498682,3,0,5,10859916,MetalFX temporal
233564068621541,2392.7778141758126,128.0,-2649.0464012572716,-8.083297,3.7498682,3,0,5,10859916,MetalFX temporal
233564087026250,2392.7778141758126,128.0,-2649.0464012572716,-8.083297,3.7498682,3,0,5,9500625,MetalFX temporal
233564105763541,2392.7778141758126,128.0,-2649.0464012572716,-8.083297,3.7498682,3,0,5,10963333,MetalFX temporal
233564125214166,2392.7474724758486,128.0,-2649.26011310956,-8.083297,3.7498682,3,0,5,10876083,MetalFX temporal
233564149292833,2392.7474724758486,128.0,-2649.26011310956,-8.083297,3.7498682,3,0,5,10746375,MetalFX temporal
233564166156166,2392.730905905744,128.0,-2649.376799794463,-8.083297,3.7498682,3,0,5,10746375,MetalFX temporal
233564184419500,2392.730905905744,128.0,-2649.376799794463,-8.083297,3.7498682,3,0,5,9425999,MetalFX temporal
233564203359375,2392.730905905744,128.0,-2649.376799794463,-8.083297,3.7498682,3,0,5,10871250,MetalFX temporal
233564222926333,2392.721860557416,128.0,-2649.44051073182,-8.083297,3.7498682,3,0,5,10970541,MetalFX temporal
233564241143416,2392.721860557416,128.0,-2649.44051073182,-8.083297,3.7498682,3,0,5,10963041,MetalFX temporal
233564266036750,2392.721860557416,128.0,-2649.44051073182,-8.083297,3.7498682,3,0,5,9347583,MetalFX temporal
233564282776750,2392.7169217966557,128.0,-2649.475296907657,-8.083297,3.7498682,3,0,5,9347583,MetalFX temporal
233564301153583,2392.7169217966557,128.0,-2649.475296907657,-8.083297,3.7498682,3,0,5,10899749,MetalFX temporal
233564320901750,2392.7142252329672,128.0,-2649.4942901618706,-8.083297,3.7498682,3,0,5,10905541,MetalFX temporal
233564339202166,2392.7142252329672,128.0,-2649.4942901618706,-8.083297,3.7498682,3,0,5,11106541,MetalFX temporal
233564357968666,2392.7142252329672,128.0,-2649.4942901618706,-8.083297,3.7498682,3,0,5,10792666,MetalFX temporal
233564382830875,2392.712752909022,128.0,-2649.504660479876,-8.083297,3.7498682,3,0,5,10807250,MetalFX temporal
233564400633000,2392.712752909022,128.0,-2649.504660479876,-8.083297,3.7498682,3,0,5,10973875,MetalFX temporal
233564418666291,2392.711949020055,128.0,-2649.5103226741644,-8.083297,3.7498682,3,0,5,10973875,MetalFX temporal
233564437022625,2392.711949020055,128.0,-2649.5103226741644,-7.9332967,3.8998682,3,0,5,11148124,MetalFX temporal
233564455969333,2392.711949020055,128.0,-2649.5103226741644,-7.7832966,4.199868,3,0,5,10969374,MetalFX temporal
233564475568875,2392.7115100966275,128.0,-2649.513414232605,-7.333297,4.4998684,3,0,5,10879624,MetalFX temporal
233564499189750,2392.7115100966275,128.0,-2649.513414232605,-6.883297,4.7998686,3,0,5,9420249,MetalFX temporal
233564517997416,2392.7115100966275,128.0,-2649.513414232605,-5.6832967,5.6998687,3,0,5,11153416,MetalFX temporal
233564534880708,2392.7115100966275,128.0,-2649.513414232605,-5.083297,6.149869,3,0,5,11153416,MetalFX temporal
233564553996125,2392.7115100966275,128.0,-2649.513414232605,-4.633297,6.449869,3,0,5,10907249,MetalFX temporal
233564573789666,2392.7115100966275,128.0,-2649.513414232605,-4.183297,6.7498693,3,0,5,11003624,MetalFX temporal
233564592114750,2392.7115100966275,128.0,-2649.513414232605,-3.8832972,7.0498695,3,0,5,10996000,MetalFX temporal
233564616572708,2392.7115100966275,128.0,-2649.513414232605,-3.5832973,7.3498697,3,0,5,10891958,MetalFX temporal
233564633723125,2392.7115100966275,128.0,-2649.513414232605,-2.983297,7.7998695,3,0,5,10891958,MetalFX temporal
233564652320000,2392.7115100966275,128.0,-2649.513414232605,-2.2332969,8.39987,3,0,5,11055250,MetalFX temporal
233564672333958,2392.7115100966275,128.0,-2649.513414232605,-1.4832968,8.84987,3,0,5,11011999,MetalFX temporal
233564690816625,2392.7115100966275,128.0,-2649.513414232605,-0.73329663,9.29987,4,0,5,11035333,MetalFX temporal
233564709790833,2392.7115100966275,128.0,-2649.513414232605,0.16670346,9.89987,5,0,5,9531624,MetalFX temporal
233564729576708,2392.7112282280355,128.0,-2649.415414632284,0.3167035,10.04987,5,0,5,10962125,MetalFX temporal
233564752021708,2392.7112282280355,128.0,-2649.415414632284,1.9667037,10.79987,5,0,5,11231166,MetalFX temporal
233564769761833,2392.7110743277663,128.0,-2649.3619068442936,2.2667036,10.949869,5,0,5,11231166,MetalFX temporal
233564789027875,2392.7110743277663,128.0,-2649.3619068442936,2.4167037,10.949869,5,0,5,11584249,MetalFX temporal
233564808253166,2392.7110743277663,128.0,-2649.3619068442936,2.5667038,10.949869,5,0,5,10020499,MetalFX temporal
233564828278000,2392.7109902982093,128.0,-2649.3326915886573,2.716704,11.099869,5,0,5,11113166,MetalFX temporal
233564850813750,2392.7109902982093,128.0,-2649.3326915886573,2.716704,11.099869,5,0,5,11017999,MetalFX temporal
233564868128750,2392.710944418066,128.0,-2649.316740057227,2.716704,11.099869,5,0,5,11017999,MetalFX temporal
233564886994875,2392.710944418066,128.0,-2649.316740057227,2.716704,11.099869,5,0,5,11156250,MetalFX temporal
233564906167250,2392.710944418066,128.0,-2649.316740057227,2.716704,11.099869,5,0,5,11190250,MetalFX temporal
233564926095125,2392.704887747596,128.0,-2649.180773366653,2.716704,11.099869,5,0,5,11015124,MetalFX temporal
233564944867875,2392.704887747596,128.0,-2649.180773366653,2.716704,11.099869,5,0,5,10976999,MetalFX temporal
233564967927625,2392.704887747596,128.0,-2649.180773366653,2.716704,11.099869,5,0,5,11682333,MetalFX temporal
233564985630291,2392.695549185226,128.0,-2648.9792783915746,2.716704,11.099869,5,0,5,11682333,MetalFX temporal
233565004698791,2392.695549185226,128.0,-2648.9792783915746,2.716704,11.099869,6,0,5,11357958,MetalFX temporal
233565051233458,2392.684418709671,128.0,-2648.7420049690013,2.716704,11.099869,6,0,5,9510333,MetalFX temporal
233565066742833,2392.6723098494026,128.0,-2648.485196511827,2.716704,11.099869,6,0,5,9565624,MetalFX temporal
233565086021291,2392.6723098494026,128.0,-2648.485196511827,2.716704,11.099869,6,0,5,11344625,MetalFX temporal
233565102627041,2392.6723098494026,128.0,-2648.485196511827,2.716704,11.099869,6,0,5,11344625,MetalFX temporal
233565122555375,2392.6596667910194,128.0,-2648.2177219245214,2.716704,11.099869,6,0,5,11010499,MetalFX temporal
233565141219083,2392.6596667910194,128.0,-2648.2177219245214,2.716704,11.099869,6,0,5,11003624,MetalFX temporal
233565166256833,2392.6596667910194,128.0,-2648.2177219245214,2.716704,11.099869,6,0,5,10956124,MetalFX temporal
233565183559958,2392.6372632702873,128.41999998688698,-2647.744647897924,2.716704,11.099869,6,0,5,10956124,MetalFX temporal
233565202327083,2392.6372632702873,128.41999998688698,-2647.744647897924,2.716704,11.099869,6,0,5,11060291,MetalFX temporal
233565222431333,2392.623824622721,128.7531999805212,-2647.4608980220014,2.416704,11.099869,6,0,5,11057541,MetalFX temporal
233565241125041,2392.623824622721,128.7531999805212,-2647.4608980220014,2.116704,11.099869,6,0,5,11135250,MetalFX temporal
233565260274541,2392.623824622721,128.7531999805212,-2647.4608980220014,1.6667039,11.099869,6,0,5,10897500,MetalFX temporal
233565280616750,2392.6108553693084,129.00133597911216,-2647.1772163793376,0.016703725,11.099869,6,0,5,11143999,MetalFX temporal
233565301223041,2392.6108553693084,129.00133597911216,-2647.1772163793376,-1.3332964,11.099869,5,0,5,11110083,MetalFX temporal
233565320404833,2392.599644468485,129.1661092609382,-2646.8935929926383,-2.5332966,11.099869,5,0,5,11110083,MetalFX temporal
233565339262958,2392.599644468485,129.1661092609382,-2646.8935929926383,-4.333297,10.949869,6,0,5,11311625,MetalFX temporal
233565358718458,2392.599644468485,129.1661092609382,-2646.8935929926383,-6.283297,10.949869,6,0,5,10973374,MetalFX temporal
233565379023458,2392.6097274941503,129.24918707874468,-2646.61923204299,-8.833298,10.949869,6,0,5,11049208,MetalFX temporal
233565403204125,2392.6097274941503,129.24918707874468,-2646.61923204299,-15.733299,10.949869,9,0,5,10933999,MetalFX temporal
233565420920500,2392.6415835644016,129.25220334025371,-2646.356852939875,-19.633299,11.249869,11,0,5,9876416,MetalFX temporal
233565438421750,2392.6415835644016,129.25220334025371,-2646.356852939875,-24.283298,11.699869,13,0,5,9876416,MetalFX temporal
233565467229833,2392.6415835644016,129.25220334025371,-2646.356852939875,-31.783298,12.29987,14,0,5,11000166,MetalFX temporal
233565486246083,2392.6705725891657,129.17675927506423,-2646.118087949159,-40.333298,13.34987,14,0,5,11177249,MetalFX temporal
233565504115291,2392.6705725891657,129.17675927506423,-2646.118087949159,-66.5833,16.199871,15,0,5,11220208,MetalFX temporal
233565521728166,2392.6969526024614,129.02442408821366,-2645.9008118013458,-74.2333,17.399872,17,0,5,11332750,MetalFX temporal
233565537536625,2392.6969526024614,129.02442408821366,-2645.9008118013458,-86.683304,19.499872,19,0,5,11207333,MetalFX temporal
233565553875416,2392.6969526024614,129.02442408821366,-2645.9008118013458,-96.73331,21.449873,19,0,5,11207333,MetalFX temporal
233565571384500,2392.7232550568874,128.79673560066868,-2645.6836255218072,-102.73331,22.649874,18,0,5,11302958,MetalFX temporal
233565587688500,2392.7232550568874,128.79673560066868,-2645.6836255218072,-108.13331,23.699873,17,0,5,11189374,MetalFX temporal
233565604327166,2392.7232550568874,128.79673560066868,-2645.6836255218072,-113.98331,24.599873,17,0,5,11426000,MetalFX temporal
233565634023125,2392.740017443756,128.4952008770059,-2645.4673165036843,-118.333305,25.199873,17,0,5,9778000,MetalFX temporal
233565652224208,2392.740017443756,128.4952008770059,-2645.4673165036843,-118.933304,25.349873,17,0,5,11366000,MetalFX temporal
233565669335916,2392.73811748607,128.1212968405392,-2645.260993226394,-118.933304,25.349873,17,0,5,9782833,MetalFX temporal
233565686284500,2392.73811748607,128.1212968405392,-2645.260993226394,-118.933304,25.349873,17,0,5,11549624,MetalFX temporal
233565703776083,2392.73811748607,128.1212968405392,-2645.260993226394,-118.933304,25.349873,17,0,5,9852499,MetalFX temporal
233565721334875,2392.717169800849,128.0,-2645.0787744322447,-118.933304,25.349873,19,0,5,11915749,MetalFX temporal
233565738485750,2392.717169800849,128.0,-2645.0787744322447,-118.933304,25.349873,21,0,5,11915749,MetalFX temporal
233565767114250,2392.717169800849,128.0,-2645.0787744322447,-118.933304,25.349873,23,0,5,11446041,MetalFX temporal
233565786968333,2392.650697079354,128.0,-2644.998723978865,-118.933304,25.349873,29,0,5,9932291,MetalFX temporal
233565804324125,2392.650697079354,128.0,-2644.998723978865,-118.933304,25.349873,29,0,5,9932291,MetalFX temporal
233565823373333,2392.614402969202,128.0,-2644.955016426243,-118.933304,25.349873,29,0,5,11661875,MetalFX temporal
233565849187416,2392.614402969202,128.0,-2644.955016426243,-118.933304,25.349873,30,0,5,11458083,MetalFX temporal
233565871867791,2392.594586382757,128.0,-2644.93115209974,-118.933304,25.349873,33,0,5,11799458,MetalFX temporal
233565888327958,2392.594586382757,128.0,-2644.93115209974,-119.23331,25.349873,33,0,5,11799458,MetalFX temporal
233565916632833,2392.594586382757,128.0,-2644.93115209974,-122.53331,25.799873,33,0,5,9807499,MetalFX temporal
233565938222833,2392.583766525301,128.0,-2644.9181221759554,-132.28331,27.749874,36,0,5,11778666,MetalFX temporal
233565954729500,2392.583766525301,128.0,-2644.9181221759554,-136.63332,28.499874,35,0,5,10286874,MetalFX temporal
233565975041500,2392.577858882444,128.0,-2644.911007836743,-140.83331,28.799873,39,0,5,12155375,MetalFX temporal
233566001373500,2392.577858882444,128.0,-2644.911007836743,-143.2333,28.799873,40,0,5,11863499,MetalFX temporal
233566125491000,2392.5746333090697,128.0,-2644.9071234070816,-151.6333,28.949873,43,0,5,10216875,MetalFX temporal
233566140346583,2392.6931988255146,128.0,-2645.1266603434374,-158.5333,28.949873,40,0,5,10240708,MetalFX temporal
233566158126625,2392.6931988255146,128.0,-2645.1266603434374,-159.1333,29.099873,40,0,5,10244874,MetalFX temporal
233566184928666,2392.767418783049,128.0,-2645.2910181648335,-159.7333,29.099873,40,0,5,10066083,MetalFX temporal
233566204085958,2392.767418783049,128.0,-2645.2910181648335,-161.08331,29.249872,38,0,5,10216499,MetalFX temporal
233566222765750,2392.8079428845695,128.0,-2645.3807575457395,-161.83331,29.249872,38,0,5,10363291,MetalFX temporal
233566240964791,2392.8079428845695,128.0,-2645.3807575457395,-161.83331,29.249872,39,0,5,9969291,MetalFX temporal
233566267342708,2392.8079428845695,128.0,-2645.3807575457395,-163.4833,29.249872,39,0,5,9930874,MetalFX temporal
233566287281083,2392.83006904657,128.0,-2645.4297552534053,-165.28331,29.399872,39,0,5,10235875,MetalFX temporal
233566305194375,2392.83006904657,128.0,-2645.4297552534053,-166.78331,29.399872,37,0,5,10098875,MetalFX temporal
233566334358291,2392.8712895592694,128.0,-2645.5805307644478,-168.13332,29.549871,37,0,5,9977291,MetalFX temporal
233566353204208,2392.8712895592694,128.0,-2645.5805307644478,-169.78331,29.699871,36,0,5,10081166,MetalFX temporal
233566371841958,2392.9163943861795,128.0,-2645.7882339219327,-170.53331,29.699871,36,0,5,10407249,MetalFX temporal
233566390565333,2392.9163943861795,128.0,-2645.7882339219327,-170.83331,29.699871,38,0,5,9889625,MetalFX temporal
233566417545833,2392.9163943861795,128.0,-2645.7882339219327,-170.9833,29.699871,42,0,5,9956750,MetalFX temporal
233566437108375,2392.992349877816,128.41999998688698,-2646.2249913415562,-171.1333,29.699871,42,0,5,9910875,MetalFX temporal
233566455590791,2392.992349877816,128.41999998688698,-2646.2249913415562,-171.1333,29.699871,42,0,5,9970374,MetalFX temporal
233566475383541,2393.037751061738,128.7531999805212,-2646.488636097529,-171.1333,29.699871,42,0,5,10247041,MetalFX temporal
233566500710125,2393.037751061738,128.7531999805212,-2646.488636097529,-170.6833,29.699871,43,0,5,9935166,MetalFX temporal
233566520868666,2393.0639021424186,129.00133597911216,-2646.7496727983075,-167.6833,29.99987,45,0,5,10181999,MetalFX temporal
233566539651708,2393.0639021424186,129.00133597911216,-2646.7496727983075,-165.1333,30.29987,46,0,5,10024041,MetalFX temporal
233566559184416,2393.0639021424186,129.00133597911216,-2646.7496727983075,-160.6333,30.74987,47,0,5,10227874,MetalFX temporal
233566584066083,2393.069208931172,129.1661092609382,-2646.993716523934,-156.1333,31.199871,49,0,5,9919750,MetalFX temporal
233566603511208,2393.069208931172,129.1661092609382,-2646.993716523934,-147.4333,31.949871,47,0,5,10130249,MetalFX temporal
233566623229666,2393.057520325697,129.24918707874468,-2647.226347284073,-137.8333,32.39987,45,0,5,12160999,MetalFX temporal
233566642739458,2393.057520325697,129.24918707874468,-2647.226347284073,-131.3833,32.549873,44,0,5,11874791,MetalFX temporal
233566666886041,2393.057520325697,129.24918707874468,-2647.226347284073,-122.683304,32.549873,42,0,5,9873874,MetalFX temporal
233566685657416,2393.0363010783963,129.25220334025371,-2647.4545388043025,-107.833305,31.499874,41,0,5,11852374,MetalFX temporal
233566704194875,2393.0363010783963,129.25220334025371,-2647.4545388043025,-100.48331,30.449875,40,0,5,11835833,MetalFX temporal
233566724107000,2393.013426152055,129.17675927506423,-2647.6814660756413,-91.78331,29.399876,37,0,5,9907125,MetalFX temporal
233566749695125,2393.013426152055,129.17675927506423,-2647.6814660756413,-82.93331,28.349876,37,0,5,11460124,MetalFX temporal
233566768893750,2392.9803145772594,129.02442408821366,-2647.903743733409,-61.03331,25.649876,22,0,5,11681416,MetalFX temporal
233566786489000,2392.9803145772594,129.02442408821366,-2647.903743733409,-48.88331,24.149876,18,0,5,11681416,MetalFX temporal
233566805019041,2392.9803145772594,129.02442408821366,-2647.903743733409,-36.583305,22.949875,13,0,5,11653083,MetalFX temporal
233566832624750,2392.938502809906,128.79673560066868,-2648.1217547971823,-25.483303,22.049875,12,0,5,11204625,MetalFX temporal
233566851696416,2392.938502809906,128.79673560066868,-2648.1217547971823,-11.383302,21.749876,6,0,5,11265250,MetalFX temporal
233566869441583,2392.896586107794,128.4952008770059,-2648.3393590419537,-6.583301,21.749876,7,0,5,11265250,MetalFX temporal
233566888593500,2392.896586107794,128.4952008770059,-2648.3393590419537,-5.683301,21.749876,7,0,5,11516875,MetalFX temporal
233566907973250,2392.896586107794,128.4952008770059,-2648.3393590419537,-1.4833007,21.749876,6,0,5,9630875,MetalFX temporal
233566933091875,2392.857934600274,128.1212968405392,-2648.5569722957084,0.16669953,21.599876,6,0,5,11110666,MetalFX temporal
233566950851666,2392.857934600274,128.1212968405392,-2648.5569722957084,1.5166997,21.599876,6,0,5,11282874,MetalFX temporal
233566970458833,2392.8232803058004,128.0,-2648.7745935011376,2.1166997,21.299877,6,0,5,11282874,MetalFX temporal
233566989383166,2392.8232803058004,128.0,-2648.7745935011376,2.2666998,21.299877,6,0,5,11498791,MetalFX temporal
233567008951791,2392.8232803058004,128.0,-2648.7745935011376,2.2666998,21.299877,6,0,5,11080416,MetalFX temporal
233567033643333,2392.7956148910753,128.0,-2649.070552362644,2.2666998,21.299877,6,0,5,11169666,MetalFX temporal
233567050631166,2392.7956148910753,128.0,-2649.070552362644,2.2666998,21.299877,6,0,5,11169666,MetalFX temporal
233567071277541,2392.784379567036,128.0,-2649.3300694786544,2.2666998,21.299877,6,0,5,11312624,MetalFX temporal
233567090301208,2392.784379567036,128.0,-2649.3300694786544,2.2666998,21.299877,6,0,5,11529499,MetalFX temporal
233567115995333,2392.784379567036,128.0,-2649.3300694786544,2.2666998,21.299877,6,0,5,11231541,MetalFX temporal
233567134713333,2392.778245079398,128.0,-2649.4717658404543,2.2666998,21.299877,6,0,5,9583999,MetalFX temporal
233567152841000,2392.778245079398,128.0,-2649.4717658404543,2.2666998,21.299877,6,0,5,9583999,MetalFX temporal
233567173206083,2392.7748956487585,128.0,-2649.5491320629835,2.2666998,21.299877,6,0,5,11261750,MetalFX temporal
233567192244125,2392.7748956487585,128.0,-2649.5491320629835,2.2666998,21.299877,6,0,5,11282916,MetalFX temporal
233567217541000,2392.7748956487585,128.0,-2649.5491320629835,2.2666998,21.299877,6,0,5,11191875,MetalFX temporal
233567235085958,2392.7730668594168,128.0,-2649.591374025391,2.2666998,21.299877,6,0,5,11191875,MetalFX temporal
233567254225500,2392.7730668594168,128.0,-2649.591374025391,2.7166998,21.449877,6,0,5,9467750,MetalFX temporal
233567274610625,2392.7720683403204,128.0,-2649.6144381395443,3.0166998,21.599876,6,0,5,11232999,MetalFX temporal
233567293522458,2392.7720683403204,128.0,-2649.6144381395443,3.1667,21.749876,6,0,5,9419750,MetalFX temporal
233567318321875,2392.7720683403204,128.0,-2649.6144381395443,3.1667,21.749876,6,0,5,11326666,MetalFX temporal
233567335823458,2392.7715231488305,128.0,-2649.627031147335,3.1667,21.749876,6,0,5,11326666,MetalFX temporal
233567354890500,2392.7715231488305,128.0,-2649.627031147335,3.1667,21.749876,6,0,5,11219791,MetalFX temporal
233567375340416,2392.765816339959,128.0,-2649.5360563229674,3.1667,21.749876,6,0,5,11211041,MetalFX temporal
233567400293833,2392.765816339959,128.0,-2649.5360563229674,3.1667,21.749876,6,0,5,11084083,MetalFX temporal
233567418063500,2392.7572912876703,128.0,-2649.3885334556735,3.1667,21.749876,6,0,5,11084083,MetalFX temporal
233567437215333,2392.7572912876703,128.0,-2649.3885334556735,3.1667,21.749876,6,0,5,9593624,MetalFX temporal
233567456797708,2392.7572912876703,128.0,-2649.3885334556735,3.1667,21.749876,6,0,5,11373291,MetalFX temporal
233567477001708,2392.75263660858,128.0,-2649.307985960775,3.1667,21.749876,6,0,5,11235374,MetalFX temporal
233567500638583,2392.75263660858,128.0,-2649.307985960775,3.1667,21.749876,6,0,5,11159208,MetalFX temporal
233567518412625,2392.750095153501,128.0,-2649.2640070234525,3.1667,21.749876,6,0,5,11159208,MetalFX temporal
233567537460958,2392.750095153501,128.0,-2649.2640070234525,3.1667,21.749876,6,0,5,11394749,MetalFX temporal
233567557207333,2392.750095153501,128.0,-2649.2640070234525,3.1667,21.749876,6,0,5,11260500,MetalFX temporal
233567577483958,2392.7416756438556,128.0,-2649.1127887232196,3.1667,21.749876,6,0,5,9488833,MetalFX temporal
233567600928958,2392.7416756438556,128.0,-2649.1127887232196,3.1667,21.749876,6,0,5,11185291,MetalFX temporal
233567618582000,2392.7300467160435,128.0,-2648.903017724037,3.1667,21.749876,6,0,5,11185291,MetalFX temporal
233567637738333,2392.7300467160435,128.0,-2648.903017724037,3.1667,21.749876,6,0,5,11307999,MetalFX temporal
233567657385708,2392.7300467160435,128.0,-2648.903017724037,3.1667,21.749876,6,0,5,11236249,MetalFX temporal
233567677660750,2392.716665445709,128.0,-2648.6612769475146,3.1667,21.749876,6,0,5,11209708,MetalFX temporal
233567701057416,2392.716665445709,128.0,-2648.6612769475146,3.1667,21.749876,6,0,5,9445999,MetalFX temporal
233567718697708,2392.7023273962463,128.0,-2648.402080670537,3.1667,21.749876,6,0,5,9445999,MetalFX temporal
233567737692000,2392.7023273962463,128.0,-2648.402080670537,3.1667,21.749876,6,0,5,11292374,MetalFX temporal
233567757274291,2392.7023273962463,128.0,-2648.402080670537,3.1667,21.749876,7,0,5,11166625,MetalFX temporal
233567777504833,2392.6764278961405,128.41999998688698,-2647.933658578883,3.1667,21.749876,7,0,5,11253708,MetalFX temporal
233567801216958,2392.6764278961405,128.41999998688698,-2647.933658578883,2.2666998,21.749876,6,0,5,11131958,MetalFX temporal
233567818981166,2392.661280569026,128.7531999805212,-2647.6524399635077,1.3666997,21.599876,7,0,5,11131958,MetalFX temporal
233567838321875,2392.661280569026,128.7531999805212,-2647.6524399635077,0.7666996,21.599876,7,0,5,11387333,MetalFX temporal
233567858117708,2392.661280569026,128.7531999805212,-2647.6524399635077,0.016699493,21.599876,7,0,5,9626666,MetalFX temporal
233567878670541,2392.647489172362,129.00133597911216,-2647.3710510184633,-0.8833006,21.599876,7,0,5,11210875,MetalFX temporal
233567901181791,2392.647489172362,129.00133597911216,-2647.3710510184633,-3.883301,21.599876,7,0,5,11194041,MetalFX temporal
233567919119500,2392.63666234666,129.1661092609382,-2647.0895655838654,-5.683301,21.899876,7,0,5,11194041,MetalFX temporal
233567938649625,2392.63666234666,129.1661092609382,-2647.0895655838654,-7.183301,22.049875,9,0,5,11264666,MetalFX temporal
233567958420791,2392.63666234666,129.1661092609382,-2647.0895655838654,-8.983301,22.349874,11,0,5,9533375,MetalFX temporal
233567983847208,2392.6268099349877,129.24918707874468,-2646.833413830999,-11.083302,22.799875,12,0,5,11073875,MetalFX temporal
233568002462916,2392.6268099349877,129.24918707874468,-2646.833413830999,-17.533302,23.999876,14,0,5,11283499,MetalFX temporal
233568021949166,2392.6178442401074,129.25220334025371,-2646.6003157291725,-21.433302,24.449877,15,0,5,11283499,MetalFX temporal
233568049465500,2392.6178442401074,129.25220334025371,-2646.6003157291725,-26.383303,24.749876,13,0,5,11025458,MetalFX temporal
233568069412541,2392.609685457531,129.17675927506423,-2646.388196450397,-41.383305,25.199877,15,0,5,11277749,MetalFX temporal
233568086675125,2392.609685457531,129.17675927506423,-2646.388196450397,-48.883305,25.349876,21,0,5,11277749,MetalFX temporal
233568106041166,2392.609685457531,129.17675927506423,-2646.388196450397,-57.583305,25.499876,21,0,5,11406000,MetalFX temporal
233568133451791,2392.5857159253283,129.02442408821366,-2646.2056744850474,-67.48331,25.799875,29,0,5,9547833,MetalFX temporal
233568152976625,2392.5857159253283,129.02442408821366,-2646.2056744850474,-99.28331,28.049875,37,0,5,11543250,MetalFX temporal
233568172501166,2392.5476664732273,128.79673560066868,-2646.051256563433,-114.733315,29.549875,40,0,5,10254624,MetalFX temporal
233568190617000,2392.5476664732273,128.79673560066868,-2646.051256563433,-116.68331,29.849874,40,0,5,11893833,MetalFX temporal
233568217171541,2392.5476664732273,128.79673560066868,-2646.051256563433,-141.13332,33.299873,44,0,5,11774416,MetalFX temporal
233568237105583,2392.4931558441517,128.4952008770059,-2645.9086004282417,-156.13332,35.849873,46,0,5,10219916,MetalFX temporal
233568255951625,2392.4931558441517,128.4952008770059,-2645.9086004282417,-158.38332,36.14987,46,0,5,10457374,MetalFX temporal
233568284178583,2392.425330208888,128.1212968405392,-2645.7860052912115,-159.88332,36.299873,47,0,5,10291874,MetalFX temporal
233568303570875,2392.425330208888,128.1212968405392,-2645.7860052912115,-160.78331,36.299873,47,0,5,10257208,MetalFX temporal
233568323280000,2392.345101419266,128.0,-2645.6808961477604,-160.78331,36.299873,47,0,5,10351458,MetalFX temporal
233568350171250,2392.345101419266,128.0,-2645.6808961477604,-160.78331,36.299873,47,0,5,10181000,MetalFX temporal
233568370564458,2392.179555916389,128.0,-2645.617508997973,-160.78331,36.299873,47,0,5,10191250,MetalFX temporal
233568389638791,2392.179555916389,128.0,-2645.617508997973,-160.78331,36.299873,47,0,5,10083749,MetalFX temporal
233568409365916,2392.179555916389,128.0,-2645.617508997973,-160.78331,36.299873,47,0,5,10297208,MetalFX temporal
233568434511875,2392.089168061319,128.0,-2645.582899610169,-160.78331,36.299873,47,0,5,10246374,MetalFX temporal
233568453632208,2392.089168061319,128.0,-2645.582899610169,-160.78331,36.299873,47,0,5,10128083,MetalFX temporal
233568473959708,2392.0398162867186,128.0,-2645.564002882233,-160.78331,36.299873,47,0,5,10516250,MetalFX temporal
233568500399166,2392.0398162867186,128.0,-2645.564002882233,-160.78331,36.299873,47,0,5,11918416,MetalFX temporal
233568520468916,2392.012870214657,128.0,-2645.553685267582,-160.78331,36.299873,47,0,5,10192291,MetalFX temporal
233568539717583,2392.012870214657,128.0,-2645.553685267582,-160.78331,36.299873,47,0,5,12022874,MetalFX temporal
233568566825625,2392.012870214657,128.0,-2645.553685267582,-160.78331,36.299873,47,0,5,12006875,MetalFX temporal
233568586585666,2391.9981576576024,128.0,-2645.5480518493277,-160.78331,36.299873,47,0,5,10116124,MetalFX temporal
233568606319250,2391.9981576576024,128.0,-2645.5480518493277,-160.78331,36.299873,47,0,5,10295125,MetalFX temporal
233568634084125,2391.9901246005174,128.0,-2645.544976002604,-160.78331,36.299873,47,0,5,12002875,MetalFX temporal
233568654107041,2391.9901246005174,128.0,-2645.544976002604,-160.78331,36.299873,47,0,5,10166749,MetalFX temporal
233568673649583,2391.98573855084,128.0,-2645.5432965900977,-160.78331,36.299873,47,0,5,10212666,MetalFX temporal
233568700672291,2391.98573855084,128.0,-2645.5432965900977,-160.78331,36.299873,47,0,5,11756499,MetalFX temporal
233568720430166,2392.0180007243493,128.0,-2645.6358338923146,-160.78331,36.299873,47,0,5,10464624,MetalFX temporal
233568740377166,2392.0180007243493,128.0,-2645.6358338923146,-160.78331,36.299873,47,0,5,10128083,MetalFX temporal
233568767578916,2392.0180007243493,128.0,-2645.6358338923146,-160.78331,36.299873,47,0,5,10320083,MetalFX temporal
233568786858208,2392.0356158731315,128.0,-2645.686359265194,-160.78331,36.299873,46,0,5,10153625,MetalFX temporal
233568807229958,2392.0356158731315,128.0,-2645.686359265194,-160.78331,36.299873,46,0,5,10400041,MetalFX temporal
233568827939333,2392.045233745484,128.0,-2645.7139461219904,-160.78331,36.299873,46,0,5,10534250,MetalFX temporal
233568851924458,2392.045233745484,128.0,-2645.7139461219904,-160.78331,36.299873,46,0,5,10042708,MetalFX temporal
233568871761208,2392.092425932605,128.0,-2645.8493070480167,-160.78331,36.299873,46,0,5,10437541,MetalFX temporal
233568891964708,2392.092425932605,128.0,-2645.8493070480167,-160.78331,36.299873,46,0,5,10303124,MetalFX temporal
233568917483125,2392.092425932605,128.0,-2645.8493070480167,-160.78331,36.299873,46,0,5,10412083,MetalFX temporal
233568937411208,2392.1601336979725,128.0,-2646.0435126226776,-160.78331,36.299873,47,0,5,10599083,MetalFX temporal
233568957707666,2392.1601336979725,128.0,-2646.0435126226776,-160.9333,36.299873,47,0,5,10388333,MetalFX temporal
233568983366791,2392.3040538524833,128.41999998688698,-2646.458987239985,-160.9333,36.299873,48,0,5,10310624,MetalFX temporal
233569003317500,2392.3040538524833,128.41999998688698,-2646.458987239985,-161.2333,36.299873,48,0,5,10432499,MetalFX temporal
233569023230416,2392.3908330248605,128.7531999805212,-2646.7099613063324,-161.3833,36.299873,48,0,5,10335875,MetalFX temporal
233569049785916,2392.3908330248605,128.7531999805212,-2646.7099613063324,-161.3833,36.449875,48,0,5,10033333,MetalFX temporal
233569070496958,2392.45122819567,129.00133597911216,-2646.9446063915657,-161.5333,36.449875,48,0,5,10655874,MetalFX temporal
233569089504541,2392.45122819567,129.00133597911216,-2646.9446063915657,-161.5333,36.449875,48,0,5,10255750,MetalFX temporal
233569117169916,2392.45122819567,129.00133597911216,-2646.9446063915657,-161.3833,36.899876,48,0,5,9967749,MetalFX temporal
233569137423583,2392.48761392436,129.1661092609382,-2647.164392103557,-155.9833,39.149876,50,0,5,12082208,MetalFX temporal
233569157101958,2392.48761392436,129.1661092609382,-2647.164392103557,-149.3833,40.499874,50,0,5,12375000,MetalFX temporal
233569183598666,2392.5038576867655,129.24918707874468,-2647.3743798824157,-142.1833,41.099873,49,0,5,10102750,MetalFX temporal
233569202853041,2392.5038576867655,129.24918707874468,-2647.3743798824157,-122.9833,41.39987,42,0,5,12333958,MetalFX temporal
233569223143708,2392.507970049522,129.25220334025371,-2647.5819102562614,-112.033295,41.39987,41,0,5,12386999,MetalFX temporal
233569242664416,2392.507970049522,129.25220334025371,-2647.5819102562614,-94.63329,41.24987,37,0,5,10079375,MetalFX temporal
233569267498500,2392.507970049522,129.25220334025371,-2647.5819102562614,-80.08329,41.09987,37,0,5,12005875,MetalFX temporal
233569286494250,2392.500216760031,129.17675927506423,-2647.7871287032294,-54.583286,41.09987,30,0,5,12056416,MetalFX temporal
233569305643625,2392.500216760031,129.17675927506423,-2647.7871287032294,-39.733284,41.699867,20,0,5,12056416,MetalFX temporal
233569325871416,2392.4949966695362,129.02442408821366,-2647.9937921510777,-29.533283,42.299866,18,0,5,10067666,MetalFX temporal
233569350641583,2392.4949966695362,129.02442408821366,-2647.9937921510777,-23.083282,42.599865,16,0,5,9664500,MetalFX temporal
233569369508666,2392.4977113503755,128.79673560066868,-2648.2004097769736,-14.8332815,42.599865,15,0,5,11787791,MetalFX temporal
233569388715625,2392.4977113503755,128.79673560066868,-2648.2004097769736,-11.533281,42.599865,15,0,5,11787791,MetalFX temporal
233569408068416,2392.4977113503755,128.79673560066868,-2648.2004097769736,-9.283281,42.299866,11,0,5,9886874,MetalFX temporal
233569433649083,2392.497021717718,128.4952008770059,-2648.407775108082,-8.0832815,41.999866,11,0,5,11514458,MetalFX temporal
233569451621750,2392.497021717718,128.4952008770059,-2648.407775108082,-6.883281,41.399868,12,0,5,11685041,MetalFX temporal
233569472326250,2392.494045265576,128.1212968405392,-2648.6159360837314,-6.883281,41.399868,12,0,5,11685041,MetalFX temporal
233569491334250,2392.494045265576,128.1212968405392,-2648.6159360837314,-6.883281,41.399868,12,0,5,11829125,MetalFX temporal
233569517220791,2392.494045265576,128.1212968405392,-2648.6159360837314,-6.883281,41.399868,12,0,5,11473791,MetalFX temporal
233569535623416,2392.4889878076433,128.0,-2648.824821095933,-6.883281,41.399868,12,0,5,11473791,MetalFX temporal
233569554780708,2392.4889878076433,128.0,-2648.824821095933,-6.883281,41.399868,12,0,5,11584541,MetalFX temporal
233569575850125,2392.4726410883263,128.0,-2649.112199060649,-6.883281,41.399868,12,0,5,11560541,MetalFX temporal
233569600653833,2392.4726410883263,128.0,-2649.112199060649,-6.883281,41.399868,12,0,5,11413458,MetalFX temporal
233569619949875,2392.451971346077,128.0,-2649.366400045743,-6.883281,41.399868,12,0,5,9822000,MetalFX temporal
233569639070166,2392.451971346077,128.0,-2649.366400045743,-6.883281,41.399868,12,0,5,9822000,MetalFX temporal
233569666604208,2392.451971346077,128.0,-2649.366400045743,-6.883281,41.399868,12,0,5,9514708,MetalFX temporal
233569685337541,2392.4406856654978,128.0,-2649.5051937997255,-6.883281,41.399868,12,0,5,11626249,MetalFX temporal
233569704157916,2392.4406856654978,128.0,-2649.5051937997255,-6.883281,41.399868,12,0,5,11626249,MetalFX temporal
233569732853666,2392.434523683186,128.0,-2649.580975198202,-6.883281,41.399868,12,0,5,11575458,MetalFX temporal
233569751954333,2392.434523683186,128.0,-2649.580975198202,-5.683281,40.199867,12,0,5,11697458,MetalFX temporal
233569771516666,2392.431159240453,128.0,-2649.6223518465763,-4.4832807,38.999866,12,0,5,11697458,MetalFX temporal
233569790657416,2392.431159240453,128.0,-2649.6223518465763,-3.8832805,38.249866,12,0,5,11826625,MetalFX temporal
233569816894083,2392.431159240453,128.0,-2649.6223518465763,-3.1332803,37.049866,11,0,5,11536916,MetalFX temporal
233569835421958,2392.429322254507,128.0,-2649.644943499213,-2.2332802,34.799866,10,0,5,11636083,MetalFX temporal
233569854393000,2392.429322254507,128.0,-2649.644943499213,-1.9332801,33.749866,10,0,5,11636083,MetalFX temporal
233569882830416,2392.4316165048904,128.0,-2649.55933434113,-1.9332801,33.749866,10,0,5,11323249,MetalFX temporal
233569901681375,2392.4316165048904,128.0,-2649.55933434113,-1.9332801,33.749866,9,0,5,9603874,MetalFX temporal
233569921368416,2392.4361664105713,128.0,-2649.414647533533,-1.9332801,33.749866,9,0,5,9603874,MetalFX temporal
233569940339708,2392.4361664105713,128.0,-2649.414647533533,-1.9332801,33.749866,9,0,5,11662208,MetalFX temporal
233569966324000,2392.4361664105713,128.0,-2649.414647533533,-1.9332801,33.749866,9,0,5,11340249,MetalFX temporal
233569984828583,2392.4386506593614,128.0,-2649.335648527409,-1.9332801,33.749866,9,0,5,11444666,MetalFX temporal
233570003667291,2392.4386506593614,128.0,-2649.335648527409,-1.9332801,33.749866,9,0,5,11444666,MetalFX temporal
233570032555750,2392.4400070593583,128.0,-2649.292515065055,-1.9332801,33.749866,9,0,5,11415624,MetalFX temporal
233570051124708,2392.4400070593583,128.0,-2649.292515065055,-1.9332801,33.749866,9,0,5,11455874,MetalFX temporal
233570071102916,2392.445034072387,128.0,-2649.1416367214356,-1.9332801,33.749866,9,0,5,11455874,MetalFX temporal
233570090639250,2392.445034072387,128.0,-2649.1416367214356,-1.9332801,33.749866,9,0,5,12013375,MetalFX temporal
233570116780958,2392.445034072387,128.0,-2649.1416367214356,-1.9332801,33.749866,9,0,5,11396333,MetalFX temporal
233570135351750,2392.4520652403635,128.0,-2648.9319296658123,-1.9332801,33.749866,10,0,5,9699624,MetalFX temporal
233570154303583,2392.4520652403635,128.0,-2648.9319296658123,-1.9332801,33.749866,11,0,5,9699624,MetalFX temporal
233570182773791,2392.4601906770686,128.0,-2648.690102129704,-1.9332801,33.749866,11,0,5,9605833,MetalFX temporal
233570201551500,2392.4601906770686,128.0,-2648.690102129704,-1.9332801,33.749866,12,0,5,11478125,MetalFX temporal
233570221472166,2392.468913584569,128.0,-2648.4307368092136,-1.9332801,33.749866,12,0,5,11478125,MetalFX temporal
233570240661833,2392.468913584569,128.0,-2648.4307368092136,-1.9332801,33.749866,12,0,5,11738708,MetalFX temporal
233570267002958,2392.468913584569,128.0,-2648.4307368092136,-1.9332801,33.749866,12,0,5,11386124,MetalFX temporal
233570285640916,2392.4846917820037,128.41999998688698,-2647.9619097379727,-1.9332801,33.749866,12,0,5,11606958,MetalFX temporal
233570304624041,2392.4846917820037,128.41999998688698,-2647.9619097379727,-2.5332801,33.749866,12,0,5,11606958,MetalFX temporal
233570333103333,2392.4944324726425,128.7531999805212,-2647.680475118788,-3.2832804,33.599865,12,0,5,11270708,MetalFX temporal
233570352864875,2392.4944324726425,128.7531999805212,-2647.680475118788,-4.7832804,33.599865,12,0,5,11492958,MetalFX temporal
233570372129250,2392.505419329922,129.00133597911216,-2647.3989783965294,-5.9832807,33.599865,14,0,5,11492958,MetalFX temporal
233570399242625,2392.505419329922,129.00133597911216,-2647.3989783965294,-7.183281,33.599865,15,0,5,11222041,MetalFX temporal
233570419368291,2392.495971282792,129.1661092609382,-2647.1403667759673,-10.483281,33.599865,14,0,5,9844000,MetalFX temporal
233570437705333,2392.495971282792,129.1661092609382,-2647.1403667759673,-12.133282,33.749866,16,0,5,9844000,MetalFX temporal
233570466547083,2392.495971282792,129.1661092609382,-2647.1403667759673,-14.0832815,33.749866,15,0,5,9612750,MetalFX temporal
233570485688666,2392.4683627752997,129.24918707874468,-2646.9002623146257,-19.333282,34.049866,16,0,5,11411750,MetalFX temporal
233570504111625,2392.4683627752997,129.24918707874468,-2646.9002623146257,-23.083282,34.199867,15,0,5,11411750,MetalFX temporal
233570532903125,2392.4355548025833,129.25220334025371,-2646.699797391264,-26.233282,34.34987,15,0,5,11423749,MetalFX temporal
233570552782250,2392.4355548025833,129.25220334025371,-2646.699797391264,-33.283283,34.79987,13,0,5,11635916,MetalFX temporal
233570571169125,2392.3949435375516,129.17675927506423,-2646.533758275317,-36.883286,34.94987,16,0,5,11697250,MetalFX temporal
233570589715833,2392.3949435375516,129.17675927506423,-2646.533758275317,-40.483284,35.099873,18,0,5,11697250,MetalFX temporal
233570616260375,2392.3949435375516,129.17675927506423,-2646.533758275317,-43.933285,35.099873,20,0,5,9606125,MetalFX temporal
233570635814208,2392.3583602309227,129.02442408821366,-2646.402658237099,-56.083286,35.249874,29,0,5,11561916,MetalFX temporal
233570654911000,2392.3583602309227,129.02442408821366,-2646.402658237099,-64.78329,35.699875,32,0,5,11561916,MetalFX temporal
233570675345083,2392.3182997153035,128.79673560066868,-2646.302175844914,-76.48329,36.299873,37,0,5,11836458,MetalFX temporal
233570700198416,2392.3182997153035,128.79673560066868,-2646.302175844914,-93.13329,37.349873,37,0,5,11745291,MetalFX temporal
233570720521791,2392.2622739051117,128.4952008770059,-2646.209666296352,-130.0333,39.89987,43,0,6,10077500,MetalFX temporal
233570737740208,2392.2622739051117,128.4952008770059,-2646.209666296352,-132.5833,40.049873,43,0,6,10323874,MetalFX temporal
233570757197833,2392.2622739051117,128.4952008770059,-2646.209666296352,-149.2333,41.849873,50,0,6,12248083,MetalFX temporal
233570783694875,2392.201264011682,128.1212968405392,-2646.1086412508666,-153.1333,42.14987,50,0,6,10222208,MetalFX temporal
233570803952583,2392.201264011682,128.1212968405392,-2646.1086412508666,-155.8333,42.299873,48,0,6,10543000,MetalFX temporal
233570823515791,2392.1377199016792,128.0,-2645.9988266877917,-155.8333,42.299873,48,0,6,10522041,MetalFX temporal
233570850599333,2392.1377199016792,128.0,-2645.9988266877917,-155.8333,42.299873,48,0,6,10145541,MetalFX temporal
233570870717625,2392.07989475991,128.0,-2645.8988954325137,-155.8333,42.299873,48,0,6,10307666,MetalFX temporal
233570890237958,2392.07989475991,128.0,-2645.8988954325137,-155.8333,42.299873,48,0,6,10361499,MetalFX temporal
233570917284166,2392.07989475991,128.0,-2645.8988954325137,-155.8333,42.299873,48,0,6,10302208,MetalFX temporal
233570937004125,2392.048322228837,128.0,-2645.8443329607944,-155.8333,42.299873,48,0,6,10250541,MetalFX temporal
233570956962791,2392.048322228837,128.0,-2645.8443329607944,-155.8333,42.299873,48,0,6,10393500,MetalFX temporal
233570983457833,2392.031083624869,128.0,-2645.814541847775,-155.8333,42.299873,48,0,6,10417125,MetalFX temporal
233571003020083,2392.031083624869,128.0,-2645.814541847775,-155.8333,42.299873,48,0,6,10222208,MetalFX temporal
233571023386416,2392.021671346009,128.0,-2645.7982758981775,-155.8333,42.299873,48,0,6,10620333,MetalFX temporal
233571050103416,2392.021671346009,128.0,-2645.7982758981775,-155.8333,42.449875,48,0,6,10268124,MetalFX temporal
233571070710083,2392.0165322411544,128.0,-2645.7893946886657,-158.23329,42.449875,48,0,6,10285750,MetalFX temporal
233571090187083,2392.0165322411544,128.0,-2645.7893946886657,-161.5333,41.549873,46,0,6,10192041,MetalFX temporal
233571118085833,2392.0165322411544,128.0,-2645.7893946886657,-164.0833,40.199875,45,0,6,10413666,MetalFX temporal
233571137569625,2392.013726289578,128.0,-2645.784545547709,-171.4333,35.099873,41,0,6,10098291,MetalFX temporal
233571157526625,2392.013726289578,128.0,-2645.784545547709,-173.6833,32.69987,40,0,6,9989749,MetalFX temporal
233571184131291,2392.012194239839,128.0,-2645.781897916439,-174.5833,31.649872,40,0,6,10002499,MetalFX temporal
233571203939958,2392.012194239839,128.0,-2645.781897916439,-175.48329,29.849873,40,0,6,9939083,MetalFX temporal
233571223400125,2392.0199188240285,128.0,-2645.8795930121164,-175.48329,29.699873,40,0,6,10025708,MetalFX temporal
233571250331208,2392.0199188240285,128.0,-2645.8795930121164,-175.48329,29.549873,40,0,6,9818749,MetalFX temporal
233571270488416,2392.031861031675,128.0,-2646.0306296362296,-175.48329,29.549873,40,0,6,9971250,MetalFX temporal
233571289552041,2392.031861031675,128.0,-2646.0306296362296,-175.48329,29.549873,40,0,6,9867374,MetalFX temporal
233571317223666,2392.031861031675,128.0,-2646.0306296362296,-175.48329,29.549873,40,0,6,9886499,MetalFX temporal
233571336889916,2392.0383814778074,128.0,-2646.113095642574,-175.48329,29.549873,40,0,6,9864999,MetalFX temporal
233571356242916,2392.0383814778074,128.0,-2646.113095642574,-175.48329,29.549873,40,0,6,10224249,MetalFX temporal
233571383640500,2392.0519836018884,128.0,-2646.2851257196558,-175.48329,29.549873,40,0,6,9902874,MetalFX temporal
233571403047000,2392.0519836018884,128.0,-2646.2851257196558,-175.48329,29.549873,40,0,6,10206624,MetalFX temporal
233571422733666,2392.0852167795656,128.41999998688698,-2646.7054355244695,-175.48329,29.549873,40,0,6,10302333,MetalFX temporal
233571450166958,2392.0852167795656,128.41999998688698,-2646.7054355244695,-175.48329,29.549873,40,0,6,9745791,MetalFX temporal
233571470518750,2392.105370488442,128.7531999805212,-2646.960325427756,-174.5833,29.849873,41,0,6,10049000,MetalFX temporal
233571489257708,2392.105370488442,128.7531999805212,-2646.960325427756,-174.1333,30.149872,41,0,6,11686416,MetalFX temporal
233571509637583,2392.105370488442,128.7531999805212,-2646.960325427756,-169.6333,32.69987,43,0,6,11739499,MetalFX temporal
233571535242708,2392.1089356332855,129.00133597911216,-2647.213669337508,-165.4333,34.64987,45,0,6,9943666,MetalFX temporal
233571554944958,2392.1089356332855,129.00133597911216,-2647.213669337508,-151.3333,38.69987,50,0,6,12142749,MetalFX temporal
233571575726041,2392.1048690044718,129.1661092609382,-2647.4691632607382,-142.48329,40.19987,50,0,6,10824124,MetalFX temporal
233571601060791,2392.1048690044718,129.1661092609382,-2647.4691632607382,-130.93329,41.849873,46,0,6,10081666,MetalFX temporal
233571621174500,2392.1030139234385,129.24918707874468,-2647.7275971495656,-105.28329,45.14987,43,0,7,12421124,MetalFX temporal
233571639226750,2392.1030139234385,129.24918707874468,-2647.7275971495656,-92.83328,46.19987,41,0,7,10182333,MetalFX temporal
233571667334916,2392.1030139234385,129.24918707874468,-2647.7275971495656,-82.18328,46.79987,37,0,7,9945958,MetalFX temporal
233571688198208,2392.1220384286994,129.25220334025371,-2647.9784872524656,-63.733276,46.94987,36,0,7,12143583,MetalFX temporal
233571707247166,2392.1220384286994,129.25220334025371,-2647.9784872524656,-57.133274,46.94987,35,0,7,12146125,MetalFX temporal
233571733896166,2392.1647688562343,129.17675927506423,-2648.2122616406627,-51.28327,46.94987,34,0,7,9892416,MetalFX temporal
233571754300125,2392.1647688562343,129.17675927506423,-2648.2122616406627,-38.83327,46.94987,33,0,7,12206708,MetalFX temporal
233571774669333,2392.218920706545,129.02442408821366,-2648.4372860850863,-34.33327,46.94987,32,0,7,12231416,MetalFX temporal
233571801212458,2392.218920706545,129.02442408821366,-2648.4372860850863,-32.53327,46.94987,31,0,7,9980750,MetalFX temporal
233571820492708,2392.2847227418547,128.79673560066868,-2648.6525982109615,-27.433271,45.74987,25,0,7,12197374,MetalFX temporal
233571840547250,2392.2847227418547,128.79673560066868,-2648.6525982109615,-27.433271,45.74987,23,0,7,12197374,MetalFX temporal
233571867273000,2392.2847227418547,128.79673560066868,-2648.6525982109615,-27.433271,45.74987,21,0,7,11674333,MetalFX temporal
233571886297041,2392.3506384333396,128.4952008770059,-2648.867598903121,-27.433271,45.74987,21,0,7,11931999,MetalFX temporal
233571906782708,2392.3506384333396,128.4952008770059,-2648.867598903121,-27.433271,45.74987,21,0,7,11931999,MetalFX temporal
233571933964750,2392.4166575519466,128.1212968405392,-2649.0823161905905,-27.433271,45.74987,19,0,7,12113500,MetalFX temporal
233571952430875,2392.4166575519466,128.1212968405392,-2649.0823161905905,-27.433271,45.74987,19,0,7,11922500,MetalFX temporal
233571973339166,2392.4827707892377,128.0,-2649.296775579785,-27.433271,45.74987,19,0,7,11922500,MetalFX temporal
233572000031416,2392.4827707892377,128.0,-2649.296775579785,-27.433271,45.74987,19,0,7,11612875,MetalFX temporal
233572019927583,2392.5731130261665,128.0,-2649.587266892958,-27.433271,45.74987,19,0,7,11924249,MetalFX temporal
233572039103083,2392.5731130261665,128.0,-2649.587266892958,-27.433271,45.74987,19,0,7,11924249,MetalFX temporal
233572066505250,2392.5731130261665,128.0,-2649.587266892958,-27.433271,45.74987,19,0,7,11673250,MetalFX temporal
233572085893333,2392.577290417921,128.0,-2649.8328508711443,-20.833271,44.39987,17,0,7,11903750,MetalFX temporal
233572104445458,2392.577290417921,128.0,-2649.8328508711443,-11.53327,41.849873,15,0,7,11903750,MetalFX temporal
233572132726041,2392.5599826825505,128.0,-2650.0629601874552,-0.58326817,39.599873,11,0,7,11601500,MetalFX temporal
233572152879125,2392.5599826825505,128.0,-2650.0629601874552,17.566734,36.89987,10,0,7,9806874,MetalFX temporal
233572171512291,2392.5505326579405,128.0,-2650.1885998887547,27.316736,35.99987,10,0,7,9806874,MetalFX temporal
233572190702916,2392.5505326579405,128.0,-2650.1885998887547,33.616737,35.54987,11,0,7,12106833,MetalFX temporal
233572237451250,2392.5505326579405,128.0,-2650.1885998887547,36.916737,35.399868,10,0,7,10409000,MetalFX temporal
233572254861916,2392.545372943904,128.0,-2650.257199173632,40.51674,35.09987,11,0,7,10409000,MetalFX temporal
233572275258166,2392.542555739713,128.0,-2650.294654387526,40.51674,35.09987,11,0,7,11949541,MetalFX temporal
233572301401666,2392.542555739713,128.0,-2650.294654387526,40.81674,35.09987,12,0,7,11727125,MetalFX temporal
233572319475750,2392.541017546046,128.0,-2650.315104936687,40.81674,35.09987,12,0,7,11727125,MetalFX temporal
233572339938500,2392.541017546046,128.0,-2650.315104936687,40.81674,35.09987,12,0,7,10226041,MetalFX temporal
233572360642541,2392.541017546046,128.0,-2650.315104936687,40.81674,35.09987,12,0,7,12164041,MetalFX temporal
233572382286666,2392.5401776922063,127.92159999847412,-2650.326270937826,40.81674,35.09987,12,0,7,11926791,MetalFX temporal
233572402815041,2392.5401776922063,127.92159999847412,-2650.326270937826,40.81674,35.09987,12,0,7,11944333,MetalFX temporal
233572424899416,2392.5269084088795,127.76636799395752,-2650.317533648068,40.81674,35.09987,12,0,7,11999874,MetalFX temporal
233572445272500,2392.5269084088795,127.76636799395752,-2650.317533648068,40.81674,35.09987,12,0,7,12069999,MetalFX temporal
233572468161833,2392.5269084088795,127.76636799395752,-2650.317533648068,40.81674,35.09987,12,0,7,9684000,MetalFX temporal
233572488013666,2392.5020226376273,127.53584062504456,-2650.300000011921,40.81674,35.09987,12,0,7,9684000,MetalFX temporal
233572508309125,2392.5020226376273,127.53584062504456,-2650.300000011921,40.81674,35.09987,12,0,7,11850416,MetalFX temporal
233572529910000,2392.479376585135,127.23152379758702,-2650.300000011921,40.81674,35.09987,12,0,7,11685499,MetalFX temporal
233572551680500,2392.479376585135,127.23152379758702,-2650.300000011921,40.81674,35.09987,12,0,7,11836499,MetalFX temporal
233572572128791,2392.458768676773,127.0,-2650.300000011921,40.81674,35.09987,12,0,7,11836499,MetalFX temporal
233572592271833,2392.458768676773,127.0,-2650.300000011921,40.81674,35.09987,12,0,7,9535124,MetalFX temporal
233572617819833,2392.458768676773,127.0,-2650.300000011921,40.81674,35.09987,12,0,7,9678500,MetalFX temporal
233572636718833,2392.356745771271,127.0,-2650.300000011921,40.81674,35.09987,12,0,7,9678500,MetalFX temporal
233572657049583,2392.356745771271,127.0,-2650.300000011921,40.366737,35.09987,11,0,7,11760124,MetalFX temporal
233572678659250,2392.2375727124477,127.0,-2650.300000011921,39.616737,34.79987,11,0,7,11715374,MetalFX temporal
233572701666541,2392.2375727124477,127.0,-2650.300000011921,35.416737,33.44987,12,0,7,11677458,MetalFX temporal
233572721405541,2392.115714542711,127.0,-2650.300000011921,32.716736,32.69987,12,0,7,11677458,MetalFX temporal
233572741321375,2392.115714542711,127.0,-2650.300000011921,29.566736,31.799871,11,0,7,9506875,MetalFX temporal
233572767858916,2392.115714542711,127.0,-2650.300000011921,27.616735,31.199871,11,0,7,9517291,MetalFX temporal
233572786581375,2392.0037555364743,127.41999998688698,-2650.300000011921,23.566734,29.549871,9,0,7,9517291,MetalFX temporal
233572806448500,2392.0037555364743,127.41999998688698,-2650.300000011921,22.366734,28.949871,9,0,7,11807583,MetalFX temporal
233572827801666,2391.935168740145,127.7531999805212,-2650.300000011921,21.316734,28.199871,9,0,7,11468124,MetalFX temporal
233572851853166,2391.935168740145,127.7531999805212,-2650.300000011921,19.216734,26.84987,9,0,7,11492999,MetalFX temporal
233572870172291,2391.8663040932142,128.00133597911216,-2650.281491932994,17.566734,26.09987,8,0,7,11492999,MetalFX temporal
233572889668625,2391.8663040932142,128.00133597911216,-2650.281491932994,14.116734,24.449871,8,0,7,9583250,MetalFX temporal
233572909500083,2391.8663040932142,128.00133597911216,-2650.281491932994,11.416733,23.549871,8,0,7,11386000,MetalFX temporal
233572934138791,2391.7997582177386,128.1661092609382,-2650.2454372671837,0.016731262,20.09987,6,0,7,11246375,MetalFX temporal
233572951804041,2391.7997582177386,128.1661092609382,-2650.2454372671837,-16.333271,15.74987,8,0,7,11298333,MetalFX temporal
233572971191791,2391.7567492329163,128.24918707874468,-2650.2030329798713,-20.833271,14.849871,10,0,7,11298333,MetalFX temporal
233572989601791,2391.7567492329163,128.24918707874468,-2650.2030329798713,-23.383272,14.399871,10,0,7,11265000,MetalFX temporal
233573008622416,2391.7567492329163,128.24918707874468,-2650.2030329798713,-26.833273,13.7998705,12,0,7,10941250,MetalFX temporal
233573033536750,2391.736612999939,128.25220334025371,-2650.1582084803545,-26.983273,13.7998705,12,0,7,10976083,MetalFX temporal
233573051988375,2391.736612999939,128.25220334025371,-2650.1582084803545,-27.583273,13.649871,12,0,7,9690250,MetalFX temporal
233573069638708,2391.765994555362,128.3267592810247,-2650.1024520412584,-27.583273,13.649871,12,0,7,9690250,MetalFX temporal
233573088133208,2391.765994555362,128.3267592810247,-2650.1024520412584,-27.583273,13.649871,12,0,7,11260875,MetalFX temporal
233573107006375,2391.765994555362,128.3267592810247,-2650.1024520412584,-27.583273,13.649871,12,0,7,11063624,MetalFX temporal
233573132597750,2391.8404372995274,128.52149285144773,-2650.0367475368585,-27.433273,13.649871,12,0,7,10980124,MetalFX temporal
233573151523041,2391.8404372995274,128.52149285144773,-2650.0367475368585,-26.983273,14.099871,13,0,7,11091666,MetalFX temporal
233573170371916,2391.955726739249,128.78833299966203,-2649.9614925374794,-26.683273,14.399871,13,0,7,11427624,MetalFX temporal
233573187993458,2391.955726739249,128.78833299966203,-2649.9614925374794,-26.233273,14.999871,13,0,7,11427624,MetalFX temporal
233573216751125,2391.955726739249,128.78833299966203,-2649.9614925374794,-25.633272,15.599872,13,0,7,11009874,MetalFX temporal
233573235640958,2392.107808804406,129.0984370945511,-2649.876429501101,-22.933271,19.049871,12,0,7,11119625,MetalFX temporal
233573253797125,2392.107808804406,129.0984370945511,-2649.876429501101,-20.083271,22.199871,14,0,7,11119625,MetalFX temporal
233573273807750,2392.2915482749827,129.28449955148452,-2649.7779580615033,-16.78327,25.799871,14,0,7,11396124,MetalFX temporal
233573299578291,2392.2915482749827,129.28449955148452,-2649.7779580615033,-16.33327,26.249872,15,0,7,11024458,MetalFX temporal
233573319730708,2392.472529456317,129.39613702564458,-2649.641327398626,-8.983269,32.099873,14,0,7,11422125,MetalFX temporal
233573337303541,2392.472529456317,129.39613702564458,-2649.641327398626,-7.7832685,32.849873,14,0,7,11422125,MetalFX temporal
233573357491833,2392.472529456317,129.39613702564458,-2649.641327398626,-6.7332683,33.299873,13,0,7,11515958,MetalFX temporal
233573383846125,2392.6372223360772,129.46311951014061,-2649.516993491824,-6.1332684,33.449875,12,0,7,9477125,MetalFX temporal
233573402080791,2392.6372223360772,129.46311951014061,-2649.516993491824,-5.3832684,33.599876,12,0,7,11520083,MetalFX temporal
233573422939416,2392.787092860978,129.50330900083824,-2649.4038496333733,-4.9332685,33.599876,12,0,7,11520083,MetalFX temporal
233573442097916,2392.787092860978,129.50330900083824,-2649.4038496333733,-4.4832687,33.749878,12,0,7,9845000,MetalFX temporal
233573467996916,2392.787092860978,129.50330900083824,-2649.4038496333733,-3.8832686,33.749878,12,0,7,11435458,MetalFX temporal
233573486410208,2392.923475042569,129.5274226952568,-2649.300888719216,-1.6332684,34.049877,12,0,7,11435458,MetalFX temporal
233573506178750,2392.923475042569,129.5274226952568,-2649.300888719216,0.016731858,34.349876,12,0,7,11527249,MetalFX temporal
233573533046916,2393.047568737944,129.54189091190796,-2649.1581942858693,1.6667321,34.649876,12,0,7,11370708,MetalFX temporal
233573552308541,2393.047568737944,129.54189091190796,-2649.1581942858693,4.2167325,35.099876,11,0,7,11607874,MetalFX temporal
233573572264458,2393.156894025516,129.55057184189863,-2648.9794747673573,4.9667325,35.249878,11,0,7,11607874,MetalFX temporal
233573599922375,2393.156894025516,129.55057184189863,-2648.9794747673573,5.7167325,35.249878,11,0,7,11408541,MetalFX temporal
233573620091125,2393.2515024027134,129.55578039989305,-2648.7680833721256,6.3167324,35.39988,11,0,7,9810416,MetalFX temporal
233573638700333,2393.2515024027134,129.55578039989305,-2648.7680833721256,6.4667325,35.54988,11,0,7,9810416,MetalFX temporal
233573666641791,2393.2515024027134,129.55578039989305,-2648.7680833721256,6.4667325,35.54988,11,0,7,11498333,MetalFX temporal
233573685668833,2393.3375960284443,129.5589055346897,-2648.575717196921,6.4667325,35.54988,11,0,7,11578625,MetalFX temporal
233573705067125,2393.3375960284443,129.5589055346897,-2648.575717196921,6.4667325,35.54988,11,0,7,11578625,MetalFX temporal
233573733211458,2393.4159412301174,129.5589055346897,-2648.4006639724394,6.4667325,35.54988,11,0,7,11432416,MetalFX temporal
233573751968625,2393.4159412301174,129.5589055346897,-2648.4006639724394,6.4667325,35.54988,11,0,7,11633833,MetalFX temporal
233573772417791,2393.4762001609347,129.70890554065016,-2648.143988815518,6.4667325,35.54988,10,0,7,11633833,MetalFX temporal
233573799722583,2393.4762001609347,129.70890554065016,-2648.143988815518,6.4667325,35.54988,10,0,7,11385500,MetalFX temporal
233573819742916,2393.5310357895587,129.9489055501869,-2647.9104144159874,6.4667325,35.54988,11,0,7,11583999,MetalFX temporal
233573838293666,2393.5310357895587,129.9489055501869,-2647.9104144159874,6.4667325,35.54988,11,0,7,11583999,MetalFX temporal
233573858916416,2393.5310357895587,129.9489055501869,-2647.9104144159874,6.4667325,35.54988,12,0,7,11489458,MetalFX temporal
233573884416250,2393.580936213045,130.2429055618694,-2647.697861706289,6.4667325,35.54988,12,0,7,11533125,MetalFX temporal
233573902352125,2393.580936213045,130.2429055618694,-2647.697861706289,6.4667325,35.54988,11,0,7,11533125,MetalFX temporal
233573924182708,2393.626345599726,130.4193055688789,-2647.5044387348894,6.4667325,35.54988,11,0,7,11612291,MetalFX temporal
233573949649666,2393.626345599726,130.4193055688789,-2647.5044387348894,6.4667325,35.54988,11,0,7,11413958,MetalFX temporal
233573969469875,2393.6676681427966,130.52514557308461,-2647.328423825843,6.4667325,35.54988,11,0,7,9785375,MetalFX temporal
233573988536833,2393.6676681427966,130.52514557308461,-2647.328423825843,6.4667325,35.54988,10,0,7,9785375,MetalFX temporal
233574016440125,2393.6676681427966,130.52514557308461,-2647.328423825843,6.4667325,35.54988,10,0,7,11492416,MetalFX temporal
233574035221666,2393.7052716580747,130.55046877769905,-2647.1682502539943,6.4667325,35.54988,10,0,7,11633666,MetalFX temporal
233574054910708,2393.7052716580747,130.55046877769905,-2647.1682502539943,6.4667325,35.54988,10,0,7,11633666,MetalFX temporal
233574076203166,2393.739490857964,130.49688551717833,-2647.0224922994116,6.4667325,35.54988,10,0,7,11446624,MetalFX temporal
233574101051791,2393.739490857964,130.49688551717833,-2647.0224922994116,6.4667325,35.54988,9,0,7,11432750,MetalFX temporal
233574119778166,2393.7706303307605,130.3659739193201,-2646.8898525569184,6.4667325,35.54988,9,0,7,11432750,MetalFX temporal
233574139586916,2393.7706303307605,130.3659739193201,-2646.8898525569184,6.4667325,35.54988,9,0,7,9867624,MetalFX temporal
233574159891416,2393.7706303307605,130.3659739193201,-2646.8898525569184,6.4667325,35.54988,9,0,7,11471874,MetalFX temporal
233574184661250,2393.798967251822,130.15928054939624,-2646.769150387771,6.4667325,35.54988,9,0,7,11539125,MetalFX temporal
233574202512125,2393.798967251822,130.15928054939624,-2646.769150387771,6.4667325,35.699883,9,0,7,11539125,MetalFX temporal
233574223962083,2393.824753850731,129.87832104140261,-2646.6593114106813,6.4667325,35.699883,9,0,7,11589250,MetalFX temporal
233574243670625,2393.824753850731,129.87832104140261,-2646.6593114106813,6.4667325,35.849884,9,0,7,11646291,MetalFX temporal
233574268297666,2393.824753850731,129.87832104140261,-2646.6593114106813,6.3167324,35.999886,9,0,7,9688499,MetalFX temporal
233574286813500,2393.8503744085588,129.5245807166841,-2646.57883913564,6.016732,36.149887,9,0,7,9688499,MetalFX temporal
233574306241291,2393.8503744085588,129.5245807166841,-2646.57883913564,6.016732,36.149887,9,0,7,11588624,MetalFX temporal
233574326870000,2393.875742982781,129.09951519018705,-2646.5251014553423,5.866732,36.29989,9,0,7,9731375,MetalFX temporal
233574351201041,2393.875742982781,129.09951519018705,-2646.5251014553423,5.866732,36.29989,9,0,7,11464458,MetalFX temporal
233574369258791,2393.9008317879984,128.60455096458656,-2646.4956975082505,5.416732,36.44989,9,0,7,11464458,MetalFX temporal
233574388675000,2393.9008317879984,128.60455096458656,-2646.4956975082505,4.816732,36.74989,9,0,7,11733041,MetalFX temporal
233574408499000,2393.9008317879984,128.60455096458656,-2646.4956975082505,4.3667316,37.04989,9,0,7,11511750,MetalFX temporal
233574434167666,2393.92515318721,128.0410860125315,-2646.488483153756,2.4167314,37.79989,10,0,7,11393499,MetalFX temporal
233574451950166,2393.92515318721,128.0410860125315,-2646.488483153756,-1.483269,39.149887,11,0,7,11393499,MetalFX temporal
233574472582333,2393.9467783536315,128.0,-2646.5015114762828,-5.2332697,40.349888,10,0,7,9681750,MetalFX temporal
233574499736083,2393.9467783536315,128.0,-2646.5015114762828,-8.233271,41.399887,10,0,7,11347250,MetalFX temporal
233574519587958,2393.8863550380242,128.0,-2646.5732284328515,-16.933271,44.999886,16,0,7,11650416,MetalFX temporal
233574537647958,2393.8863550380242,128.0,-2646.5732284328515,-22.033272,47.549885,17,0,7,11650416,MetalFX temporal
233574557349166,2393.8863550380242,128.0,-2646.5732284328515,-27.283272,50.249886,21,0,7,11674583,MetalFX temporal
233574583528458,2393.766267292954,128.0,-2646.567470079326,-30.433271,51.899887,22,0,7,11920499,MetalFX temporal
233574602883541,2393.766267292954,128.0,-2646.567470079326,-32.983273,53.399887,26,0,7,11940708,MetalFX temporal
233574622300083,2393.6184970366785,128.0,-2646.510978708659,-33.433273,54.149887,28,0,7,10182375,MetalFX temporal
233574641168166,2393.6184970366785,128.0,-2646.510978708659,-33.28327,55.349888,29,0,7,11755999,MetalFX temporal
233574666773083,2393.6184970366785,128.0,-2646.510978708659,-29.833271,57.899887,29,0,7,9866791,MetalFX temporal
233574684235208,2393.452801835308,128.0,-2646.43138959025,-19.18327,62.699886,28,0,7,11454333,MetalFX temporal
233574700181333,2393.452801835308,128.0,-2646.43138959025,-13.633268,64.04989,24,0,7,11229499,MetalFX temporal
233574716595875,2393.267093770905,128.0,-2646.3648425546685,-7.0332675,64.34989,19,0,7,9824500,MetalFX temporal
233574733181333,2393.267093770905,128.0,-2646.3648425546685,-1.1832666,64.04989,17,0,7,11086458,MetalFX temporal
233574749850416,2393.267093770905,128.0,-2646.3648425546685,3.3167338,62.099888,14,0,7,9684416,MetalFX temporal
233574767195791,2393.1600347448466,128.0,-2646.2306715902,6.016734,60.599888,13,0,7,11121250,MetalFX temporal
233574783387125,2393.1600347448466,128.0,-2646.2306715902,6.466734,60.449886,13,0,7,9731250,MetalFX temporal
233574801181875,2393.1600347448466,128.0,-2646.2306715902,9.166735,58.649887,12,0,7,11271875,MetalFX temporal
233574817878041,2393.0859753069158,128.0,-2646.0606646692645,9.6167345,58.199886,12,0,7,11444250,MetalFX temporal
233574835057625,2393.0859753069158,128.0,-2646.0606646692645,9.916735,57.599888,11,0,7,11322041,MetalFX temporal
233574850655166,2393.0859753069158,128.0,-2646.0606646692645,9.916735,57.599888,11,0,7,11322041,MetalFX temporal
233574869288250,2393.0455388491087,128.0,-2645.967840879652,9.916735,57.599888,11,0,7,11439124,MetalFX temporal
233574885916458,2393.0455388491087,128.0,-2645.967840879652,9.916735,57.599888,11,0,7,11502624,MetalFX temporal
233574903399958,2393.0455388491087,128.0,-2645.967840879652,9.916735,57.599888,11,0,7,11319625,MetalFX temporal
233574922133375,2393.0234605405817,128.0,-2645.9171590846368,9.916735,57.599888,11,0,7,11457458,MetalFX temporal
233574938666250,2393.0234605405817,128.0,-2645.9171590846368,9.916735,57.599888,11,0,7,11592083,MetalFX temporal
233574955984208,2393.0234605405817,128.0,-2645.9171590846368,9.916735,57.599888,11,0,7,11309875,MetalFX temporal
233574982727041,2392.9894688036197,128.0,-2645.7639896821115,9.916735,57.599888,11,0,7,9624416,MetalFX temporal
233575000556166,2392.9894688036197,128.0,-2645.7639896821115,9.916735,57.599888,11,0,7,11331749,MetalFX temporal
233575017626041,2392.9489723339766,128.0,-2645.554862039386,9.916735,57.599888,11,0,7,9741624,MetalFX temporal
233575033861458,2392.9489723339766,128.0,-2645.554862039386,9.916735,57.599888,12,0,7,11365000,MetalFX temporal
233575051418666,2392.9489723339766,128.0,-2645.554862039386,9.916735,57.599888,13,0,7,11365000,MetalFX temporal
233575070598708,2392.9049242798774,128.0,-2645.3151811939624,9.916735,57.599888,14,0,7,10077499,MetalFX temporal
233575088348000,2392.9049242798774,128.0,-2645.3151811939624,9.916735,57.599888,14,0,7,11869625,MetalFX temporal
233575116503291,2392.9049242798774,128.0,-2645.3151811939624,10.3667345,57.599888,14,0,7,11727125,MetalFX temporal
233575136062333,2392.8808740395457,128.0,-2645.184315437161,21.766735,56.099888,15,0,7,12030124,MetalFX temporal
233575156923666,2392.8808740395457,128.0,-2645.184315437161,32.416737,54.74989,19,0,7,12030124,MetalFX temporal
233575184619208,2392.8677426067993,128.0,-2645.1128627256476,49.366737,53.099888,19,0,7,9753749,MetalFX temporal
233575204656416,2392.8677426067993,128.0,-2645.1128627256476,95.26674,51.599888,22,0,8,9753749,MetalFX temporal
233575225849875,2392.851584477609,128.0,-2644.9762626074785,118.81674,51.599888,28,0,8,10727583,MetalFX temporal
233575256467500,2392.851584477609,128.0,-2644.9762626074785,137.71674,52.49989,38,0,8,10260083,MetalFX temporal
233575276274833,2392.7702626082196,128.0,-2644.835740939218,159.31674,54.14989,41,0,8,10362666,MetalFX temporal
233575301543291,2392.7702626082196,128.0,-2644.835740939218,162.01674,54.14989,41,0,8,10077125,MetalFX temporal
233575321015083,2392.7258608623756,128.0,-2644.759016099436,169.36674,54.14989,44,0,8,10544124,MetalFX temporal
233575341076416,2392.7258608623756,128.0,-2644.759016099436,170.41675,54.14989,44,0,8,10374625,MetalFX temporal
233575367378916,2392.7258608623756,128.0,-2644.759016099436,170.41675,54.14989,44,0,8,10190000,MetalFX temporal
233575386819166,2392.701617506329,128.0,-2644.717124332049,170.41675,54.14989,44,0,8,10447791,MetalFX temporal
233575406922041,2392.701617506329,128.0,-2644.717124332049,170.41675,54.14989,44,0,8,10188541,MetalFX temporal
233575433162333,2392.68838063239,128.0,-2644.694251424399,170.41675,54.14989,44,0,8,10300374,MetalFX temporal
233575453026125,2392.68838063239,128.0,-2644.694251424399,170.41675,54.14989,44,0,8,10320166,MetalFX temporal
233575472673958,2392.6811532983797,127.92159999847412,-2644.6817628153717,170.41675,54.14989,44,0,8,10664500,MetalFX temporal
233575492564208,2392.6811532983797,127.92159999847412,-2644.6817628153717,170.41675,54.14989,44,0,8,10173416,MetalFX temporal
233575517514041,2392.6811532983797,127.92159999847412,-2644.6817628153717,170.41675,54.14989,44,0,8,10164583,MetalFX temporal
233575536750166,2392.677207173552,127.76636799395752,-2644.674944034051,170.41675,54.14989,44,0,8,10497458,MetalFX temporal
233575556471375,2392.677207173552,127.76636799395752,-2644.674944034051,173.41675,54.14989,44,0,8,10439500,MetalFX temporal
233575583802708,2392.6736161998547,127.53584062504456,-2644.66873894287,180.16675,52.64989,43,0,8,10125041,MetalFX temporal
233575603138583,2392.6736161998547,127.53584062504456,-2644.66873894287,194.86674,48.44989,44,0,8,10260749,MetalFX temporal
233575623762583,2392.6703484136965,127.23152379758702,-2644.6630923097323,199.06674,46.94989,47,0,8,10614416,MetalFX temporal
233575650639833,2392.6703484136965,127.23152379758702,-2644.6630923097323,200.71674,46.34989,47,0,8,10295874,MetalFX temporal
233575670526083,2392.6673747282066,127.0,-2644.657953873429,201.61673,45.59989,47,0,8,10378500,MetalFX temporal
233575690935291,2392.6673747282066,127.0,-2644.657953873429,201.76672,45.44989,47,0,8,10073875,MetalFX temporal
233575717292625,2392.6673747282066,127.0,-2644.657953873429,200.71672,43.34989,46,0,8,10318666,MetalFX temporal
233575737020541,2392.6993327632963,127.0,-2644.699999988079,195.91672,40.049892,43,0,8,10253874,MetalFX temporal
233575767449041,2392.6993327632963,127.0,-2644.699999988079,192.31671,38.249893,41,0,8,9905374,MetalFX temporal
233575786746833,2392.699999988079,127.0,-2644.699999988079,188.56671,36.899895,40,0,8,10333249,MetalFX temporal
233575806854416,2392.699999988079,127.0,-2644.699999988079,187.06671,36.449894,40,0,8,10111749,MetalFX temporal
233575833381250,2392.699999988079,127.0,-2644.699999988079,186.31671,36.149895,40,0,8,9795041,MetalFX temporal
233575852633500,2392.699999988079,127.0,-2644.699999988079,186.01671,36.149895,40,0,8,10030416,MetalFX temporal
233575872992833,2392.699999988079,127.0,-2644.699999988079,186.01671,36.149895,40,0,8,10397999,MetalFX temporal
233575900156250,2392.699999988079,127.0,-2644.699999988079,186.01671,35.999893,40,0,8,9933249,MetalFX temporal
233575919990458,2392.699999988079,127.0,-2644.699999988079,186.01671,35.999893,40,0,8,10062874,MetalFX temporal
233575939862416,2392.699999988079,127.0,-2644.699999988079,186.01671,35.84989,40,0,8,10166208,MetalFX temporal
233575959756333,2392.699999988079,127.0,-2644.699999988079,186.01671,35.549892,40,0,8,10226625,MetalFX temporal
233575984118416,2392.699999988079,127.41999998688698,-2644.699999988079,186.1667,35.39989,40,0,8,9766250,MetalFX temporal
233576003243000,2392.699999988079,127.41999998688698,-2644.699999988079,186.1667,35.39989,40,0,8,10078749,MetalFX temporal
233576023387833,2392.699999988079,127.7531999805212,-2644.699999988079,186.1667,35.39989,40,0,8,10270375,MetalFX temporal
233576050109083,2392.699999988079,127.7531999805212,-2644.699999988079,186.1667,35.39989,40,0,8,10048958,MetalFX temporal
233576070328208,2392.7021043041973,128.00133597911216,-2644.7194866980467,186.1667,35.39989,40,0,8,10044124,MetalFX temporal
233576089380666,2392.7021043041973,128.00133597911216,-2644.7194866980467,186.1667,35.39989,40,0,8,10125250,MetalFX temporal
233576116833541,2392.7021043041973,128.00133597911216,-2644.7194866980467,186.1667,35.39989,40,0,8,10167750,MetalFX temporal
233576136294583,2392.7195979657085,128.1661092609382,-2644.7497616526675,186.1667,35.39989,40,0,8,9972250,MetalFX temporal
233576156228833,2392.7195979657085,128.1661092609382,-2644.7497616526675,186.1667,35.39989,40,0,8,10163875,MetalFX temporal
233576184102041,2392.737621514261,128.24918707874468,-2644.796798572134,186.1667,35.39989,40,0,8,10149166,MetalFX temporal
233576203196083,2392.737621514261,128.24918707874468,-2644.796798572134,186.1667,35.39989,40,0,8,10012583,MetalFX temporal
233576223270875,2392.756127260034,128.25220334025371,-2644.8590888800495,186.1667,35.39989,40,0,8,10085333,MetalFX temporal
233576250436375,2392.756127260034,128.25220334025371,-2644.8590888800495,186.1667,35.39989,40,0,8,10120041,MetalFX temporal
233576270040791,2392.7750718052916,128.17675927506423,-2644.935259771854,186.1667,35.39989,40,0,8,10236250,MetalFX temporal
233576290096166,2392.7750718052916,128.17675927506423,-2644.935259771854,186.1667,35.39989,40,0,8,9996375,MetalFX temporal
233576317309916,2392.7750718052916,128.17675927506423,-2644.935259771854,186.1667,35.39989,40,0,8,10233041,MetalFX temporal
233576336551833,2392.794415658091,128.02442408821366,-2645.024061995361,186.1667,35.39989,40,0,8,10337999,MetalFX temporal
233576356528791,2392.794415658091,128.02442408821366,-2645.024061995361,186.1667,35.39989,40,0,8,9998041,MetalFX temporal
233576376800875,2392.8120185646458,128.0,-2645.1048720210815,186.1667,35.39989,39,0,8,10323624,MetalFX temporal
233576401063208,2392.8120185646458,128.0,-2645.1048720210815,186.1667,35.39989,39,0,8,10013874,MetalFX temporal
233576420599000,2392.828037210072,128.0,-2645.1784091466066,186.1667,35.39989,39,0,8,10106749,MetalFX temporal
233576440731541,2392.828037210072,128.0,-2645.1784091466066,186.1667,35.39989,39,0,8,9921999,MetalFX temporal
233576467074000,2392.828037210072,128.0,-2645.1784091466066,186.1667,35.39989,39,0,8,10171125,MetalFX temporal
233576486374166,2392.836783391491,128.0,-2645.218560421807,186.1667,35.39989,39,0,8,9994208,MetalFX temporal
233576506556916,2392.836783391491,128.0,-2645.218560421807,186.1667,35.39989,39,0,8,10026958,MetalFX temporal
233576533325666,2392.8520803880833,128.0,-2645.3379165740803,186.1667,35.39989,39,0,8,10200375,MetalFX temporal
233576552469416,2392.8520803880833,128.0,-2645.3379165740803,186.1667,35.39989,39,0,8,10298125,MetalFX temporal
233576572934916,2392.860432549193,128.0,-2645.403085040791,186.1667,35.39989,39,0,8,10127041,MetalFX temporal
233576600192625,2392.860432549193,128.0,-2645.403085040791,186.1667,35.39989,39,0,8,9916791,MetalFX temporal
233576620056458,2392.8649928296886,128.0,-2645.438667027748,185.5667,35.39989,39,0,8,10417583,MetalFX temporal
233576639554916,2392.8649928296886,128.0,-2645.438667027748,184.8167,35.09989,37,0,8,10184999,MetalFX temporal
233576667250208,2392.8649928296886,128.0,-2645.438667027748,183.6167,34.19989,37,0,8,9895708,MetalFX temporal
233576686392541,2392.8755144380325,128.0,-2645.585241384996,181.0667,31.649889,37,0,8,11944833,MetalFX temporal
233576706096083,2392.8755144380325,128.0,-2645.585241384996,180.6167,31.049889,37,0,8,11685958,MetalFX temporal
233576734058291,2392.8826272147976,128.0,-2645.792663662716,180.6167,31.049889,37,0,8,9740458,MetalFX temporal
233576753101791,2392.8826272147976,128.0,-2645.792663662716,180.6167,31.049889,38,0,8,11737250,MetalFX temporal
233576773030916,2392.8878787693043,128.0,-2646.033308908873,180.6167,31.049889,38,0,8,11900375,MetalFX temporal
233576800669333,2392.8878787693043,128.0,-2646.033308908873,180.6167,31.049889,38,0,8,9777833,MetalFX temporal
233576819940000,2392.894261628222,128.41999998688698,-2646.492082370365,180.6167,31.049889,38,0,8,11772041,MetalFX temporal
233576839358791,2392.894261628222,128.41999998688698,-2646.492082370365,180.6167,31.049889,38,0,8,11605791,MetalFX temporal
233576867472875,2392.894261628222,128.41999998688698,-2646.492082370365,180.6167,31.049889,38,0,8,9757749,MetalFX temporal
233576886381875,2392.9173455398404,128.7531999805212,-2646.742362251311,180.6167,31.049889,39,0,8,11676249,MetalFX temporal
233576906034791,2392.9173455398404,128.7531999805212,-2646.742362251311,180.3167,31.049889,39,0,8,11600124,MetalFX temporal
233576934558416,2392.957951606731,129.00133597911216,-2646.9700098398635,174.6167,32.54989,41,0,8,9797208,MetalFX temporal
233576954097333,2392.957951606731,129.00133597911216,-2646.9700098398635,157.8167,37.49989,37,0,8,10056458,MetalFX temporal
233576975254291,2393.013051886286,129.1661092609382,-2647.184570678275,145.66669,40.49989,33,0,8,12222541,MetalFX temporal
233577000910125,2393.013051886286,129.1661092609382,-2647.184570678275,132.7667,43.49989,27,0,8,12115000,MetalFX temporal
233577020993041,2393.083177915026,129.24918707874468,-2647.3806012616337,109.06669,49.04989,23,0,8,12472625,MetalFX temporal
233577042110583,2393.083177915026,129.24918707874468,-2647.3806012616337,98.116684,52.49989,22,0,8,12472625,MetalFX temporal
233577068880500,2393.083177915026,129.24918707874468,-2647.3806012616337,89.56668,55.19989,21,0,8,9980708,MetalFX temporal
233577088098333,2393.161027219518,129.25220334025371,-2647.5732379379738,80.116684,59.09989,21,0,8,9980708,MetalFX temporal
233577106110750,2393.161027219518,129.25220334025371,-2647.5732379379738,76.21668,60.89989,21,0,8,12245833,MetalFX temporal
233577132759833,2393.2509053116473,129.17675927506423,-2647.753208535208,73.06668,62.39989,21,0,8,11753375,MetalFX temporal
233577149935083,2393.2509053116473,129.17675927506423,-2647.753208535208,64.366684,66.59989,21,0,8,9909000,MetalFX temporal
233577166892666,2393.3503648826945,129.02442408821366,-2647.9254619523613,56.116684,69.74989,23,0,8,11476749,MetalFX temporal
233577183513166,2393.3503648826945,129.02442408821366,-2647.9254619523613,52.216682,70.7999,23,0,8,9886250,MetalFX temporal
233577199974541,2393.3503648826945,129.02442408821366,-2647.9254619523613,45.466682,71.99989,24,0,8,11235875,MetalFX temporal
233577216618250,2393.4608724439204,128.79673560066868,-2648.0820515006403,39.61668,72.2999,25,0,8,9930791,MetalFX temporal
233577233243583,2393.4608724439204,128.79673560066868,-2648.0820515006403,33.91668,72.2999,24,0,8,11346874,MetalFX temporal
233577249973208,2393.4608724439204,128.79673560066868,-2648.0820515006403,28.966679,72.2999,23,0,8,9858499,MetalFX temporal
233577266874458,2393.580656231612,128.4952008770059,-2648.2300723304743,26.266678,71.99989,23,0,8,11373999,MetalFX temporal
233577283325583,2393.580656231612,128.4952008770059,-2648.2300723304743,24.616678,71.5499,23,0,8,11177041,MetalFX temporal
233577300034791,2393.580656231612,128.4952008770059,-2648.2300723304743,23.266678,70.7999,22,0,8,11192458,MetalFX temporal
233577317088625,2393.708237422326,128.1212968405392,-2648.372178044248,22.816677,69.74989,20,0,8,11252249,MetalFX temporal
233577333074083,2393.708237422326,128.1212968405392,-2648.372178044248,22.666677,69.44989,20,0,8,11138333,MetalFX temporal
233577349497958,2393.708237422326,128.1212968405392,-2648.372178044248,22.666677,69.44989,20,0,8,11099666,MetalFX temporal
233577366319166,2393.8428358345286,128.0,-2648.509094738224,22.666677,69.44989,20,0,8,11161458,MetalFX temporal
233577382577291,2393.8428358345286,128.0,-2648.509094738224,22.666677,69.44989,20,0,8,11134125,MetalFX temporal
233577398928958,2393.8428358345286,128.0,-2648.509094738224,22.666677,69.44989,20,0,8,10990249,MetalFX temporal
233577415865541,2394.0030836273477,128.0,-2648.7241208893943,22.666677,69.44989,20,0,8,10995166,MetalFX temporal
233577432605916,2394.0030836273477,128.0,-2648.7241208893943,22.666677,69.44989,20,0,8,11092375,MetalFX temporal
233577449086125,2394.0030836273477,128.0,-2648.7241208893943,22.666677,69.44989,20,0,8,11033000,MetalFX temporal
233577466135583,2394.0905789323897,128.0,-2648.84152518157,22.666677,69.44989,20,0,8,11074749,MetalFX temporal
233577482772000,2394.0905789323897,128.0,-2648.84152518157,22.666677,69.44989,20,0,8,11115166,MetalFX temporal
233577499367041,2394.0905789323897,128.0,-2648.84152518157,22.666677,69.44989,20,0,8,11124291,MetalFX temporal
233577516229708,2394.1383513744913,128.0,-2648.9056279325437,22.666677,69.44989,20,0,8,9703499,MetalFX temporal
233577533166000,2394.1383513744913,128.0,-2648.9056279325437,22.666677,69.44989,20,0,8,11113791,MetalFX temporal
233577549241458,2394.1383513744913,128.0,-2648.9056279325437,22.666677,69.29989,20,0,8,9722208,MetalFX temporal
233577566000166,2394.1644351309087,128.0,-2648.9406280386406,22.666677,68.09989,20,0,8,11223250,MetalFX temporal
233577582841625,2394.1644351309087,128.0,-2648.9406280386406,22.666677,66.44989,19,0,8,9742166,MetalFX temporal
233577599597250,2394.1644351309087,128.0,-2648.9406280386406,22.666677,64.19989,16,0,8,11063458,MetalFX temporal
233577617067000,2394.1786768635666,128.0,-2648.9597380987893,22.666677,61.64989,15,0,8,9688375,MetalFX temporal
233577633139666,2394.1786768635666,128.0,-2648.9597380987893,22.816677,61.19989,15,0,8,11272124,MetalFX temporal
233577650708875,2394.1786768635666,128.0,-2648.9597380987893,22.966677,57.74989,14,0,8,9747041,MetalFX temporal
233577667833291,2394.1482219391246,128.0,-2648.879936952739,22.966677,56.24989,14,0,8,11600249,MetalFX temporal
233577685554000,2394.1482219391246,128.0,-2648.879936952739,22.966677,55.19989,14,0,8,11600249,MetalFX temporal
233577704946416,2394.1482219391246,128.0,-2648.879936952739,22.966677,54.14989,13,0,8,9822666,MetalFX temporal
233577725075958,2394.093362637071,128.0,-2648.7461302818315,22.966677,53.69989,12,0,8,11779083,MetalFX temporal
233577750003833,2394.093362637071,128.0,-2648.7461302818315,22.966677,53.54989,12,0,8,11707041,MetalFX temporal
233577769023291,2394.063409454671,128.0,-2648.67307183103,22.966677,53.399887,12,0,8,12038000,MetalFX temporal
233577788611958,2394.063409454671,128.0,-2648.67307183103,22.966677,53.399887,12,0,8,12038000,MetalFX temporal
233577808836875,2394.063409454671,128.0,-2648.67307183103,22.966677,53.399887,12,0,8,11962708,MetalFX temporal
233577834171541,2394.047055015181,128.0,-2648.6331819122593,22.966677,53.399887,12,0,8,11930708,MetalFX temporal
233577852008250,2394.047055015181,128.0,-2648.6331819122593,22.816677,53.399887,12,0,8,11930708,MetalFX temporal
233577873672541,2393.9887291272917,128.0,-2648.493967938098,22.666677,53.399887,12,0,8,12095875,MetalFX temporal
233577899138750,2393.9887291272917,128.0,-2648.493967938098,22.666677,53.249886,12,0,8,11758499,MetalFX temporal
233577918849083,2393.9077909812704,128.0,-2648.3003955490867,22.516678,52.949886,12,0,8,9816916,MetalFX temporal
233577938420583,2393.9077909812704,128.0,-2648.3003955490867,22.516678,52.799885,12,0,8,9816916,MetalFX temporal
233577966322875,2393.9077909812704,128.0,-2648.3003955490867,22.516678,52.799885,14,0,8,9617083,MetalFX temporal
233577985627458,2393.8148110227567,128.0,-2648.077016777549,22.516678,52.799885,15,0,8,12237125,MetalFX temporal
233578006171708,2393.8148110227567,128.0,-2648.077016777549,22.516678,52.799885,15,0,8,12237125,MetalFX temporal
233578033150916,2393.638666405129,128.41999998688698,-2647.6526098363765,22.516678,52.799885,15,0,8,12071208,MetalFX temporal
233578052450250,2393.638666405129,128.41999998688698,-2647.6526098363765,22.366678,52.799885,15,0,8,9808291,MetalFX temporal
233578073118708,2393.53279710964,128.7531999805212,-2647.397319865701,22.066679,52.799885,15,0,8,9808291,MetalFX temporal
233578099941708,2393.53279710964,128.7531999805212,-2647.397319865701,22.066679,52.799885,15,0,8,9563833,MetalFX temporal
233578120006333,2393.454620376038,129.00133597911216,-2647.157642755269,22.066679,52.799885,15,0,8,9563833,MetalFX temporal
233578141297291,2393.454620376038,129.00133597911216,-2647.157642755269,22.816679,53.399883,16,0,8,9855249,MetalFX temporal
233578168250083,2393.454620376038,129.00133597911216,-2647.157642755269,24.466679,54.299885,17,0,8,9714749,MetalFX temporal
233578189143708,2393.40131952944,129.1661092609382,-2646.931419003703,36.16668,59.099884,21,0,8,9714749,MetalFX temporal
233578209887458,2393.40131952944,129.1661092609382,-2646.931419003703,46.51668,61.799885,22,0,8,10175333,MetalFX temporal
233578233522416,2393.366303507891,129.24918707874468,-2646.711334252323,58.516685,63.899883,21,0,8,11806291,MetalFX temporal
233578251180000,2393.366303507891,129.24918707874468,-2646.711334252323,91.51669,67.79988,27,0,9,11739625,MetalFX temporal
233578267775250,2393.348201936947,129.25220334025371,-2646.496545765768,106.51669,68.39988,33,0,9,8113916,MetalFX temporal
233578284297333,2393.348201936947,129.25220334025371,-2646.496545765768,121.9667,68.84988,38,0,9,11452666,MetalFX temporal
233578300715000,2393.348201936947,129.25220334025371,-2646.496545765768,134.5667,68.99988,41,0,9,10431499,MetalFX temporal
233578318058250,2393.33188098604,129.17675927506423,-2646.281088813385,145.8167,69.14988,41,0,9,10348166,MetalFX temporal
233578334179333,2393.33188098604,129.17675927506423,-2646.281088813385,158.2667,69.59988,41,0,9,10529083,MetalFX temporal
233578350187500,2393.33188098604,129.17675927506423,-2646.281088813385,169.3667,70.199875,46,0,9,10472624,MetalFX temporal
233578367397500,2393.305739596864,129.02442408821366,-2646.0685138600315,178.0667,70.79987,43,0,9,10321874,MetalFX temporal
233578383875083,2393.305739596864,129.02442408821366,-2646.0685138600315,180.0167,70.79987,44,0,9,11185625,MetalFX temporal
233578400143541,2393.305739596864,129.02442408821366,-2646.0685138600315,189.46669,70.949875,44,0,9,11336458,MetalFX temporal
233578417158541,2393.2787279023705,128.79673560066868,-2645.8557374614784,193.66669,70.949875,44,0,9,10245749,MetalFX temporal
233578433702750,2393.2787279023705,128.79673560066868,-2645.8557374614784,197.56668,70.949875,43,0,9,11386250,MetalFX temporal
233578450196708,2393.2787279023705,128.79673560066868,-2645.8557374614784,201.46667,70.79987,44,0,9,11481291,MetalFX temporal
233578467079666,2393.246975998014,128.4952008770059,-2645.6438699632045,204.91667,70.79987,44,0,9,10225875,MetalFX temporal
233578483499166,2393.246975998014,128.4952008770059,-2645.6438699632045,207.46667,70.64987,45,0,9,11454666,MetalFX temporal
233578500067083,2393.246975998014,128.4952008770059,-2645.6438699632045,210.16667,70.64987,45,0,9,11241375,MetalFX temporal
233578516618958,2393.2180817642165,128.1212968405392,-2645.4510705342186,211.51668,70.64987,45,0,9,10268124,MetalFX temporal
233578533316833,2393.2180817642165,128.1212968405392,-2645.4510705342186,212.71667,70.199875,45,0,9,11727499,MetalFX temporal
233578549897250,2393.2180817642165,128.1212968405392,-2645.4510705342186,213.01668,70.199875,45,0,9,11780541,MetalFX temporal
233578566740000,2393.191788010703,128.0,-2645.2756230487853,213.01668,70.199875,45,0,9,10169958,MetalFX temporal
233578583373416,2393.191788010703,128.0,-2645.2756230487853,213.01668,70.199875,45,0,9,11777875,MetalFX temporal
233578599919208,2393.191788010703,128.0,-2645.2756230487853,213.01668,70.199875,45,0,9,11743916,MetalFX temporal
233578616720125,2393.1678606943165,128.0,-2645.1159658324395,213.01668,70.199875,45,0,9,10207541,MetalFX temporal
233578632912458,2393.1678606943165,128.0,-2645.1159658324395,213.01668,70.199875,45,0,9,11776708,MetalFX temporal
233578649346791,2393.1678606943165,128.0,-2645.1159658324395,213.01668,70.199875,45,0,9,11785250,MetalFX temporal
233578666553750,2393.1547963780517,128.0,-2645.0287929821893,213.01668,70.199875,45,0,9,10178916,MetalFX temporal
233578683105500,2393.1547963780517,128.0,-2645.0287929821893,213.01668,70.199875,45,0,9,11811000,MetalFX temporal
233578699756125,2393.1547963780517,128.0,-2645.0287929821893,213.01668,70.199875,45,0,9,11826125,MetalFX temporal
233578716615083,2393.1476632605427,128.0,-2644.9811966004245,213.01668,70.199875,45,0,9,10192874,MetalFX temporal
233578733310375,2393.1476632605427,128.0,-2644.9811966004245,211.06668,70.04987,45,0,9,11819374,MetalFX temporal
233578749827333,2393.1476632605427,128.0,-2644.9811966004245,207.16669,68.99987,45,0,9,11821541,MetalFX temporal
233578767073416,2393.1437685779306,128.0,-2644.9552089729623,202.96669,67.49987,43,0,9,10188874,MetalFX temporal
233578783867500,2393.1437685779306,128.0,-2644.9552089729623,198.3167,65.24987,46,0,9,11767416,MetalFX temporal
233578801281666,2393.1437685779306,128.0,-2644.9552089729623,192.7667,62.39987,45,0,9,10279041,MetalFX temporal
233578818333250,2393.1416420809774,128.0,-2644.94101972672,188.41669,59.549873,45,0,9,10389750,MetalFX temporal
233578835408416,2393.1416420809774,128.0,-2644.94101972672,185.56668,57.299873,43,0,9,11870000,MetalFX temporal
233578853480291,2393.1416420809774,128.0,-2644.94101972672,183.76668,55.499874,43,0,9,12032625,MetalFX temporal
233578872928250,2393.140481013506,128.0,-2644.9332723973716,182.11668,53.549873,44,0,9,10406541,MetalFX temporal
233578892379250,2393.140481013506,128.0,-2644.9332723973716,181.96669,53.099873,44,0,9,12055166,MetalFX temporal
233578916485750,2393.140481013506,128.0,-2644.9332723973716,181.5167,52.349873,43,0,9,12197541,MetalFX temporal
233578935872083,2393.142439962606,128.0,-2645.0270080527307,181.5167,51.599873,43,0,9,10296250,MetalFX temporal
233578955830958,2393.142439962606,128.0,-2645.0270080527307,181.5167,51.599873,43,0,9,12268583,MetalFX temporal
233578975852000,2393.1461024409523,128.0,-2645.1761534241764,181.5167,51.599873,43,0,9,12307333,MetalFX temporal
233579000124958,2393.1461024409523,128.0,-2645.1761534241764,181.5167,51.599873,43,0,9,10095125,MetalFX temporal
233579019686708,2393.1481021543614,128.0,-2645.2575868064446,181.5167,51.599873,43,0,9,12392250,MetalFX temporal
233579039399625,2393.1481021543614,128.0,-2645.2575868064446,181.5167,51.599873,43,0,9,12273291,MetalFX temporal
233579059380833,2393.1481021543614,128.0,-2645.2575868064446,181.5167,51.599873,43,0,9,10160041,MetalFX temporal
233579083291208,2393.1491939980097,128.0,-2645.3020494383272,181.5167,51.599873,43,0,9,10195583,MetalFX temporal
233579102375291,2393.1491939980097,128.0,-2645.3020494383272,181.5167,51.599873,43,0,9,12358250,MetalFX temporal
233579122811458,2393.1531609045405,128.0,-2645.453681453161,181.5167,51.599873,43,0,9,10381000,MetalFX temporal
233579142863250,2393.1531609045405,128.0,-2645.453681453161,181.5167,51.599873,43,0,9,10124124,MetalFX temporal
233579166922041,2393.1531609045405,128.0,-2645.453681453161,181.5167,51.599873,43,0,9,12209791,MetalFX temporal
233579186109958,2393.1586975955875,128.0,-2645.663827957883,181.5167,51.599873,44,0,9,12286999,MetalFX temporal
233579206472208,2393.1586975955875,128.0,-2645.663827957883,181.5167,51.599873,44,0,9,10237916,MetalFX temporal
233579226639208,2393.1703830052516,128.41999998688698,-2646.1058533661785,181.5167,51.599873,45,0,9,12375624,MetalFX temporal
233579250454083,2393.1703830052516,128.41999998688698,-2646.1058533661785,181.5167,51.599873,48,0,9,12154416,MetalFX temporal
233579270227708,2393.177437391548,128.7531999805212,-2646.372670346858,180.0167,51.299873,48,0,9,10447875,MetalFX temporal
233579290343250,2393.177437391548,128.7531999805212,-2646.372670346858,177.7667,50.849873,48,0,9,10291333,MetalFX temporal
233579317483541,2393.177437391548,128.7531999805212,-2646.372670346858,173.71669,49.94987,46,0,9,10291833,MetalFX temporal
233579338039416,2393.183856883263,129.00133597911216,-2646.6154738062733,156.46669,45.59987,41,0,9,10305250,MetalFX temporal
233579359428791,2393.183856883263,129.00133597911216,-2646.6154738062733,148.8167,43.79987,38,0,9,10170708,MetalFX temporal
233579385337916,2393.172930769874,129.1661092609382,-2646.8262761104643,145.3667,43.04987,36,0,9,12262749,MetalFX temporal
233579405500166,2393.172930769874,129.1661092609382,-2646.8262761104643,138.4667,41.54987,35,0,9,10274000,MetalFX temporal
233579433659416,2393.1483161414353,129.24918707874468,-2647.0051101992744,135.6167,41.09987,29,0,9,9803166,MetalFX temporal
233579453171541,2393.1483161414353,129.24918707874468,-2647.0051101992744,129.3167,40.79987,27,0,9,12283833,MetalFX temporal
233579474646166,2393.1278981612863,129.25220334025371,-2647.1479476109757,127.666695,40.79987,27,0,9,12163000,MetalFX temporal
233579500758541,2393.1278981612863,129.25220334025371,-2647.1479476109757,124.666695,40.79987,26,0,9,12059250,MetalFX temporal
233579520874708,2393.1254392448536,129.17675927506423,-2647.2667825082417,118.666695,42.149868,24,0,9,12345416,MetalFX temporal
233579541505125,2393.1254392448536,129.17675927506423,-2647.2667825082417,114.916695,43.199867,23,0,9,12345416,MetalFX temporal
233579568285333,2393.1254392448536,129.17675927506423,-2647.2667825082417,110.26669,44.84987,23,0,9,12270874,MetalFX temporal
233579588447750,2393.141366578906,129.02442408821366,-2647.3832909341168,92.86669,49.49987,21,0,9,12270874,MetalFX temporal
233579609968291,2393.141366578906,129.02442408821366,-2647.3832909341168,83.26669,50.99987,21,0,9,9936874,MetalFX temporal
233579635964250,2393.1682465468616,128.79673560066868,-2647.505016617115,71.26669,52.19987,20,0,9,9934375,MetalFX temporal
233579655655666,2393.1682465468616,128.79673560066868,-2647.505016617115,49.36669,52.94987,18,0,9,9934375,MetalFX temporal
233579683643750,2393.1942283238022,128.4952008770059,-2647.63572906914,42.46669,52.94987,18,0,9,9862666,MetalFX temporal
233579702623625,2393.1942283238022,128.4952008770059,-2647.63572906914,36.76669,51.44987,18,0,9,9862666,MetalFX temporal
233579724541666,2393.202170390355,128.1212968405392,-2647.766408881495,35.41669,50.54987,15,0,9,12452041,MetalFX temporal
233579750765541,2393.202170390355,128.1212968405392,-2647.766408881495,35.26669,50.54987,15,0,9,12259916,MetalFX temporal
233579770581916,2393.1933946787335,128.0,-2647.8966440605254,35.26669,50.54987,15,0,9,12259916,MetalFX temporal
233579791452583,2393.1933946787335,128.0,-2647.8966440605254,35.26669,50.54987,15,0,9,10044708,MetalFX temporal
233579817774791,2393.1933946787335,128.0,-2647.8966440605254,35.26669,50.54987,15,0,9,12378916,MetalFX temporal
233579837531666,2393.1053938159816,128.0,-2648.0717408107653,35.26669,50.54987,15,0,9,12378916,MetalFX temporal
233579858459041,2393.1053938159816,128.0,-2648.0717408107653,35.26669,50.54987,15,0,9,12428541,MetalFX temporal
233579884691166,2393.057345339338,128.0,-2648.1673436475007,35.26669,50.54987,16,0,9,12529250,MetalFX temporal
233579903871416,2393.057345339338,128.0,-2648.1673436475007,35.26669,50.54987,16,0,9,12529250,MetalFX temporal
233579925847250,2393.0311108680435,128.0,-2648.2195428024215,35.26669,50.54987,16,0,9,12482041,MetalFX temporal
233579951526958,2393.0311108680435,128.0,-2648.2195428024215,35.26669,50.54987,16,0,9,12338625,MetalFX temporal
233579971505416,2393.016786845053,128.0,-2648.2480435443185,35.26669,50.54987,16,0,9,12338625,MetalFX temporal
233579992501333,2393.016786845053,128.0,-2648.2480435443185,34.366688,50.399868,15,0,9,12618125,MetalFX temporal
233580018425458,2393.016786845053,128.0,-2648.2480435443185,31.066687,48.899868,14,0,9,12404125,MetalFX temporal
233580038160666,2393.008965927592,128.0,-2648.2636049512016,19.066685,41.399868,10,0,9,12404125,MetalFX temporal
233580057691458,2393.008965927592,128.0,-2648.2636049512016,13.666684,38.399868,9,0,9,12403375,MetalFX temporal
233580084071916,2393.004695706162,128.0,-2648.272101480347,9.016684,35.999866,9,0,9,11520750,MetalFX temporal
233580102505458,2393.004695706162,128.0,-2648.272101480347,5.7166834,34.499866,9,0,9,9709750,MetalFX temporal
233580122582791,2393.0023641649905,128.0,-2648.276740585799,5.416683,34.349865,9,0,9,9709750,MetalFX temporal
233580149553625,2393.0023641649905,128.0,-2648.276740585799,5.266683,34.349865,9,0,9,9512374,MetalFX temporal
233580169137666,2392.993375798912,128.0,-2648.1791536526475,5.266683,34.349865,9,0,9,11665791,MetalFX temporal
233580187219500,2392.993375798912,128.0,-2648.1791536526475,5.266683,34.349865,9,0,9,11665791,MetalFX temporal
233580207219958,2392.993375798912,128.0,-2648.1791536526475,5.266683,34.349865,9,0,9,11566125,MetalFX temporal
233580233288500,2392.979479784385,128.0,-2648.0282842478064,5.266683,34.349865,9,0,9,11381416,MetalFX temporal
233580251735791,2392.979479784385,128.0,-2648.0282842478064,5.266683,34.349865,9,0,9,11586374,MetalFX temporal
233580271577791,2392.971892559572,128.0,-2647.945909543195,5.266683,34.349865,9,0,9,11586374,MetalFX temporal
233580291268166,2392.971892559572,128.0,-2647.945909543195,5.266683,34.349865,9,0,9,11736249,MetalFX temporal
233580317223458,2392.971892559572,128.0,-2647.945909543195,5.266683,34.349865,9,0,9,11423250,MetalFX temporal
233580335519125,2392.967749934343,128.0,-2647.900932949253,5.266683,34.349865,9,0,9,11560541,MetalFX temporal
233580354798458,2392.967749934343,128.0,-2647.900932949253,5.266683,34.349865,9,0,9,11560541,MetalFX temporal
233580382949333,2392.9538031840666,128.0,-2647.7495127050133,5.266683,34.349865,9,0,9,11393208,MetalFX temporal
233580401594291,2392.9538031840666,128.0,-2647.7495127050133,5.266683,34.349865,8,0,9,11529874,MetalFX temporal
233580421177958,2392.9345033808927,128.0,-2647.5399742209606,5.266683,34.349865,9,0,9,11529874,MetalFX temporal
233580440443125,2392.9345033808927,128.0,-2647.5399742209606,5.266683,34.349865,9,0,9,11619249,MetalFX temporal
233580466800583,2392.9345033808927,128.0,-2647.5399742209606,5.266683,34.349865,9,0,9,11366791,MetalFX temporal
233580485302375,2392.8939372068867,128.41999998688698,-2647.099546174696,5.266683,34.349865,9,0,9,9553500,MetalFX temporal
233580504209791,2392.8939372068867,128.41999998688698,-2647.099546174696,5.266683,34.349865,10,0,9,9553500,MetalFX temporal
233580533178791,2392.8694510982805,128.7531999805212,-2646.8336998325567,5.7166834,34.349865,10,0,9,11366624,MetalFX temporal
233580553150541,2392.8694510982805,128.7531999805212,-2646.8336998325567,18.166685,38.849865,10,0,9,11949999,MetalFX temporal
233580573058208,2392.8657918320478,129.00133597911216,-2646.585668974677,29.866688,43.199867,14,0,9,11949999,MetalFX temporal
233580594083541,2392.8657918320478,129.00133597911216,-2646.585668974677,44.56669,48.29987,19,0,9,11896749,MetalFX temporal
233580620081125,2392.8657918320478,129.00133597911216,-2646.585668974677,64.66669,55.04987,21,0,9,9933666,MetalFX temporal
233580641682875,2392.8708487738545,129.1661092609382,-2646.3422459120047,92.11669,62.24987,26,0,10,9965833,MetalFX temporal
233580667026041,2392.8708487738545,129.1661092609382,-2646.3422459120047,102.01669,63.74987,28,0,10,9911500,MetalFX temporal
233580685190458,2392.871370988033,129.24918707874468,-2646.1015601901518,113.11669,64.04987,33,0,10,11811416,MetalFX temporal
233580702400083,2392.871370988033,129.24918707874468,-2646.1015601901518,117.46669,64.04987,33,0,10,10133958,MetalFX temporal
233580720190833,2392.8628063027318,129.25220334025371,-2645.8651453689217,119.41669,64.04987,34,0,10,11966999,MetalFX temporal
233580737560208,2392.8628063027318,129.25220334025371,-2645.8651453689217,122.116684,64.04987,36,0,10,11789124,MetalFX temporal
233580754754750,2392.8628063027318,129.25220334025371,-2645.8651453689217,123.616684,64.04987,36,0,10,10199416,MetalFX temporal
233580772099208,2392.858961249124,129.17675927506423,-2645.6304015803125,125.116684,64.04987,38,0,10,10591250,MetalFX temporal
233580789164666,2392.858961249124,129.17675927506423,-2645.6304015803125,127.66669,63.89987,39,0,10,10455624,MetalFX temporal
233580816537000,2392.858961249124,129.17675927506423,-2645.6304015803125,130.66669,63.74987,39,0,10,10154958,MetalFX temporal
233580834277791,2392.8703292890673,129.02442408821366,-2645.404012445913,146.41669,62.69987,41,0,10,10246500,MetalFX temporal
233580851205166,2392.8703292890673,129.02442408821366,-2645.404012445913,155.71669,62.099873,41,0,10,10558458,MetalFX temporal
233580868766833,2392.8887352967317,128.79673560066868,-2645.1801327517665,165.16669,61.19987,42,0,10,10593083,MetalFX temporal
233580885061416,2392.8887352967317,128.79673560066868,-2645.1801327517665,171.16669,60.44987,45,0,10,10322624,MetalFX temporal
233580902484458,2392.8887352967317,128.79673560066868,-2645.1801327517665,177.16669,59.39987,47,0,10,10699125,MetalFX temporal
233580920584916,2392.9064539979645,128.4952008770059,-2644.956826203799,182.2667,58.049873,46,0,10,10927499,MetalFX temporal
233580939004458,2392.9064539979645,128.4952008770059,-2644.956826203799,185.71669,56.699875,44,0,10,10382500,MetalFX temporal
233580957384708,2392.9064539979645,128.4952008770059,-2644.956826203799,185.86668,56.699875,44,0,10,11881374,MetalFX temporal
233580983717000,2392.922578016551,128.1212968405392,-2644.7536172392925,185.86668,56.699875,44,0,10,11847291,MetalFX temporal
233581002185416,2392.922578016551,128.1212968405392,-2644.7536172392925,185.86668,56.699875,43,0,10,10262583,MetalFX temporal
233581020135333,2392.9372508738875,128.0,-2644.5686970762617,185.86668,56.699875,43,0,10,10460499,MetalFX temporal
233581038572375,2392.9372508738875,128.0,-2644.5686970762617,185.86668,56.699875,43,0,10,11969124,MetalFX temporal
233581057094291,2392.9372508738875,128.0,-2644.5686970762617,185.86668,56.699875,43,0,10,10170041,MetalFX temporal
233581083423875,2392.9506031744486,128.0,-2644.4004197230543,185.86668,56.699875,43,0,10,10110750,MetalFX temporal
233581101887041,2392.9506031744486,128.0,-2644.4004197230543,185.86668,56.699875,43,0,10,11800583,MetalFX temporal
233581119798500,2392.9578935314016,128.0,-2644.308540277531,185.86668,56.699875,43,0,10,12057624,MetalFX temporal
233581138649375,2392.9578935314016,128.0,-2644.308540277531,185.86668,56.699875,43,0,10,10369374,MetalFX temporal
233581156934000,2392.9578935314016,128.0,-2644.308540277531,185.86668,56.699875,44,0,10,11967625,MetalFX temporal
233581175908875,2392.96187406676,128.0,-2644.2583740944483,185.86668,56.699875,44,0,10,11952500,MetalFX temporal
233581200223625,2392.96187406676,128.0,-2644.2583740944483,185.86668,56.699875,44,0,10,10221125,MetalFX temporal
233581218941541,2392.9640474393186,128.0,-2644.2309833553036,185.86668,56.099876,43,0,10,12034666,MetalFX temporal
233581236537708,2392.9640474393186,128.0,-2644.2309833553036,185.86668,55.649876,43,0,10,12017999,MetalFX temporal
233581255517875,2392.9640474393186,128.0,-2644.2309833553036,186.01668,55.349876,43,0,10,10332125,MetalFX temporal
233581274702708,2392.965234100873,128.0,-2644.2160280099934,186.01668,55.049877,43,0,10,12134750,MetalFX temporal
233581300099791,2392.965234100873,128.0,-2644.2160280099934,186.01668,54.749878,43,0,10,11962624,MetalFX temporal
233581319660750,2392.976151348177,128.0,-2644.305322854637,184.81668,53.249878,43,0,10,10401166,MetalFX temporal
233581338556000,2392.976151348177,128.0,-2644.305322854637,183.61668,52.19988,43,0,10,10341083,MetalFX temporal
233581358320208,2392.976151348177,128.0,-2644.305322854637,182.41669,51.14988,44,0,10,12267208,MetalFX temporal
233581383768750,2392.986235631108,128.0,-2644.4519910594704,181.21669,50.249878,43,0,10,10106166,MetalFX temporal
233581403289958,2392.986235631108,128.0,-2644.4519910594704,179.5667,48.749878,42,0,10,10280875,MetalFX temporal
233581423610375,2392.9917416502276,128.0,-2644.532071908611,179.2667,48.44988,42,0,10,12383541,MetalFX temporal
233581450770916,2392.9917416502276,128.0,-2644.532071908611,178.5167,47.84988,41,0,10,12136583,MetalFX temporal
233581470384875,2392.994747937016,128.0,-2644.5757960573205,178.0667,47.54988,41,0,10,10339333,MetalFX temporal
233581490651833,2392.994747937016,128.0,-2644.5757960573205,178.0667,47.39988,41,0,10,12245249,MetalFX temporal
233581510747000,2392.994747937016,128.0,-2644.5757960573205,178.0667,47.39988,41,0,10,12178500,MetalFX temporal
233581534915541,2392.9920907440105,128.0,-2644.7269969157273,178.0667,47.09988,41,0,10,10030125,MetalFX temporal
233581553979333,2392.9920907440105,128.0,-2644.7269969157273,178.0667,46.94988,40,0,10,12329124,MetalFX temporal
233581574497166,2392.986341290678,128.0,-2644.936880064445,178.0667,46.94988,41,0,10,12412250,MetalFX temporal
233581594675083,2392.986341290678,128.0,-2644.936880064445,178.0667,46.94988,44,0,10,10005999,MetalFX temporal
233581618939916,2392.986341290678,128.0,-2644.936880064445,178.0667,46.94988,44,0,10,10095875,MetalFX temporal
233581638324916,2392.9789034630107,128.0,-2645.1788037473943,178.0667,46.94988,45,0,10,12327125,MetalFX temporal
233581658653583,2392.9789034630107,128.0,-2645.1788037473943,178.0667,46.94988,46,0,10,10208749,MetalFX temporal
233581684043916,2392.9637955483695,128.41999998688698,-2645.6381076834314,178.0667,46.94988,46,0,10,10008999,MetalFX temporal
233581703151166,2392.9637955483695,128.41999998688698,-2645.6381076834314,178.0667,46.94988,46,0,10,10384041,MetalFX temporal
233581723679666,2392.9546869009714,128.7531999805212,-2645.91435315244,178.0667,46.94988,46,0,10,10512375,MetalFX temporal
233581750677208,2392.9546869009714,128.7531999805212,-2645.91435315244,178.0667,46.94988,46,0,10,9991958,MetalFX temporal
233581770112500,2392.9463980316004,129.00133597911216,-2646.165736536483,178.0667,46.94988,46,0,10,10501000,MetalFX temporal
233581790188458,2392.9463980316004,129.00133597911216,-2646.165736536483,178.0667,46.94988,46,0,10,10439750,MetalFX temporal
233581816625125,2392.9463980316004,129.00133597911216,-2646.165736536483,178.0667,46.94988,46,0,10,10072083,MetalFX temporal
233581836145208,2392.919266320614,129.1661092609382,-2646.393834095578,174.0167,46.799877,46,0,10,10258125,MetalFX temporal
233581856858625,2392.919266320614,129.1661092609382,-2646.393834095578,169.21669,46.649876,44,0,10,10418458,MetalFX temporal
233581883498666,2392.8833314981925,129.24918707874468,-2646.5848635130415,159.16669,45.449875,40,0,10,10055166,MetalFX temporal
233581903803125,2392.8833314981925,129.24918707874468,-2646.5848635130415,143.86668,43.949875,35,0,10,10248000,MetalFX temporal
233581925123916,2392.8475483387706,129.25220334025371,-2646.7389392583045,138.76668,43.799873,35,0,10,12498083,MetalFX temporal
233581950422125,2392.8475483387706,129.25220334025371,-2646.7389392583045,132.01668,43.64987,27,0,10,12292791,MetalFX temporal
233581970723041,2392.8295486186917,129.17675927506423,-2646.866030251315,121.216675,44.849873,27,0,10,10073375,MetalFX temporal
233581991236041,2392.8295486186917,129.17675927506423,-2646.866030251315,116.41667,46.19987,23,0,10,10073375,MetalFX temporal
233582018015750,2392.8295486186917,129.17675927506423,-2646.866030251315,112.51667,47.54987,23,0,10,9828999,MetalFX temporal
233582038820166,2392.8316486617314,129.02442408821366,-2646.989331410958,103.96667,50.99987,23,0,10,12698125,MetalFX temporal
233582059830291,2392.8316486617314,129.02442408821366,-2646.989331410958,97.816666,53.69987,23,0,10,12698125,MetalFX temporal
233582084910916,2392.849492677589,128.79673560066868,-2647.1136243138703,90.316666,56.849873,22,0,10,12307124,MetalFX temporal
233582102278500,2392.849492677589,128.79673560066868,-2647.1136243138703,74.11666,63.14987,21,0,10,12307124,MetalFX temporal
233582119893375,2392.875461638657,128.4952008770059,-2647.2442039630464,63.61666,66.29987,20,0,10,11957624,MetalFX temporal
233582135662958,2392.875461638657,128.4952008770059,-2647.2442039630464,61.516663,67.04987,20,0,10,11806624,MetalFX temporal
233582151691375,2392.875461638657,128.4952008770059,-2647.2442039630464,42.46666,70.949875,23,0,10,11512208,MetalFX temporal
233582167985208,2392.898207810339,128.1212968405392,-2647.38301182842,33.01666,72.449875,22,0,10,11517833,MetalFX temporal
233582183243791,2392.898207810339,128.1212968405392,-2647.38301182842,25.216658,73.199875,21,0,10,11273249,MetalFX temporal
233582199765458,2392.898207810339,128.1212968405392,-2647.38301182842,20.266657,73.199875,22,0,10,11147999,MetalFX temporal
233582216391666,2392.925695304949,128.0,-2647.5277138484134,14.266656,73.199875,21,0,10,11047333,MetalFX temporal
233582232711750,2392.925695304949,128.0,-2647.5277138484134,11.716656,73.199875,23,0,10,10891750,MetalFX temporal
233582249273958,2392.925695304949,128.0,-2647.5277138484134,9.916656,72.74988,23,0,10,11031958,MetalFX temporal
233582265882500,2393.047245180627,128.0,-2647.6425180921538,9.316655,72.449875,23,0,10,10889916,MetalFX temporal
233582282411666,2393.047245180627,128.0,-2647.6425180921538,9.316655,72.449875,23,0,10,9802291,MetalFX temporal
233582298975375,2393.047245180627,128.0,-2647.6425180921538,9.316655,72.449875,23,0,10,10731000,MetalFX temporal
233582315995083,2393.210318742324,128.0,-2647.6893363493573,9.316655,72.449875,23,0,10,11088625,MetalFX temporal
233582332542833,2393.210318742324,128.0,-2647.6893363493573,9.316655,72.449875,23,0,10,11051458,MetalFX temporal
233582348785416,2393.210318742324,128.0,-2647.6893363493573,9.316655,72.449875,23,0,10,9689833,MetalFX temporal
233582365506291,2393.2993569173523,128.0,-2647.7148991207596,9.316655,72.449875,23,0,10,10813250,MetalFX temporal
233582381772000,2393.2993569173523,128.0,-2647.7148991207596,9.316655,72.449875,23,0,10,9695499,MetalFX temporal
233582398378958,2393.2993569173523,128.0,-2647.7148991207596,9.316655,72.449875,23,0,10,11062999,MetalFX temporal
233582415393625,2393.3479717665646,128.0,-2647.7288563955663,9.316655,72.449875,23,0,10,9693625,MetalFX temporal
233582431973750,2393.3479717665646,128.0,-2647.7288563955663,9.316655,72.449875,23,0,10,11029833,MetalFX temporal
233582448511250,2393.3479717665646,128.0,-2647.7288563955663,9.316655,72.449875,23,0,10,9713749,MetalFX temporal
233582465471916,2393.374515477318,128.0,-2647.736477068496,9.316655,72.449875,23,0,10,10978999,MetalFX temporal
233582481894041,2393.374515477318,128.0,-2647.736477068496,9.316655,72.449875,23,0,10,9727416,MetalFX temporal
233582498306708,2393.374515477318,128.0,-2647.736477068496,9.316655,72.449875,23,0,10,11058000,MetalFX temporal
233582515302125,2393.3890083450724,128.0,-2647.7406379563986,9.316655,72.29987,23,0,10,9703749,MetalFX temporal
233582532008708,2393.3890083450724,128.0,-2647.7406379563986,8.866655,71.699875,22,0,10,11076291,MetalFX temporal
233582548451208,2393.3890083450724,128.0,-2647.7406379563986,8.566655,70.949875,21,0,10,9711749,MetalFX temporal
233582565583458,2393.3969214517856,128.0,-2647.7429098014572,8.416656,70.34988,21,0,10,11014416,MetalFX temporal
233582582410833,2393.3969214517856,128.0,-2647.7429098014572,8.416656,69.59988,20,0,10,10994999,MetalFX temporal
233582598800916,2393.3969214517856,128.0,-2647.7429098014572,8.416656,68.84988,20,0,10,10903249,MetalFX temporal
233582615748250,2393.401242008553,128.0,-2647.7441502290035,8.416656,68.84988,20,0,10,9629000,MetalFX temporal
233582632639458,2393.401242008553,128.0,-2647.7441502290035,9.166656,66.74988,17,0,10,11079958,MetalFX temporal
233582649243791,2393.401242008553,128.0,-2647.7441502290035,9.766656,65.84988,17,0,10,11089124,MetalFX temporal
233582666601250,2393.384626620393,128.0,-2647.64756901984,10.066656,65.24988,16,0,10,11102249,MetalFX temporal
233582682836166,2393.384626620393,128.0,-2647.64756901984,10.366656,64.79988,15,0,10,11112208,MetalFX temporal
233582699059083,2393.384626620393,128.0,-2647.64756901984,10.516656,64.64988,15,0,10,11098833,MetalFX temporal
233582716210041,2393.3755546174043,128.0,-2647.594835673511,10.516656,64.64988,15,0,10,9675250,MetalFX temporal
233582732793875,2393.3755546174043,128.0,-2647.594835673511,10.666656,64.64988,15,0,10,11121458,MetalFX temporal
233582749201916,2393.3755546174043,128.0,-2647.594835673511,10.666656,64.64988,15,0,10,9757374,MetalFX temporal
233582766295375,2393.370601303197,128.0,-2647.5660432630716,10.666656,64.64988,15,0,10,11142750,MetalFX temporal
233582782999708,2393.370601303197,128.0,-2647.5660432630716,10.666656,64.64988,15,0,10,11202000,MetalFX temporal
233582799771541,2393.370601303197,128.0,-2647.5660432630716,10.666656,64.64988,15,0,10,11128083,MetalFX temporal
233582816419041,2393.3443253892397,128.0,-2647.4251221567274,10.666656,64.64988,15,0,10,11123041,MetalFX temporal
233582832616125,2393.3443253892397,128.0,-2647.4251221567274,10.666656,64.64988,15,0,10,11105208,MetalFX temporal
233582849257333,2393.3443253892397,128.0,-2647.4251221567274,10.666656,64.49988,15,0,10,11123875,MetalFX temporal
233582866373083,2393.269403563996,128.41999998688698,-2647.0264317796687,10.666656,64.49988,15,0,10,9641125,MetalFX temporal
233582883079625,2393.269403563996,128.41999998688698,-2647.0264317796687,11.416656,64.199875,17,0,10,11144374,MetalFX temporal
233582900927416,2393.269403563996,128.41999998688698,-2647.0264317796687,15.016656,62.549873,15,0,10,9710749,MetalFX temporal
233582918928041,2393.221896028255,128.7531999805212,-2646.78413649578,25.516659,58.049873,16,0,10,11458458,MetalFX temporal
233582937312458,2393.221896028255,128.7531999805212,-2646.78413649578,41.266663,52.799873,20,0,10,11458458,MetalFX temporal
233582959492041,2393.221896028255,128.7531999805212,-2646.78413649578,54.166664,49.799873,18,0,10,9919000,MetalFX temporal
233582986072041,2393.19013971481,129.00133597911216,-2646.5477584186306,64.066666,48.599873,20,0,10,9839291,MetalFX temporal
233583006546833,2393.19013971481,129.00133597911216,-2646.5477584186306,82.36667,47.999874,21,0,10,9839291,MetalFX temporal
233583029678208,2393.163845730151,129.1661092609382,-2646.313228147801,87.76667,48.449875,21,0,10,9939249,MetalFX temporal
233583053636208,2393.163845730151,129.1661092609382,-2646.313228147801,97.36667,50.699875,23,0,10,9899458,MetalFX temporal
233583075266250,2393.1374052311935,129.24918707874468,-2646.0803673606365,101.41667,51.899876,23,0,10,9893791,MetalFX temporal
233583102224958,2393.1374052311935,129.24918707874468,-2646.0803673606365,105.61667,52.949875,24,0,10,9869375,MetalFX temporal
233583123280458,2393.123158931037,129.25220334025371,-2645.851037781424,114.01667,54.749874,26,0,10,10003250,MetalFX temporal
233583144704666,2393.123158931037,129.25220334025371,-2645.851037781424,118.966675,55.649876,30,0,10,12229874,MetalFX temporal
233583168727000,2393.123158931037,129.25220334025371,-2645.851037781424,126.61668,56.549877,35,0,10,10012041,MetalFX temporal
233583187640875,2393.1131123351975,129.17675927506423,-2645.622561805264,143.71667,58.049877,40,0,10,10291374,MetalFX temporal
233583206063833,2393.1131123351975,129.17675927506423,-2645.622561805264,152.86667,58.799877,42,0,10,10509750,MetalFX temporal
233583234098541,2393.097834836748,129.02442408821366,-2645.3956128916784,156.76666,58.94988,42,0,10,10600125,MetalFX temporal
233583252063583,2393.097834836748,129.02442408821366,-2645.3956128916784,162.61667,59.09988,42,0,10,10241500,MetalFX temporal
233583269060083,2393.0897888977197,128.79673560066868,-2645.1703848189777,162.61667,59.09988,42,0,10,10658749,MetalFX temporal
233583286844333,2393.0897888977197,128.79673560066868,-2645.1703848189777,162.61667,59.09988,42,0,10,10543833,MetalFX temporal
233583304562208,2393.0897888977197,128.79673560066868,-2645.1703848189777,162.61667,59.09988,42,0,10,10304499,MetalFX temporal
233583322556125,2393.082467092993,128.4952008770059,-2644.965427266913,162.61667,59.09988,42,0,10,10733250,MetalFX temporal
233583350192666,2393.082467092993,128.4952008770059,-2644.965427266913,162.61667,59.09988,42,0,10,10393833,MetalFX temporal
233583368809250,2393.0758042504995,128.1212968405392,-2644.778915889159,162.61667,59.09988,42,0,10,10267500,MetalFX temporal
233583385566541,2393.0758042504995,128.1212968405392,-2644.778915889159,162.61667,59.09988,42,0,10,10250374,MetalFX temporal
233583402962750,2393.0758042504995,128.1212968405392,-2644.778915889159,162.61667,59.09988,42,0,10,10596166,MetalFX temporal
233583421185833,2393.069741063656,128.0,-2644.6091905305116,162.61667,59.09988,42,0,10,10640666,MetalFX temporal
233583439021333,2393.069741063656,128.0,-2644.6091905305116,162.61667,59.09988,42,0,10,10252124,MetalFX temporal
233583456557333,2393.069741063656,128.0,-2644.6091905305116,162.61667,59.09988,42,0,10,10500916,MetalFX temporal
233583482920458,2393.064223563469,128.0,-2644.454740449691,162.61667,59.09988,42,0,10,10605500,MetalFX temporal
233583501606208,2393.064223563469,128.0,-2644.454740449691,167.71667,58.19988,42,0,10,10242250,MetalFX temporal
233583519602583,2393.0612110080174,128.0,-2644.370410695768,173.11667,56.249878,45,0,10,10652500,MetalFX temporal
233583537594833,2393.0612110080174,128.0,-2644.370410695768,177.46667,54.44988,46,0,10,10646083,MetalFX temporal
233583556945791,2393.0612110080174,128.0,-2644.370410695768,180.91667,52.799877,45,0,10,10313874,MetalFX temporal
233583583602083,2393.0595661525495,128.0,-2644.324366644778,182.26668,52.19988,45,0,10,10166750,MetalFX temporal
233583602811208,2393.0595661525495,128.0,-2644.324366644778,184.66667,50.39988,44,0,10,12315250,MetalFX temporal
233583623370666,2393.0586680613596,128.0,-2644.299226590017,184.96667,50.249878,44,0,10,12534250,MetalFX temporal
233583643571000,2393.0586680613596,128.0,-2644.299226590017,185.11667,49.799877,44,0,10,10156749,MetalFX temporal
233583668049375,2393.0586680613596,128.0,-2644.299226590017,185.26666,49.649876,44,0,10,12271458,MetalFX temporal
233583687502333,2393.058177703513,128.0,-2644.2855001185235,185.26666,49.349876,43,0,10,12365250,MetalFX temporal
233583707999541,2393.058177703513,128.0,-2644.2855001185235,185.26666,49.349876,43,0,10,10252916,MetalFX temporal
233583733761000,2393.066898334176,128.0,-2644.375592397369,185.26666,49.199875,43,0,10,12215624,MetalFX temporal
233583752986250,2393.066898334176,128.0,-2644.375592397369,184.96666,48.899876,43,0,10,12337124,MetalFX temporal
233583773594666,2393.0716597990713,128.0,-2644.4247827873323,184.36665,48.449875,43,0,10,10304999,MetalFX temporal
233583793912500,2393.0716597990713,128.0,-2644.4247827873323,183.76665,47.999874,43,0,10,10142958,MetalFX temporal
233583818679291,2393.0716597990713,128.0,-2644.4247827873323,182.86665,47.549873,41,0,10,12222999,MetalFX temporal
233583838226791,2393.074259559206,128.0,-2644.451640743372,181.06665,46.499874,42,0,10,10286916,MetalFX temporal
233583858570541,2393.074259559206,128.0,-2644.451640743372,180.31665,46.199875,42,0,10,10148541,MetalFX temporal
233583884041083,2393.0756790284045,128.0,-2644.466305189073,179.56665,45.749874,41,0,10,12266250,MetalFX temporal
233583903246666,2393.0756790284045,128.0,-2644.466305189073,178.66666,44.999874,41,0,10,12322291,MetalFX temporal
233583924005708,2393.0734862466493,128.0,-2644.6016774159566,178.36665,44.699875,41,0,10,10226624,MetalFX temporal
233583944036541,2393.0734862466493,128.0,-2644.6016774159566,178.36665,44.399876,41,0,10,12086666,MetalFX temporal
233583968516958,2393.0734862466493,128.0,-2644.6016774159566,178.36665,44.399876,41,0,10,12116458,MetalFX temporal
233583987984875,2393.0686496144835,128.0,-2644.802938679228,178.36665,43.949875,42,0,10,10100291,MetalFX temporal
233584008342666,2393.0686496144835,128.0,-2644.802938679228,178.36665,43.949875,44,0,10,12115749,MetalFX temporal
233584034060166,2393.062369439826,128.0,-2645.0401753605465,178.36665,43.949875,45,0,10,12126666,MetalFX temporal
233584053402333,2393.062369439826,128.0,-2645.0401753605465,178.36665,43.949875,45,0,10,10129166,MetalFX temporal
233584073959166,2393.0495877897242,128.41999998688698,-2645.4969729997993,178.36665,43.949875,45,0,10,12214833,MetalFX temporal
233584100619125,2393.0495877897242,128.41999998688698,-2645.4969729997993,178.36665,43.949875,45,0,10,11948625,MetalFX temporal
233584120275416,2393.0418811334143,128.7531999805212,-2645.7718541402783,178.36665,43.949875,46,0,10,10182750,MetalFX temporal
233584140571583,2393.0418811334143,128.7531999805212,-2645.7718541402783,178.36665,43.949875,46,0,10,10030249,MetalFX temporal
233584167621166,2393.0418811334143,128.7531999805212,-2645.7718541402783,178.36665,43.949875,46,0,10,12203499,MetalFX temporal
233584187161958,2393.0348680759703,129.00133597911216,-2646.0219959853234,178.36665,43.949875,46,0,10,10160291,MetalFX temporal
233584207604166,2393.0348680759703,129.00133597911216,-2646.0219959853234,178.36665,43.949875,46,0,10,10097833,MetalFX temporal
233584234210375,2393.0284861935124,129.1661092609382,-2646.2496250708746,178.36665,43.949875,45,0,10,12016874,MetalFX temporal
233584253400083,2393.0284861935124,129.1661092609382,-2646.2496250708746,178.36665,43.949875,44,0,10,12102916,MetalFX temporal
233584274154958,2393.0030866793795,129.24918707874468,-2646.456207641185,178.36665,43.949875,44,0,10,10170624,MetalFX temporal
233584294269500,2393.0030866793795,129.24918707874468,-2646.456207641185,178.36665,43.949875,43,0,10,12003541,MetalFX temporal
233584318824583,2393.0030866793795,129.24918707874468,-2646.456207641185,178.36665,43.949875,42,0,10,12135375,MetalFX temporal
233584338468750,2392.966240749917,129.25220334025371,-2646.6296574319513,175.51665,44.549873,42,0,10,10195916,MetalFX temporal
233584358836583,2392.966240749917,129.25220334025371,-2646.6296574319513,172.06665,45.299873,44,0,10,10338166,MetalFX temporal
233584384735500,2392.9206572722687,129.17675927506423,-2646.7715371516224,167.26665,46.499874,43,0,10,10237000,MetalFX temporal
233584404436125,2392.9206572722687,129.17675927506423,-2646.7715371516224,150.16664,49.499874,38,0,10,10290250,MetalFX temporal
233584425963666,2392.888926901633,129.02442408821366,-2646.883645174463,139.36664,51.149876,35,0,10,10305625,MetalFX temporal
233584451904583,2392.888926901633,129.02442408821366,-2646.883645174463,127.21664,52.799877,34,0,10,12517083,MetalFX temporal
233584471584916,2392.879867983748,128.79673560066868,-2646.9883721909,100.51663,56.099876,23,0,11,12818250,MetalFX temporal
233584489116541,2392.879867983748,128.79673560066868,-2646.9883721909,86.56663,57.599876,21,0,11,12818250,MetalFX temporal
233584516764833,2392.879867983748,128.79673560066868,-2646.9883721909,72.916626,58.799877,21,0,11,11879166,MetalFX temporal
233584534702916,2392.8809879789956,128.4952008770059,-2647.1013464321577,50.71662,60.749878,21,0,11,11891916,MetalFX temporal
233584551329750,2392.8809879789956,128.4952008770059,-2647.1013464321577,46.96662,60.89988,20,0,11,11877541,MetalFX temporal
233584569029958,2392.8826934955823,128.1212968405392,-2647.224141212648,36.46662,61.34988,20,0,11,11917791,MetalFX temporal
233584584827958,2392.8826934955823,128.1212968405392,-2647.224141212648,30.16662,61.49988,18,0,11,11917791,MetalFX temporal
233584601569000,2392.8826934955823,128.1212968405392,-2647.224141212648,24.61662,61.79988,15,0,11,11658791,MetalFX temporal
233584618676916,2392.877278940081,128.0,-2647.3546319122197,21.46662,61.949883,14,0,11,11547000,MetalFX temporal
233584634737916,2392.877278940081,128.0,-2647.3546319122197,18.016619,62.099884,14,0,11,11547000,MetalFX temporal
233584650961500,2392.877278940081,128.0,-2647.3546319122197,16.96662,62.099884,14,0,11,9850833,MetalFX temporal
233584667858666,2392.960616019451,128.0,-2647.5203827821006,16.96662,62.099884,14,0,11,11391666,MetalFX temporal
233584683745208,2392.960616019451,128.0,-2647.5203827821006,16.96662,62.099884,14,0,11,11416875,MetalFX temporal
233584699964958,2392.960616019451,128.0,-2647.5203827821006,16.96662,62.099884,14,0,11,11253375,MetalFX temporal
233584717089541,2393.099854476878,128.0,-2647.5822910461825,16.96662,62.099884,14,0,11,11407375,MetalFX temporal
233584733584583,2393.099854476878,128.0,-2647.5822910461825,16.96662,62.099884,14,0,11,11209999,MetalFX temporal
233584750115208,2393.099854476878,128.0,-2647.5822910461825,16.96662,62.099884,14,0,11,11325499,MetalFX temporal
233584767290333,2393.1758786834635,128.0,-2647.6160929622974,16.96662,62.099884,14,0,11,11340916,MetalFX temporal
233584783510708,2393.1758786834635,128.0,-2647.6160929622974,16.96662,62.099884,14,0,11,11263624,MetalFX temporal
233584800646791,2393.1758786834635,128.0,-2647.6160929622974,16.96662,62.099884,14,0,11,11424875,MetalFX temporal
233584817288958,2393.2173879050806,128.0,-2647.63454881064,16.96662,62.099884,14,0,11,11341499,MetalFX temporal
233584833634791,2393.2173879050806,128.0,-2647.63454881064,16.96662,62.099884,14,0,11,11274291,MetalFX temporal
233584849825458,2393.2173879050806,128.0,-2647.63454881064,16.96662,62.099884,14,0,11,11247541,MetalFX temporal
233584867139583,2393.240051942716,128.0,-2647.644625705005,16.96662,62.099884,14,0,11,11294416,MetalFX temporal
233584883746458,2393.240051942716,128.0,-2647.644625705005,16.96662,62.099884,14,0,11,11319000,MetalFX temporal
233584899981000,2393.240051942716,128.0,-2647.644625705005,16.96662,62.099884,14,0,11,11294041,MetalFX temporal
233584917780083,2393.2524265087022,128.0,-2647.6501276899676,15.76662,62.099884,14,0,11,9753541,MetalFX temporal
233584933845291,2393.2524265087022,128.0,-2647.6501276899676,13.81662,61.799885,13,0,11,11309333,MetalFX temporal
233584950127916,2393.2524265087022,128.0,-2647.6501276899676,12.61662,61.349884,13,0,11,9691083,MetalFX temporal
233584966892958,2393.2591830225156,128.0,-2647.653131774106,12.31662,61.199883,13,0,11,11306125,MetalFX temporal
233584983456250,2393.2591830225156,128.0,-2647.653131774106,12.16662,61.199883,13,0,11,9704958,MetalFX temporal
233584999667333,2393.2591830225156,128.0,-2647.653131774106,12.16662,61.199883,13,0,11,11233500,MetalFX temporal
233585016864250,2393.262872079486,128.0,-2647.6547720042363,12.16662,60.899883,13,0,11,9817500,MetalFX temporal
233585033214458,2393.262872079486,128.0,-2647.6547720042363,13.21662,60.299885,13,0,11,11220000,MetalFX temporal
233585050612041,2393.262872079486,128.0,-2647.6547720042363,14.71662,59.699886,13,0,11,9758250,MetalFX temporal
233585068095166,2393.2379770228595,128.0,-2647.559986788343,16.366621,59.099888,13,0,11,11459500,MetalFX temporal
233585083956958,2393.2379770228595,128.0,-2647.559986788343,17.26662,58.79989,13,0,11,11453625,MetalFX temporal
233585100519500,2393.2379770228595,128.0,-2647.559986788343,17.866621,58.49989,13,0,11,11537874,MetalFX temporal
233585118775208,2393.224384320363,128.0,-2647.508234054454,18.466621,58.349888,13,0,11,11825958,MetalFX temporal
233585135545625,2393.224384320363,128.0,-2647.508234054454,18.616621,58.349888,13,0,11,11825958,MetalFX temporal
233585152961208,2393.224384320363,128.0,-2647.508234054454,18.76662,58.349888,13,0,11,11499916,MetalFX temporal
233585171355375,2393.2169627039375,128.0,-2647.4799770584686,18.76662,58.199886,13,0,11,11572124,MetalFX temporal
233585188494708,2393.2169627039375,128.0,-2647.4799770584686,18.76662,58.199886,13,0,11,11732041,MetalFX temporal
233585205967958,2393.2169627039375,128.0,-2647.4799770584686,18.76662,58.199886,13,0,11,11440916,MetalFX temporal
233585232782291,2393.171928266279,128.0,-2647.3439203006646,18.76662,58.199886,13,0,11,11400874,MetalFX temporal
233585250364750,2393.171928266279,128.0,-2647.3439203006646,18.76662,58.199886,13,0,11,11394708,MetalFX temporal
233585267680625,2393.1063572258417,128.0,-2647.149004866071,18.76662,58.199886,13,0,11,11451500,MetalFX temporal
233585284343958,2393.1063572258417,128.0,-2647.149004866071,18.76662,58.199886,14,0,11,11429458,MetalFX temporal
233585301258958,2393.1063572258417,128.0,-2647.149004866071,18.76662,58.199886,14,0,11,11429458,MetalFX temporal
233585319979583,2393.029573198985,128.0,-2646.921952590218,18.76662,58.199886,14,0,11,11703500,MetalFX temporal
233585337583583,2393.029573198985,128.0,-2646.921952590218,18.76662,58.199886,14,0,11,9997916,MetalFX temporal
233585355619083,2393.029573198985,128.0,-2646.921952590218,18.76662,58.199886,14,0,11,11833875,MetalFX temporal
233585374107666,2392.882330569015,128.41999998688698,-2646.487984013869,18.76662,58.199886,16,0,11,9762749,MetalFX temporal
233585399274375,2392.882330569015,128.41999998688698,-2646.487984013869,18.91662,58.199886,16,0,11,9691625,MetalFX temporal
233585419687750,2392.820477919254,128.7531999805212,-2646.2446841670826,26.866621,58.499886,19,0,11,11864375,MetalFX temporal
233585439357166,2392.820477919254,128.7531999805212,-2646.2446841670826,38.266624,60.149887,22,0,11,11864375,MetalFX temporal
233585492269333,2392.820477919254,128.7531999805212,-2646.2446841670826,56.266624,63.449886,21,0,11,10000999,MetalFX temporal
233585499600083,2392.775076494924,129.00133597911216,-2646.0069813640216,95.71663,69.89989,30,0,12,10566833,MetalFX temporal
233585516666875,2392.731810142722,129.1661092609382,-2645.771169156249,107.41663,70.79989,36,0,12,9686458,MetalFX temporal
233585534219708,2392.731810142722,129.1661092609382,-2645.771169156249,117.01663,71.09989,38,0,12,11688124,MetalFX temporal
233585550728583,2392.731810142722,129.1661092609382,-2645.771169156249,126.61663,71.24989,40,0,12,10110375,MetalFX temporal
233585567680291,2392.6953552987607,129.24918707874468,-2645.5367939879293,138.46663,71.399895,42,0,12,10514291,MetalFX temporal
233585583888416,2392.6953552987607,129.24918707874468,-2645.5367939879293,155.26663,73.0499,46,0,12,10462375,MetalFX temporal
233585600602250,2392.6953552987607,129.24918707874468,-2645.5367939879293,157.66663,73.3499,47,0,12,10308124,MetalFX temporal
233585617035875,2392.669629871588,129.25220334025371,-2645.3053830410577,176.56662,76.1999,49,0,12,11535625,MetalFX temporal
233585633674666,2392.669629871588,129.25220334025371,-2645.3053830410577,185.56662,77.0999,47,0,12,11505666,MetalFX temporal
233585650059250,2392.669629871588,129.25220334025371,-2645.3053830410577,193.66663,76.9499,48,0,12,10242999,MetalFX temporal
233585666932458,2392.641590501539,129.17675927506423,-2645.075753595428,198.76663,76.3499,48,0,12,11622999,MetalFX temporal
233585683123416,2392.641590501539,129.17675927506423,-2645.075753595428,198.76663,76.3499,48,0,12,11593833,MetalFX temporal
233585699425500,2392.641590501539,129.17675927506423,-2645.075753595428,198.76663,76.3499,48,0,12,10246749,MetalFX temporal
233585716381666,2392.6097697155196,129.02442408821366,-2644.8482325747896,198.76663,76.3499,48,0,12,11609750,MetalFX temporal
233585732738791,2392.6097697155196,129.02442408821366,-2644.8482325747896,198.76663,76.3499,48,0,12,11543666,MetalFX temporal
233585748971000,2392.6097697155196,129.02442408821366,-2644.8482325747896,198.76663,76.3499,48,0,12,10234291,MetalFX temporal
233585766188875,2392.5808127994073,128.79673560066868,-2644.641188440042,198.76663,76.3499,48,0,12,11688291,MetalFX temporal
233585782819958,2392.5808127994073,128.79673560066868,-2644.641188440042,198.76663,76.3499,48,0,12,11670458,MetalFX temporal
233585799511041,2392.5808127994073,128.79673560066868,-2644.641188440042,198.76663,76.3499,48,0,12,10253541,MetalFX temporal
233585816235500,2392.554462004986,128.4952008770059,-2644.452778271991,198.76663,76.3499,48,0,12,11694666,MetalFX temporal
233585832530791,2392.554462004986,128.4952008770059,-2644.452778271991,198.76663,76.3499,48,0,12,11687041,MetalFX temporal
233585849141708,2392.554462004986,128.4952008770059,-2644.452778271991,198.76663,76.3499,48,0,12,10230583,MetalFX temporal
233585866005958,2392.530482781371,128.1212968405392,-2644.281325014124,198.76663,76.3499,48,0,12,11778999,MetalFX temporal
233585882534500,2392.530482781371,128.1212968405392,-2644.281325014124,198.76663,76.3499,48,0,12,11693916,MetalFX temporal
233585899433333,2392.530482781371,128.1212968405392,-2644.281325014124,198.76663,76.3499,48,0,12,10145333,MetalFX temporal
233585916324916,2392.5086616872527,127.67647087614428,-2644.1253025449682,198.76663,76.3499,48,0,12,11613875,MetalFX temporal
233585932902333,2392.5086616872527,127.67647087614428,-2644.1253025449682,198.76663,76.3499,48,0,12,11625749,MetalFX temporal
233585950151625,2392.5086616872527,127.67647087614428,-2644.1253025449682,198.76663,75.7499,48,0,12,10266625,MetalFX temporal
233585966972083,2392.4888044910326,127.162141421027,-2643.9833220939445,198.16663,73.3499,48,0,12,11704916,MetalFX temporal
233585983658375,2392.4888044910326,127.162141421027,-2643.9833220939445,197.26663,70.9499,49,0,12,11639375,MetalFX temporal
233586000734333,2392.4888044910326,127.162141421027,-2643.9833220939445,196.36664,68.399895,48,0,12,10090750,MetalFX temporal
233586017720083,2392.4707344419517,127.0,-2643.8541198797893,195.61664,66.4499,49,0,12,11732333,MetalFX temporal
233586034651750,2392.4707344419517,127.0,-2643.8541198797893,194.86664,63.749897,49,0,12,11713999,MetalFX temporal
233586051981208,2392.4707344419517,127.0,-2643.8541198797893,193.66664,59.399895,51,0,12,10154125,MetalFX temporal
233586069137458,2392.454290696814,127.0,-2643.73654586152,193.06664,57.899895,51,0,12,12006791,MetalFX temporal
233586086925125,2392.454290696814,127.0,-2643.73654586152,192.01663,55.499893,50,0,12,11985124,MetalFX temporal
233586105986333,2392.454290696814,127.0,-2643.73654586152,191.56664,54.149895,50,0,12,10388125,MetalFX temporal
233586125539291,2392.4649562359104,127.0,-2643.7683614843136,190.96663,52.949894,50,0,12,12286541,MetalFX temporal
233586149983166,2392.4649562359104,127.0,-2643.7683614843136,190.81664,52.049892,50,0,12,12128375,MetalFX temporal
233586170238291,2392.4891699387967,127.0,-2643.8819918277345,190.66664,51.59989,50,0,12,10359999,MetalFX temporal
233586189376583,2392.4891699387967,127.0,-2643.8819918277345,190.66664,51.59989,50,0,12,12341124,MetalFX temporal
233586209292333,2392.4891699387967,127.0,-2643.8819918277345,190.66664,51.59989,50,0,12,12311624,MetalFX temporal
233586234018875,2392.5205224702618,127.0,-2644.0403420336215,190.66664,51.59989,50,0,12,10121083,MetalFX temporal
233586253627500,2392.5205224702618,127.0,-2644.0403420336215,190.66664,51.59989,50,0,12,12329000,MetalFX temporal
233586273053791,2392.53764095443,127.0,-2644.1268012560786,190.66664,51.59989,50,0,12,10509666,MetalFX temporal
233586300862333,2392.53764095443,127.0,-2644.1268012560786,190.66664,51.59989,50,0,12,10129458,MetalFX temporal
233586320515958,2392.5705590519574,127.0,-2644.2992084454413,190.66664,51.59989,49,0,12,12498500,MetalFX temporal
233586340075083,2392.5705590519574,127.0,-2644.2992084454413,190.66664,51.59989,49,0,12,12239333,MetalFX temporal
233586367558416,2392.5705590519574,127.0,-2644.2992084454413,190.66664,51.59989,49,0,12,10099291,MetalFX temporal
233586386857291,2392.612103739381,127.0,-2644.518543230185,190.66664,51.59989,50,0,12,10208249,MetalFX temporal
233586406732625,2392.612103739381,127.0,-2644.518543230185,190.51665,51.59989,50,0,12,12210833,MetalFX temporal
233586434762625,2392.6945292392775,127.41999998688698,-2644.699999988079,189.76665,50.999893,50,0,12,12233416,MetalFX temporal
233586454481208,2392.6945292392775,127.41999998688698,-2644.699999988079,187.36665,49.049892,51,0,12,10228958,MetalFX temporal
233586475715750,2392.699999988079,127.7531999805212,-2644.699999988079,185.86665,47.249893,51,0,12,12571333,MetalFX temporal
233586501559708,2392.699999988079,127.7531999805212,-2644.699999988079,183.91666,44.699894,51,0,12,12167999,MetalFX temporal
233586521627125,2392.7013387619995,128.00133597911216,-2644.7195542124423,181.96666,41.399895,49,0,12,10298625,MetalFX temporal
233586542235083,2392.7013387619995,128.00133597911216,-2644.7195542124423,181.21666,39.899895,47,0,12,11793500,MetalFX temporal
233586568023083,2392.7013387619995,128.00133597911216,-2644.7195542124423,181.06667,39.149895,43,0,12,11884874,MetalFX temporal
233586587654541,2392.7029215758184,128.1661092609382,-2644.7569451668046,181.06667,38.249893,41,0,12,10081250,MetalFX temporal
233586608018750,2392.7029215758184,128.1661092609382,-2644.7569451668046,181.06667,38.09989,41,0,12,10056125,MetalFX temporal
233586634621250,2392.7047264659514,128.24918707874468,-2644.8105675459337,181.06667,38.09989,40,0,12,11803708,MetalFX temporal
233586654084958,2392.7047264659514,128.24918707874468,-2644.8105675459337,181.06667,38.09989,40,0,12,10165166,MetalFX temporal
233586674736083,2392.706733445536,128.25220334025371,-2644.8789605220263,181.06667,38.09989,40,0,12,10009249,MetalFX temporal
233586700795666,2392.706733445536,128.25220334025371,-2644.8789605220263,181.06667,38.09989,40,0,12,11743208,MetalFX temporal
233586720446000,2392.708924326527,128.17675927506423,-2644.960794741743,181.06667,38.09989,40,0,12,12047791,MetalFX temporal
233586741013000,2392.708924326527,128.17675927506423,-2644.960794741743,181.06667,38.09989,40,0,12,10008083,MetalFX temporal
233586767850083,2392.708924326527,128.17675927506423,-2644.960794741743,181.06667,38.09989,40,0,12,11912375,MetalFX temporal
233586787374666,2392.710918028286,128.02442408821366,-2645.0352638838317,181.06667,38.09989,40,0,12,12058499,MetalFX temporal
233586807922458,2392.710918028286,128.02442408821366,-2645.0352638838317,181.06667,38.09989,40,0,12,10026208,MetalFX temporal
233586828497041,2392.712732296939,128.0,-2645.1030308050854,181.06667,38.09989,39,0,12,11986500,MetalFX temporal
233586852306000,2392.712732296939,128.0,-2645.1030308050854,181.06667,38.09989,39,0,12,11755750,MetalFX temporal
233586871940916,2392.714383281461,128.0,-2645.1646987052036,181.06667,38.09989,39,0,12,10017624,MetalFX temporal
233586892318083,2392.714383281461,128.0,-2645.1646987052036,181.06667,38.09989,39,0,12,10022083,MetalFX temporal
233586918079291,2392.714383281461,128.0,-2645.1646987052036,181.06667,38.09989,39,0,12,11819458,MetalFX temporal
233586937700041,2392.7152847191146,128.0,-2645.198369382579,181.06667,38.09989,39,0,12,10003499,MetalFX temporal
233586958281541,2392.7152847191146,128.0,-2645.198369382579,181.06667,38.09989,39,0,12,9932874,MetalFX temporal
233586978825125,2392.7157769041305,128.0,-2645.2167535745616,181.06667,38.09989,39,0,12,11981375,MetalFX temporal
233587002486541,2392.7157769041305,128.0,-2645.2167535745616,181.06667,38.09989,39,0,12,11800833,MetalFX temporal
233587022547541,2392.7178682848294,128.0,-2645.3247743965944,181.06667,38.09989,39,0,12,10186083,MetalFX temporal
233587042803500,2392.7178682848294,128.0,-2645.3247743965944,181.06667,38.09989,39,0,12,11787750,MetalFX temporal
233587068173416,2392.7178682848294,128.0,-2645.3247743965944,181.06667,38.09989,39,0,12,11877874,MetalFX temporal
233587087741333,2392.7190101788237,128.0,-2645.3837537722748,181.06667,38.09989,39,0,12,10028999,MetalFX temporal
233587108225875,2392.7190101788237,128.0,-2645.3837537722748,181.06667,38.09989,39,0,12,11816041,MetalFX temporal
233587134443208,2392.719633653017,128.0,-2645.4159565151367,181.06667,38.09989,39,0,12,11889874,MetalFX temporal
233587153847833,2392.719633653017,128.0,-2645.4159565151367,181.06667,38.09989,39,0,12,10032249,MetalFX temporal
233587174443708,2392.719974069966,128.0,-2645.433539214782,181.06667,38.09989,39,0,12,12077999,MetalFX temporal
233587200999375,2392.719974069966,128.0,-2645.433539214782,181.06667,38.09989,39,0,12,11813916,MetalFX temporal
233587220857875,2392.722529379735,128.0,-2645.5705173455913,181.06667,38.09989,39,0,12,10119916,MetalFX temporal
233587241341625,2392.722529379735,128.0,-2645.5705173455913,181.06667,38.09989,38,0,12,9943041,MetalFX temporal
233587267353958,2392.722529379735,128.0,-2645.5705173455913,181.06667,38.09989,38,0,12,11822500,MetalFX temporal
233587287014833,2392.730013710076,128.41999998688698,-2645.9726507948526,181.06667,38.09989,39,0,12,9988708,MetalFX temporal
233587307622791,2392.730013710076,128.41999998688698,-2645.9726507948526,181.06667,38.09989,40,0,12,9937166,MetalFX temporal
233587333641416,2392.7345740432743,128.7531999805212,-2646.217691275505,181.06667,38.09989,40,0,12,11768500,MetalFX temporal
233587353074750,2392.7345740432743,128.7531999805212,-2646.217691275505,181.06667,38.09989,43,0,12,11877874,MetalFX temporal
233587373771333,2392.7583205562833,129.00133597911216,-2646.4403135898087,181.06667,38.09989,44,0,12,10093624,MetalFX temporal
233587394196416,2392.7583205562833,129.00133597911216,-2646.4403135898087,179.26666,38.69989,43,0,12,11800833,MetalFX temporal
233587418549000,2392.7583205562833,129.00133597911216,-2646.4403135898087,176.71666,39.74989,43,0,12,11952750,MetalFX temporal
233587439132791,2392.7994976796795,129.1661092609382,-2646.6440230037383,168.91666,42.59989,43,0,12,10114916,MetalFX temporal
233587459397375,2392.7994976796795,129.1661092609382,-2646.6440230037383,161.71666,45.14989,41,0,12,10273499,MetalFX temporal
233587484345333,2392.8548342090207,129.24918707874468,-2646.8204080627615,155.56667,47.39989,40,0,12,12270750,MetalFX temporal
233587504842166,2392.8548342090207,129.24918707874468,-2646.8204080627615,145.51666,51.299892,40,0,12,10272750,MetalFX temporal
233587526464958,2392.924854662083,129.25220334025371,-2646.977268984367,143.41666,52.049892,40,0,12,10221583,MetalFX temporal
233587551138208,2392.924854662083,129.25220334025371,-2646.977268984367,137.41666,54.449894,38,0,12,10342791,MetalFX temporal
233587571142333,2393.00183714984,129.17675927506423,-2647.105582261631,129.76666,57.449894,34,0,12,10575874,MetalFX temporal
233587590441000,2393.00183714984,129.17675927506423,-2647.105582261631,121.21666,60.749893,34,0,12,10104374,MetalFX temporal
233587615836041,2393.00183714984,129.17675927506423,-2647.105582261631,108.46666,65.399895,30,0,12,11826583,MetalFX temporal
233587633382958,2393.0808268758606,129.02442408821366,-2647.20445450347,76.36665,76.1999,25,0,13,11411958,MetalFX temporal
233587648880125,2393.0808268758606,129.02442408821366,-2647.20445450347,65.41665,79.1999,25,0,13,8059541,MetalFX temporal
233587665910791,2393.1714516328925,128.79673560066868,-2647.2874526843684,50.566647,82.0499,32,0,13,10989916,MetalFX temporal
233587682725625,2393.1714516328925,128.79673560066868,-2647.2874526843684,37.966644,83.8499,33,0,13,11196083,MetalFX temporal
233587699398791,2393.1714516328925,128.79673560066868,-2647.2874526843684,28.966644,83.9999,41,0,13,9957833,MetalFX temporal
233587716490708,2393.273142068246,128.4952008770059,-2647.368505367956,27.316645,83.9999,41,0,13,11254750,MetalFX temporal
233587732903750,2393.273142068246,128.4952008770059,-2647.368505367956,26.266645,83.8499,42,0,13,10047541,MetalFX temporal
233587749609416,2393.273142068246,128.4952008770059,-2647.368505367956,25.516645,83.5499,41,0,13,10136875,MetalFX temporal
233587766264708,2393.384535028859,128.1212968405392,-2647.4489342672987,25.516645,83.5499,41,0,13,11306500,MetalFX temporal
233587782535375,2393.384535028859,128.1212968405392,-2647.4489342672987,25.516645,83.5499,41,0,13,10053500,MetalFX temporal
233587799804583,2393.384535028859,128.1212968405392,-2647.4489342672987,25.516645,83.5499,40,0,13,11380375,MetalFX temporal
233587816621833,2393.504757287711,128.0,-2647.5287955229624,25.516645,83.5499,40,0,13,11323874,MetalFX temporal
233587832524125,2393.504757287711,128.0,-2647.5287955229624,25.516645,83.5499,40,0,13,9984500,MetalFX temporal
233587849041333,2393.504757287711,128.0,-2647.5287955229624,25.516645,83.5499,40,0,13,11481541,MetalFX temporal
233587865891750,2393.7084328588,128.0,-2647.634824044714,25.516645,83.5499,40,0,13,11484458,MetalFX temporal
233587882306875,2393.7084328588,128.0,-2647.634824044714,25.516645,83.5499,40,0,13,9978625,MetalFX temporal
233587898801958,2393.7084328588,128.0,-2647.634824044714,25.516645,83.5499,40,0,13,11592625,MetalFX temporal
233587915969833,2393.861854129909,128.0,-2647.781157388729,25.516645,83.5499,40,0,13,11475250,MetalFX temporal
233587932344916,2393.861854129909,128.0,-2647.781157388729,25.516645,83.5499,39,0,13,9971958,MetalFX temporal
233587948706791,2393.861854129909,128.0,-2647.781157388729,25.516645,83.5499,39,0,13,11456624,MetalFX temporal
233587965702166,2393.9878365500417,128.0,-2647.9494971682548,25.516645,83.5499,39,0,13,11469041,MetalFX temporal
233587982153666,2393.9878365500417,128.0,-2647.9494971682548,25.516645,83.5499,39,0,13,9932250,MetalFX temporal
233587998728125,2393.9878365500417,128.0,-2647.9494971682548,24.166645,82.3499,39,0,13,11347041,MetalFX temporal
233588016029000,2394.056622959424,128.0,-2648.0414106985518,19.966644,78.1499,37,0,13,11514750,MetalFX temporal
233588032695625,2394.056622959424,128.0,-2648.0414106985518,17.116644,74.3999,31,0,13,9890083,MetalFX temporal
233588053142666,2394.056622959424,128.0,-2648.0414106985518,14.716643,70.949905,24,0,13,10972833,MetalFX temporal
233588067038250,2394.0941803433093,128.0,-2648.0915954919233,13.216643,68.99991,20,0,13,10029875,MetalFX temporal
233588083723708,2394.0941803433093,128.0,-2648.0915954919233,11.416643,66.14991,17,0,13,11118124,MetalFX temporal
233588100702375,2394.0941803433093,128.0,-2648.0915954919233,11.116643,65.54991,17,0,13,9835083,MetalFX temporal
233588117476000,2394.1146866772924,128.0,-2648.1189963922866,10.366643,64.19991,16,0,13,11405249,MetalFX temporal
233588134144291,2394.1146866772924,128.0,-2648.1189963922866,10.066643,62.999912,15,0,13,9920291,MetalFX temporal
233588151002625,2394.1146866772924,128.0,-2648.1189963922866,9.766643,62.399914,15,0,13,11403499,MetalFX temporal
233588167926750,2394.125883136948,128.0,-2648.1339572856227,9.766643,61.799915,15,0,13,10114291,MetalFX temporal
233588184346083,2394.125883136948,128.0,-2648.1339572856227,9.766643,61.499916,14,0,13,11451041,MetalFX temporal
233588201071083,2394.125883136948,128.0,-2648.1339572856227,9.766643,61.049915,14,0,13,11469458,MetalFX temporal
233588217536416,2394.1319964046297,128.0,-2648.1421259343333,9.916642,60.599915,14,0,13,11552041,MetalFX temporal
233588238843791,2394.1319964046297,128.0,-2648.1421259343333,10.816643,60.149914,14,0,13,11466625,MetalFX temporal
233588252241291,2394.1319964046297,128.0,-2648.1421259343333,11.566643,59.699913,14,0,13,11315583,MetalFX temporal
233588268711250,2394.1156904241875,128.0,-2648.050574972822,12.166643,59.54991,14,0,13,11759166,MetalFX temporal
233588285697291,2394.1156904241875,128.0,-2648.050574972822,12.916643,59.39991,14,0,13,11759166,MetalFX temporal
233588303236291,2394.1156904241875,128.0,-2648.050574972822,13.366643,59.39991,14,0,13,11663833,MetalFX temporal
233588321675083,2394.0841345211184,128.0,-2647.9052421948263,13.516643,59.39991,13,0,13,11774041,MetalFX temporal
233588338482458,2394.0841345211184,128.0,-2647.9052421948263,13.666642,59.39991,13,0,13,11953499,MetalFX temporal
233588355707625,2394.0841345211184,128.0,-2647.9052421948263,13.666642,59.39991,13,0,13,11362208,MetalFX temporal
233588382738833,2394.066904996041,128.0,-2647.825890488824,13.666642,59.24991,13,0,13,11349125,MetalFX temporal
233588400889458,2394.066904996041,128.0,-2647.825890488824,14.416642,59.24991,13,0,13,11235750,MetalFX temporal
233588417709791,2394.0574976742564,128.0,-2647.782564452314,14.866642,59.099907,13,0,13,11346583,MetalFX temporal
233588433583916,2394.0574976742564,128.0,-2647.782564452314,15.616642,58.949905,13,0,13,9714291,MetalFX temporal
233588450806583,2394.0574976742564,128.0,-2647.782564452314,16.666641,58.649906,13,0,13,11437541,MetalFX temporal
233588468162583,2394.0158234083947,128.0,-2647.6368602994926,17.56664,58.349907,13,0,13,9815124,MetalFX temporal
233588485152833,2394.0158234083947,128.0,-2647.6368602994926,18.766642,58.049908,13,0,13,9815124,MetalFX temporal
233588502869875,2394.0158234083947,128.0,-2647.6368602994926,20.266642,57.74991,14,0,13,11433666,MetalFX temporal
233588521133208,2393.9489441465785,128.0,-2647.4377912282143,21.766642,57.599907,14,0,13,9757291,MetalFX temporal
233588538805166,2393.9489441465785,128.0,-2647.4377912282143,23.416641,57.599907,14,0,13,11599500,MetalFX temporal
233588557609375,2393.9489441465785,128.0,-2647.4377912282143,24.46664,57.599907,16,0,13,9805333,MetalFX temporal
233588583256916,2393.859663823974,128.0,-2647.213139601344,25.51664,57.599907,16,0,13,9772749,MetalFX temporal
233588602900583,2393.859663823974,128.0,-2647.213139601344,26.86664,57.599907,19,0,13,12060291,MetalFX temporal
233588623211791,2393.662985487579,128.41999998688698,-2646.798406001747,28.06664,57.599907,20,0,13,12060291,MetalFX temporal
233588650628791,2393.662985487579,128.41999998688698,-2646.798406001747,29.56664,57.599907,21,0,13,12293125,MetalFX temporal
233588670967250,2393.543027306571,128.7531999805212,-2646.5497988424395,35.71664,58.049908,21,0,13,12614500,MetalFX temporal
233588692495458,2393.543027306571,128.7531999805212,-2646.5497988424395,40.21664,58.94991,22,0,13,12614500,MetalFX temporal
233588719202708,2393.543027306571,128.7531999805212,-2646.5497988424395,45.76664,60.299908,23,0,13,9946500,MetalFX temporal
233588739721250,2393.4475387311986,129.00133597911216,-2646.3095235685096,59.41664,63.299908,23,0,13,12496750,MetalFX temporal
233588758735375,2393.4475387311986,129.00133597911216,-2646.3095235685096,67.51664,64.64991,23,0,13,12496750,MetalFX temporal
233588783561125,2393.368139511589,129.1661092609382,-2646.07276286811,75.91664,66.14991,23,0,13,12015166,MetalFX temporal
233588801545875,2393.368139511589,129.1661092609382,-2646.07276286811,86.26664,67.64991,27,0,13,9968208,MetalFX temporal
233588818428208,2393.297163120671,129.24918707874468,-2645.8377522622295,89.11664,68.09991,28,0,13,11730625,MetalFX temporal
233588834892375,2393.297163120671,129.24918707874468,-2645.8377522622295,94.816635,68.699905,29,0,13,11539791,MetalFX temporal
233588851655583,2393.297163120671,129.24918707874468,-2645.8377522622295,98.26663,68.84991,29,0,13,10035374,MetalFX temporal
233588868407583,2393.2445378155344,129.25220334025371,-2645.607865083647,102.46663,69.299904,31,0,13,11708125,MetalFX temporal
233588884874041,2393.2445378155344,129.25220334025371,-2645.607865083647,107.11663,69.8999,33,0,13,11578333,MetalFX temporal
233588901232291,2393.2445378155344,129.25220334025371,-2645.607865083647,112.36663,70.6499,33,0,13,10086208,MetalFX temporal
233588918226708,2393.2147747515223,129.17675927506423,-2645.391210573284,117.61663,71.549904,35,0,13,11685875,MetalFX temporal
233588934033375,2393.2147747515223,129.17675927506423,-2645.391210573284,122.71663,72.299904,35,0,13,11392874,MetalFX temporal
233588950068750,2393.2147747515223,129.17675927506423,-2645.391210573284,126.01663,72.7499,38,0,13,10012374,MetalFX temporal
233588966935291,2393.2035444437656,129.02442408821366,-2645.1825307239747,128.11664,72.7499,38,0,13,10334124,MetalFX temporal
233588983393333,2393.2035444437656,129.02442408821366,-2645.1825307239747,130.51663,72.8999,38,0,13,10337333,MetalFX temporal
233588999859875,2393.2035444437656,129.02442408821366,-2645.1825307239747,132.01663,72.8999,38,0,13,10067208,MetalFX temporal
233589016707000,2393.1933248634127,128.79673560066868,-2644.9926320556306,133.21663,72.8999,38,0,13,10348375,MetalFX temporal
233589033198833,2393.1933248634127,128.79673560066868,-2644.9926320556306,133.51663,72.8999,38,0,13,10275874,MetalFX temporal
233589049572750,2393.1933248634127,128.79673560066868,-2644.9926320556306,133.51663,72.8999,38,0,13,10053874,MetalFX temporal
233589066353041,2393.184025045023,128.4952008770059,-2644.819824262457,133.51663,72.8999,38,0,13,10363083,MetalFX temporal
233589082744666,2393.184025045023,128.4952008770059,-2644.819824262457,133.51663,72.8999,37,0,13,10295708,MetalFX temporal
233589099312750,2393.184025045023,128.4952008770059,-2644.819824262457,133.51663,72.8999,37,0,13,9964750,MetalFX temporal
233589116267500,2393.175562210045,128.1212968405392,-2644.662569166137,133.51663,72.8999,37,0,13,10231124,MetalFX temporal
233589132732250,2393.175562210045,128.1212968405392,-2644.662569166137,133.51663,72.8999,37,0,13,10284833,MetalFX temporal
233589149457333,2393.175562210045,128.1212968405392,-2644.662569166137,133.51663,72.8999,37,0,13,9970000,MetalFX temporal
233589166302458,2393.1678610299928,128.0,-2644.519467024362,133.51663,72.8999,37,0,13,9916874,MetalFX temporal
233589182685500,2393.1678610299928,128.0,-2644.519467024362,133.51663,72.8999,37,0,13,10207125,MetalFX temporal
233589199216166,2393.1678610299928,128.0,-2644.519467024362,133.51663,72.8999,37,0,13,9955541,MetalFX temporal
233589216274083,2393.1608529559435,128.0,-2644.389244071593,133.51663,72.8999,37,0,13,10307291,MetalFX temporal
233589232704250,2393.1608529559435,128.0,-2644.389244071593,133.51663,72.8999,37,0,13,10218250,MetalFX temporal
233589249143833,2393.1608529559435,128.0,-2644.389244071593,133.51663,72.8999,37,0,13,10002625,MetalFX temporal
233589266053416,2393.157026547068,128.0,-2644.318142331123,133.51663,72.8999,37,0,13,10343250,MetalFX temporal
233589282674791,2393.157026547068,128.0,-2644.318142331123,133.66663,72.8999,37,0,13,10280583,MetalFX temporal
233589299469666,2393.157026547068,128.0,-2644.318142331123,136.36662,71.3999,38,0,13,10013874,MetalFX temporal
233589317172750,2393.15493732758,128.0,-2644.279320776317,141.01662,68.2499,39,0,13,10422666,MetalFX temporal
233589334142583,2393.15493732758,128.0,-2644.279320776317,146.26662,64.4999,40,0,13,10321041,MetalFX temporal
233589351422166,2393.15493732758,128.0,-2644.279320776317,150.16661,61.3499,40,0,13,10133750,MetalFX temporal
233589368782958,2393.1537966136066,128.0,-2644.258124204931,153.3166,58.6499,41,0,13,10192083,MetalFX temporal
233589385628333,2393.1537966136066,128.0,-2644.258124204931,154.9666,57.1499,41,0,13,10345124,MetalFX temporal
233589403871500,2393.1537966136066,128.0,-2644.258124204931,155.7166,56.249897,40,0,13,10252624,MetalFX temporal
233589422870375,2393.153173783705,128.0,-2644.24655087561,156.3166,55.499897,39,0,13,10462125,MetalFX temporal
233589441598916,2393.153173783705,128.0,-2644.24655087561,156.61661,55.199898,39,0,13,10426374,MetalFX temporal
233589466559875,2393.153173783705,128.0,-2644.24655087561,156.7666,55.049896,39,0,13,10387541,MetalFX temporal
233589485590875,2393.152833718539,128.0,-2644.240231837067,156.7666,54.899895,39,0,13,10249249,MetalFX temporal
233589504420416,2393.152833718539,128.0,-2644.240231837067,156.7666,54.899895,39,0,13,10611125,MetalFX temporal
233589523760791,2393.1139850130107,128.0,-2644.3268325784347,156.7666,54.899895,39,0,13,10579541,MetalFX temporal
233589549919416,2393.1139850130107,128.0,-2644.3268325784347,156.7666,54.899895,39,0,13,10105749,MetalFX temporal
233589568867583,2393.0541105874017,128.0,-2644.464167525527,156.7666,54.749893,39,0,13,10331374,MetalFX temporal
233589587368125,2393.0541105874017,128.0,-2644.464167525527,156.7666,54.749893,39,0,13,10475624,MetalFX temporal
233589606702458,2393.0541105874017,128.0,-2644.464167525527,156.7666,54.749893,39,0,13,10474333,MetalFX temporal
233589633782416,2393.0214191472223,128.0,-2644.5391524153492,156.9166,54.749893,39,0,13,10124166,MetalFX temporal
233589652842666,2393.0214191472223,128.0,-2644.5391524153492,158.4166,54.59989,39,0,13,10398916,MetalFX temporal
233589671714958,2393.003569618811,128.0,-2644.5800941699476,159.7666,54.59989,39,0,13,10561500,MetalFX temporal
233589691361250,2393.003569618811,128.0,-2644.5800941699476,161.5666,54.44989,41,0,13,10200124,MetalFX temporal
233589717843708,2393.003569618811,128.0,-2644.5800941699476,163.5166,54.44989,41,0,13,10384749,MetalFX temporal
233589736702875,2392.9576722298516,128.0,-2644.724611495071,168.0166,54.44989,42,0,13,10499291,MetalFX temporal
233589755944250,2392.9576722298516,128.0,-2644.724611495071,170.5666,54.44989,43,0,13,10296416,MetalFX temporal
233589775913083,2392.9117227998768,128.0,-2644.929193712816,173.2666,54.44989,43,0,13,10224708,MetalFX temporal
233589800818541,2392.9117227998768,128.0,-2644.929193712816,175.6666,54.44989,49,0,13,10435250,MetalFX temporal
233589820810958,2392.877006495675,128.0,-2645.167931309383,179.1166,54.44989,51,0,13,10785750,MetalFX temporal
233589841449416,2392.877006495675,128.0,-2645.167931309383,180.76659,54.44989,53,0,13,10444916,MetalFX temporal
233589867557458,2392.877006495675,128.0,-2645.167931309383,182.26659,54.44989,53,0,13,10589916,MetalFX temporal
233589887937750,2392.870980331081,128.41999998688698,-2645.6254266775936,187.3666,54.44989,51,0,13,10366750,MetalFX temporal
233589909082083,2392.870980331081,128.41999998688698,-2645.6254266775936,189.1666,54.44989,52,0,13,10279916,MetalFX temporal
233589934543500,2392.87174739732,128.7531999805212,-2645.9003740631074,191.1166,54.44989,51,0,13,12410083,MetalFX temporal
233589954749541,2392.87174739732,128.7531999805212,-2645.9003740631074,192.4666,54.44989,50,0,13,12605416,MetalFX temporal
233589975985000,2392.877944672907,129.00133597911216,-2646.175455673803,192.6166,54.44989,50,0,13,10301000,MetalFX temporal
233590001226208,2392.877944672907,129.00133597911216,-2646.175455673803,192.76659,54.44989,50,0,13,10207958,MetalFX temporal
233590021730750,2392.889214553061,129.1661092609382,-2646.4506300861062,192.76659,54.44989,50,0,13,12663749,MetalFX temporal
233590042654375,2392.889214553061,129.1661092609382,-2646.4506300861062,192.76659,54.44989,50,0,13,12368875,MetalFX temporal
233590068183916,2392.889214553061,129.1661092609382,-2646.4506300861062,191.1166,54.44989,51,0,13,10203166,MetalFX temporal
233590088626000,2392.9043811333536,129.24918707874468,-2646.726041058945,179.1166,53.99989,53,0,13,12558374,MetalFX temporal
233590109846375,2392.9043811333536,129.24918707874468,-2646.726041058945,169.9666,53.99989,49,0,13,10647374,MetalFX temporal
233590135340541,2392.9330823180157,129.25220334025371,-2646.997972369915,162.4666,53.99989,44,0,13,10271458,MetalFX temporal
233590156203458,2392.9330823180157,129.25220334025371,-2646.997972369915,152.7166,54.74989,43,0,13,10625374,MetalFX temporal
233590178272666,2392.967111935724,129.17675927506423,-2647.270196931321,149.8666,55.19989,41,0,13,10637875,MetalFX temporal
233590202848791,2392.967111935724,129.17675927506423,-2647.270196931321,145.3666,55.94989,41,0,13,10204249,MetalFX temporal
233590224437416,2393.0142056760133,129.02442408821366,-2647.5290607113193,136.6666,57.44989,40,0,13,10419166,MetalFX temporal
233590251089583,2393.0142056760133,129.02442408821366,-2647.5290607113193,131.1166,58.64989,39,0,13,10257333,MetalFX temporal
233590272447500,2393.069949745494,128.79673560066868,-2647.7793929264344,120.766594,61.64989,37,0,13,10343999,MetalFX temporal
233590293325083,2393.069949745494,128.79673560066868,-2647.7793929264344,116.71659,63.14989,34,0,13,10103916,MetalFX temporal
233590316813708,2393.069949745494,128.79673560066868,-2647.7793929264344,112.96659,64.34989,32,0,13,10333500,MetalFX temporal
233590334731916,2393.1283230321737,128.4952008770059,-2648.025242296103,97.96659,67.94989,29,0,13,11760208,MetalFX temporal
233590351391458,2393.1283230321737,128.4952008770059,-2648.025242296103,86.41659,69.44989,26,0,13,10119291,MetalFX temporal
233590367956958,2393.194672354433,128.1212968405392,-2648.2639644555484,75.46658,70.34989,23,0,13,11601041,MetalFX temporal
233590384401833,2393.194672354433,128.1212968405392,-2648.2639644555484,65.56658,70.79989,22,0,13,11450083,MetalFX temporal
233590400701500,2393.194672354433,128.1212968405392,-2648.2639644555484,57.46658,71.249886,23,0,13,11438875,MetalFX temporal
233590417237000,2393.271574089536,128.0,-2648.491743086601,48.616577,71.849884,23,0,13,11315374,MetalFX temporal
233590433510958,2393.271574089536,128.0,-2648.491743086601,39.766575,72.749886,25,0,13,11277249,MetalFX temporal
233590450364541,2393.271574089536,128.0,-2648.491743086601,31.366573,73.499886,23,0,13,11336541,MetalFX temporal
233590467101000,2393.392563923844,128.0,-2648.7826999434137,26.116573,73.94988,24,0,13,11249000,MetalFX temporal
233590483446708,2393.392563923844,128.0,-2648.7826999434137,20.716572,74.249886,30,0,13,11098249,MetalFX temporal
233590499858000,2393.392563923844,128.0,-2648.7826999434137,18.16657,74.39989,32,0,13,9932916,MetalFX temporal
233590516623208,2393.489177779993,128.0,-2649.034677875361,16.66657,74.39989,34,0,13,11265041,MetalFX temporal
233590533096875,2393.489177779993,128.0,-2649.034677875361,14.86657,74.39989,35,0,13,9879249,MetalFX temporal
233590549899500,2393.489177779993,128.0,-2649.034677875361,13.06657,74.39989,34,0,13,11242999,MetalFX temporal
233590566358125,2393.5419289515776,128.0,-2649.1722578421845,13.06657,74.39989,34,0,13,9901208,MetalFX temporal
233590582569125,2393.5419289515776,128.0,-2649.1722578421845,13.06657,74.39989,34,0,13,10912124,MetalFX temporal
233590599166916,2393.5419289515776,128.0,-2649.1722578421845,13.06657,74.39989,34,0,13,11093624,MetalFX temporal
233590615911416,2393.570731094608,128.0,-2649.247376512795,13.06657,74.39989,34,0,13,9949250,MetalFX temporal
233590632526750,2393.570731094608,128.0,-2649.247376512795,13.06657,74.39989,34,0,13,11009958,MetalFX temporal
233590649124500,2393.570731094608,128.0,-2649.247376512795,13.06657,74.39989,34,0,13,9879708,MetalFX temporal
233590665987833,2393.5864570665294,128.0,-2649.2883913117125,13.06657,74.39989,33,0,13,11112458,MetalFX temporal
233590682486250,2393.5864570665294,128.0,-2649.2883913117125,13.06657,74.39989,33,0,13,11022749,MetalFX temporal
233590699099083,2393.5864570665294,128.0,-2649.2883913117125,13.06657,74.39989,33,0,13,10868999,MetalFX temporal
233590715996500,2393.5950434481956,128.0,-2649.3107853945226,13.06657,74.39989,33,0,13,10834958,MetalFX temporal
233590732457333,2393.5950434481956,128.0,-2649.3107853945226,13.06657,74.39989,33,0,13,9841833,MetalFX temporal
233590748857083,2393.5950434481956,128.0,-2649.3107853945226,13.06657,74.39989,33,0,13,10855416,MetalFX temporal
233590766055833,2393.59973161313,128.0,-2649.323012565157,13.06657,74.39989,33,0,13,9812291,MetalFX temporal
233590782792500,2393.59973161313,128.0,-2649.323012565157,13.06657,74.39989,33,0,13,11083499,MetalFX temporal
233590799413791,2393.59973161313,128.0,-2649.323012565157,13.06657,74.39989,33,0,13,10814208,MetalFX temporal
233590816547375,2393.6022913514817,128.0,-2649.329688601099,13.06657,73.94989,33,0,13,11030374,MetalFX temporal
233590832576791,2393.6022913514817,128.0,-2649.329688601099,13.06657,72.74989,29,0,13,10749833,MetalFX temporal
233590849325416,2393.6022913514817,128.0,-2649.329688601099,13.51657,71.09989,25,0,13,9781250,MetalFX temporal
233590866185666,2393.603688968784,128.0,-2649.3333337171466,14.56657,69.29989,22,0,13,11120166,MetalFX temporal
233590882765375,2393.603688968784,128.0,-2649.3333337171466,15.76657,67.34989,17,0,13,9745625,MetalFX temporal
233590899667916,2393.603688968784,128.0,-2649.3333337171466,17.11657,65.399895,16,0,13,11101458,MetalFX temporal
233590917213083,2393.574854698031,128.0,-2649.2396716344747,19.21657,62.999893,15,0,13,11095124,MetalFX temporal
233590934274833,2393.574854698031,128.0,-2649.2396716344747,21.61657,60.449894,15,0,13,11207083,MetalFX temporal
233590950946208,2393.574854698031,128.0,-2649.2396716344747,23.11657,59.249893,15,0,13,11310916,MetalFX temporal
233590968176208,2393.520638179244,128.0,-2649.09839984926,24.01657,58.499893,15,0,13,11539666,MetalFX temporal
233590984918666,2393.520638179244,128.0,-2649.09839984926,25.066568,57.749893,15,0,13,11539666,MetalFX temporal
233591002989416,2393.520638179244,128.0,-2649.09839984926,25.216568,57.59989,15,0,13,11493500,MetalFX temporal
233591021730041,2393.4910359565483,128.0,-2649.0212654455736,25.216568,57.59989,15,0,13,11647791,MetalFX temporal
233591039459166,2393.4910359565483,128.0,-2649.0212654455736,25.066568,57.44989,14,0,13,11719250,MetalFX temporal
233591065997875,2393.4910359565483,128.0,-2649.0212654455736,24.616568,57.44989,14,0,13,11505625,MetalFX temporal
233591084426708,2393.474873141079,128.0,-2648.9791500562687,24.616568,57.44989,14,0,13,11538458,MetalFX temporal
233591101015333,2393.474873141079,128.0,-2648.9791500562687,24.616568,57.44989,14,0,13,11582125,MetalFX temporal
233591119532875,2393.412984007352,128.0,-2648.840332123653,24.616568,57.44989,14,0,13,11582125,MetalFX temporal
233591137281083,2393.412984007352,128.0,-2648.840332123653,24.616568,57.44989,14,0,13,11724874,MetalFX temporal
233591155310500,2393.412984007352,128.0,-2648.840332123653,24.616568,57.44989,14,0,13,11536083,MetalFX temporal
233591173931125,2393.326128300956,128.0,-2648.6487145962565,24.616568,57.44989,14,0,13,11585500,MetalFX temporal
233591200274375,2393.326128300956,128.0,-2648.6487145962565,24.616568,57.44989,16,0,13,11478250,MetalFX temporal
233591218427041,2393.14233750005,128.41999998688698,-2648.246442872786,24.616568,57.44989,16,0,13,11901499,MetalFX temporal
233591235611791,2393.14233750005,128.41999998688698,-2648.246442872786,24.616568,57.44989,17,0,13,11901499,MetalFX temporal
233591254404000,2393.14233750005,128.41999998688698,-2648.246442872786,24.616568,57.44989,18,0,13,11950874,MetalFX temporal
233591273778916,2393.0313748653766,128.7531999805212,-2648.0036379037692,24.616568,57.44989,18,0,13,12087333,MetalFX temporal
233591300227333,2393.0313748653766,128.7531999805212,-2648.0036379037692,24.616568,57.44989,18,0,13,11930124,MetalFX temporal
233591318451125,2392.948217775032,129.00133597911216,-2647.7745216478834,24.616568,57.44989,18,0,13,12213374,MetalFX temporal
233591336071333,2392.948217775032,129.00133597911216,-2647.7745216478834,24.616568,57.44989,18,0,13,12213374,MetalFX temporal
233591355083458,2392.948217775032,129.00133597911216,-2647.7745216478834,24.616568,57.44989,19,0,13,12119541,MetalFX temporal
233591374460333,2392.8903637307553,129.1661092609382,-2647.557862121306,24.616568,57.44989,18,0,13,12255666,MetalFX temporal
233591401123583,2392.8903637307553,129.1661092609382,-2647.557862121306,24.616568,57.44989,17,0,13,12196875,MetalFX temporal
233591421176166,2392.8555354590644,129.24918707874468,-2647.352538218725,25.516567,57.89989,16,0,13,12196875,MetalFX temporal
233591441774583,2392.8555354590644,129.24918707874468,-2647.352538218725,26.266567,58.64989,17,0,13,12336249,MetalFX temporal
233591466573416,2392.8555354590644,129.24918707874468,-2647.352538218725,27.916567,59.84989,17,0,13,11713624,MetalFX temporal
233591484550000,2392.842959256647,129.25220334025371,-2647.1715688423715,37.36657,64.04989,22,0,13,9811249,MetalFX temporal
233591500670541,2392.842959256647,129.25220334025371,-2647.1715688423715,45.916573,66.59989,21,0,13,11595333,MetalFX temporal
233591518153791,2392.8515123771176,129.17675927506423,-2647.006568417241,57.916573,70.19989,23,0,13,10013874,MetalFX temporal
233591534224125,2392.8515123771176,129.17675927506423,-2647.006568417241,73.966576,74.84989,24,0,13,11376458,MetalFX temporal
233591550752750,2392.8515123771176,129.17675927506423,-2647.006568417241,90.16658,79.34989,32,0,13,11268750,MetalFX temporal
233591567215125,2392.873397116934,129.02442408821366,-2646.842235274587,101.866585,82.49989,34,0,13,11385874,MetalFX temporal
233591583110958,2392.873397116934,129.02442408821366,-2646.842235274587,115.51659,86.24989,35,0,13,10952499,MetalFX temporal
233591599203166,2392.873397116934,129.02442408821366,-2646.842235274587,127.366585,89.09989,34,0,13,9950500,MetalFX temporal
233591615895166,2392.8959696397865,128.79673560066868,-2646.6728694452795,131.1166,89.99989,34,0,13,10869458,MetalFX temporal
233591632352000,2392.8959696397865,128.79673560066868,-2646.6728694452795,139.3666,90.0,37,0,13,10955249,MetalFX temporal
233591648905333,2392.8959696397865,128.79673560066868,-2646.6728694452795,144.6166,90.0,38,0,13,9959374,MetalFX temporal
233591665911791,2392.9131707744837,128.4952008770059,-2646.499027377732,149.1166,90.0,39,0,13,11053791,MetalFX temporal
233591682736416,2392.9131707744837,128.4952008770059,-2646.499027377732,151.81659,90.0,40,0,13,11197208,MetalFX temporal
233591699119833,2392.9131707744837,128.4952008770059,-2646.499027377732,155.8666,90.0,40,0,13,11045041,MetalFX temporal
233591716225208,2392.921701103946,128.1212968405392,-2646.322142405886,158.1166,90.0,40,0,13,11044125,MetalFX temporal
233591732800333,2392.921701103946,128.1212968405392,-2646.322142405886,160.3666,90.0,40,0,13,9958083,MetalFX temporal
233591749298833,2392.921701103946,128.1212968405392,-2646.322142405886,162.31659,90.0,40,0,13,11097875,MetalFX temporal
233591766096041,2392.9202869887604,128.0,-2646.143406658232,164.26659,89.85,40,0,13,11234125,MetalFX temporal
233591782533333,2392.9202869887604,128.0,-2646.143406658232,165.76659,89.549995,42,0,13,9986500,MetalFX temporal
233591799598541,2392.9202869887604,128.0,-2646.143406658232,167.1166,89.1,42,0,13,11291375,MetalFX temporal
233591816246291,2392.9190001439047,128.0,-2645.980757123179,167.8666,88.799995,42,0,13,10077749,MetalFX temporal
233591832525208,2392.9190001439047,128.0,-2645.980757123179,167.8666,88.799995,42,0,13,11154250,MetalFX temporal
233591848845041,2392.9190001439047,128.0,-2645.980757123179,167.8666,88.799995,42,0,13,11156249,MetalFX temporal
233591865941750,2392.9182975265317,128.0,-2645.891950466725,167.8666,88.799995,42,0,13,9972291,MetalFX temporal
233591882199583,2392.9182975265317,128.0,-2645.891950466725,167.8666,88.799995,42,0,13,11142124,MetalFX temporal
233591898569708,2392.9182975265317,128.0,-2645.891950466725,167.8666,88.799995,42,0,13,11188624,MetalFX temporal
233591915498250,2392.9179138974014,128.0,-2645.843462026669,167.8666,88.799995,42,0,13,11129833,MetalFX temporal
233591931881166,2392.9179138974014,128.0,-2645.843462026669,167.8666,88.799995,42,0,13,11163499,MetalFX temporal
233591948334416,2392.9179138974014,128.0,-2645.843462026669,167.8666,88.799995,42,0,13,9967499,MetalFX temporal
233591965450041,2392.917704435872,128.0,-2645.816987335323,167.8666,88.799995,42,0,13,11074833,MetalFX temporal
233591982235708,2392.917704435872,128.0,-2645.816987335323,167.8666,88.799995,42,0,13,11092250,MetalFX temporal
233591998535583,2392.917704435872,128.0,-2645.816987335323,167.8666,88.799995,42,0,13,9923708,MetalFX temporal
233592015338583,2392.9175900698638,128.0,-2645.8025321521695,167.8666,88.799995,42,0,13,11225875,MetalFX temporal
233592031694583,2392.9175900698638,128.0,-2645.8025321521695,167.8666,88.799995,42,0,13,9946166,MetalFX temporal
233592048245625,2392.9175900698638,128.0,-2645.8025321521695,167.8666,88.799995,42,0,13,11143583,MetalFX temporal
233592065457416,2392.917527626016,128.0,-2645.794639621251,167.8666,88.799995,42,0,13,11206875,MetalFX temporal
233592082087625,2392.917527626016,128.0,-2645.794639621251,167.8666,88.799995,42,0,13,9951874,MetalFX temporal
233592098844458,2392.917527626016,128.0,-2645.794639621251,167.8666,87.74999,44,0,13,11207375,MetalFX temporal
233592115705083,2392.9174935316714,128.0,-2645.790330298869,168.31659,85.94999,44,0,13,10034625,MetalFX temporal
233592132390083,2392.9174935316714,128.0,-2645.790330298869,169.3666,83.99999,46,0,13,10010250,MetalFX temporal
233592149185958,2392.9174935316714,128.0,-2645.790330298869,171.1666,81.74999,45,0,13,11470625,MetalFX temporal
233592166768916,2392.9174935316714,128.0,-2645.790330298869,174.31659,79.049995,45,0,13,10078958,MetalFX temporal
233592183398375,2392.9174935316714,128.0,-2645.790330298869,178.06659,76.649994,43,0,13,11502000,MetalFX temporal
233592199611125,2392.9174935316714,128.0,-2645.790330298869,181.6666,75.149994,44,0,13,11474250,MetalFX temporal
233592216642583,2392.9174935316714,128.0,-2645.790330298869,183.6166,74.84999,44,0,13,10083750,MetalFX temporal
233592233135125,2392.9174935316714,128.0,-2645.790330298869,186.01659,74.54999,44,0,13,11515749,MetalFX temporal
233592249374708,2392.9174935316714,128.0,-2645.790330298869,186.91658,74.39999,44,0,13,11533333,MetalFX temporal
233592266411000,2392.9174935316714,128.0,-2645.790330298869,187.66658,74.39999,44,0,13,10089833,MetalFX temporal
233592282876958,2392.9174935316714,128.0,-2645.790330298869,187.96658,74.39999,44,0,13,11548125,MetalFX temporal
233592299515791,2392.9174935316714,128.0,-2645.790330298869,187.96658,74.39999,44,0,13,11502125,MetalFX temporal
233592316906750,2392.9310733595958,128.0,-2645.8873848658454,187.96658,74.39999,44,0,13,9975958,MetalFX temporal
233592333514958,2392.9310733595958,128.0,-2645.8873848658454,187.96658,74.39999,44,0,13,11481749,MetalFX temporal
233592349799125,2392.9310733595958,128.0,-2645.8873848658454,187.96658,74.39999,44,0,13,11530000,MetalFX temporal
233592366333500,2392.952067774428,128.0,-2646.0374312325466,187.96658,74.39999,44,0,13,10140750,MetalFX temporal
233592383006750,2392.952067774428,128.0,-2646.0374312325466,187.96658,74.39999,44,0,13,11476666,MetalFX temporal
233592399538833,2392.952067774428,128.0,-2646.0374312325466,187.66658,74.39999,44,0,13,11498583,MetalFX temporal
233592416544208,2392.963530726258,128.0,-2646.119356558281,187.21658,74.249985,44,0,13,10074624,MetalFX temporal
233592432876666,2392.963530726258,128.0,-2646.119356558281,186.91658,74.249985,44,0,13,11519874,MetalFX temporal
233592449659166,2392.963530726258,128.0,-2646.119356558281,186.76659,74.09998,44,0,13,11508124,MetalFX temporal
233592466649458,2392.969789498684,128.0,-2646.164087791328,186.46658,74.09998,44,0,13,10080124,MetalFX temporal
233592483246125,2392.969789498684,128.0,-2646.164087791328,186.31659,73.94998,44,0,13,11532750,MetalFX temporal
233592499714833,2392.969789498684,128.0,-2646.164087791328,186.1666,73.79998,44,0,13,11478125,MetalFX temporal
233592516834333,2392.986884844966,128.0,-2646.3151746749013,185.7166,73.34998,44,0,13,10101166,MetalFX temporal
233592533365500,2392.986884844966,128.0,-2646.3151746749013,184.8166,72.44998,43,0,13,11614458,MetalFX temporal
233592549985291,2392.986884844966,128.0,-2646.3151746749013,183.0166,70.34998,43,0,13,11424458,MetalFX temporal
233592567440166,2393.002921472767,128.0,-2646.5248916972732,180.4666,67.64999,45,0,13,10118958,MetalFX temporal
233592584560375,2393.002921472767,128.0,-2646.5248916972732,177.4666,64.64999,49,0,13,11551250,MetalFX temporal
233592602043000,2393.002921472767,128.0,-2646.5248916972732,174.4666,61.649986,49,0,13,10505874,MetalFX temporal
233592620084875,2392.980086505287,128.41999998688698,-2646.9652695392706,171.7666,59.549988,49,0,13,10438708,MetalFX temporal
233592639507208,2392.980086505287,128.41999998688698,-2646.9652695392706,168.4666,57.899986,48,0,13,10730708,MetalFX temporal
233592660023291,2392.980086505287,128.41999998688698,-2646.9652695392706,161.1166,55.949986,42,0,13,10671583,MetalFX temporal
233592685566875,2392.967618611595,128.7531999805212,-2647.2057158689295,155.4166,55.499985,43,0,13,10214833,MetalFX temporal
233592706350958,2392.967618611595,128.7531999805212,-2647.2057158689295,138.7666,56.549984,40,0,13,10797666,MetalFX temporal
233592728600958,2392.9710117786235,129.00133597911216,-2647.437441916174,133.9666,57.749985,40,0,13,10742333,MetalFX temporal
233592752916625,2392.9710117786235,129.00133597911216,-2647.437441916174,128.5666,59.399986,40,0,13,10170333,MetalFX temporal
233592772411875,2392.9863174419474,129.1661092609382,-2647.6636385308802,118.216606,62.849987,36,0,13,10362875,MetalFX temporal
233592790709500,2392.9863174419474,129.1661092609382,-2647.6636385308802,113.11661,64.94999,34,0,13,11945499,MetalFX temporal
233592816789583,2392.9863174419474,129.1661092609382,-2647.6636385308802,108.466606,66.59999,33,0,13,11822374,MetalFX temporal
233592834386750,2393.0064526083465,129.24918707874468,-2647.8880686631924,100.5166,69.149994,31,0,13,10060291,MetalFX temporal
233592850581916,2393.0064526083465,129.24918707874468,-2647.8880686631924,94.6666,70.34999,31,0,13,11459916,MetalFX temporal
233592867511166,2393.040020775213,129.25220334025371,-2648.1052455454,87.4666,71.84999,27,0,13,11502750,MetalFX temporal
233592883844666,2393.040020775213,129.25220334025371,-2648.1052455454,79.3666,73.79999,26,0,13,9926833,MetalFX temporal
233592900413541,2393.040020775213,129.25220334025371,-2648.1052455454,69.3166,76.94999,27,0,13,11297874,MetalFX temporal
233592917033833,2393.088904051161,129.17675927506423,-2648.309800542687,59.116596,80.24999,28,0,13,10026999,MetalFX temporal
233592933394541,2393.088904051161,129.17675927506423,-2648.309800542687,48.766594,83.84999,33,0,13,11289749,MetalFX temporal
233592949967750,2393.088904051161,129.17675927506423,-2648.309800542687,38.866592,87.29999,42,0,13,11122625,MetalFX temporal
233592966477166,2393.1456863591634,129.02442408821366,-2648.5112068630574,38.866592,87.29999,42,0,13,10107541,MetalFX temporal
233592983085291,2393.1456863591634,129.02442408821366,-2648.5112068630574,38.866592,87.29999,41,0,13,11458249,MetalFX temporal
233592999320666,2393.1456863591634,129.02442408821366,-2648.5112068630574,38.866592,87.29999,41,0,13,10065416,MetalFX temporal
233593016403583,2393.2096567865424,128.79673560066868,-2648.7097478873516,38.866592,87.29999,41,0,13,11457374,MetalFX temporal
233593033284875,2393.2096567865424,128.79673560066868,-2648.7097478873516,38.866592,87.29999,41,0,13,11347166,MetalFX temporal
233593049635875,2393.2096567865424,128.79673560066868,-2648.7097478873516,38.866592,87.29999,40,0,13,10077958,MetalFX temporal
233593066605416,2393.265732147939,128.4952008770059,-2648.910305647341,38.866592,87.29999,40,0,13,11349000,MetalFX temporal
233593083503875,2393.265732147939,128.4952008770059,-2648.910305647341,38.866592,87.29999,39,0,13,11486625,MetalFX temporal
233593100101125,2393.265732147939,128.4952008770059,-2648.910305647341,38.866592,87.29999,39,0,13,10087416,MetalFX temporal
233593116508750,2393.301499460806,128.1212968405392,-2649.105111739799,38.866592,87.29999,39,0,13,11626791,MetalFX temporal
233593132996291,2393.301499460806,128.1212968405392,-2649.105111739799,38.866592,87.29999,39,0,13,11223916,MetalFX temporal
233593149273458,2393.301499460806,128.1212968405392,-2649.105111739799,38.866592,87.29999,39,0,13,9938333,MetalFX temporal
233593166345541,2393.3187864489782,128.0,-2649.294683814653,38.866592,87.29999,39,0,13,11303166,MetalFX temporal
233593182663333,2393.3187864489782,128.0,-2649.294683814653,38.866592,87.29999,39,0,13,9933083,MetalFX temporal
233593199179541,2393.3187864489782,128.0,-2649.294683814653,38.866592,87.29999,39,0,13,11416875,MetalFX temporal
233593216315208,2393.258211268451,128.0,-2649.5286870380714,35.866592,87.29999,42,0,13,11422250,MetalFX temporal
233593232796666,2393.258211268451,128.0,-2649.5286870380714,28.96659,85.79999,44,0,13,9998499,MetalFX temporal
233593249142500,2393.258211268451,128.0,-2649.5286870380714,28.96659,85.79999,44,0,13,11500166,MetalFX temporal
233593266735000,2393.2251372160413,128.0,-2649.6564528128984,17.56659,82.499985,42,0,13,11561874,MetalFX temporal
233593283325541,2393.2251372160413,128.0,-2649.6564528128984,13.666589,80.999985,41,0,13,10045999,MetalFX temporal
233593299739875,2393.2251372160413,128.0,-2649.6564528128984,9.916588,79.499985,40,0,13,11227250,MetalFX temporal
233593316819750,2393.207078781328,128.0,-2649.7262129340565,7.0665874,78.29999,37,0,13,10070874,MetalFX temporal
233593333510333,2393.207078781328,128.0,-2649.7262129340565,5.5665874,77.54999,37,0,13,10928875,MetalFX temporal
233593349444083,2393.207078781328,128.0,-2649.7262129340565,4.6665874,76.64999,37,0,13,10943000,MetalFX temporal
233593366198000,2393.1972188748296,128.0,-2649.764301964633,4.0665874,76.04999,37,0,13,9928999,MetalFX temporal
233593382806208,2393.1972188748296,128.0,-2649.764301964633,3.9165874,75.59999,37,0,13,11161833,MetalFX temporal
233593399211208,2393.1972188748296,128.0,-2649.764301964633,3.9165874,74.99999,38,0,13,10729708,MetalFX temporal
233593416559541,2393.191835365256,128.0,-2649.785098577743,4.0665874,74.399994,38,0,13,10057374,MetalFX temporal
233593432791833,2393.191835365256,128.0,-2649.785098577743,4.0665874,74.399994,38,0,13,10935958,MetalFX temporal
233593449306791,2393.191835365256,128.0,-2649.785098577743,4.0665874,74.399994,38,0,13,9929208,MetalFX temporal
233593466224708,2393.188895968687,128.0,-2649.79645352982,4.0665874,74.399994,38,0,13,10965749,MetalFX temporal
233593482689166,2393.188895968687,128.0,-2649.79645352982,4.0665874,74.399994,38,0,13,10828833,MetalFX temporal
233593499317416,2393.188895968687,128.0,-2649.79645352982,4.0665874,74.399994,38,0,13,9916708,MetalFX temporal
233593516354625,2393.187291057974,128.0,-2649.8026533343746,4.0665874,74.399994,38,0,13,11042124,MetalFX temporal
233593532820958,2393.187291057974,128.0,-2649.8026533343746,4.0665874,74.399994,38,0,13,10980208,MetalFX temporal
233593549531416,2393.187291057974,128.0,-2649.8026533343746,4.0665874,74.399994,38,0,13,9923041,MetalFX temporal
233593566503458,2393.186414776623,128.0,-2649.8060384280543,4.0665874,74.399994,38,0,13,11277749,MetalFX temporal
233593582862708,2393.186414776623,128.0,-2649.8060384280543,4.0665874,74.399994,38,0,13,11039499,MetalFX temporal
233593599424583,2393.186414776623,128.0,-2649.8060384280543,4.0665874,74.399994,38,0,13,9937875,MetalFX temporal
233593616452958,2393.179467839494,128.0,-2649.708284960712,4.0665874,74.399994,38,0,13,10944458,MetalFX temporal
233593632916791,2393.179467839494,128.0,-2649.708284960712,4.0665874,74.399994,38,0,13,9895499,MetalFX temporal
233593649623625,2393.179467839494,128.0,-2649.708284960712,4.2165875,73.799995,37,0,13,11014999,MetalFX temporal
233593666495833,2393.168474854433,128.0,-2649.557176400495,4.8165874,71.7,35,0,13,10926083,MetalFX temporal
233593682978666,2393.168474854433,128.0,-2649.557176400495,5.8665876,68.549995,26,0,13,9870749,MetalFX temporal
233593699642458,2393.168474854433,128.0,-2649.557176400495,7.066588,65.1,21,0,13,10948500,MetalFX temporal
233593717077833,2393.1624726838927,128.0,-2649.4746711170333,8.116588,61.8,19,0,13,9638708,MetalFX temporal
233593734131625,2393.1624726838927,128.0,-2649.4746711170333,8.866588,59.7,16,0,13,11158500,MetalFX temporal
233593750958125,2393.1624726838927,128.0,-2649.4746711170333,9.166588,58.350002,16,0,13,10121625,MetalFX temporal
233593768638125,2393.138908733331,128.0,-2649.303848783527,9.466588,57.000004,15,0,13,11461750,MetalFX temporal
233593785684583,2393.138908733331,128.0,-2649.303848783527,9.616588,56.100002,15,0,13,11461750,MetalFX temporal
233593803912916,2393.138908733331,128.0,-2649.303848783527,9.616588,55.500004,15,0,13,9965041,MetalFX temporal
233593823421375,2393.1047678922673,128.0,-2649.084968712098,9.616588,55.200005,15,0,13,11712958,MetalFX temporal
233593850331625,2393.1047678922673,128.0,-2649.084968712098,9.616588,54.900005,15,0,13,11476749,MetalFX temporal
233593869303625,2393.0648520683185,128.0,-2648.839849112716,9.016587,54.300007,16,0,13,11979000,MetalFX temporal
233593887482583,2393.0648520683185,128.0,-2648.839849112716,9.016587,54.300007,16,0,13,11979000,MetalFX temporal
233593907006458,2393.0648520683185,128.0,-2648.839849112716,9.016587,54.300007,17,0,13,11940625,MetalFX temporal
233593934345750,2393.023096908079,128.0,-2648.580187260085,9.016587,54.300007,17,0,13,11820083,MetalFX temporal
233593952969333,2393.023096908079,128.0,-2648.580187260085,9.016587,54.300007,18,0,13,11910041,MetalFX temporal
233593971712166,2392.9803374701078,128.0,-2648.3125853362585,9.016587,54.300007,18,0,13,11910041,MetalFX temporal
233593990891500,2392.9803374701078,128.0,-2648.3125853362585,9.016587,54.300007,18,0,13,12039624,MetalFX temporal
233594017297333,2392.9803374701078,128.0,-2648.3125853362585,9.016587,54.300007,19,0,13,11837625,MetalFX temporal
233594035729791,2392.90569356474,128.41999998688698,-2647.843118268744,9.016587,54.300007,19,0,13,11909666,MetalFX temporal
233594054360250,2392.90569356474,128.41999998688698,-2647.843118268744,9.016587,54.300007,19,0,13,11909666,MetalFX temporal
233594074449333,2392.8609457646235,128.7531999805212,-2647.5616239161886,9.016587,54.300007,20,0,13,11878749,MetalFX temporal
233594101015500,2392.8609457646235,128.7531999805212,-2647.5616239161886,9.016587,54.300007,20,0,13,11771583,MetalFX temporal
233594120996791,2392.8162330422924,129.00133597911216,-2647.2802987440614,9.016587,54.300007,20,0,13,11771583,MetalFX temporal
233594141880625,2392.8162330422924,129.00133597911216,-2647.2802987440614,9.016587,54.300007,20,0,13,12324416,MetalFX temporal
233594168547208,2392.8162330422924,129.00133597911216,-2647.2802987440614,9.016587,54.300007,20,0,13,12065624,MetalFX temporal
233594188321541,2392.7949023904453,129.1661092609382,-2647.0212218891506,9.016587,54.300007,20,0,13,12065624,MetalFX temporal
233594209243833,2392.7949023904453,129.1661092609382,-2647.0212218891506,9.016587,54.300007,20,0,13,12166250,MetalFX temporal
233594235597625,2392.7948494233515,129.24918707874468,-2646.7823910034904,9.016587,54.300007,17,0,13,11975916,MetalFX temporal
233594254772666,2392.7948494233515,129.24918707874468,-2646.7823910034904,11.716587,54.750008,16,0,13,11975916,MetalFX temporal
233594276370583,2392.813993197545,129.25220334025371,-2646.561076433115,16.666588,56.100006,15,0,13,12178750,MetalFX temporal
233594301523125,2392.813993197545,129.25220334025371,-2646.561076433115,30.76659,59.400005,21,0,13,11824666,MetalFX temporal
233594319811791,2392.848256347903,129.17675927506423,-2646.3496553792747,69.016594,68.850006,25,0,14,10130624,MetalFX temporal
233594335217833,2392.848256347903,129.17675927506423,-2646.3496553792747,92.416595,74.55,28,0,14,9673083,MetalFX temporal
233594351360333,2392.848256347903,129.17675927506423,-2646.3496553792747,115.9666,80.100006,35,0,14,11248041,MetalFX temporal
233594367842750,2392.885958337183,129.02442408821366,-2646.138355691271,139.6666,85.350006,38,0,14,10089166,MetalFX temporal
233594383904875,2392.885958337183,129.02442408821366,-2646.138355691271,160.0666,89.40001,42,0,14,10829833,MetalFX temporal
233594400093583,2392.885958337183,129.02442408821366,-2646.138355691271,177.46661,90.0,48,0,14,10089083,MetalFX temporal
233594416997041,2392.921135021009,128.79673560066868,-2645.9264921932736,186.31662,90.0,47,0,14,10979916,MetalFX temporal
233594433228333,2392.921135021009,128.79673560066868,-2645.9264921932736,198.16663,90.0,44,0,14,10885166,MetalFX temporal
233594449979291,2392.921135021009,128.79673560066868,-2645.9264921932736,201.91663,90.0,44,0,14,10160749,MetalFX temporal
233594466604166,2392.945831361707,128.4952008770059,-2645.7155123750845,207.01663,90.0,44,0,14,11278375,MetalFX temporal
233594483466125,2392.945831361707,128.4952008770059,-2645.7155123750845,208.81664,90.0,45,0,14,11310083,MetalFX temporal
233594500055666,2392.945831361707,128.4952008770059,-2645.7155123750845,211.51663,90.0,46,0,14,10123624,MetalFX temporal
233594516653083,2392.9580598948946,128.1212968405392,-2645.5068115406975,213.31664,90.0,44,0,14,11425999,MetalFX temporal
233594533107250,2392.9580598948946,128.1212968405392,-2645.5068115406975,215.11664,89.85,41,0,14,11275791,MetalFX temporal
233594549396833,2392.9580598948946,128.1212968405392,-2645.5068115406975,215.71664,89.85,41,0,14,10044666,MetalFX temporal
233594566505958,2392.9691878604162,128.0,-2645.316893775932,215.71664,89.85,41,0,14,11251999,MetalFX temporal
233594582939333,2392.9691878604162,128.0,-2645.316893775932,215.71664,89.85,41,0,14,9997708,MetalFX temporal
233594599588416,2392.9691878604162,128.0,-2645.316893775932,215.71664,89.85,41,0,14,11200125,MetalFX temporal
233594616901041,2392.9793143093325,128.0,-2645.1440686050146,215.71664,89.85,41,0,14,11263874,MetalFX temporal
233594633229750,2392.9793143093325,128.0,-2645.1440686050146,215.71664,89.85,41,0,14,9998499,MetalFX temporal
233594649532208,2392.9793143093325,128.0,-2645.1440686050146,215.71664,89.85,41,0,14,11455874,MetalFX temporal
233594666499375,2392.984843351083,128.0,-2645.049706050733,215.71664,89.85,41,0,14,11272250,MetalFX temporal
233594683125375,2392.984843351083,128.0,-2645.049706050733,215.71664,89.85,41,0,14,10030541,MetalFX temporal
233594699698041,2392.984843351083,128.0,-2645.049706050733,215.71664,89.85,41,0,14,11211500,MetalFX temporal
233594716584041,2392.987862208229,128.0,-2644.998184090111,215.71664,89.85,41,0,14,11174875,MetalFX temporal
233594733242833,2392.987862208229,128.0,-2644.998184090111,215.71664,89.85,41,0,14,10044708,MetalFX temporal
233594749825625,2392.987862208229,128.0,-2644.998184090111,215.71664,89.85,41,0,14,11214500,MetalFX temporal
233594766442208,2392.9895105044225,128.0,-2644.9700530963437,215.56665,89.85,41,0,14,11257124,MetalFX temporal
233594782884791,2392.9895105044225,128.0,-2644.9700530963437,214.66666,89.549995,41,0,14,10091416,MetalFX temporal
233594799748208,2392.9895105044225,128.0,-2644.9700530963437,213.31665,88.649994,42,0,14,11204708,MetalFX temporal
233594816623958,2392.9904104742486,128.0,-2644.9546935719627,210.91666,86.7,43,0,14,10049874,MetalFX temporal
233594833072291,2392.9904104742486,128.0,-2644.9546935719627,207.76666,83.399994,44,0,14,10060750,MetalFX temporal
233594849548958,2392.9904104742486,128.0,-2644.9546935719627,202.06667,77.549995,46,0,14,11506875,MetalFX temporal
233594866851541,2392.990901857831,128.0,-2644.9463072706767,195.61667,71.24999,47,0,14,10087375,MetalFX temporal
233594883574625,2392.990901857831,128.0,-2644.9463072706767,191.41667,67.49999,48,0,14,10134500,MetalFX temporal
233594900835791,2392.990901857831,128.0,-2644.9463072706767,186.46667,63.59999,47,0,14,11538958,MetalFX temporal
233594918586791,2392.991170153298,128.0,-2644.9417283496427,182.26668,61.04999,47,0,14,10278916,MetalFX temporal
233594935062333,2392.991170153298,128.0,-2644.9417283496427,180.31668,59.999992,47,0,14,10274541,MetalFX temporal
233594952242916,2392.991170153298,128.0,-2644.9417283496427,176.56668,58.04999,48,0,14,10615416,MetalFX temporal
233594971027041,2392.991170153298,128.0,-2644.9417283496427,174.01668,56.699993,43,0,14,10796874,MetalFX temporal
233594990058375,2392.991170153298,128.0,-2644.9417283496427,173.11668,56.249992,43,0,14,10322499,MetalFX temporal
233595009203750,2392.991170153298,128.0,-2644.9417283496427,172.21669,55.649994,43,0,14,10813458,MetalFX temporal
233595034283625,2392.991170153298,128.0,-2644.9417283496427,171.61668,55.349995,43,0,14,10515874,MetalFX temporal
233595053076833,2392.991170153298,128.0,-2644.9417283496427,171.46669,55.199993,43,0,14,10326124,MetalFX temporal
233595072330041,2392.991170153298,128.0,-2644.9417283496427,171.46669,55.199993,43,0,14,10793791,MetalFX temporal
233595091376458,2392.991170153298,128.0,-2644.9417283496427,171.46669,55.199993,43,0,14,10377999,MetalFX temporal
233595117103458,2392.991170153298,128.0,-2644.9417283496427,171.46669,55.199993,43,0,14,10076874,MetalFX temporal
233595135808833,2392.991170153298,128.0,-2644.9417283496427,171.3167,55.199993,43,0,14,10143958,MetalFX temporal
233595155021208,2392.991170153298,128.0,-2644.9417283496427,171.1667,55.199993,43,0,14,10544791,MetalFX temporal
233595175145083,2392.991170153298,128.0,-2644.9417283496427,171.01671,55.199993,43,0,14,10790791,MetalFX temporal
233595200490083,2392.991170153298,128.0,-2644.9417283496427,170.4167,55.199993,43,0,14,10160124,MetalFX temporal
233595219903625,2392.991170153298,128.0,-2644.9417283496427,169.6667,55.349995,43,0,14,10594999,MetalFX temporal
233595238430916,2392.991170153298,128.0,-2644.9417283496427,169.2167,55.499996,43,0,14,10580250,MetalFX temporal
233595258045708,2392.991170153298,128.0,-2644.9417283496427,169.06671,55.499996,43,0,14,10270250,MetalFX temporal
233595277330375,2392.9725768445082,128.0,-2645.037948353097,169.06671,55.499996,43,0,14,10325250,MetalFX temporal
233595300939958,2392.9725768445082,128.0,-2645.037948353097,169.06671,55.499996,43,0,14,10270208,MetalFX temporal
233595320583083,2392.94383158794,128.0,-2645.1867044845394,169.06671,55.499996,43,0,14,10409291,MetalFX temporal
233595339401666,2392.94383158794,128.0,-2645.1867044845394,169.06671,55.499996,43,0,14,10482791,MetalFX temporal
233595358382250,2392.94383158794,128.0,-2645.1867044845394,169.06671,55.499996,43,0,14,10532749,MetalFX temporal
233595384160708,2392.928136676031,128.0,-2645.267925341741,169.06671,55.499996,43,0,14,10509749,MetalFX temporal
233595402958541,2392.928136676031,128.0,-2645.267925341741,169.2167,55.499996,43,0,14,10252000,MetalFX temporal
233595422128958,2392.919567253133,128.0,-2645.312271934924,169.2167,55.499996,43,0,14,10699458,MetalFX temporal
233595441363583,2392.919567253133,128.0,-2645.312271934924,169.3667,55.499996,43,0,14,10480375,MetalFX temporal
233595467588875,2392.919567253133,128.0,-2645.312271934924,169.3667,55.499996,43,0,14,10157791,MetalFX temporal
233595486151583,2392.891376963673,128.0,-2645.4616969101703,169.5167,55.499996,43,0,14,10336499,MetalFX temporal
233595505092833,2392.891376963673,128.0,-2645.4616969101703,169.66669,55.499996,43,0,14,10463958,MetalFX temporal
233595524936791,2392.8531222367883,128.0,-2645.668614736423,170.11668,55.499996,43,0,14,10658375,MetalFX temporal
233595544597791,2392.8531222367883,128.0,-2645.668614736423,171.01668,55.499996,43,0,14,10143999,MetalFX temporal
233595569356791,2392.8531222367883,128.0,-2645.668614736423,172.81668,55.499996,49,0,14,10458000,MetalFX temporal
233595589328208,2392.8163006598916,128.0,-2645.907991464384,177.61668,55.499996,51,0,14,10769625,MetalFX temporal
233595610318916,2392.8163006598916,128.0,-2645.907991464384,181.36668,55.499996,53,0,14,10304124,MetalFX temporal
233595635366125,2392.799224943302,128.0,-2646.166055176436,184.81668,55.499996,52,0,14,10609166,MetalFX temporal
233595655393041,2392.799224943302,128.0,-2646.166055176436,188.26668,55.049995,51,0,14,10729083,MetalFX temporal
233595676514000,2392.836947354465,128.41999998688698,-2646.6309602336423,188.71667,54.899994,51,0,14,10324708,MetalFX temporal
233595701654916,2392.836947354465,128.41999998688698,-2646.6309602336423,189.16667,54.899994,52,0,14,10182750,MetalFX temporal
233595722061833,2392.8575437933523,128.7531999805212,-2646.8847984243607,189.16667,54.749992,52,0,14,12656291,MetalFX temporal
233595743197250,2392.8575437933523,128.7531999805212,-2646.8847984243607,189.16667,54.749992,52,0,14,12473250,MetalFX temporal
233595768729333,2392.8575437933523,128.7531999805212,-2646.8847984243607,189.16667,54.749992,52,0,14,10265166,MetalFX temporal
233595788991666,2392.8569366408356,129.00133597911216,-2647.118912225038,189.16667,54.749992,51,0,14,12684541,MetalFX temporal
233595809883500,2392.8569366408356,129.00133597911216,-2647.118912225038,189.16667,54.749992,49,0,14,12340250,MetalFX temporal
233595834890958,2392.837034219585,129.1661092609382,-2647.3350768302607,189.16667,54.749992,48,0,14,10250125,MetalFX temporal
233595854778750,2392.837034219585,129.1661092609382,-2647.3350768302607,189.16667,54.749992,48,0,14,12465875,MetalFX temporal
233595875620333,2392.8027093817836,129.24918707874468,-2647.5200768878663,189.16667,54.749992,48,0,14,12473791,MetalFX temporal
233595901077291,2392.8027093817836,129.24918707874468,-2647.5200768878663,189.16667,54.749992,48,0,14,10213208,MetalFX temporal
233595921030875,2392.7683527380177,129.25220334025371,-2647.669077032695,189.16667,54.749992,48,0,14,12495291,MetalFX temporal
233595941621375,2392.7683527380177,129.25220334025371,-2647.669077032695,189.01668,54.749992,48,0,14,12294708,MetalFX temporal
233595962118708,2392.7683527380177,129.25220334025371,-2647.669077032695,184.51668,55.04999,46,0,14,10250958,MetalFX temporal
233595985256166,2392.7355451478,129.17675927506423,-2647.7851280027894,178.21667,56.09999,47,0,14,10402499,MetalFX temporal
233596003513250,2392.7355451478,129.17675927506423,-2647.7851280027894,160.81668,58.64999,39,0,14,10670166,MetalFX temporal
233596021968541,2392.723694732351,129.02442408821366,-2647.882025878045,145.36668,60.89999,39,0,14,10439750,MetalFX temporal
233596039628583,2392.723694732351,129.02442408821366,-2647.882025878045,126.46668,63.29999,37,0,14,10327625,MetalFX temporal
233596056516000,2392.723694732351,129.02442408821366,-2647.882025878045,108.46668,65.549995,31,0,14,11915166,MetalFX temporal
233596073366041,2392.730803697817,128.79673560066868,-2647.979138607212,92.56668,67.2,28,0,14,11852166,MetalFX temporal
233596089221541,2392.730803697817,128.79673560066868,-2647.979138607212,84.01668,68.1,25,0,14,11852166,MetalFX temporal
233596105342875,2392.730803697817,128.79673560066868,-2647.979138607212,72.466675,69.6,25,0,14,10280583,MetalFX temporal
233596122203791,2392.746497243249,128.4952008770059,-2648.085256913886,68.11668,69.9,24,0,14,10089124,MetalFX temporal
233596137872333,2392.746497243249,128.4952008770059,-2648.085256913886,61.066677,70.35,25,0,14,10089124,MetalFX temporal
233596153910083,2392.746497243249,128.4952008770059,-2648.085256913886,55.366676,70.35,25,0,14,11655500,MetalFX temporal
233596170506833,2392.7496389480243,128.1212968405392,-2648.1979513630245,47.116676,70.35,24,0,14,10050083,MetalFX temporal
233596186183958,2392.7496389480243,128.1212968405392,-2648.1979513630245,40.966675,70.35,26,0,14,11627708,MetalFX temporal
233596202059125,2392.7496389480243,128.1212968405392,-2648.1979513630245,40.216675,70.35,26,0,14,11436708,MetalFX temporal
233596218766125,2392.73753090974,128.0,-2648.313158322761,40.216675,70.35,26,0,14,11430416,MetalFX temporal
233596234283750,2392.73753090974,128.0,-2648.313158322761,40.216675,70.35,26,0,14,11451875,MetalFX temporal
233596250270250,2392.73753090974,128.0,-2648.313158322761,40.216675,70.35,26,0,14,11411624,MetalFX temporal
233596267571791,2392.651677643234,128.0,-2648.4812717018244,40.216675,70.35,26,0,14,11532125,MetalFX temporal
233596283934833,2392.651677643234,128.0,-2648.4812717018244,40.216675,70.35,26,0,14,11348500,MetalFX temporal
233596300071041,2392.651677643234,128.0,-2648.4812717018244,40.216675,70.35,26,0,14,11351833,MetalFX temporal
233596317645416,2392.5299668029274,128.0,-2648.6363366601363,40.216675,70.35,26,0,14,11401249,MetalFX temporal
233596333815833,2392.5299668029274,128.0,-2648.6363366601363,40.216675,70.35,26,0,14,11373708,MetalFX temporal
233596350328625,2392.5299668029274,128.0,-2648.6363366601363,40.216675,70.35,26,0,14,11272833,MetalFX temporal
233596367319000,2392.463512676401,128.0,-2648.721002137209,40.216675,70.35,26,0,14,11356791,MetalFX temporal
233596383344625,2392.463512676401,128.0,-2648.721002137209,40.216675,70.35,26,0,14,11353375,MetalFX temporal
233596400192708,2392.463512676401,128.0,-2648.721002137209,40.216675,70.35,26,0,14,11351124,MetalFX temporal
233596417383291,2392.3523937677533,128.0,-2648.8305045357415,40.216675,70.35,26,0,14,9857625,MetalFX temporal
233596433663708,2392.3523937677533,128.0,-2648.8305045357415,40.216675,70.35,26,0,14,11365249,MetalFX temporal
233596450629583,2392.3523937677533,128.0,-2648.8305045357415,39.916676,70.35,26,0,14,9876791,MetalFX temporal
233596467608041,2392.2917228365845,128.0,-2648.890292852285,37.666676,70.2,26,0,14,11400749,MetalFX temporal
233596484193458,2392.2917228365845,128.0,-2648.890292852285,31.816675,69.75,24,0,14,9874666,MetalFX temporal
233596500651250,2392.2917228365845,128.0,-2648.890292852285,25.216675,68.7,22,0,14,11326124,MetalFX temporal
233596517625833,2392.2585965043186,128.0,-2648.922937276909,18.466675,66.899994,19,0,14,9817041,MetalFX temporal
233596534172416,2392.2585965043186,128.0,-2648.922937276909,13.216674,65.24999,18,0,14,11190000,MetalFX temporal
233596550411375,2392.2585965043186,128.0,-2648.922937276909,10.666674,64.34999,19,0,14,9699583,MetalFX temporal
233596567410708,2392.2405095248005,128.0,-2648.9407611348242,9.616673,63.749992,18,0,14,11284375,MetalFX temporal
233596583236000,2392.2405095248005,128.0,-2648.9407611348242,8.866673,63.449993,19,0,14,9812000,MetalFX temporal
233596599686791,2392.2405095248005,128.0,-2648.9407611348242,8.266673,62.999992,18,0,14,11239749,MetalFX temporal
233596617304208,2392.2306340328364,128.0,-2648.9504929623763,7.966673,62.54999,18,0,14,11176958,MetalFX temporal
233596633825416,2392.2306340328364,128.0,-2648.9504929623763,7.366673,61.64999,16,0,14,11216083,MetalFX temporal
233596650363708,2392.2306340328364,128.0,-2648.9504929623763,6.466673,60.74999,16,0,14,11190374,MetalFX temporal
233596667987250,2392.225242013598,128.0,-2648.955806540837,5.1166725,59.549988,16,0,14,11483875,MetalFX temporal
233596684745083,2392.225242013598,128.0,-2648.955806540837,3.3166723,58.349987,17,0,14,11331125,MetalFX temporal
233596701613791,2392.225242013598,128.0,-2648.955806540837,0.016671896,56.99999,16,0,14,11379999,MetalFX temporal
233596719674583,2392.2222979707517,128.0,-2648.958707755013,-2.5333285,55.94999,19,0,14,11601625,MetalFX temporal
233596738082833,2392.2222979707517,128.0,-2648.958707755013,-3.8833287,55.64999,19,0,14,11601625,MetalFX temporal
233596756773291,2392.2222979707517,128.0,-2648.958707755013,-5.0833287,55.19999,20,0,14,11582708,MetalFX temporal
233596783385625,2392.2222979707517,128.0,-2648.958707755013,-5.983329,54.89999,20,0,14,11568125,MetalFX temporal
233596802676541,2392.2222979707517,128.0,-2648.958707755013,-6.283329,54.74999,20,0,14,11725249,MetalFX temporal
233596820699333,2392.2222979707517,128.0,-2648.958707755013,-6.283329,54.74999,20,0,14,11725249,MetalFX temporal
233596839620125,2392.2222979707517,128.0,-2648.958707755013,-6.283329,54.74999,20,0,14,11839833,MetalFX temporal
233596867086666,2392.2222979707517,128.0,-2648.958707755013,-6.283329,54.74999,20,0,14,11475250,MetalFX temporal
233596885502541,2392.23301569817,128.0,-2648.8612966144424,-6.283329,54.74999,20,0,14,11521125,MetalFX temporal
233596903841750,2392.23301569817,128.0,-2648.8612966144424,-6.283329,54.74999,20,0,14,11521125,MetalFX temporal
233596923767500,2392.249585305439,128.0,-2648.710698984942,-6.283329,54.74999,20,0,14,11623750,MetalFX temporal
233596950412041,2392.249585305439,128.0,-2648.710698984942,-6.283329,54.74999,20,0,14,11476624,MetalFX temporal
233596969374583,2392.2586323120586,128.0,-2648.6284726696845,-5.683329,54.74999,20,0,14,11703666,MetalFX temporal
233596987290500,2392.2586323120586,128.0,-2648.6284726696845,-5.083329,54.74999,21,0,14,11703666,MetalFX temporal
233597006645625,2392.2586323120586,128.0,-2648.6284726696845,-4.333329,54.599987,20,0,14,11628833,MetalFX temporal
233597033836666,2392.2635719782465,128.0,-2648.583577096339,-3.5833292,54.599987,20,0,14,11659958,MetalFX temporal
233597051926375,2392.2635719782465,128.0,-2648.583577096339,-2.383329,54.449986,18,0,14,11719041,MetalFX temporal
233597071792166,2392.2662690362986,128.0,-2648.559064110445,-2.083329,54.449986,18,0,14,11719041,MetalFX temporal
233597090881458,2392.2662690362986,128.0,-2648.559064110445,-1.933329,54.449986,17,0,14,12071125,MetalFX temporal
233597117064375,2392.2662690362986,128.0,-2648.559064110445,-1.933329,54.449986,17,0,14,11641124,MetalFX temporal
233597135633791,2392.267741630166,128.0,-2648.5456800185925,-1.933329,54.449986,17,0,14,11671083,MetalFX temporal
233597154241791,2392.267741630166,128.0,-2648.5456800185925,-1.933329,54.449986,17,0,14,11671083,MetalFX temporal
233597174174916,2392.268545666511,128.0,-2648.538372303592,-1.933329,54.449986,17,0,14,11678333,MetalFX temporal
233597200407125,2392.268545666511,128.0,-2648.538372303592,-1.933329,54.449986,17,0,14,11536250,MetalFX temporal
233597219433833,2392.2722819152323,128.41999998688698,-2648.4364380888833,-1.933329,54.449986,17,0,14,11709333,MetalFX temporal
233597237567083,2392.2722819152323,128.41999998688698,-2648.4364380888833,-1.933329,54.449986,18,0,14,11709333,MetalFX temporal
233597257051250,2392.2722819152323,128.41999998688698,-2648.4364380888833,-1.783329,54.449986,18,0,14,11695458,MetalFX temporal
233597283963291,2392.2743219072713,128.7531999805212,-2648.380782001188,-1.4833289,54.449986,17,0,14,11639333,MetalFX temporal
233597302590000,2392.2743219072713,128.7531999805212,-2648.380782001188,-0.28332877,54.449986,16,0,14,11768666,MetalFX temporal
233597321583791,2392.2957780570273,129.00133597911216,-2648.3302307949893,0.9166714,54.749985,16,0,14,11977374,MetalFX temporal
233597340616000,2392.2957780570273,129.00133597911216,-2648.3302307949893,3.3166718,55.049984,16,0,14,11977374,MetalFX temporal
233597367544208,2392.2957780570273,129.00133597911216,-2648.3302307949893,7.216672,55.199986,15,0,14,11562625,MetalFX temporal
233597386097666,2392.334748064982,129.1661092609382,-2648.281768413949,16.666672,55.199986,16,0,14,11656499,MetalFX temporal
233597404538125,2392.334748064982,129.1661092609382,-2648.281768413949,22.516672,55.199986,17,0,14,11656499,MetalFX temporal
233597424636791,2392.3886905620257,129.24918707874468,-2648.2453159986026,28.066673,55.199986,18,0,14,11778291,MetalFX temporal
233597450997583,2392.3886905620257,129.24918707874468,-2648.2453159986026,33.916676,55.349987,21,0,14,11765541,MetalFX temporal
233597470246208,2392.448714240691,129.25220334025371,-2648.228409717472,44.566677,56.549988,22,0,14,12123916,MetalFX temporal
233597488677333,2392.448714240691,129.25220334025371,-2648.228409717472,47.71668,57.299988,21,0,14,12123916,MetalFX temporal
233597507855791,2392.448714240691,129.25220334025371,-2648.228409717472,49.66668,57.74999,20,0,14,12045500,MetalFX temporal
233597533791791,2392.5182760534844,129.17675927506423,-2648.2257115497064,50.86668,58.049988,21,0,14,9795249,MetalFX temporal
233597552261333,2392.5182760534844,129.17675927506423,-2648.2257115497064,52.21668,58.49999,22,0,14,11933000,MetalFX temporal
233597570169916,2392.5970669690073,129.02442408821366,-2648.2352658095624,52.516678,58.49999,22,0,14,11933000,MetalFX temporal
233597588581041,2392.5970669690073,129.02442408821366,-2648.2352658095624,52.66668,58.64999,22,0,14,10168999,MetalFX temporal
233597607319875,2392.5970669690073,129.02442408821366,-2648.2352658095624,52.81668,58.64999,22,0,14,11905624,MetalFX temporal
233597633765833,2392.6843810229784,128.79673560066868,-2648.255807255297,53.11668,58.79999,22,0,14,11812875,MetalFX temporal
233597652049916,2392.6843810229784,128.79673560066868,-2648.255807255297,54.61668,59.249992,22,0,14,10087250,MetalFX temporal
233597669284750,2392.763836814382,128.4952008770059,-2648.274499971454,56.41668,59.84999,22,0,14,11937750,MetalFX temporal
233597686798708,2392.763836814382,128.4952008770059,-2648.274499971454,58.36668,60.29999,22,0,14,11937750,MetalFX temporal
233597704471833,2392.763836814382,128.4952008770059,-2648.274499971454,60.46668,60.89999,22,0,14,10103208,MetalFX temporal
233597722679875,2392.836141586643,128.1212968405392,-2648.291510343647,62.41668,61.19999,22,0,14,11875500,MetalFX temporal
233597739484375,2392.836141586643,128.1212968405392,-2648.291510343647,62.86668,61.19999,22,0,14,11874250,MetalFX temporal
233597766286416,2392.836141586643,128.1212968405392,-2648.291510343647,63.16668,61.19999,22,0,14,11636041,MetalFX temporal
233597784891250,2392.9019389312966,128.0,-2648.306989782789,59.71668,60.299988,22,0,14,11669416,MetalFX temporal
233597803200083,2392.9019389312966,128.0,-2648.306989782789,49.066677,58.049988,22,0,14,11831333,MetalFX temporal
233597820829291,2392.9618145166573,128.0,-2648.3210760728143,25.816673,54.149986,17,0,14,12046499,MetalFX temporal
233597840540166,2392.9618145166573,128.0,-2648.3210760728143,-3.1333294,49.499985,16,0,15,12046499,MetalFX temporal
233597867974458,2392.9618145166573,128.0,-2648.3210760728143,-35.38333,45.149986,29,0,16,10222458,MetalFX temporal
233597886718916,2392.9945065900615,128.0,-2648.328767188061,-57.883335,42.449986,36,0,16,10181999,MetalFX temporal
233597904831375,2392.9945065900615,128.0,-2648.328767188061,-60.433334,42.149986,36,0,16,10181999,MetalFX temporal
233597925897458,2393.0123564642136,128.0,-2648.332966537474,-60.733334,41.999985,36,0,16,12021624,MetalFX temporal
233597951342958,2393.0123564642136,128.0,-2648.332966537474,-61.183334,41.999985,35,0,16,11858124,MetalFX temporal
233597970573375,2393.0221024966327,128.0,-2648.33525938252,-61.183334,41.849983,35,0,16,10019875,MetalFX temporal
233597989836208,2393.0221024966327,128.0,-2648.33525938252,-61.033333,41.849983,35,0,16,10019875,MetalFX temporal
233598017993750,2393.0221024966327,128.0,-2648.33525938252,-60.283333,41.849983,36,0,16,9799624,MetalFX temporal
233598037932125,2393.0274238309516,128.0,-2648.3365112760603,-58.483334,41.849983,36,0,16,12311166,MetalFX temporal
233598056514000,2393.0274238309516,128.0,-2648.3365112760603,-57.283333,42.299984,36,0,16,12311166,MetalFX temporal
233598077544791,2393.0274238309516,128.0,-2648.3365112760603,-56.683334,42.449986,36,0,16,11990166,MetalFX temporal
233598102014583,2393.0274238309516,128.0,-2648.3365112760603,-55.933334,42.749985,36,0,16,11869458,MetalFX temporal
233598121277958,2393.0274238309516,128.0,-2648.3365112760603,-55.483334,42.899986,36,0,16,12209166,MetalFX temporal
233598140598791,2393.0274238309516,128.0,-2648.3365112760603,-55.333332,42.899986,36,0,16,12209166,MetalFX temporal
233598167783125,2393.0274238309516,128.0,-2648.3365112760603,-55.333332,43.049988,36,0,16,9813791,MetalFX temporal
233598186817458,2392.9716880732353,128.0,-2648.255909387614,-55.333332,43.049988,36,0,16,12040125,MetalFX temporal
233598206262041,2392.9716880732353,128.0,-2648.255909387614,-55.333332,43.049988,36,0,16,12040125,MetalFX temporal
233598234901041,2392.885520588271,128.0,-2648.1312988629643,-55.333332,43.049988,36,0,16,11936916,MetalFX temporal
233598253749208,2392.885520588271,128.0,-2648.1312988629643,-55.333332,43.049988,36,0,16,12098833,MetalFX temporal
233598274039666,2392.7401004191993,128.0,-2648.045319664179,-55.333332,43.049988,36,0,16,12096624,MetalFX temporal
233598300995166,2392.7401004191993,128.0,-2648.045319664179,-55.333332,43.049988,36,0,16,11886666,MetalFX temporal
233598321274166,2392.5800991092174,128.0,-2648.054110773906,-55.18333,43.049988,36,0,16,12245083,MetalFX temporal
233598339566333,2392.5800991092174,128.0,-2648.054110773906,-54.73333,43.049988,36,0,16,12245083,MetalFX temporal
233598368222250,2392.5800991092174,128.0,-2648.054110773906,-53.38333,43.049988,35,0,16,9791374,MetalFX temporal
233598387302000,2392.4140800504383,128.0,-2648.117357153543,-45.43333,43.049988,34,0,16,12122999,MetalFX temporal
233598406699041,2392.4140800504383,128.0,-2648.117357153543,-40.18333,43.349987,30,0,16,12122999,MetalFX temporal
233598434030291,2392.323433633816,128.0,-2648.1518896808357,-34.93333,43.949986,28,0,16,11825041,MetalFX temporal
233598453278708,2392.323433633816,128.0,-2648.1518896808357,-27.73333,45.449986,28,0,16,9897499,MetalFX temporal
233598472701583,2392.2739406845917,128.0,-2648.1707444429276,-24.73333,46.349987,28,0,16,9897499,MetalFX temporal
233598492482208,2392.2739406845917,128.0,-2648.1707444429276,-23.08333,46.799988,29,0,16,12130666,MetalFX temporal
233598518233916,2392.2739406845917,128.0,-2648.1707444429276,-22.63333,46.94999,29,0,16,11911999,MetalFX temporal
233598536824375,2392.337367577605,128.0,-2648.2187503532687,-22.183329,47.09999,29,0,16,12021541,MetalFX temporal
233598556659916,2392.337367577605,128.0,-2648.2187503532687,-22.183329,47.09999,29,0,16,12021541,MetalFX temporal
233598577345958,2392.462742456693,128.0,-2648.2819605184827,-22.033329,47.09999,29,0,16,11945499,MetalFX temporal
233598601743458,2392.462742456693,128.0,-2648.2819605184827,-22.033329,47.09999,29,0,16,11769666,MetalFX temporal
233598620470541,2392.5311971486262,128.0,-2648.316473272698,-22.033329,47.09999,29,0,16,12053874,MetalFX temporal
233598640223083,2392.5311971486262,128.0,-2648.316473272698,-21.583328,47.09999,28,0,16,12053874,MetalFX temporal
233598660202500,2392.5311971486262,128.0,-2648.316473272698,-20.833328,47.249992,27,0,16,11891083,MetalFX temporal
233598685729375,2392.5685734147633,128.0,-2648.3353172386887,-19.783329,47.54999,27,0,16,11788374,MetalFX temporal
233598703709416,2392.5685734147633,128.0,-2648.3353172386887,-17.683329,47.699993,26,0,16,11788374,MetalFX temporal
233598724551041,2392.5889808584443,128.0,-2648.3456060453145,-17.083328,47.849995,26,0,16,11984125,MetalFX temporal
233598744315750,2392.5889808584443,128.0,-2648.3456060453145,-16.483328,47.849995,26,0,16,11985874,MetalFX temporal
233598769010083,2392.5889808584443,128.0,-2648.3456060453145,-16.183329,47.849995,26,0,16,11968125,MetalFX temporal
233598787664875,2392.6001233239886,128.0,-2648.351223734385,-15.883328,47.849995,26,0,16,12077791,MetalFX temporal
233598807759708,2392.6001233239886,128.0,-2648.351223734385,-15.583328,47.849995,26,0,16,12077791,MetalFX temporal
233598834067541,2392.606207110882,128.0,-2648.3542909929733,-15.133328,47.849995,25,0,16,11915624,MetalFX temporal
233598853815791,2392.606207110882,128.0,-2648.3542909929733,-12.733328,48.449993,26,0,16,12100458,MetalFX temporal
233598873271416,2392.609528858912,128.0,-2648.3559657163573,-10.483328,48.899994,23,0,16,12100458,MetalFX temporal
233598900640250,2392.609528858912,128.0,-2648.3559657163573,-8.3833275,49.199993,20,0,16,11991375,MetalFX temporal
233598920620708,2392.623815500643,128.0,-2648.2590140430943,-3.733327,49.649994,16,0,16,12184874,MetalFX temporal
233598939709333,2392.623815500643,128.0,-2648.2590140430943,-2.0833268,49.649994,16,0,16,12184874,MetalFX temporal
233598967487708,2392.623815500643,128.0,-2648.2590140430943,-1.3333267,49.799995,16,0,16,11888374,MetalFX temporal
233598986307083,2392.631616007934,128.0,-2648.206078423344,-0.28332663,49.949997,16,0,16,12011166,MetalFX temporal
233599006279250,2392.631616007934,128.0,-2648.206078423344,-0.28332663,49.949997,16,0,16,12011166,MetalFX temporal
233599034459916,2392.6358750854097,128.0,-2648.177175571603,-0.28332663,49.949997,16,0,16,11859874,MetalFX temporal
233599053264041,2392.6358750854097,128.0,-2648.177175571603,-0.28332663,49.949997,16,0,16,12029749,MetalFX temporal
233599073560708,2392.6382005419814,128.0,-2648.1613946127195,-0.28332663,49.949997,16,0,16,12029749,MetalFX temporal
233599100535916,2392.6382005419814,128.0,-2648.1613946127195,-0.1333266,49.949997,15,0,16,11804166,MetalFX temporal
233599120419791,2392.639763384908,128.0,-2648.025378560253,0.6166735,50.1,15,0,16,12116958,MetalFX temporal
233599139606791,2392.639763384908,128.0,-2648.025378560253,1.3666737,50.25,15,0,16,12116958,MetalFX temporal
233599159835500,2392.639763384908,128.0,-2648.025378560253,2.2666738,50.4,15,0,16,12034125,MetalFX temporal
233599185778083,2392.6355857045264,128.0,-2647.823813152439,3.166674,50.7,15,0,16,11869291,MetalFX temporal
233599203843750,2392.6355857045264,128.0,-2647.823813152439,4.816674,51.0,15,0,16,11869291,MetalFX temporal
233599225383791,2392.6226175177767,128.0,-2647.5868074640366,6.0166745,51.0,15,0,16,12163166,MetalFX temporal
233599251568875,2392.6226175177767,128.0,-2647.5868074640366,6.0166745,51.0,16,0,16,11932333,MetalFX temporal
233599271097208,2392.602186757121,128.0,-2647.33070373178,6.0166745,51.0,16,0,16,11932333,MetalFX temporal
233599291479625,2392.602186757121,128.0,-2647.33070373178,6.0166745,51.0,16,0,16,9795874,MetalFX temporal
233599318497291,2392.602186757121,128.0,-2647.33070373178,6.0166745,51.0,16,0,16,9644750,MetalFX temporal
233599337781916,2392.5567236149927,128.41999998688698,-2646.865273566813,6.0166745,51.0,16,0,16,9644750,MetalFX temporal
233599358268750,2392.5567236149927,128.41999998688698,-2646.865273566813,6.0166745,51.0,16,0,16,11971291,MetalFX temporal
233599384803583,2392.5292307108784,128.7531999805212,-2646.5858089482194,6.0166745,51.0,16,0,16,11817208,MetalFX temporal
233599403599000,2392.5292307108784,128.7531999805212,-2646.5858089482194,6.0166745,51.0,17,0,16,11817208,MetalFX temporal
233599424927333,2392.501542141784,129.00133597911216,-2646.306156418966,6.0166745,51.0,17,0,16,9750208,MetalFX temporal
233599451443250,2392.501542141784,129.00133597911216,-2646.306156418966,6.0166745,51.0,17,0,16,9618291,MetalFX temporal
233599470797333,2392.4568534510818,129.1661092609382,-2646.053726475939,6.0166745,51.0,17,0,16,12062374,MetalFX temporal
233599491397166,2392.4568534510818,129.1661092609382,-2646.053726475939,6.0166745,51.0,17,0,16,12062374,MetalFX temporal
233599518470625,2392.4568534510818,129.1661092609382,-2646.053726475939,7.516675,51.15,16,0,16,11823333,MetalFX temporal
233599537762416,2392.416186741371,129.24918707874468,-2645.8240152211642,16.666676,53.25,16,0,16,9958958,MetalFX temporal
233599558536583,2392.416186741371,129.24918707874468,-2645.8240152211642,25.366676,55.5,19,0,16,9958958,MetalFX temporal
233599584733875,2392.3968909876758,129.25220334025371,-2645.6065826082713,46.21668,61.5,24,0,16,9843208,MetalFX temporal
233599604796916,2392.3968909876758,129.25220334025371,-2645.6065826082713,92.266685,75.3,29,0,17,9843208,MetalFX temporal
233599619492541,2392.3989165623493,129.17675927506423,-2645.4079449260344,106.96669,79.200005,34,0,17,8281499,MetalFX temporal
233599634533458,2392.3989165623493,129.17675927506423,-2645.4079449260344,117.166695,81.3,34,0,17,11188708,MetalFX temporal
233599650673708,2392.3989165623493,129.17675927506423,-2645.4079449260344,127.51669,82.950005,35,0,17,11103374,MetalFX temporal
233599667438208,2392.4163068909124,129.02442408821366,-2645.2152494281167,131.8667,83.4,34,0,17,11194458,MetalFX temporal
233599683397958,2392.4163068909124,129.02442408821366,-2645.2152494281167,138.6167,83.700005,33,0,17,10991999,MetalFX temporal
233599700112791,2392.4163068909124,129.02442408821366,-2645.2152494281167,142.9667,83.850006,37,0,17,11150625,MetalFX temporal
233599716779833,2392.432132090361,128.79673560066868,-2645.039896519958,146.8667,84.00001,39,0,17,11007916,MetalFX temporal
233599733340958,2392.432132090361,128.79673560066868,-2645.039896519958,150.7667,84.00001,40,0,17,10034708,MetalFX temporal
233599749883500,2392.432132090361,128.79673560066868,-2645.039896519958,153.16669,84.00001,41,0,17,11193125,MetalFX temporal
233599766422833,2392.4465330222743,128.4952008770059,-2644.8803253689343,154.96669,83.700005,40,0,17,10053291,MetalFX temporal
233599782989916,2392.4465330222743,128.4952008770059,-2644.8803253689343,158.71669,82.8,41,0,17,11158999,MetalFX temporal
233599800006291,2392.4465330222743,128.4952008770059,-2644.8803253689343,161.5667,81.600006,42,0,17,10058749,MetalFX temporal
233599816584833,2392.459637870693,128.1212968405392,-2644.735115617318,161.71669,81.600006,42,0,17,11120500,MetalFX temporal
233599832766208,2392.459637870693,128.1212968405392,-2644.735115617318,161.71669,81.600006,42,0,17,11265499,MetalFX temporal
233599849370916,2392.459637870693,128.1212968405392,-2644.735115617318,161.71669,81.600006,42,0,17,10146500,MetalFX temporal
233599866617208,2392.4715632830976,128.0,-2644.602974739539,161.71669,81.600006,42,0,17,11329166,MetalFX temporal
233599882733333,2392.4715632830976,128.0,-2644.602974739539,161.71669,81.600006,42,0,17,10003000,MetalFX temporal
233599899199416,2392.4715632830976,128.0,-2644.602974739539,161.71669,81.600006,42,0,17,11229625,MetalFX temporal
233599916302416,2392.4824154086987,127.92159999847412,-2644.4827265372946,161.71669,81.600006,42,0,17,10044624,MetalFX temporal
233599932744833,2392.4824154086987,127.92159999847412,-2644.4827265372946,161.71669,81.600006,42,0,17,11265749,MetalFX temporal
233599949113208,2392.4824154086987,127.92159999847412,-2644.4827265372946,161.71669,81.600006,42,0,17,11273458,MetalFX temporal
233599965963291,2392.488340669965,127.76636799395752,-2644.417071011243,161.71669,81.600006,42,0,17,11246333,MetalFX temporal
233599982488416,2392.488340669965,127.76636799395752,-2644.417071011243,161.71669,81.600006,42,0,17,11336499,MetalFX temporal
233599998886666,2392.488340669965,127.76636799395752,-2644.417071011243,161.71669,81.600006,42,0,17,9994291,MetalFX temporal
233600016032958,2392.493732657873,127.53584062504456,-2644.3573244808144,161.71669,81.600006,42,0,17,11221916,MetalFX temporal
233600032540416,2392.493732657873,127.53584062504456,-2644.3573244808144,161.71669,81.600006,42,0,17,9988083,MetalFX temporal
233600048992625,2392.493732657873,127.53584062504456,-2644.3573244808144,161.86668,81.450005,42,0,17,11095583,MetalFX temporal
233600066150125,2392.4986393670106,127.23152379758702,-2644.3029551365576,162.76668,80.700005,42,0,17,11348875,MetalFX temporal
233600082997833,2392.4986393670106,127.23152379758702,-2644.3029551365576,164.56668,78.450005,39,0,17,11437374,MetalFX temporal
233600099748583,2392.4986393670106,127.23152379758702,-2644.3029551365576,167.71667,74.100006,39,0,17,11447249,MetalFX temporal
233600117346500,2392.503104472454,127.0,-2644.2534790318578,172.66667,67.65001,41,0,17,9985583,MetalFX temporal
233600134466166,2392.503104472454,127.0,-2644.2534790318578,175.36667,64.20001,42,0,17,11569124,MetalFX temporal
233600151445791,2392.503104472454,127.0,-2644.2534790318578,177.31667,61.80001,41,0,17,10041375,MetalFX temporal
233600168755375,2392.507167718525,127.0,-2644.2084557752833,179.11667,59.25001,42,0,17,11850249,MetalFX temporal
233600185092958,2392.507167718525,127.0,-2644.2084557752833,179.56667,58.80001,42,0,17,11904499,MetalFX temporal
233600203031083,2392.507167718525,127.0,-2644.2084557752833,179.86667,58.200012,42,0,17,11904499,MetalFX temporal
233600221586041,2392.5093862511376,127.0,-2644.1838730743384,179.86667,58.05001,42,0,17,12207749,MetalFX temporal
233600239039833,2392.5093862511376,127.0,-2644.1838730743384,180.01666,58.05001,42,0,17,12207749,MetalFX temporal
233600256964375,2392.5093862511376,127.0,-2644.1838730743384,180.01666,58.05001,42,0,17,11977125,MetalFX temporal
233600283493125,2392.510597570085,127.0,-2644.1704509180636,180.01666,58.05001,42,0,17,11792041,MetalFX temporal
233600301634375,2392.510597570085,127.0,-2644.1704509180636,180.01666,58.05001,42,0,17,10086833,MetalFX temporal
233600319964416,2392.511258950307,127.0,-2644.1631224198863,180.31667,57.75001,42,0,17,11995375,MetalFX temporal
233600337057625,2392.511258950307,127.0,-2644.1631224198863,180.76666,57.450012,43,0,17,11995375,MetalFX temporal
233600355967750,2392.511258950307,127.0,-2644.1631224198863,181.06667,57.00001,43,0,17,11915666,MetalFX temporal
233600374753250,2392.513442711599,127.0,-2644.257104111461,181.36667,56.25001,43,0,17,12022666,MetalFX temporal
233600392836083,2392.513442711599,127.0,-2644.257104111461,181.66667,54.900013,42,0,17,12022666,MetalFX temporal
233600418545041,2392.513442711599,127.0,-2644.257104111461,181.66667,53.700012,41,0,17,10039916,MetalFX temporal
233600437093500,2392.517481521646,127.0,-2644.4063767741422,181.51668,51.900013,41,0,17,12031250,MetalFX temporal
233600456629375,2392.517481521646,127.0,-2644.4063767741422,181.36668,51.450012,41,0,17,12031250,MetalFX temporal
233600476770583,2392.5220166095264,127.41999998688698,-2644.5858519615676,181.36668,51.450012,41,0,17,12138374,MetalFX temporal
233600501147208,2392.5220166095264,127.41999998688698,-2644.5858519615676,181.21669,51.30001,40,0,17,11982875,MetalFX temporal
233600520536041,2392.5249080236854,127.7531999805212,-2644.699999988079,181.21669,51.30001,41,0,17,10291583,MetalFX temporal
233600540465375,2392.5249080236854,127.7531999805212,-2644.699999988079,181.21669,51.30001,41,0,17,10291583,MetalFX temporal
233600560460666,2392.5249080236854,127.7531999805212,-2644.699999988079,181.21669,51.30001,41,0,17,12413541,MetalFX temporal
233600585413000,2392.5393466057317,128.00133597911216,-2644.7138393247797,181.21669,51.30001,41,0,17,12363124,MetalFX temporal
233600603819166,2392.5393466057317,128.00133597911216,-2644.7138393247797,181.21669,51.30001,41,0,17,12282125,MetalFX temporal
233600624378875,2392.552900971661,128.1661092609382,-2644.74602872185,181.21669,51.30001,41,0,17,10216374,MetalFX temporal
233600643781583,2392.552900971661,128.1661092609382,-2644.74602872185,181.21669,51.30001,41,0,17,10216374,MetalFX temporal
233600668916625,2392.552900971661,128.1661092609382,-2644.74602872185,181.21669,51.450012,41,0,17,12177416,MetalFX temporal
233600687924000,2392.565650700901,128.24918707874468,-2644.7949166743383,181.36668,51.450012,41,0,17,12471124,MetalFX temporal
233600707568000,2392.565650700901,128.24918707874468,-2644.7949166743383,181.66669,51.900013,41,0,17,12471124,MetalFX temporal
233600734904833,2392.5778222500717,128.25220334025371,-2644.858996442279,181.81668,52.050014,41,0,17,10107625,MetalFX temporal
233600754227708,2392.5778222500717,128.25220334025371,-2644.858996442279,182.11668,52.500015,42,0,17,12263749,MetalFX temporal
233600773362458,2392.5896216595447,128.17675927506423,-2644.9368956819562,182.26668,52.800014,42,0,17,12357791,MetalFX temporal
233600792992041,2392.5896216595447,128.17675927506423,-2644.9368956819562,182.26668,53.100014,42,0,17,12357791,MetalFX temporal
233600818195125,2392.5896216595447,128.17675927506423,-2644.9368956819562,182.41667,53.400013,42,0,17,12137833,MetalFX temporal
233600837158291,2392.600359122475,128.02442408821366,-2645.0077839921055,182.71667,53.700012,41,0,17,10300541,MetalFX temporal
233600856346208,2392.600359122475,128.02442408821366,-2645.0077839921055,182.71667,53.850014,41,0,17,10300541,MetalFX temporal
233600876289708,2392.610130214023,128.0,-2645.0722923562003,182.86667,53.850014,41,0,17,12074625,MetalFX temporal
233600901169916,2392.610130214023,128.0,-2645.0722923562003,182.86667,54.000015,41,0,17,10069333,MetalFX temporal
233600920286166,2392.6190219075875,128.0,-2645.130994969218,182.86667,54.000015,41,0,17,12160750,MetalFX temporal
233600939016458,2392.6190219075875,128.0,-2645.130994969218,182.86667,54.000015,41,0,17,12160750,MetalFX temporal
233600958685625,2392.6190219075875,128.0,-2645.130994969218,182.86667,54.000015,41,0,17,12066750,MetalFX temporal
233600984597541,2392.628769862144,128.0,-2645.2609243747474,182.86667,54.000015,41,0,17,12032708,MetalFX temporal
233601003215666,2392.628769862144,128.0,-2645.2609243747474,182.86667,54.000015,41,0,17,12126250,MetalFX temporal
233601022653625,2392.63409224595,128.0,-2645.3318658384064,182.86667,54.000015,41,0,17,12210749,MetalFX temporal
233601041555083,2392.63409224595,128.0,-2645.3318658384064,182.86667,54.000015,41,0,17,12210749,MetalFX temporal
233601068059833,2392.63409224595,128.0,-2645.3318658384064,182.86667,54.000015,41,0,17,10044374,MetalFX temporal
233601086620166,2392.6369982678457,128.0,-2645.3705998820633,182.86667,54.000015,41,0,17,12058624,MetalFX temporal
233601105501416,2392.6369982678457,128.0,-2645.3705998820633,182.86667,54.000015,41,0,17,12058624,MetalFX temporal
233601125883541,2392.644945972484,128.0,-2645.5189897880064,182.86667,54.000015,41,0,17,10127458,MetalFX temporal
233601151169625,2392.644945972484,128.0,-2645.5189897880064,182.86667,54.000015,41,0,17,11983291,MetalFX temporal
233601169869541,2392.6556464362197,128.0,-2645.727251801712,182.86667,54.000015,41,0,17,12125791,MetalFX temporal
233601189077416,2392.6556464362197,128.0,-2645.727251801712,182.86667,54.000015,42,0,17,12125791,MetalFX temporal
233601208628708,2392.6556464362197,128.0,-2645.727251801712,182.86667,54.000015,42,0,17,10189958,MetalFX temporal
233601234734708,2392.667849906597,128.0,-2645.968203990053,182.86667,54.000015,47,0,17,10095625,MetalFX temporal
233601254207000,2392.667849906597,128.0,-2645.968203990053,179.41667,52.800014,46,0,17,12356916,MetalFX temporal
233601274398500,2392.6711544290856,128.41999998688698,-2646.42714668122,176.56667,51.900013,46,0,17,12386083,MetalFX temporal
233601301626791,2392.6711544290856,128.41999998688698,-2646.42714668122,175.36667,51.600014,45,0,17,10039958,MetalFX temporal
233601321945958,2392.6708991703536,128.7531999805212,-2646.7031260469007,174.16667,51.150013,44,0,17,12564874,MetalFX temporal
233601342259291,2392.6708991703536,128.7531999805212,-2646.7031260469007,172.81667,51.00001,44,0,17,12220708,MetalFX temporal
233601368995125,2392.6708991703536,128.7531999805212,-2646.7031260469007,172.36667,51.00001,44,0,17,10170875,MetalFX temporal
233601389111250,2392.6900930993247,129.00133597911216,-2646.956871538316,170.71667,51.00001,42,0,17,12392916,MetalFX temporal
233601409871625,2392.6900930993247,129.00133597911216,-2646.956871538316,169.96667,51.150013,42,0,17,12274999,MetalFX temporal
233601435821500,2392.7268596640665,129.1661092609382,-2647.191195577276,168.76668,51.600014,39,0,17,10107833,MetalFX temporal
233601455423833,2392.7268596640665,129.1661092609382,-2647.191195577276,163.21667,53.400013,39,0,17,12415375,MetalFX temporal
233601477040541,2392.777941179599,129.24918707874468,-2647.3949754792375,160.06668,54.600014,36,0,17,10059374,MetalFX temporal
233601502266166,2392.777941179599,129.24918707874468,-2647.3949754792375,155.41669,56.250015,35,0,17,12212583,MetalFX temporal
233601521789250,2392.843169464355,129.25220334025371,-2647.5734396335984,137.2667,64.65002,38,0,17,12297833,MetalFX temporal
233601538052208,2392.843169464355,129.25220334025371,-2647.5734396335984,122.416695,70.80002,37,0,17,12297833,MetalFX temporal
233601553848458,2392.843169464355,129.25220334025371,-2647.5734396335984,108.01669,75.45002,32,0,17,10230624,MetalFX temporal
233601569853208,2392.921166635257,129.17675927506423,-2647.729781354349,96.31669,78.75002,31,0,17,11463625,MetalFX temporal
233601585013250,2392.921166635257,129.17675927506423,-2647.729781354349,93.31669,79.50002,31,0,17,11463625,MetalFX temporal
233601600900416,2392.921166635257,129.17675927506423,-2647.729781354349,67.66669,81.900024,30,0,17,11354874,MetalFX temporal
233601617453875,2393.010599561538,129.02442408821366,-2647.86434554265,53.566685,81.45003,29,0,17,10013416,MetalFX temporal
233601633695166,2393.010599561538,129.02442408821366,-2647.86434554265,36.616684,76.95003,27,0,17,11302375,MetalFX temporal
233601650312208,2393.010599561538,129.02442408821366,-2647.86434554265,26.566683,73.20003,25,0,17,11279625,MetalFX temporal
233601667213625,2393.1109571788056,128.79673560066868,-2647.9931235486624,16.516682,69.00003,22,0,17,11257374,MetalFX temporal
233601683427416,2393.1109571788056,128.79673560066868,-2647.9931235486624,15.166681,68.10003,21,0,17,11057374,MetalFX temporal
233601699771291,2393.1109571788056,128.79673560066868,-2647.9931235486624,13.9666815,67.35003,21,0,17,11151375,MetalFX temporal
233601716726000,2393.207012207076,128.4952008770059,-2648.1293323407886,13.516682,67.050026,21,0,17,9760125,MetalFX temporal
233601733572625,2393.207012207076,128.4952008770059,-2648.1293323407886,13.516682,67.050026,21,0,17,11126249,MetalFX temporal
233601750160208,2393.207012207076,128.4952008770059,-2648.1293323407886,13.516682,67.050026,21,0,17,9758874,MetalFX temporal
233601767200125,2393.2990021997107,128.1212968405392,-2648.2723397427685,13.516682,67.050026,21,0,17,11072125,MetalFX temporal
233601783798541,2393.2990021997107,128.1212968405392,-2648.2723397427685,13.516682,67.050026,21,0,17,9776833,MetalFX temporal
233601800678375,2393.2990021997107,128.1212968405392,-2648.2723397427685,13.516682,67.050026,21,0,17,11005250,MetalFX temporal
233601817577916,2393.382713095421,128.0,-2648.4024764823207,13.516682,67.050026,20,0,17,9752875,MetalFX temporal
233601834000833,2393.382713095421,128.0,-2648.4024764823207,13.516682,67.050026,20,0,17,11170583,MetalFX temporal
233601850721083,2393.382713095421,128.0,-2648.4024764823207,13.516682,67.050026,20,0,17,9761833,MetalFX temporal
233601867504250,2393.458890012713,128.0,-2648.520900918726,13.516682,67.050026,20,0,17,11245125,MetalFX temporal
233601883639791,2393.458890012713,128.0,-2648.520900918726,13.516682,67.050026,20,0,17,11103374,MetalFX temporal
233601900060583,2393.458890012713,128.0,-2648.520900918726,13.516682,67.050026,20,0,17,11130500,MetalFX temporal
233601917013000,2393.500482614385,128.0,-2648.5855606685136,13.516682,67.050026,20,0,17,11129958,MetalFX temporal
233601933370666,2393.500482614385,128.0,-2648.5855606685136,13.516682,67.050026,20,0,17,11068583,MetalFX temporal
233601949942333,2393.500482614385,128.0,-2648.5855606685136,13.516682,67.050026,21,0,17,11070750,MetalFX temporal
233601966841000,2393.5231921775357,128.0,-2648.6208648959982,13.516682,66.900024,20,0,17,9695499,MetalFX temporal
233601983685291,2393.5231921775357,128.0,-2648.6208648959982,12.916681,64.95003,19,0,17,11109499,MetalFX temporal
233602000818041,2393.5231921775357,128.0,-2648.6208648959982,11.566681,60.90003,17,0,17,9655375,MetalFX temporal
233602018337083,2393.5355916004564,128.0,-2648.640141006444,10.516681,57.450027,16,0,17,11302750,MetalFX temporal
233602035900791,2393.5355916004564,128.0,-2648.640141006444,9.91668,54.15003,15,0,17,9734541,MetalFX temporal
233602054251875,2393.5355916004564,128.0,-2648.640141006444,9.61668,50.550026,14,0,17,9734541,MetalFX temporal
233602075282791,2393.5423616861576,128.0,-2648.6506657639698,9.61668,47.850025,14,0,17,11757958,MetalFX temporal
233602100522500,2393.5423616861576,128.0,-2648.6506657639698,9.76668,45.750027,14,0,17,11766624,MetalFX temporal
233602120016375,2393.54605815338,128.0,-2648.6564122822465,10.81668,42.150024,13,0,17,12003833,MetalFX temporal
233602139144833,2393.54605815338,128.0,-2648.6564122822465,11.11668,41.250023,13,0,17,12003833,MetalFX temporal
233602167268833,2393.54605815338,128.0,-2648.6564122822465,11.11668,41.10002,13,0,17,11700250,MetalFX temporal
233602186188250,2393.529188004023,128.0,-2648.5633873736124,11.26668,40.95002,13,0,17,11780750,MetalFX temporal
233602205665708,2393.529188004023,128.0,-2648.5633873736124,11.26668,40.95002,13,0,17,11780750,MetalFX temporal
233602234572583,2393.500830405285,128.0,-2648.416484312193,11.26668,40.95002,13,0,17,11604791,MetalFX temporal
233602253592291,2393.500830405285,128.0,-2648.416484312193,11.26668,40.95002,13,0,17,11873666,MetalFX temporal
233602273838083,2393.4853471545753,128.0,-2648.3362752313415,11.26668,40.95002,13,0,17,11873666,MetalFX temporal
233602301014500,2393.4853471545753,128.0,-2648.3362752313415,11.26668,40.95002,13,0,17,11700916,MetalFX temporal
233602320833500,2393.476893298706,128.0,-2648.2924810681097,11.416679,40.95002,13,0,17,9859999,MetalFX temporal
233602339539166,2393.476893298706,128.0,-2648.2924810681097,11.416679,40.95002,13,0,17,9859999,MetalFX temporal
233602367535708,2393.476893298706,128.0,-2648.2924810681097,11.416679,40.95002,13,0,17,9522125,MetalFX temporal
233602386731666,2393.447063698079,128.0,-2648.1436894019253,11.566679,41.10002,13,0,17,11782291,MetalFX temporal
233602405943666,2393.447063698079,128.0,-2648.1436894019253,12.166679,41.40002,13,0,17,11782291,MetalFX temporal
233602434403583,2393.4039368371004,128.0,-2647.9379084519055,13.366679,41.85002,13,0,17,11623708,MetalFX temporal
233602453751000,2393.4039368371004,128.0,-2647.9379084519055,18.91668,44.70002,13,0,17,11836541,MetalFX temporal
233602474304125,2393.3390952163722,128.0,-2647.7050300970423,22.066679,46.65002,14,0,17,11836541,MetalFX temporal
233602500981291,2393.3390952163722,128.0,-2647.7050300970423,27.76668,50.40002,18,0,17,11850083,MetalFX temporal
233602521227791,2393.1511865215402,128.41999998688698,-2647.2881666678973,37.216682,56.70002,22,0,17,9982999,MetalFX temporal
233602542866916,2393.1511865215402,128.41999998688698,-2647.2881666678973,41.56668,59.25002,23,0,17,9982999,MetalFX temporal
233602569427666,2393.1511865215402,128.41999998688698,-2647.2881666678973,43.06668,60.15002,24,0,17,12423666,MetalFX temporal
233602589180000,2393.0629073920354,128.7531999805212,-2647.047175436741,47.11668,62.25002,24,0,17,12421499,MetalFX temporal
233602608901958,2393.0629073920354,128.7531999805212,-2647.047175436741,48.61668,63.00002,24,0,17,12421499,MetalFX temporal
233602634521125,2392.9955313723367,129.00133597911216,-2646.8131679532103,50.11668,63.75002,23,0,17,12035124,MetalFX temporal
233602652481791,2392.9955313723367,129.00133597911216,-2646.8131679532103,50.71668,63.90002,22,0,17,11979500,MetalFX temporal
233602670632833,2392.946630045589,129.1661092609382,-2646.585051076112,50.71668,63.90002,22,0,17,11979500,MetalFX temporal
233602688920458,2392.946630045589,129.1661092609382,-2646.585051076112,50.71668,63.90002,22,0,17,12013791,MetalFX temporal
233602707549208,2392.946630045589,129.1661092609382,-2646.585051076112,50.71668,63.90002,22,0,17,11700458,MetalFX temporal
233602733995250,2392.922030499096,129.24918707874468,-2646.3754738400776,50.71668,63.90002,22,0,17,11620041,MetalFX temporal
233602751865625,2392.922030499096,129.24918707874468,-2646.3754738400776,50.71668,63.90002,22,0,17,11647750,MetalFX temporal
233602770166833,2392.919545573273,129.25220334025371,-2646.182767677898,50.71668,63.90002,22,0,17,11865083,MetalFX temporal
233602788127333,2392.919545573273,129.25220334025371,-2646.182767677898,50.71668,63.90002,22,0,17,11865083,MetalFX temporal
233602806585083,2392.919545573273,129.25220334025371,-2646.182767677898,50.71668,63.90002,22,0,17,10378208,MetalFX temporal
233602825537833,2392.9371849528393,129.17675927506423,-2646.0054141933683,50.86668,63.90002,22,0,17,11723916,MetalFX temporal
233602850199625,2392.9371849528393,129.17675927506423,-2646.0054141933683,53.86668,63.90002,21,0,17,11455750,MetalFX temporal
233602868512875,2392.972997818346,129.02442408821366,-2645.8409400477194,67.81668,64.650024,21,0,17,11647291,MetalFX temporal
233602885269833,2392.972997818346,129.02442408821366,-2645.8409400477194,75.91668,65.550026,23,0,17,11593166,MetalFX temporal
233602902078750,2392.972997818346,129.02442408821366,-2645.8409400477194,88.51668,67.050026,26,0,17,11587333,MetalFX temporal
233602918667416,2393.0251809122024,128.79673560066868,-2645.6917777568387,95.86668,67.95003,28,0,17,11568750,MetalFX temporal
233602934783875,2393.0251809122024,128.79673560066868,-2645.6917777568387,115.06668,70.20003,32,0,17,9957541,MetalFX temporal
233602951137375,2393.0251809122024,128.79673560066868,-2645.6917777568387,127.81668,71.25003,34,0,17,11528833,MetalFX temporal
233602967983500,2393.0881514335592,128.4952008770059,-2645.5440230513964,133.06668,71.40003,35,0,17,10027999,MetalFX temporal
233602984407750,2393.0881514335592,128.4952008770059,-2645.5440230513964,140.41669,71.55003,37,0,17,11360166,MetalFX temporal
233603000620333,2393.0881514335592,128.4952008770059,-2645.5440230513964,141.91669,71.55003,38,0,17,11326250,MetalFX temporal
233603017440625,2393.1454546096456,128.1212968405392,-2645.4095662655686,144.91669,71.55003,38,0,17,10064041,MetalFX temporal
233603033832208,2393.1454546096456,128.1212968405392,-2645.4095662655686,145.5167,71.55003,38,0,17,11331749,MetalFX temporal
233603050669583,2393.1454546096456,128.1212968405392,-2645.4095662655686,146.2667,71.55003,37,0,17,9997624,MetalFX temporal
233603067293291,2393.197600501387,128.0,-2645.287210586939,146.71669,71.55003,37,0,17,11392833,MetalFX temporal
233603083715625,2393.197600501387,128.0,-2645.287210586939,147.16669,71.55003,36,0,17,11348333,MetalFX temporal
233603100182750,2393.197600501387,128.0,-2645.287210586939,147.91669,71.55003,36,0,17,10028749,MetalFX temporal
233603117153791,2393.2450532642392,128.0,-2645.1758669161777,149.11668,71.55003,36,0,17,11377833,MetalFX temporal
233603133529500,2393.2450532642392,128.0,-2645.1758669161777,150.91669,71.55003,35,0,17,9993499,MetalFX temporal
233603149984458,2393.2450532642392,128.0,-2645.1758669161777,152.56668,71.55003,33,0,17,11364875,MetalFX temporal
233603167709208,2393.270962475766,128.0,-2645.1150732648807,154.06668,71.40003,34,0,17,9990874,MetalFX temporal
233603184281125,2393.270962475766,128.0,-2645.1150732648807,155.56668,71.25003,34,0,17,11542041,MetalFX temporal
233603200731750,2393.270962475766,128.0,-2645.1150732648807,157.06668,70.95003,34,0,17,11422750,MetalFX temporal
233603217562250,2393.2851089069027,128.0,-2645.081879927417,158.41669,70.50003,34,0,17,10086875,MetalFX temporal
233603233921166,2393.2851089069027,128.0,-2645.081879927417,159.61668,70.05003,34,0,17,11290750,MetalFX temporal
233603250464458,2393.2851089069027,128.0,-2645.081879927417,161.26668,69.450035,34,0,17,9991291,MetalFX temporal
233603267291833,2393.2928328592006,128.0,-2645.0637563630567,161.56668,69.30003,34,0,17,11282541,MetalFX temporal
233603283714875,2393.2928328592006,128.0,-2645.0637563630567,161.56668,69.30003,34,0,17,11176333,MetalFX temporal
233603300084833,2393.2928328592006,128.0,-2645.0637563630567,161.56668,69.30003,34,0,17,11227208,MetalFX temporal
233603317143916,2393.2970501376453,128.0,-2645.0538608957663,161.56668,69.30003,34,0,17,11151208,MetalFX temporal
233603333778000,2393.2970501376453,128.0,-2645.0538608957663,161.56668,69.30003,34,0,17,9946374,MetalFX temporal
233603350274875,2393.2970501376453,128.0,-2645.0538608957663,161.56668,69.30003,34,0,17,11189875,MetalFX temporal
233603367112250,2393.2993527719436,128.0,-2645.0484579699983,161.56668,69.30003,34,0,17,9942791,MetalFX temporal
233603383527750,2393.2993527719436,128.0,-2645.0484579699983,161.56668,69.30003,34,0,17,11157958,MetalFX temporal
233603400082500,2393.2993527719436,128.0,-2645.0484579699983,161.56668,69.30003,34,0,17,11205374,MetalFX temporal
233603417052583,2393.300610010416,128.0,-2645.0455079721864,161.56668,69.30003,34,0,17,11237416,MetalFX temporal
233603433645750,2393.300610010416,128.0,-2645.0455079721864,161.56668,69.30003,34,0,17,11089958,MetalFX temporal
233603450086250,2393.300610010416,128.0,-2645.0455079721864,161.56668,69.30003,34,0,17,9896208,MetalFX temporal
233603466984666,2393.2696195103317,128.0,-2645.1384788766322,161.56668,69.30003,34,0,17,11135791,MetalFX temporal
233603483582583,2393.2696195103317,128.0,-2645.1384788766322,161.56668,69.30003,34,0,17,9908625,MetalFX temporal
233603500179041,2393.2696195103317,128.0,-2645.1384788766322,161.56668,69.30003,34,0,17,11240874,MetalFX temporal
233603517117583,2393.2526986953203,128.0,-2645.1892409963557,161.56668,69.30003,34,0,17,11161083,MetalFX temporal
233603533813083,2393.2526986953203,128.0,-2645.1892409963557,161.56668,69.30003,34,0,17,11179458,MetalFX temporal
233603550575625,2393.2526986953203,128.0,-2645.1892409963557,162.01668,69.00003,34,0,17,11225624,MetalFX temporal
233603567402291,2393.243459929251,128.0,-2645.216957116944,162.61668,68.40003,34,0,17,10047416,MetalFX temporal
233603584118875,2393.243459929251,128.0,-2645.216957116944,163.21669,67.80003,35,0,17,11245208,MetalFX temporal
233603600442000,2393.243459929251,128.0,-2645.216957116944,163.96669,67.05003,35,0,17,10030625,MetalFX temporal
233603617614333,2393.2032255266186,128.0,-2645.3545336779066,164.5667,66.450035,36,0,17,11369333,MetalFX temporal
233603634284333,2393.2032255266186,128.0,-2645.3545336779066,165.1667,65.700035,35,0,17,11479333,MetalFX temporal
233603650463125,2393.2032255266186,128.0,-2645.3545336779066,165.1667,65.700035,35,0,17,10065125,MetalFX temporal
233603667583041,2393.148634133252,128.0,-2645.5528027372197,165.1667,65.700035,36,0,17,11499750,MetalFX temporal
233603683755125,2393.148634133252,128.0,-2645.5528027372197,165.1667,65.700035,41,0,17,9966458,MetalFX temporal
233603700674208,2393.148634133252,128.0,-2645.5528027372197,165.1667,65.700035,43,0,17,11596208,MetalFX temporal
233603717987541,2393.0862038220343,128.0,-2645.7842099044815,165.1667,65.700035,44,0,17,11705833,MetalFX temporal
233603734124541,2393.0862038220343,128.0,-2645.7842099044815,165.1667,65.700035,44,0,17,10186625,MetalFX temporal
233603750562208,2393.0862038220343,128.0,-2645.7842099044815,165.1667,65.700035,45,0,17,11837166,MetalFX temporal
233603767766833,2392.9682793264797,128.41999998688698,-2646.2270420919413,165.1667,65.700035,45,0,17,10217000,MetalFX temporal
233603784177291,2392.9682793264797,128.41999998688698,-2646.2270420919413,165.1667,65.700035,45,0,17,11875124,MetalFX temporal
233603801128833,2392.9682793264797,128.41999998688698,-2646.2270420919413,165.1667,65.700035,45,0,17,11954958,MetalFX temporal
233603817959583,2392.897367863874,128.7531999805212,-2646.4934589408626,165.1667,65.700035,45,0,17,10287416,MetalFX temporal
233603834284666,2392.897367863874,128.7531999805212,-2646.4934589408626,165.1667,65.700035,45,0,17,11921750,MetalFX temporal
233603851184083,2392.897367863874,128.7531999805212,-2646.4934589408626,165.1667,65.700035,45,0,17,12046124,MetalFX temporal
233603868154166,2392.851784928882,129.00133597911216,-2646.7409172655534,165.1667,65.700035,45,0,17,10512166,MetalFX temporal
233603884169583,2392.851784928882,129.00133597911216,-2646.7409172655534,165.1667,65.700035,45,0,17,11939291,MetalFX temporal
233603900870625,2392.851784928882,129.00133597911216,-2646.7409172655534,165.1667,65.700035,45,0,17,10314874,MetalFX temporal
233603918183625,2392.8292509546823,129.1661092609382,-2646.9711233326975,165.1667,65.700035,45,0,17,12098333,MetalFX temporal
233603934491708,2392.8292509546823,129.1661092609382,-2646.9711233326975,165.1667,65.700035,45,0,17,11954374,MetalFX temporal
233603951084916,2392.8292509546823,129.1661092609382,-2646.9711233326975,165.1667,65.700035,45,0,17,10268500,MetalFX temporal
233603968078833,2392.827691535408,129.24918707874468,-2647.1856298450216,165.1667,65.700035,44,0,17,11868125,MetalFX temporal
233603984436125,2392.827691535408,129.24918707874468,-2647.1856298450216,165.1667,65.700035,44,0,17,11695875,MetalFX temporal
233604001019583,2392.827691535408,129.24918707874468,-2647.1856298450216,164.4167,65.700035,43,0,17,10275374,MetalFX temporal
233604018491750,2392.843694013654,129.25220334025371,-2647.3710078704553,161.26671,66.00004,37,0,17,11808499,MetalFX temporal
233604034848750,2392.843694013654,129.25220334025371,-2647.3710078704553,153.61671,66.90004,35,0,17,10143500,MetalFX temporal
233604051192666,2392.843694013654,129.25220334025371,-2647.3710078704553,145.51671,67.05004,37,0,17,11517625,MetalFX temporal
233604067841750,2392.877920479187,129.17675927506423,-2647.53605239173,134.26671,67.05004,36,0,17,11619791,MetalFX temporal
233604084560208,2392.877920479187,129.17675927506423,-2647.53605239173,121.66671,66.45004,35,0,17,10099750,MetalFX temporal
233604104633833,2392.877920479187,129.17675927506423,-2647.53605239173,104.716705,64.95004,29,0,17,11749375,MetalFX temporal
233604120793833,2392.9280236061927,129.02442408821366,-2647.681263899279,82.0667,62.850044,23,0,17,10236874,MetalFX temporal
233604137133458,2392.9280236061927,129.02442408821366,-2647.681263899279,72.7667,62.100044,22,0,17,10236874,MetalFX temporal
233604154197375,2392.9280236061927,129.02442408821366,-2647.681263899279,55.5167,61.050045,21,0,17,11821666,MetalFX temporal
233604172153958,2392.989773022565,128.79673560066868,-2647.8245040132697,8.266693,59.700047,17,0,18,11864750,MetalFX temporal
233604187135875,2392.989773022565,128.79673560066868,-2647.8245040132697,-2.0833082,59.400047,20,0,18,12042250,MetalFX temporal
233604204087375,2392.989773022565,128.79673560066868,-2647.8245040132697,-8.833309,59.400047,26,0,18,9818624,MetalFX temporal
233604222000125,2393.0429553126414,128.4952008770059,-2647.9742197782252,-16.48331,59.400047,31,0,18,11614499,MetalFX temporal
233604238610208,2393.0429553126414,128.4952008770059,-2647.9742197782252,-17.23331,59.400047,31,0,18,11614499,MetalFX temporal
233604255523791,2393.0429553126414,128.4952008770059,-2647.9742197782252,-17.23331,59.400047,31,0,18,11463625,MetalFX temporal
233604273175916,2393.0913511980057,128.1212968405392,-2648.1104611282612,-17.23331,59.400047,31,0,18,11547499,MetalFX temporal
233604289788833,2393.0913511980057,128.1212968405392,-2648.1104611282612,-17.23331,59.400047,31,0,18,11582833,MetalFX temporal
233604316867000,2393.0913511980057,128.1212968405392,-2648.1104611282612,-17.23331,59.400047,31,0,18,11396125,MetalFX temporal
233604334494500,2393.135391454957,128.0,-2648.2344407603673,-17.23331,59.400047,31,0,18,11348250,MetalFX temporal
233604351276416,2393.135391454957,128.0,-2648.2344407603673,-17.23331,59.400047,31,0,18,11326499,MetalFX temporal
233604368575166,2393.175468089937,128.0,-2648.347262228835,-17.23331,59.400047,31,0,18,11462124,MetalFX temporal
233604384879083,2393.175468089937,128.0,-2648.347262228835,-17.23331,59.400047,31,0,18,10092166,MetalFX temporal
233604401557791,2393.175468089937,128.0,-2648.347262228835,-17.23331,59.400047,31,0,18,11530249,MetalFX temporal
233604419327500,2393.197349935178,128.0,-2648.4088627577735,-17.23331,59.400047,31,0,18,11531875,MetalFX temporal
233604436169416,2393.197349935178,128.0,-2648.4088627577735,-17.23331,59.400047,31,0,18,11531875,MetalFX temporal
233604453406833,2393.197349935178,128.0,-2648.4088627577735,-17.23331,59.400047,31,0,18,11447875,MetalFX temporal
233604471235916,2393.2092974240672,128.0,-2648.4424966504807,-17.23331,59.400047,31,0,18,9977916,MetalFX temporal
233604488254791,2393.2092974240672,128.0,-2648.4424966504807,-17.23331,59.400047,31,0,18,11576583,MetalFX temporal
233604505650416,2393.2092974240672,128.0,-2648.4424966504807,-17.53331,59.250046,31,0,18,9999500,MetalFX temporal
233604523783166,2393.2158207537586,128.0,-2648.4608607580317,-18.43331,59.100044,31,0,18,10214958,MetalFX temporal
233604540623166,2393.2158207537586,128.0,-2648.4608607580317,-18.88331,58.800045,31,0,18,10214958,MetalFX temporal
233604566861375,2393.2158207537586,128.0,-2648.4608607580317,-19.03331,58.800045,31,0,18,9981750,MetalFX temporal
233604584844916,2393.2193824921837,128.0,-2648.4708875619194,-19.03331,58.800045,31,0,18,11421000,MetalFX temporal
233604601869291,2393.2193824921837,128.0,-2648.4708875619194,-19.18331,58.650043,31,0,18,9967749,MetalFX temporal
233604619650833,2393.2213272015897,128.0,-2648.476362197478,-19.18331,58.650043,31,0,18,11722041,MetalFX temporal
233604636188250,2393.2213272015897,128.0,-2648.476362197478,-17.53331,57.900043,30,0,18,10188999,MetalFX temporal
233604653940291,2393.2213272015897,128.0,-2648.476362197478,-14.98331,57.150043,30,0,18,10188999,MetalFX temporal
233604672918333,2393.2477200025646,128.0,-2648.384684132147,-11.533309,56.250042,27,0,18,11734249,MetalFX temporal
233604691207500,2393.2477200025646,128.0,-2648.384684132147,-7.9333086,55.500042,21,0,18,10137375,MetalFX temporal
233604717382000,2393.2477200025646,128.0,-2648.384684132147,-4.483308,54.900043,20,0,18,9781125,MetalFX temporal
233604736031375,2393.262130473571,128.0,-2648.3346279026623,0.616693,54.750042,16,0,18,11702499,MetalFX temporal
233604754318916,2393.262130473571,128.0,-2648.3346279026623,3.3166933,54.750042,16,0,18,11702499,MetalFX temporal
233604774436166,2393.2699985916543,128.0,-2648.307297198189,5.8666935,54.750042,15,0,18,9886249,MetalFX temporal
233604801132375,2393.2699985916543,128.0,-2648.307297198189,7.5166936,54.60004,15,0,18,9930666,MetalFX temporal
233604820444750,2393.2742945846267,128.0,-2648.2923746318133,9.316694,54.60004,15,0,18,11961999,MetalFX temporal
233604838887791,2393.2742945846267,128.0,-2648.2923746318133,10.966695,54.60004,14,0,18,11961999,MetalFX temporal
233604858369583,2393.2742945846267,128.0,-2648.2923746318133,11.716695,54.60004,14,0,18,9934291,MetalFX temporal
233604884549083,2393.2507802164246,128.0,-2648.159479064485,12.016695,54.60004,14,0,18,9673791,MetalFX temporal
233604902711541,2393.2507802164246,128.0,-2648.159479064485,12.466695,54.60004,15,0,18,11755749,MetalFX temporal
233604922325541,2393.2104451399077,128.0,-2647.962520646919,12.616694,54.60004,15,0,18,11755749,MetalFX temporal
233604941654333,2393.2104451399077,128.0,-2647.962520646919,12.616694,54.60004,15,0,18,9987916,MetalFX temporal
233604967733541,2393.2104451399077,128.0,-2647.962520646919,12.616694,54.60004,17,0,18,9772791,MetalFX temporal
233604987139583,2393.1169334681367,128.41999998688698,-2647.535481523022,12.616694,54.60004,17,0,18,12166750,MetalFX temporal
233605006231416,2393.1169334681367,128.41999998688698,-2647.535481523022,12.616694,54.60004,17,0,18,12166750,MetalFX temporal
233605034861250,2393.0603124596278,128.7531999805212,-2647.2774529701765,12.616694,54.60004,18,0,18,11991874,MetalFX temporal
233605054144625,2393.0603124596278,128.7531999805212,-2647.2774529701765,12.616694,54.60004,18,0,18,11991874,MetalFX temporal
233605075745750,2393.0279143902676,129.00133597911216,-2647.0383672649727,12.616694,54.60004,18,0,18,12208083,MetalFX temporal
233605101961000,2393.0279143902676,129.00133597911216,-2647.0383672649727,12.616694,54.60004,18,0,18,12011625,MetalFX temporal
233605121763250,2393.017559196168,129.1661092609382,-2646.8165195516203,12.616694,54.60004,18,0,18,12011625,MetalFX temporal
233605142542416,2393.017559196168,129.1661092609382,-2646.8165195516203,12.616694,54.60004,17,0,18,12268958,MetalFX temporal
233605169284916,2393.017559196168,129.1661092609382,-2646.8165195516203,12.616694,54.60004,17,0,18,12050874,MetalFX temporal
233605188682583,2393.027263019133,129.24918707874468,-2646.610358411305,12.616694,54.60004,16,0,18,12050874,MetalFX temporal
233605209222958,2393.027263019133,129.24918707874468,-2646.610358411305,12.616694,54.60004,16,0,18,12106708,MetalFX temporal
233605235935125,2393.0552205481536,129.25220334025371,-2646.4184720528638,12.616694,54.60004,15,0,18,11857625,MetalFX temporal
233605254481041,2393.0552205481536,129.25220334025371,-2646.4184720528638,12.616694,54.60004,14,0,18,11857625,MetalFX temporal
233605275676375,2393.097550757855,129.17675927506423,-2646.25456836946,12.766694,54.60004,14,0,18,12007541,MetalFX temporal
233605301598875,2393.097550757855,129.17675927506423,-2646.25456836946,13.366694,54.60004,14,0,18,11688208,MetalFX temporal
233605321071750,2393.1530993573624,129.02442408821366,-2646.1159061731096,23.416695,55.35004,15,0,18,11939666,MetalFX temporal
233605340101791,2393.1530993573624,129.02442408821366,-2646.1159061731096,33.016697,56.70004,20,0,18,11939666,MetalFX temporal
233605366938875,2393.1530993573624,129.02442408821366,-2646.1159061731096,51.316696,59.70004,21,0,18,11811541,MetalFX temporal
233605386255333,2393.223527354588,128.79673560066868,-2645.9875248450007,89.2667,67.80004,25,0,19,9961333,MetalFX temporal
233605401541875,2393.223527354588,128.79673560066868,-2645.9875248450007,98.8667,70.20004,27,0,19,9498374,MetalFX temporal
233605418590875,2393.299410356436,128.4952008770059,-2645.854545039768,110.5667,73.20004,33,0,19,9949250,MetalFX temporal
233605435102166,2393.299410356436,128.4952008770059,-2645.854545039768,114.466705,74.250046,33,0,19,11688875,MetalFX temporal
233605451891500,2393.299410356436,128.4952008770059,-2645.854545039768,118.51671,75.45004,33,0,19,11929125,MetalFX temporal
233605467918083,2393.3856862538637,128.1212968405392,-2645.724176588408,120.76671,75.90004,33,0,19,10028166,MetalFX temporal
233605483999333,2393.3856862538637,128.1212968405392,-2645.724176588408,121.66671,76.20004,32,0,19,11363333,MetalFX temporal
233605500298375,2393.3856862538637,128.1212968405392,-2645.724176588408,121.66671,76.20004,32,0,19,9844583,MetalFX temporal
233605516970041,2393.480879940545,128.0,-2645.595252938478,121.66671,76.20004,32,0,19,11408999,MetalFX temporal
233605533277750,2393.480879940545,128.0,-2645.595252938478,121.66671,76.20004,32,0,19,9815541,MetalFX temporal
233605549734750,2393.480879940545,128.0,-2645.595252938478,121.66671,76.20004,32,0,19,11403666,MetalFX temporal
233605566891625,2393.5675061979214,128.0,-2645.4779324136607,121.66671,76.20004,32,0,19,9901124,MetalFX temporal
233605583580791,2393.5675061979214,128.0,-2645.4779324136607,121.66671,76.20004,32,0,19,11436874,MetalFX temporal
233605600670500,2393.5675061979214,128.0,-2645.4779324136607,121.66671,76.20004,32,0,19,11453874,MetalFX temporal
233605616900208,2393.614804139943,128.0,-2645.41387539967,121.66671,76.20004,32,0,19,11507624,MetalFX temporal
233605633212166,2393.614804139943,128.0,-2645.41387539967,121.66671,76.20004,32,0,19,11461625,MetalFX temporal
233605649468000,2393.614804139943,128.0,-2645.41387539967,121.66671,76.20004,32,0,19,9926375,MetalFX temporal
233605666596875,2393.640628819286,128.0,-2645.3789002659687,121.66671,76.20004,32,0,19,11453041,MetalFX temporal
233605683002583,2393.640628819286,128.0,-2645.3789002659687,121.66671,76.20004,32,0,19,9859624,MetalFX temporal
233605699572666,2393.640628819286,128.0,-2645.3789002659687,121.66671,76.20004,32,0,19,11467958,MetalFX temporal
233605716557375,2393.654729095845,128.0,-2645.3598038407495,121.66671,76.20004,32,0,19,9882916,MetalFX temporal
233605733151750,2393.654729095845,128.0,-2645.3598038407495,121.66671,76.20004,32,0,19,11456791,MetalFX temporal
233605749368916,2393.654729095845,128.0,-2645.3598038407495,121.66671,76.20004,32,0,19,9819750,MetalFX temporal
233605766453083,2393.6624278477407,128.0,-2645.3493771913686,121.66671,76.20004,33,0,19,11463250,MetalFX temporal
233605783025458,2393.6624278477407,128.0,-2645.3493771913686,121.66671,76.20004,33,0,19,11473624,MetalFX temporal
233605799702416,2393.6624278477407,128.0,-2645.3493771913686,121.66671,76.20004,33,0,19,11421624,MetalFX temporal
233605816629541,2393.666631366764,128.0,-2645.3436842401456,121.66671,76.20004,33,0,19,11539958,MetalFX temporal
233605833028041,2393.666631366764,128.0,-2645.3436842401456,121.66671,76.20004,33,0,19,11419499,MetalFX temporal
233605849406250,2393.666631366764,128.0,-2645.3436842401456,121.66671,76.20004,32,0,19,11431333,MetalFX temporal
233605866568708,2393.5855133965138,128.0,-2645.392017669202,121.81671,76.20004,32,0,19,11475916,MetalFX temporal
233605883221916,2393.5855133965138,128.0,-2645.392017669202,123.16671,75.600044,32,0,19,11439624,MetalFX temporal
233605899899041,2393.5855133965138,128.0,-2645.392017669202,125.86671,73.80004,33,0,19,9806375,MetalFX temporal
233605917275666,2393.461803676685,128.0,-2645.4758235324407,128.4167,72.30004,35,0,19,11453749,MetalFX temporal
233605933800875,2393.461803676685,128.0,-2645.4758235324407,130.3667,70.95004,36,0,19,9927000,MetalFX temporal
233605950664875,2393.461803676685,128.0,-2645.4758235324407,131.7167,70.05004,37,0,19,11681708,MetalFX temporal
233605967417458,2393.394258161813,128.0,-2645.521581539084,132.4667,69.45004,37,0,19,11601625,MetalFX temporal
233605983698458,2393.394258161813,128.0,-2645.521581539084,133.06671,69.15004,37,0,19,10043249,MetalFX temporal
233606000498875,2393.394258161813,128.0,-2645.521581539084,134.11671,68.40004,37,0,19,11531250,MetalFX temporal
233606017720500,2393.3573783064094,128.0,-2645.5465654136133,135.76671,67.65004,37,0,19,10033375,MetalFX temporal
233606034118625,2393.3573783064094,128.0,-2645.5465654136133,138.1667,66.60004,37,0,19,11559416,MetalFX temporal
233606050864583,2393.3573783064094,128.0,-2645.5465654136133,141.1667,65.700035,37,0,19,10001125,MetalFX temporal
233606067811750,2393.2573490374716,128.0,-2645.659443161509,143.26671,65.10004,36,0,19,11628458,MetalFX temporal
233606083725375,2393.2573490374716,128.0,-2645.659443161509,143.26671,65.10004,36,0,19,11568874,MetalFX temporal
233606100421625,2393.2573490374716,128.0,-2645.659443161509,143.26671,65.10004,36,0,19,9962124,MetalFX temporal
233606117525125,2393.1265273717095,128.0,-2645.823169752252,143.26671,65.10004,36,0,19,11602250,MetalFX temporal
233606133710708,2393.1265273717095,128.0,-2645.823169752252,143.26671,65.10004,38,0,19,11565291,MetalFX temporal
233606150691041,2393.1265273717095,128.0,-2645.823169752252,143.26671,65.10004,38,0,19,11681500,MetalFX temporal
233606167609208,2392.978893055328,128.0,-2646.0146598144142,143.26671,65.10004,38,0,19,11731958,MetalFX temporal
233606183762125,2392.978893055328,128.0,-2646.0146598144142,143.26671,65.10004,39,0,19,10035125,MetalFX temporal
233606200708541,2392.978893055328,128.0,-2646.0146598144142,143.26671,65.10004,39,0,19,11779333,MetalFX temporal
233606217631333,2392.702446893821,128.41999998688698,-2646.3815839665244,143.26671,65.10004,39,0,19,11844416,MetalFX temporal
233606233737541,2392.702446893821,128.41999998688698,-2646.3815839665244,143.26671,65.10004,39,0,19,10044249,MetalFX temporal
233606250295916,2392.702446893821,128.41999998688698,-2646.3815839665244,143.26671,65.10004,39,0,19,11838749,MetalFX temporal
233606267790916,2392.536266138356,128.7531999805212,-2646.60234364086,143.26671,65.10004,39,0,19,10120916,MetalFX temporal
233606284051250,2392.536266138356,128.7531999805212,-2646.60234364086,143.26671,65.10004,39,0,19,11892124,MetalFX temporal
233606301023083,2392.536266138356,128.7531999805212,-2646.60234364086,143.26671,65.10004,39,0,19,11977916,MetalFX temporal
233606318057166,2392.4007486192927,129.00133597911216,-2646.81495889967,143.26671,65.10004,39,0,19,10212499,MetalFX temporal
233606334305583,2392.4007486192927,129.00133597911216,-2646.81495889967,143.26671,65.10004,39,0,19,11902375,MetalFX temporal
233606350683250,2392.4007486192927,129.00133597911216,-2646.81495889967,143.26671,65.10004,39,0,19,11832458,MetalFX temporal
233606367631916,2392.293134646159,129.1661092609382,-2647.0201627401375,143.26671,65.10004,39,0,19,11968208,MetalFX temporal
233606383808625,2392.293134646159,129.1661092609382,-2647.0201627401375,143.26671,65.10004,39,0,19,11780666,MetalFX temporal
233606400252291,2392.293134646159,129.1661092609382,-2647.0201627401375,143.26671,65.10004,38,0,19,10065958,MetalFX temporal
233606417859291,2392.2109129005535,129.24918707874468,-2647.2186221897196,143.26671,65.10004,38,0,19,11768500,MetalFX temporal
233606433927916,2392.2109129005535,129.24918707874468,-2647.2186221897196,143.26671,65.10004,38,0,19,11666833,MetalFX temporal
233606451221625,2392.2109129005535,129.24918707874468,-2647.2186221897196,141.9167,65.25004,38,0,19,10110249,MetalFX temporal
233606468462666,2392.1559455866727,129.25220334025371,-2647.396812049549,139.51671,65.85004,39,0,19,11783916,MetalFX temporal
233606485008375,2392.1559455866727,129.25220334025371,-2647.396812049549,135.1667,66.90004,37,0,19,10159375,MetalFX temporal
233606501107541,2392.1559455866727,129.25220334025371,-2647.396812049549,129.76671,67.80004,37,0,19,11545750,MetalFX temporal
233606518035583,2392.125841904692,129.17675927506423,-2647.560789639997,123.91671,68.70004,37,0,19,11706500,MetalFX temporal
233606534391625,2392.125841904692,129.17675927506423,-2647.560789639997,115.216705,69.600044,35,0,19,10125416,MetalFX temporal
233606551244916,2392.125841904692,129.17675927506423,-2647.560789639997,106.8167,70.350044,31,0,19,11549374,MetalFX temporal
233606567928708,2392.1160760238968,129.02442408821366,-2647.7194557816433,97.8167,70.95004,27,0,19,10055874,MetalFX temporal
233606584145791,2392.1160760238968,129.02442408821366,-2647.7194557816433,86.716705,71.100044,25,0,19,11397249,MetalFX temporal
233606600660333,2392.1160760238968,129.02442408821366,-2647.7194557816433,68.5667,71.100044,23,0,19,11371250,MetalFX temporal
233606617675291,2392.115185070074,128.79673560066868,-2647.8821740206768,59.2667,71.100044,24,0,19,11396124,MetalFX temporal
233606633831583,2392.115185070074,128.79673560066868,-2647.8821740206768,49.966698,71.100044,23,0,19,11334458,MetalFX temporal
233606650293291,2392.115185070074,128.79673560066868,-2647.8821740206768,39.466698,70.95004,25,0,19,11282874,MetalFX temporal
233606667234166,2392.1124444942125,128.4952008770059,-2648.050154298107,36.6167,70.80004,24,0,19,9906958,MetalFX temporal
233606683745375,2392.1124444942125,128.4952008770059,-2648.050154298107,32.8667,70.65004,24,0,19,11290374,MetalFX temporal
233606700509375,2392.1124444942125,128.4952008770059,-2648.050154298107,31.9667,70.65004,23,0,19,9824041,MetalFX temporal
233606717629500,2392.105439551322,128.1212968405392,-2648.2225009805566,31.9667,70.65004,23,0,19,11274125,MetalFX temporal
233606734157500,2392.105439551322,128.1212968405392,-2648.2225009805566,31.9667,70.65004,23,0,19,11239416,MetalFX temporal
233606750837083,2392.105439551322,128.1212968405392,-2648.2225009805566,31.9667,70.65004,23,0,19,11227541,MetalFX temporal
233606767486708,2392.0990650531076,128.0,-2648.3793364661055,31.9667,70.65004,23,0,19,9799041,MetalFX temporal
233606783866541,2392.0990650531076,128.0,-2648.3793364661055,31.9667,70.65004,23,0,19,11203541,MetalFX temporal
233606800721000,2392.0990650531076,128.0,-2648.3793364661055,31.9667,70.65004,23,0,19,9747791,MetalFX temporal
233606817836416,2392.0932642595653,128.0,-2648.522056762068,31.9667,70.65004,23,0,19,11370416,MetalFX temporal
233606833889708,2392.0932642595653,128.0,-2648.522056762068,31.9667,70.65004,23,0,19,9727041,MetalFX temporal
233606850725791,2392.0932642595653,128.0,-2648.522056762068,31.9667,70.65004,23,0,19,11286041,MetalFX temporal
233606867699000,2392.0900970259236,128.0,-2648.599982052715,31.9667,70.65004,23,0,19,9820541,MetalFX temporal
233606883828833,2392.0900970259236,128.0,-2648.599982052715,31.9667,70.65004,23,0,19,11323416,MetalFX temporal
233606900231625,2392.0900970259236,128.0,-2648.599982052715,31.9667,70.65004,23,0,19,9777375,MetalFX temporal
233606917196291,2392.088367716154,128.0,-2648.6425292663503,31.9667,70.65004,23,0,19,11323583,MetalFX temporal
233606933848291,2392.088367716154,128.0,-2648.6425292663503,31.9667,70.65004,23,0,19,9809958,MetalFX temporal
233606950540375,2392.088367716154,128.0,-2648.6425292663503,31.3667,70.65004,23,0,19,11192999,MetalFX temporal
233606968155166,2392.0874235129104,128.0,-2648.6657600476933,29.1167,69.60004,22,0,19,10308875,MetalFX temporal
233606983728500,2392.0874235129104,128.0,-2648.6657600476933,28.0667,69.15004,22,0,19,11207791,MetalFX temporal
233607000793125,2392.0874235129104,128.0,-2648.6657600476933,20.8667,65.10004,18,0,19,9776499,MetalFX temporal
233607018188041,2392.0869079778795,128.0,-2648.67844405578,16.216698,61.950035,17,0,19,11294625,MetalFX temporal
233607034788583,2392.0869079778795,128.0,-2648.67844405578,14.716698,60.750034,16,0,19,9756000,MetalFX temporal
233607051572750,2392.0869079778795,128.0,-2648.67844405578,12.616697,58.950035,16,0,19,11381375,MetalFX temporal
233607068847708,2392.08662649572,128.0,-2648.6853695249997,12.316697,58.500034,16,0,19,11539499,MetalFX temporal
233607086091916,2392.08662649572,128.0,-2648.6853695249997,11.716697,57.900036,16,0,19,11486041,MetalFX temporal
233607103057375,2392.08662649572,128.0,-2648.6853695249997,11.566697,57.750034,16,0,19,11486041,MetalFX temporal
233607121587250,2392.066828981459,128.0,-2648.5931397874074,11.566697,57.600033,16,0,19,11612500,MetalFX temporal
233607139123458,2392.066828981459,128.0,-2648.5931397874074,11.566697,57.600033,16,0,19,11717499,MetalFX temporal
233607156867666,2392.066828981459,128.0,-2648.5931397874074,11.566697,57.600033,16,0,19,11584666,MetalFX temporal
233607184183625,2392.036375712433,128.0,-2648.4467713006075,11.566697,57.600033,16,0,19,11412124,MetalFX temporal
233607201739250,2392.036375712433,128.0,-2648.4467713006075,11.266697,57.45003,15,0,19,11492124,MetalFX temporal
233607218999916,2392.019748225613,128.0,-2648.3668540975323,11.116697,57.30003,15,0,19,11560999,MetalFX temporal
233607235947041,2392.019748225613,128.0,-2648.3668540975323,10.6666975,57.00003,15,0,19,11560999,MetalFX temporal
233607253831375,2392.019748225613,128.0,-2648.3668540975323,9.9166975,56.55003,15,0,19,11487749,MetalFX temporal
233607272999375,2392.010669616755,128.0,-2648.3232192995847,9.016697,55.95003,14,0,19,11631791,MetalFX temporal
233607291376708,2392.010669616755,128.0,-2648.3232192995847,8.716697,55.650032,14,0,19,9916125,MetalFX temporal
233607318421666,2392.010669616755,128.0,-2648.3232192995847,7.8166966,55.050034,15,0,19,9624041,MetalFX temporal
233607336464625,2391.9883976816636,128.0,-2648.1731768158716,7.0666966,54.450035,15,0,19,11671458,MetalFX temporal
233607355331416,2391.9883976816636,128.0,-2648.1731768158716,6.6166964,54.150036,15,0,19,11671458,MetalFX temporal
233607375222583,2391.9615637950874,128.0,-2647.964701426906,6.1666965,53.850037,15,0,19,9825791,MetalFX temporal
233607401240541,2391.9615637950874,128.0,-2647.964701426906,5.8666964,53.700035,15,0,19,9636000,MetalFX temporal
233607420550291,2391.9339025267573,128.0,-2647.7241398612173,5.7166963,53.550034,15,0,19,12118625,MetalFX temporal
233607441039708,2391.9339025267573,128.0,-2647.7241398612173,5.7166963,53.550034,15,0,19,12118625,MetalFX temporal
233607467797750,2391.9339025267573,128.0,-2647.7241398612173,5.7166963,53.550034,16,0,19,11969499,MetalFX temporal
233607487352750,2391.8862088913233,128.41999998688698,-2647.2670193475756,5.7166963,53.550034,17,0,19,12144333,MetalFX temporal
233607507895083,2391.8862088913233,128.41999998688698,-2647.2670193475756,5.7166963,53.550034,19,0,19,12144333,MetalFX temporal
233607564551958,2391.8576317920915,128.7531999805212,-2646.992078072885,5.7166963,53.550034,19,0,19,12010291,MetalFX temporal
233607620556958,2391.8511292817943,129.00133597911216,-2646.739930450834,5.7166963,53.550034,19,0,19,12010291,MetalFX temporal
233607652875166,2391.864714648006,129.1661092609382,-2646.5085250532834,5.8666964,53.550034,15,0,19,11964625,MetalFX temporal
233607672132375,2391.896574866597,129.24918707874468,-2646.2959446026357,10.516697,54.450035,16,0,19,11964625,MetalFX temporal
233607692530625,2391.896574866597,129.24918707874468,-2646.2959446026357,13.516697,55.200035,15,0,19,12184666,MetalFX temporal
233607718509625,2391.896574866597,129.24918707874468,-2646.2959446026357,24.6167,57.900036,18,0,19,11954249,MetalFX temporal
233607736213375,2391.9443151124547,129.25220334025371,-2646.109462962611,39.6167,61.50004,21,0,19,11894416,MetalFX temporal
233607753542875,2391.9443151124547,129.25220334025371,-2646.109462962611,67.966705,68.70004,22,0,20,11894416,MetalFX temporal
233607769049750,2392.0061740891765,129.17675927506423,-2645.931962439981,83.716705,72.90004,24,0,20,9843041,MetalFX temporal
233607785596208,2392.0061740891765,129.17675927506423,-2645.931962439981,99.01671,76.80004,33,0,20,11451708,MetalFX temporal
233607801786000,2392.0061740891765,129.17675927506423,-2645.931962439981,113.71671,80.55004,32,0,20,10011166,MetalFX temporal
233607818188666,2392.069726233202,129.02442408821366,-2645.7518013641848,123.616714,82.95004,32,0,20,11454499,MetalFX temporal
233607834263000,2392.069726233202,129.02442408821366,-2645.7518013641848,133.66672,85.20004,32,0,20,9951250,MetalFX temporal
233607850701041,2392.069726233202,129.02442408821366,-2645.7518013641848,139.51672,86.250046,34,0,20,11164583,MetalFX temporal
233607867205041,2392.140283866163,128.79673560066868,-2645.5729474066234,143.71672,86.850044,36,0,20,9972541,MetalFX temporal
233607883762291,2392.140283866163,128.79673560066868,-2645.5729474066234,146.86671,86.850044,36,0,20,11234791,MetalFX temporal
233607900351833,2392.140283866163,128.79673560066868,-2645.5729474066234,149.41672,86.850044,37,0,20,11174333,MetalFX temporal
233607916763666,2392.204491314008,128.4952008770059,-2645.4101903005517,149.71672,86.850044,37,0,20,11142750,MetalFX temporal
233607933055291,2392.204491314008,128.4952008770059,-2645.4101903005517,149.71672,86.850044,37,0,20,10935333,MetalFX temporal
233607949654375,2392.204491314008,128.4952008770059,-2645.4101903005517,149.71672,86.850044,37,0,20,9950999,MetalFX temporal
233607966546833,2392.262920093231,128.1212968405392,-2645.262081329758,149.71672,86.850044,37,0,20,11137541,MetalFX temporal
233607983444708,2392.262920093231,128.1212968405392,-2645.262081329758,149.71672,86.850044,37,0,20,9918875,MetalFX temporal
233607999761458,2392.262920093231,128.1212968405392,-2645.262081329758,149.71672,86.850044,37,0,20,11124249,MetalFX temporal
233608016501750,2392.3160902838563,128.0,-2645.1273021624515,149.71672,86.850044,36,0,20,9914249,MetalFX temporal
233608032758333,2392.3160902838563,128.0,-2645.1273021624515,149.71672,86.850044,36,0,20,11193583,MetalFX temporal
233608048978000,2392.3160902838563,128.0,-2645.1273021624515,149.71672,86.850044,36,0,20,11187875,MetalFX temporal
233608065931041,2392.36447515872,128.0,-2645.004653116668,149.71672,86.850044,36,0,20,11288666,MetalFX temporal
233608082335208,2392.36447515872,128.0,-2645.004653116668,149.71672,86.850044,36,0,20,11161958,MetalFX temporal
233608098839916,2392.36447515872,128.0,-2645.004653116668,149.71672,86.850044,36,0,20,11057249,MetalFX temporal
233608115907875,2392.390893303464,128.0,-2644.937686729892,149.71672,86.850044,36,0,20,11145875,MetalFX temporal
233608132481500,2392.390893303464,128.0,-2644.937686729892,149.71672,86.850044,36,0,20,9861041,MetalFX temporal
233608148961875,2392.390893303464,128.0,-2644.937686729892,149.71672,86.850044,36,0,20,10984124,MetalFX temporal
233608166012041,2392.4053176121697,128.0,-2644.9011230784654,149.71672,86.850044,36,0,20,9862874,MetalFX temporal
233608182321958,2392.4053176121697,128.0,-2644.9011230784654,149.71672,86.850044,36,0,20,11099541,MetalFX temporal
233608199376250,2392.4053176121697,128.0,-2644.9011230784654,149.71672,86.850044,36,0,20,9849333,MetalFX temporal
233608216076416,2392.4131932856376,128.0,-2644.8811593224677,149.71672,86.55004,36,0,20,11168375,MetalFX temporal
233608232719916,2392.4131932856376,128.0,-2644.8811593224677,149.71672,85.95004,36,0,20,10951708,MetalFX temporal
233608249358958,2392.4131932856376,128.0,-2644.8811593224677,150.16672,84.90004,35,0,20,11221958,MetalFX temporal
233608266326916,2392.4174934038506,128.0,-2644.870259110427,150.76672,84.00004,36,0,20,11282625,MetalFX temporal
233608282980583,2392.4174934038506,128.0,-2644.870259110427,151.36673,82.950035,37,0,20,11232249,MetalFX temporal
233608299327333,2392.4174934038506,128.0,-2644.870259110427,151.81673,82.200035,37,0,20,11145333,MetalFX temporal
233608316716708,2392.419841268668,128.0,-2644.8643075939613,152.26672,81.75004,37,0,20,9915375,MetalFX temporal
233608333390500,2392.419841268668,128.0,-2644.8643075939613,153.16672,80.85004,38,0,20,10928583,MetalFX temporal
233608349862333,2392.419841268668,128.0,-2644.8643075939613,153.91672,80.40004,38,0,20,9980500,MetalFX temporal
233608366676375,2392.421123203007,128.0,-2644.8610580655936,154.96672,79.65004,38,0,20,11368166,MetalFX temporal
233608383502750,2392.421123203007,128.0,-2644.8610580655936,156.31673,78.90004,39,0,20,11287083,MetalFX temporal
233608399963500,2392.421123203007,128.0,-2644.8610580655936,158.11673,77.85004,39,0,20,11326000,MetalFX temporal
233608416930166,2392.421123203007,128.0,-2644.8610580655936,160.06673,76.80003,37,0,20,11335916,MetalFX temporal
233608433314125,2392.421123203007,128.0,-2644.8610580655936,161.56673,75.75003,37,0,20,9958874,MetalFX temporal
233608450049833,2392.421123203007,128.0,-2644.8610580655936,163.21672,74.85003,37,0,20,11426166,MetalFX temporal
233608467357708,2392.3928191926566,128.0,-2644.9548817524374,164.41672,74.10003,37,0,20,10053625,MetalFX temporal
233608483835083,2392.3928191926566,128.0,-2644.9548817524374,164.86671,73.95003,37,0,20,11436999,MetalFX temporal
233608500374541,2392.3928191926566,128.0,-2644.9548817524374,166.21672,73.20003,38,0,20,9958250,MetalFX temporal
233608516891000,2392.354009116776,128.0,-2645.101285609949,166.96672,72.900024,38,0,20,11410333,MetalFX temporal
233608533525250,2392.354009116776,128.0,-2645.101285609949,167.56673,72.60002,39,0,20,11448541,MetalFX temporal
233608550364833,2392.354009116776,128.0,-2645.101285609949,168.46672,72.00002,40,0,20,11437874,MetalFX temporal
233608567402166,2392.332818812884,128.0,-2645.1812221254354,169.06673,71.70002,40,0,20,11461874,MetalFX temporal
233608584268250,2392.332818812884,128.0,-2645.1812221254354,169.96672,71.25002,41,0,20,10124166,MetalFX temporal
233608601222500,2392.332818812884,128.0,-2645.1812221254354,170.86671,70.800026,40,0,20,11616624,MetalFX temporal
233608617747500,2392.321248905615,128.0,-2645.2248674679604,171.91672,70.20003,39,0,20,10313499,MetalFX temporal
233608634567666,2392.321248905615,128.0,-2645.2248674679604,172.21672,69.900024,39,0,20,11497250,MetalFX temporal
233608651791208,2392.321248905615,128.0,-2645.2248674679604,172.21672,69.900024,39,0,20,11723833,MetalFX temporal
233608668562041,2392.3149317355123,128.0,-2645.248697827747,172.21672,69.900024,39,0,20,10251083,MetalFX temporal
233608684325750,2392.3149317355123,128.0,-2645.248697827747,172.21672,69.900024,39,0,20,11499749,MetalFX temporal
233608700667458,2392.3149317355123,128.0,-2645.248697827747,172.21672,69.900024,39,0,20,10067916,MetalFX temporal
233608717682666,2392.294228054119,128.0,-2645.387935371621,172.21672,69.900024,39,0,20,11513750,MetalFX temporal
233608734140791,2392.294228054119,128.0,-2645.387935371621,172.21672,69.900024,39,0,20,11458499,MetalFX temporal
233608750786375,2392.294228054119,128.0,-2645.387935371621,172.21672,69.900024,39,0,20,10003750,MetalFX temporal
233608767629250,2392.265669336648,128.0,-2645.590185245326,172.21672,69.900024,39,0,20,11555625,MetalFX temporal
233608784132291,2392.265669336648,128.0,-2645.590185245326,172.21672,69.900024,41,0,20,10061833,MetalFX temporal
233608800985083,2392.265669336648,128.0,-2645.590185245326,172.21672,69.900024,41,0,20,11539291,MetalFX temporal
233608818127041,2392.205734634858,128.41999998688698,-2646.0249970821546,172.21672,69.900024,43,0,20,11702250,MetalFX temporal
233608834136625,2392.205734634858,128.41999998688698,-2646.0249970821546,172.21672,69.900024,45,0,20,10140750,MetalFX temporal
233608850684333,2392.205734634858,128.41999998688698,-2646.0249970821546,172.21672,69.900024,46,0,20,11684625,MetalFX temporal
233608867741416,2392.1924296920733,128.7531999805212,-2646.2650589117748,172.21672,69.900024,46,0,20,10252625,MetalFX temporal
233608884234666,2392.1924296920733,128.7531999805212,-2646.2650589117748,172.06673,69.900024,46,0,20,11746999,MetalFX temporal
233608901537916,2392.1924296920733,128.7531999805212,-2646.2650589117748,171.31673,69.900024,47,0,20,11739000,MetalFX temporal
233608919064333,2392.19969746546,129.00133597911216,-2646.486474718627,169.81673,70.050026,47,0,20,10457625,MetalFX temporal
233608935337708,2392.19969746546,129.00133597911216,-2646.486474718627,167.11673,70.50002,44,0,20,11809791,MetalFX temporal
233608951965875,2392.19969746546,129.00133597911216,-2646.486474718627,163.36673,71.25002,42,0,20,10263625,MetalFX temporal
233608968843333,2392.211921547615,129.1661092609382,-2646.669183244317,156.76672,72.300026,41,0,20,11753375,MetalFX temporal
233608984754583,2392.211921547615,129.1661092609382,-2646.669183244317,148.96672,73.50002,40,0,20,11499749,MetalFX temporal
233609001146166,2392.211921547615,129.1661092609382,-2646.669183244317,140.41672,74.400024,38,0,20,10161250,MetalFX temporal
233609017897791,2392.235534686594,129.24918707874468,-2646.820342403621,132.01672,75.150024,36,0,20,11410875,MetalFX temporal
233609034105833,2392.235534686594,129.24918707874468,-2646.820342403621,122.11672,75.75002,33,0,20,11375250,MetalFX temporal
233609050607625,2392.235534686594,129.24918707874468,-2646.820342403621,111.01672,76.20002,33,0,20,10042416,MetalFX temporal
233609067565791,2392.275319428056,129.25220334025371,-2646.9508696050902,95.416725,76.95002,32,0,20,11460125,MetalFX temporal
233609084205083,2392.275319428056,129.25220334025371,-2646.9508696050902,79.96672,77.85002,25,0,20,9987166,MetalFX temporal
233609100557375,2392.275319428056,129.25220334025371,-2646.9508696050902,64.36672,79.05002,24,0,20,11340249,MetalFX temporal
233609117294458,2392.3291940486824,129.17675927506423,-2647.0781295308007,54.46672,79.80002,28,0,20,9935500,MetalFX temporal
233609133554708,2392.3291940486824,129.17675927506423,-2647.0781295308007,40.36672,80.40002,29,0,20,11227625,MetalFX temporal
233609149919625,2392.3291940486824,129.17675927506423,-2647.0781295308007,36.766716,80.40002,28,0,20,11332583,MetalFX temporal
233609166772250,2392.375355542442,129.02442408821366,-2647.213729879674,34.066715,80.40002,30,0,20,11202374,MetalFX temporal
233609183390583,2392.375355542442,129.02442408821366,-2647.213729879674,32.116714,80.40002,31,0,20,11115333,MetalFX temporal
233609199860750,2392.375355542442,129.02442408821366,-2647.213729879674,30.616714,79.95002,30,0,20,9910499,MetalFX temporal
233609216565458,2392.4273436612966,128.79673560066868,-2647.3539944103277,30.166714,79.80002,30,0,20,11189125,MetalFX temporal
233609232832083,2392.4273436612966,128.79673560066868,-2647.3539944103277,30.016714,79.80002,30,0,20,9910291,MetalFX temporal
233609249662750,2392.4273436612966,128.79673560066868,-2647.3539944103277,29.716715,79.35002,30,0,20,11163749,MetalFX temporal
233609266574166,2392.4843675620386,128.4952008770059,-2647.49865819119,29.716715,79.35002,30,0,20,11185500,MetalFX temporal
233609282938125,2392.4843675620386,128.4952008770059,-2647.49865819119,29.716715,79.35002,30,0,20,9860291,MetalFX temporal
233609299405666,2392.4843675620386,128.4952008770059,-2647.49865819119,29.716715,79.35002,30,0,20,11137333,MetalFX temporal
233609316628750,2392.5362593132095,128.1212968405392,-2647.6303022355683,29.716715,79.35002,30,0,20,9862208,MetalFX temporal
233609333124125,2392.5362593132095,128.1212968405392,-2647.6303022355683,29.716715,79.35002,30,0,20,11058499,MetalFX temporal
233609349460041,2392.5362593132095,128.1212968405392,-2647.6303022355683,29.716715,79.35002,30,0,20,11151333,MetalFX temporal
233609366554750,2392.583480808136,128.0,-2647.750098319405,29.716715,79.35002,30,0,20,9938208,MetalFX temporal
233609382863333,2392.583480808136,128.0,-2647.750098319405,29.716715,79.35002,30,0,20,11120458,MetalFX temporal
233609399258833,2392.583480808136,128.0,-2647.750098319405,29.716715,79.35002,30,0,20,9798749,MetalFX temporal
233609416263875,2392.6264523697573,128.0,-2647.8591127588384,29.716715,79.35002,30,0,20,11205249,MetalFX temporal
233609432607208,2392.6264523697573,128.0,-2647.8591127588384,29.716715,79.35002,30,0,20,11230541,MetalFX temporal
233609449069208,2392.6264523697573,128.0,-2647.8591127588384,29.716715,79.35002,30,0,20,9869374,MetalFX temporal
233609466079916,2392.6499148451276,128.0,-2647.9186346496826,29.716715,79.35002,30,0,20,11108791,MetalFX temporal
233609482925041,2392.6499148451276,128.0,-2647.9186346496826,29.716715,79.35002,30,0,20,9782666,MetalFX temporal
233609499488708,2392.6499148451276,128.0,-2647.9186346496826,29.566715,79.05002,30,0,20,11209416,MetalFX temporal
233609516535166,2392.662725358168,128.0,-2647.9511336058586,28.966715,78.15002,27,0,20,9788124,MetalFX temporal
233609533265791,2392.662725358168,128.0,-2647.9511336058586,28.216715,77.10001,25,0,20,11172833,MetalFX temporal
233609549774125,2392.662725358168,128.0,-2647.9511336058586,27.466715,75.90002,23,0,20,11068499,MetalFX temporal
233609566473916,2392.6697198991,128.0,-2647.9688780379915,26.566715,74.250015,22,0,20,9827125,MetalFX temporal
233609583044083,2392.6697198991,128.0,-2647.9688780379915,26.416716,73.65002,21,0,20,10988499,MetalFX temporal
233609599490333,2392.6697198991,128.0,-2647.9688780379915,26.116716,72.750015,21,0,20,9713458,MetalFX temporal
233609616740166,2392.630402605939,128.0,-2647.8905707086556,25.816717,72.15002,21,0,20,11132458,MetalFX temporal
233609633313250,2392.630402605939,128.0,-2647.8905707086556,25.666718,71.85001,21,0,20,9692500,MetalFX temporal
233609649737833,2392.630402605939,128.0,-2647.8905707086556,25.666718,71.55001,21,0,20,11028999,MetalFX temporal
233609666575583,2392.5664921659486,128.0,-2647.759482713568,25.666718,71.40001,21,0,20,9652624,MetalFX temporal
233609683009625,2392.5664921659486,128.0,-2647.759482713568,25.516718,71.25001,21,0,20,10988249,MetalFX temporal
233609699839500,2392.5664921659486,128.0,-2647.759482713568,25.516718,71.25001,21,0,20,9645541,MetalFX temporal
233609716770125,2392.5315970616607,128.0,-2647.687908659937,25.516718,71.25001,21,0,20,11102666,MetalFX temporal
233609733214708,2392.5315970616607,128.0,-2647.687908659937,25.516718,71.25001,21,0,20,9636583,MetalFX temporal
233609749657333,2392.5315970616607,128.0,-2647.687908659937,25.516718,71.25001,21,0,20,11160958,MetalFX temporal
233609766806625,2392.5125443325064,128.0,-2647.648829222115,25.516718,71.25001,21,0,20,9693125,MetalFX temporal
233609783169916,2392.5125443325064,128.0,-2647.648829222115,25.366718,71.25001,21,0,20,11089916,MetalFX temporal
233609800225166,2392.5125443325064,128.0,-2647.648829222115,25.06672,71.25001,21,0,20,9671208,MetalFX temporal
233609817384333,2392.4481683934773,128.0,-2647.51208966719,24.76672,71.25001,21,0,20,11177874,MetalFX temporal
233609833797958,2392.4481683934773,128.0,-2647.51208966719,24.76672,71.40001,21,0,20,9713250,MetalFX temporal
233609850055375,2392.4481683934773,128.0,-2647.51208966719,24.46672,71.40001,21,0,20,11086250,MetalFX temporal
233609867040458,2392.3602548852737,128.0,-2647.321469960202,24.01672,71.40001,21,0,20,9796375,MetalFX temporal
233609883665833,2392.3602548852737,128.0,-2647.321469960202,23.56672,71.40001,21,0,20,11081500,MetalFX temporal
233609900200750,2392.3602548852737,128.0,-2647.321469960202,23.116718,71.40001,24,0,20,9706874,MetalFX temporal
233609917329250,2392.2622391944014,128.0,-2647.1002196139343,22.666718,71.100006,25,0,20,11408208,MetalFX temporal
233609933974916,2392.2622391944014,128.0,-2647.1002196139343,22.366718,70.950005,25,0,20,9835041,MetalFX temporal
233609950577666,2392.2622391944014,128.0,-2647.1002196139343,22.216719,70.950005,26,0,20,11473583,MetalFX temporal
233609967770708,2392.183455071264,128.41999998688698,-2646.674406910038,22.216719,70.8,29,0,20,9843583,MetalFX temporal
233609984096333,2392.183455071264,128.41999998688698,-2646.674406910038,22.216719,70.8,29,0,20,11504374,MetalFX temporal
233610000693666,2392.183455071264,128.41999998688698,-2646.674406910038,22.216719,70.8,31,0,20,11554958,MetalFX temporal
233610017688916,2392.1585841423394,128.7531999805212,-2646.43450292105,22.216719,70.8,31,0,20,11616916,MetalFX temporal
233610034137541,2392.1585841423394,128.7531999805212,-2646.43450292105,22.516718,70.8,31,0,20,11595958,MetalFX temporal
233610050639666,2392.1585841423394,128.7531999805212,-2646.43450292105,23.866718,70.8,29,0,20,10098708,MetalFX temporal
233610068264666,2392.1538761946504,129.00133597911216,-2646.208261300756,26.56672,70.8,29,0,20,11678999,MetalFX temporal
233610085078916,2392.1538761946504,129.00133597911216,-2646.208261300756,31.66672,70.8,26,0,20,10017291,MetalFX temporal
233610101518083,2392.1538761946504,129.00133597911216,-2646.208261300756,40.51672,71.55,27,0,20,11541041,MetalFX temporal
233610118347875,2392.1695306373413,129.1661092609382,-2646.0039463967096,55.21672,73.65,24,0,20,10001374,MetalFX temporal
233610134360833,2392.1695306373413,129.1661092609382,-2646.0039463967096,61.66672,74.700005,24,0,20,11319083,MetalFX temporal
233610150810250,2392.1695306373413,129.1661092609382,-2646.0039463967096,93.01672,81.15001,33,0,21,11239999,MetalFX temporal
233610166399041,2392.1971547052904,129.24918707874468,-2645.803153256888,116.71673,86.40001,33,0,21,9366249,MetalFX temporal
233610183180875,2392.1971547052904,129.24918707874468,-2645.803153256888,135.46674,90.0,36,0,21,11156208,MetalFX temporal
233610199551000,2392.1971547052904,129.24918707874468,-2645.803153256888,135.46674,90.0,35,0,21,9971541,MetalFX temporal
233610216571791,2392.2360398383385,129.25220334025371,-2645.6064610379913,155.26674,90.0,38,0,21,11021500,MetalFX temporal
233610232969333,2392.2360398383385,129.25220334025371,-2645.6064610379913,160.81674,90.0,37,0,21,10038791,MetalFX temporal
233610249474250,2392.2360398383385,129.25220334025371,-2645.6064610379913,165.31674,90.0,37,0,21,11016083,MetalFX temporal
233610266330500,2392.276395233747,129.17675927506423,-2645.408511686764,168.01674,90.0,37,0,21,9964124,MetalFX temporal
233610282697041,2392.276395233747,129.17675927506423,-2645.408511686764,169.21674,90.0,37,0,21,11041375,MetalFX temporal
233610299386083,2392.276395233747,129.17675927506423,-2645.408511686764,173.41673,89.85,38,0,21,11009916,MetalFX temporal
233610316622333,2392.3153667584284,129.02442408821366,-2645.2089071277765,177.31673,89.1,40,0,21,11172250,MetalFX temporal
233610333296000,2392.3153667584284,129.02442408821366,-2645.2089071277765,179.86673,88.5,39,0,21,11167250,MetalFX temporal
233610349462500,2392.3153667584284,129.02442408821366,-2645.2089071277765,179.86673,88.5,39,0,21,10884583,MetalFX temporal
233610366052583,2392.350830846911,128.79673560066868,-2645.027266973863,179.86673,88.5,39,0,21,10885750,MetalFX temporal
233610382491791,2392.350830846911,128.79673560066868,-2645.027266973863,179.86673,88.5,39,0,21,10012000,MetalFX temporal
233610398933125,2392.350830846911,128.79673560066868,-2645.027266973863,179.86673,88.5,38,0,21,10853250,MetalFX temporal
233610415880166,2392.38310316836,128.4952008770059,-2644.8619744290377,179.86673,88.5,38,0,21,9990249,MetalFX temporal
233610432419500,2392.38310316836,128.4952008770059,-2644.8619744290377,179.86673,88.5,38,0,21,10798874,MetalFX temporal
233610448807708,2392.38310316836,128.4952008770059,-2644.8619744290377,179.86673,88.5,38,0,21,9960291,MetalFX temporal
233610465806166,2392.4124709817247,128.1212968405392,-2644.711558208912,179.86673,88.5,38,0,21,10873958,MetalFX temporal
233610482273625,2392.4124709817247,128.1212968405392,-2644.711558208912,179.86673,88.5,38,0,21,10800333,MetalFX temporal
233610498707208,2392.4124709817247,128.1212968405392,-2644.711558208912,179.86673,88.5,38,0,21,10815458,MetalFX temporal
233610515750333,2392.439195692657,128.0,-2644.5746794446527,179.86673,88.5,38,0,21,10763875,MetalFX temporal
233610532208375,2392.439195692657,128.0,-2644.5746794446527,179.86673,88.5,38,0,21,10013374,MetalFX temporal
233610548723208,2392.439195692657,128.0,-2644.5746794446527,179.86673,88.5,38,0,21,11003541,MetalFX temporal
233610566062541,2392.4635151803063,127.92159999847412,-2644.450119765587,179.86673,88.5,38,0,21,9923374,MetalFX temporal
233610582588791,2392.4635151803063,127.92159999847412,-2644.450119765587,179.86673,88.5,38,0,21,10918708,MetalFX temporal
233610599347041,2392.4635151803063,127.92159999847412,-2644.450119765587,179.86673,88.5,38,0,21,9912708,MetalFX temporal
233610616170375,2392.476793622105,127.76636799395752,-2644.3821101729172,179.86673,88.5,38,0,21,10812666,MetalFX temporal
233610632368708,2392.476793622105,127.76636799395752,-2644.3821101729172,179.86673,88.5,38,0,21,10893124,MetalFX temporal
233610648967166,2392.476793622105,127.76636799395752,-2644.3821101729172,180.31673,88.05,38,0,21,10817291,MetalFX temporal
233610666167083,2392.4888770044904,127.53584062504456,-2644.3202214418043,181.81673,86.4,37,0,21,10930374,MetalFX temporal
233610682545916,2392.4888770044904,127.53584062504456,-2644.3202214418043,183.76672,84.3,36,0,21,9870375,MetalFX temporal
233610699349000,2392.4888770044904,127.53584062504456,-2644.3202214418043,185.86673,81.3,36,0,21,10831249,MetalFX temporal
233610716211541,2392.4998728827777,127.23152379758702,-2644.2639026948686,187.21674,78.9,36,0,21,9812458,MetalFX temporal
233610732725916,2392.4998728827777,127.23152379758702,-2644.2639026948686,187.51674,78.6,36,0,21,11195166,MetalFX temporal
233610749527125,2392.4998728827777,127.23152379758702,-2644.2639026948686,188.71674,75.75,36,0,21,9816291,MetalFX temporal
233610766551708,2392.5098791323076,127.0,-2644.21265263368,189.01674,74.7,36,0,21,11184958,MetalFX temporal
233610783151916,2392.5098791323076,127.0,-2644.21265263368,189.01674,74.1,36,0,21,11222583,MetalFX temporal
233610800213333,2392.5098791323076,127.0,-2644.21265263368,189.01674,74.1,36,0,21,9800500,MetalFX temporal
233610817424041,2392.534339524699,127.0,-2644.262804713493,189.01674,73.799995,36,0,21,11451000,MetalFX temporal
233610833704125,2392.534339524699,127.0,-2644.262804713493,189.01674,73.799995,36,0,21,9864749,MetalFX temporal
233610850210083,2392.534339524699,127.0,-2644.262804713493,189.01674,73.49999,36,0,21,11428791,MetalFX temporal
233610867341916,2392.563049605553,127.0,-2644.38697738909,189.01674,73.49999,36,0,21,11447875,MetalFX temporal
233610883729125,2392.563049605553,127.0,-2644.38697738909,189.01674,73.49999,36,0,21,9841249,MetalFX temporal
233610900198583,2392.563049605553,127.0,-2644.38697738909,189.01674,73.34999,36,0,21,11385791,MetalFX temporal
233610917670291,2392.5787253115195,127.0,-2644.454775677841,189.01674,73.19999,36,0,21,9797749,MetalFX temporal
233610933898000,2392.5787253115195,127.0,-2644.454775677841,189.01674,73.19999,36,0,21,11279500,MetalFX temporal
233610950243875,2392.5787253115195,127.0,-2644.454775677841,189.01674,73.19999,36,0,21,11473249,MetalFX temporal
233610967241125,2392.5872842479716,127.0,-2644.491793547799,189.01674,73.19999,36,0,21,11477250,MetalFX temporal
233610983527666,2392.5872842479716,127.0,-2644.491793547799,189.01674,73.19999,36,0,21,11446499,MetalFX temporal
233611000980875,2392.5872842479716,127.0,-2644.491793547799,189.01674,73.19999,36,0,21,9842791,MetalFX temporal
233611017685333,2392.6119185456496,127.0,-2644.637831842966,189.01674,73.19999,36,0,21,11602000,MetalFX temporal
233611033960541,2392.6119185456496,127.0,-2644.637831842966,189.01674,73.19999,36,0,21,9820416,MetalFX temporal
233611050148125,2392.6119185456496,127.0,-2644.637831842966,189.01674,73.19999,36,0,21,11414208,MetalFX temporal
233611084880708,2392.645329991576,127.0,-2644.699999988079,189.01674,73.19999,36,0,21,11564499,MetalFX temporal
233611098829625,2392.645329991576,127.0,-2644.699999988079,189.01674,73.19999,38,0,21,11564499,MetalFX temporal
233611117467083,2392.6789273482277,127.0,-2644.699999988079,189.01674,73.19999,40,0,21,11614750,MetalFX temporal
233611133990000,2392.6789273482277,127.0,-2644.699999988079,189.01674,73.19999,41,0,21,11644374,MetalFX temporal
233611150624666,2392.6789273482277,127.0,-2644.699999988079,189.01674,73.19999,42,0,21,11660333,MetalFX temporal
233611167472166,2392.699999988079,127.41999998688698,-2644.699999988079,189.01674,73.19999,43,0,21,11812750,MetalFX temporal
233611184088625,2392.699999988079,127.41999998688698,-2644.699999988079,189.01674,73.19999,41,0,21,9990999,MetalFX temporal
233611200537416,2392.699999988079,127.41999998688698,-2644.699999988079,189.01674,73.19999,40,0,21,11564124,MetalFX temporal
233611217342166,2392.6882483180007,127.7531999805212,-2644.699999988079,189.01674,73.19999,38,0,21,9970291,MetalFX temporal
233611234284833,2392.6882483180007,127.7531999805212,-2644.699999988079,189.01674,73.19999,38,0,21,11769916,MetalFX temporal
233611250638583,2392.6882483180007,127.7531999805212,-2644.699999988079,189.01674,73.19999,38,0,21,11513958,MetalFX temporal
233611267371750,2392.6658026278433,128.00133597911216,-2644.716183255852,189.01674,73.19999,38,0,21,9974374,MetalFX temporal
233611283901041,2392.6658026278433,128.00133597911216,-2644.716183255852,189.01674,73.19999,37,0,21,11511374,MetalFX temporal
233611300156458,2392.6658026278433,128.00133597911216,-2644.716183255852,189.01674,73.19999,37,0,21,9921499,MetalFX temporal
233611317219166,2392.6336253791333,128.1661092609382,-2644.747093297722,189.01674,73.19999,37,0,21,11509124,MetalFX temporal
233611333698083,2392.6336253791333,128.1661092609382,-2644.747093297722,189.01674,73.19999,37,0,21,11377083,MetalFX temporal
233611350139875,2392.6336253791333,128.1661092609382,-2644.747093297722,189.01674,73.19999,37,0,21,10001874,MetalFX temporal
233611367065041,2392.60741502286,128.24918707874468,-2644.7945793632816,189.01674,73.19999,37,0,21,11463874,MetalFX temporal
233611383695750,2392.60741502286,128.24918707874468,-2644.7945793632816,189.01674,73.19999,37,0,21,9977458,MetalFX temporal
233611400121791,2392.60741502286,128.24918707874468,-2644.7945793632816,189.01674,73.19999,37,0,21,11362208,MetalFX temporal
233611417092791,2392.5835635979643,128.25220334025371,-2644.837791684186,189.01674,73.19999,37,0,21,11292000,MetalFX temporal
233611433716375,2392.5835635979643,128.25220334025371,-2644.837791684186,189.01674,73.19999,37,0,21,9963041,MetalFX temporal
233611450137083,2392.5835635979643,128.25220334025371,-2644.837791684186,189.01674,73.19999,37,0,21,11344708,MetalFX temporal
233611467209083,2392.5618588006832,128.17675927506423,-2644.8771148973424,189.01674,73.19999,37,0,21,9994708,MetalFX temporal
233611483900583,2392.5618588006832,128.17675927506423,-2644.8771148973424,189.01674,73.19999,37,0,21,11345125,MetalFX temporal
233611500151083,2392.5618588006832,128.17675927506423,-2644.8771148973424,189.01674,73.19999,37,0,21,11325125,MetalFX temporal
233611517301375,2392.542107434588,128.02442408821366,-2644.9128990223458,187.21674,69.89999,38,0,21,10081875,MetalFX temporal
233611534689416,2392.542107434588,128.02442408821366,-2644.9128990223458,184.06674,62.849987,38,0,21,11369166,MetalFX temporal
233611552425166,2392.542107434588,128.02442408821366,-2644.9128990223458,183.31674,60.299988,40,0,21,10028624,MetalFX temporal
233611570190500,2392.525266173105,128.0,-2644.9650298320726,181.36674,54.299988,39,0,21,11699000,MetalFX temporal
233611588199666,2392.525266173105,128.0,-2644.9650298320726,180.91675,53.099987,39,0,21,12090833,MetalFX temporal
233611608160208,2392.525266173105,128.0,-2644.9650298320726,180.46675,51.599987,38,0,21,10160874,MetalFX temporal
233611634558000,2392.5107298493244,128.0,-2645.110465696016,180.31676,50.549988,37,0,21,12055125,MetalFX temporal
233611653684041,2392.5107298493244,128.0,-2645.110465696016,180.31676,50.399986,36,0,21,12094874,MetalFX temporal
233611674109166,2392.5027930156184,128.0,-2645.1898736869525,180.31676,50.399986,36,0,21,10111124,MetalFX temporal
233611693549625,2392.5027930156184,128.0,-2645.1898736869525,180.31676,50.399986,36,0,21,12077624,MetalFX temporal
233611718790583,2392.5027930156184,128.0,-2645.1898736869525,180.31676,50.399986,36,0,21,12125499,MetalFX temporal
233611738052000,2392.4984595039114,128.0,-2645.23323045504,180.31676,50.399986,36,0,21,12216291,MetalFX temporal
233611757601500,2392.4984595039114,128.0,-2645.23323045504,180.31676,50.399986,36,0,21,12161083,MetalFX temporal
233611784617916,2392.4967896191843,128.0,-2645.3843013595733,180.31676,50.399986,36,0,21,9979583,MetalFX temporal
233611803313625,2392.4967896191843,128.0,-2645.3843013595733,180.31676,50.399986,36,0,21,12085166,MetalFX temporal
233611823808458,2392.4965740749567,128.0,-2645.5941841894373,180.31676,50.399986,37,0,21,12222374,MetalFX temporal
233611843527916,2392.4965740749567,128.0,-2645.5941841894373,180.31676,50.399986,39,0,21,10038041,MetalFX temporal
233611868263125,2392.4965740749567,128.0,-2645.5941841894373,180.31676,50.399986,41,0,21,12182375,MetalFX temporal
233611887730916,2392.4971526007344,128.0,-2645.8361783342616,180.31676,50.399986,42,0,21,12278874,MetalFX temporal
233611907818208,2392.4971526007344,128.0,-2645.8361783342616,180.31676,50.399986,42,0,21,10273166,MetalFX temporal
233611928548541,2392.499257644628,128.41999998688698,-2646.2957022669375,180.31676,50.399986,42,0,21,12232958,MetalFX temporal
233611952135125,2392.499257644628,128.41999998688698,-2646.2957022669375,180.31676,50.399986,43,0,21,12013125,MetalFX temporal
233611971815166,2392.5200067054398,128.7531999805212,-2646.546495253649,180.31676,50.399986,44,0,21,10202750,MetalFX temporal
233611991355541,2392.5200067054398,128.7531999805212,-2646.546495253649,180.31676,50.399986,44,0,21,12158458,MetalFX temporal
233612011794541,2392.5200067054398,128.7531999805212,-2646.546495253649,180.31676,50.399986,44,0,21,12190541,MetalFX temporal
233612035647750,2392.558488058035,129.00133597911216,-2646.7746097684617,180.31676,50.399986,42,0,21,10036374,MetalFX temporal
233612054524291,2392.558488058035,129.00133597911216,-2646.7746097684617,179.56676,50.399986,42,0,21,12324458,MetalFX temporal
233612075871250,2392.6131055279207,129.1661092609382,-2646.9823424324914,178.36676,50.699986,41,0,21,10167166,MetalFX temporal
233612096294541,2392.6131055279207,129.1661092609382,-2646.9823424324914,178.06676,50.849987,41,0,21,10039624,MetalFX temporal
233612119853041,2392.6131055279207,129.1661092609382,-2646.9823424324914,169.21675,53.399986,37,0,21,12300875,MetalFX temporal
233612139776916,2392.6793467942434,129.24918707874468,-2647.160134197494,164.26675,54.149986,36,0,21,10247375,MetalFX temporal
233612159582500,2392.6793467942434,129.24918707874468,-2647.160134197494,159.91675,54.899986,35,0,21,10180291,MetalFX temporal
233612184620166,2392.7577655362547,129.25220334025371,-2647.3135003525954,147.91675,55.649986,35,0,21,12010125,MetalFX temporal
233612203321291,2392.7577655362547,129.25220334025371,-2647.3135003525954,118.366745,55.649986,27,0,22,10237583,MetalFX temporal
233612221773666,2392.8463731202337,129.17675927506423,-2647.4437513458206,101.41674,54.899986,24,0,22,10488583,MetalFX temporal
233612241823333,2392.8463731202337,129.17675927506423,-2647.4437513458206,96.61674,54.599987,24,0,22,10488583,MetalFX temporal
233612268175791,2392.8463731202337,129.17675927506423,-2647.4437513458206,58.216732,53.699986,21,0,23,9889874,MetalFX temporal
233612286848125,2392.9464762791736,129.02442408821366,-2647.5577071105445,25.516727,53.699986,16,0,24,10605000,MetalFX temporal
233612304800833,2392.9464762791736,129.02442408821366,-2647.5577071105445,20.266727,53.399986,16,0,24,8335416,MetalFX temporal
233612334679083,2393.0557351045045,128.79673560066868,-2647.6697755256782,16.966726,52.949986,15,0,24,11920666,MetalFX temporal
233612353613666,2393.0557351045045,128.79673560066868,-2647.6697755256782,14.416726,52.049984,14,0,24,9897666,MetalFX temporal
233612374343500,2393.1600396195263,128.4952008770059,-2647.790740818942,14.416726,52.049984,14,0,24,9897666,MetalFX temporal
233612400982375,2393.1600396195263,128.4952008770059,-2647.790740818942,14.416726,52.049984,14,0,24,9694333,MetalFX temporal
233612420306416,2393.244780129691,128.1212968405392,-2647.918036575343,14.416726,52.049984,14,0,24,12098875,MetalFX temporal
233612440393750,2393.244780129691,128.1212968405392,-2647.918036575343,14.416726,52.049984,14,0,24,12098875,MetalFX temporal
233612468468875,2393.244780129691,128.1212968405392,-2647.918036575343,14.416726,52.049984,14,0,24,11919749,MetalFX temporal
233612487345750,2393.302910963611,128.0,-2648.038754698112,14.416726,52.049984,14,0,24,9915291,MetalFX temporal
233612507425125,2393.302910963611,128.0,-2648.038754698112,14.416726,52.049984,14,0,24,9915291,MetalFX temporal
233612534825666,2393.2608948577004,128.0,-2648.1730030994327,14.416726,52.049984,14,0,24,9595749,MetalFX temporal
233612554163666,2393.2608948577004,128.0,-2648.1730030994327,14.416726,52.049984,14,0,24,12029583,MetalFX temporal
233612574421958,2393.1430388949066,128.0,-2648.270697641503,14.416726,52.049984,14,0,24,12029583,MetalFX temporal
233612594526000,2393.1430388949066,128.0,-2648.270697641503,14.416726,52.049984,14,0,24,9741083,MetalFX temporal
233612619493583,2393.1430388949066,128.0,-2648.270697641503,14.416726,52.049984,14,0,24,9729874,MetalFX temporal
233612638529916,2392.9837743654452,128.0,-2648.3484337741043,9.766726,49.799984,14,0,24,9729874,MetalFX temporal
233612658854750,2392.9837743654452,128.0,-2648.3484337741043,7.9667253,48.449986,14,0,24,12024374,MetalFX temporal
233612684982541,2392.8968159222586,128.0,-2648.390877707435,7.0667253,47.399986,14,0,24,11858999,MetalFX temporal
233612703653666,2392.8968159222586,128.0,-2648.390877707435,5.7167253,45.149986,15,0,24,11858999,MetalFX temporal
233612724577041,2392.849336606764,128.0,-2648.414052097725,5.416725,43.649986,14,0,24,9801000,MetalFX temporal
233612751352166,2392.849336606764,128.0,-2648.414052097725,5.416725,39.899986,14,0,24,9548791,MetalFX temporal
233612770913083,2392.823412897493,128.0,-2648.426705316293,5.7167253,37.049988,13,0,24,11745458,MetalFX temporal
233612790141500,2392.823412897493,128.0,-2648.426705316293,6.0167255,36.599987,13,0,24,11745458,MetalFX temporal
233612818059250,2392.823412897493,128.0,-2648.426705316293,6.3167257,35.99999,13,0,24,11510125,MetalFX temporal
233612837007500,2392.809258550587,128.0,-2648.4336139744337,6.466726,35.849987,13,0,24,9776291,MetalFX temporal
233612856751333,2392.809258550587,128.0,-2648.4336139744337,6.466726,35.699986,13,0,24,9776291,MetalFX temporal
233612884910583,2392.8015302762788,128.0,-2648.437386102217,6.466726,35.699986,13,0,24,9498458,MetalFX temporal
233612904080083,2392.8015302762788,128.0,-2648.437386102217,6.616726,35.099987,13,0,24,11622999,MetalFX temporal
233612924036333,2392.78602340134,128.0,-2648.342097857022,6.616726,35.099987,13,0,24,11622999,MetalFX temporal
233612951815208,2392.78602340134,128.0,-2648.342097857022,6.766726,32.99999,11,0,24,11391708,MetalFX temporal
233612970931291,2392.7775566466403,128.0,-2648.2900704691024,7.066726,21.449987,9,0,24,9709166,MetalFX temporal
233612989125250,2392.7775566466403,128.0,-2648.2900704691024,7.066726,19.799988,9,0,24,9709166,MetalFX temporal
233613008738958,2392.7775566466403,128.0,-2648.2900704691024,7.066726,15.599987,9,0,24,11108166,MetalFX temporal
233613029151666,2392.7729337980372,128.0,-2648.261663511999,7.066726,13.499987,9,0,24,11186000,MetalFX temporal
233613052636250,2392.7729337980372,128.0,-2648.261663511999,7.066726,13.049987,9,0,24,10943875,MetalFX temporal
233613070402791,2392.770409722407,128.0,-2648.246153311619,6.916726,12.299987,9,0,24,11248249,MetalFX temporal
233613089345125,2392.770409722407,128.0,-2648.246153311619,6.916726,12.299987,9,0,24,11248249,MetalFX temporal
233613109053958,2392.770409722407,128.0,-2648.246153311619,6.916726,12.299987,9,0,24,11089583,MetalFX temporal
233613129617083,2392.7690315769523,128.0,-2648.237684741228,6.916726,12.299987,9,0,24,11089375,MetalFX temporal
233613152754958,2392.7690315769523,128.0,-2648.237684741228,6.916726,12.299987,9,0,24,9420000,MetalFX temporal
233613170452500,2392.7682791094467,128.0,-2648.2330609012574,6.916726,12.299987,9,0,24,11195375,MetalFX temporal
233613189433125,2392.7682791094467,128.0,-2648.2330609012574,6.916726,12.299987,9,0,24,11195375,MetalFX temporal
233613208846291,2392.7682791094467,128.0,-2648.2330609012574,6.916726,12.299987,9,0,24,9570791,MetalFX temporal
233613229351375,2392.7682791094467,128.0,-2648.2330609012574,6.916726,12.299987,9,0,24,11073500,MetalFX temporal
233613252704458,2392.7682791094467,128.0,-2648.2330609012574,6.916726,12.299987,9,0,24,10943875,MetalFX temporal
233613270686333,2392.7682791094467,128.0,-2648.2330609012574,6.916726,12.299987,9,0,24,11117374,MetalFX temporal
233613289202166,2392.7682791094467,128.0,-2648.2330609012574,6.916726,12.299987,9,0,24,11117374,MetalFX temporal
233613308555250,2392.7682791094467,128.0,-2648.2330609012574,6.916726,12.299987,9,0,24,11040625,MetalFX temporal
233613329073416,2392.7682791094467,128.0,-2648.2330609012574,6.916726,12.299987,9,0,24,11053499,MetalFX temporal
233613352564708,2392.7682791094467,128.0,-2648.2330609012574,6.916726,12.299987,9,0,24,10934249,MetalFX temporal
233613370759583,2392.7564787111833,128.0,-2648.1357739457762,6.916726,12.299987,9,0,24,9515666,MetalFX temporal
233613389264708,2392.7564787111833,128.0,-2648.1357739457762,6.916726,12.299987,9,0,24,9515666,MetalFX temporal
233613408720083,2392.7564787111833,128.0,-2648.1357739457762,6.916726,12.299987,9,0,24,11101416,MetalFX temporal
233613429247541,2392.7382352947193,128.0,-2647.9853683064325,6.916726,12.299987,9,0,24,11114749,MetalFX temporal
233613452606166,2392.7382352947193,128.0,-2647.9853683064325,6.916726,12.299987,8,0,24,11015208,MetalFX temporal
233613470979208,2392.728274388173,128.0,-2647.903246817812,6.916726,12.299987,8,0,24,11246333,MetalFX temporal
233613489350416,2392.728274388173,128.0,-2647.903246817812,6.916726,12.299987,8,0,24,11246333,MetalFX temporal
233613508991208,2392.728274388173,128.0,-2647.903246817812,6.916726,12.299987,8,0,24,11216500,MetalFX temporal
233613529149000,2392.722835732567,128.0,-2647.858408479817,6.916726,12.299987,8,0,24,11120624,MetalFX temporal
233613552248083,2392.722835732567,128.0,-2647.858408479817,6.916726,12.299987,8,0,24,9435374,MetalFX temporal
233613570915416,2392.7045257075515,128.0,-2647.7074536943296,6.916726,12.299987,8,0,24,11565499,MetalFX temporal
233613589189583,2392.7045257075515,128.0,-2647.7074536943296,6.916726,12.299987,8,0,24,11565499,MetalFX temporal
233613608593708,2392.7045257075515,128.0,-2647.7074536943296,6.916726,12.299987,8,0,24,9626375,MetalFX temporal
233613629218791,2392.6791879140224,128.0,-2647.498559321781,6.916726,12.299987,9,0,24,11133208,MetalFX temporal
233613652383166,2392.6791879140224,128.0,-2647.498559321781,6.916726,12.299987,9,0,24,10991541,MetalFX temporal
233613670443000,2392.6500129584388,128.0,-2647.258029931023,6.916726,12.299987,9,0,24,11254374,MetalFX temporal
233613689064625,2392.6500129584388,128.0,-2647.258029931023,6.916726,12.599987,9,0,24,11254374,MetalFX temporal
233613708516458,2392.6500129584388,128.0,-2647.258029931023,7.066726,13.199987,9,0,24,11168500,MetalFX temporal
233613729120708,2392.7313395094448,128.41999998688698,-2647.114648674076,7.5167265,14.099987,9,0,24,11136499,MetalFX temporal
233613753215833,2392.7313395094448,128.41999998688698,-2647.114648674076,8.416727,15.299987,9,0,24,11067416,MetalFX temporal
233613771738375,2392.795132772687,128.7531999805212,-2647.033494016865,12.166727,19.649986,11,0,24,11362249,MetalFX temporal
233613791586000,2392.795132772687,128.7531999805212,-2647.033494016865,15.166727,22.349987,11,0,24,11362249,MetalFX temporal
233613818337833,2392.795132772687,128.7531999805212,-2647.033494016865,20.416729,25.949987,12,0,24,11297708,MetalFX temporal
233613837547666,2392.871371193924,129.00133597911216,-2646.9679648927145,37.36673,34.94999,15,0,24,11544291,MetalFX temporal
233613859256541,2392.871371193924,129.00133597911216,-2646.9679648927145,50.416733,40.34999,18,0,24,11544291,MetalFX temporal
233613887049708,2392.960658860758,129.1661092609382,-2646.906445571902,67.966736,46.64999,20,0,24,12026083,MetalFX temporal
233613907325875,2392.960658860758,129.1661092609382,-2646.906445571902,97.216736,56.09999,24,0,25,12026083,MetalFX temporal
233613935678958,2393.054165324985,129.24918707874468,-2646.8346572104642,111.61674,60.29999,28,0,25,10325000,MetalFX temporal
233613953258916,2393.054165324985,129.24918707874468,-2646.8346572104642,120.61674,61.499992,33,0,25,10160541,MetalFX temporal
233613970326583,2393.1561244195073,129.25220334025371,-2646.7593486413502,122.566734,61.499992,34,0,25,11807375,MetalFX temporal
233613987525125,2393.1561244195073,129.25220334025371,-2646.7593486413502,122.566734,61.499992,34,0,25,10130250,MetalFX temporal
233614004948166,2393.1561244195073,129.25220334025371,-2646.7593486413502,122.566734,61.499992,34,0,25,11842958,MetalFX temporal
233614023264625,2393.2489071981963,129.17675927506423,-2646.6908178414815,122.566734,61.499992,34,0,25,11906083,MetalFX temporal
233614040256500,2393.2489071981963,129.17675927506423,-2646.6908178414815,122.566734,61.499992,34,0,25,10116333,MetalFX temporal
233614057427875,2393.2489071981963,129.17675927506423,-2646.6908178414815,122.566734,61.499992,34,0,25,11720541,MetalFX temporal
233614084729125,2393.3333395292366,129.02442408821366,-2646.6284548118033,122.566734,61.499992,34,0,25,11702166,MetalFX temporal
233614102459291,2393.3333395292366,129.02442408821366,-2646.6284548118033,122.566734,61.499992,34,0,25,10043000,MetalFX temporal
233614119623500,2393.410172952698,128.79673560066868,-2646.5717044531607,122.566734,61.499992,34,0,25,11720625,MetalFX temporal
233614136178541,2393.410172952698,128.79673560066868,-2646.5717044531607,122.566734,61.499992,34,0,25,11739500,MetalFX temporal
233614153597458,2393.410172952698,128.79673560066868,-2646.5717044531607,122.566734,61.499992,34,0,25,10238416,MetalFX temporal
233614171837625,2393.4800913700624,128.4952008770059,-2646.520061625308,122.566734,61.499992,34,0,25,11965874,MetalFX temporal
233614188945875,2393.4800913700624,128.4952008770059,-2646.520061625308,124.66673,61.04999,35,0,25,10131124,MetalFX temporal
233614206290083,2393.4800913700624,128.4952008770059,-2646.520061625308,128.56673,60.14999,35,0,25,11858375,MetalFX temporal
233614224443666,2393.543717131698,128.1212968405392,-2646.473066650607,132.31673,59.24999,36,0,25,11875500,MetalFX temporal
233614242006416,2393.543717131698,128.1212968405392,-2646.473066650607,135.91673,58.19999,36,0,25,10055416,MetalFX temporal
233614259913166,2393.543717131698,128.1212968405392,-2646.473066650607,140.26674,57.14999,35,0,25,11828249,MetalFX temporal
233614285311416,2393.601616576455,128.0,-2646.430301222397,143.86674,55.94999,35,0,25,11814083,MetalFX temporal
233614304661958,2393.601616576455,128.0,-2646.430301222397,151.81674,53.39999,34,0,25,10142708,MetalFX temporal
233614324088083,2393.6543050727023,128.0,-2646.391384681604,153.61674,52.64999,34,0,25,12269333,MetalFX temporal
233614344453583,2393.6543050727023,128.0,-2646.391384681604,154.66675,52.19999,34,0,25,12136125,MetalFX temporal
233614369938333,2393.6543050727023,128.0,-2646.391384681604,155.56674,51.89999,34,0,25,10026749,MetalFX temporal
233614389779541,2393.6830729949947,128.0,-2646.3701362478632,155.71674,51.74999,34,0,25,12378208,MetalFX temporal
233614410386666,2393.6830729949947,128.0,-2646.3701362478632,155.71674,51.74999,34,0,25,12249458,MetalFX temporal
233614435878125,2393.609452399535,128.0,-2646.3182291451003,155.71674,51.599987,34,0,25,9940291,MetalFX temporal
233614455245000,2393.609452399535,128.0,-2646.3182291451003,155.71674,51.449986,34,0,25,12444416,MetalFX temporal
233614476530208,2393.4799276668887,128.0,-2646.249582407107,155.71674,51.449986,34,0,25,12357750,MetalFX temporal
233614502318333,2393.4799276668887,128.0,-2646.249582407107,155.71674,51.449986,34,0,25,9943708,MetalFX temporal
233614522186916,2393.319879271793,128.0,-2646.171795827216,155.71674,51.449986,34,0,25,12433833,MetalFX temporal
233614542811708,2393.319879271793,128.0,-2646.171795827216,155.71674,51.449986,34,0,25,12231666,MetalFX temporal
233614569141333,2393.319879271793,128.0,-2646.171795827216,155.71674,51.449986,34,0,25,10075375,MetalFX temporal
233614588863250,2393.1431649550645,128.0,-2646.08901889307,155.71674,51.449986,34,0,25,12378458,MetalFX temporal
233614609538041,2393.1431649550645,128.0,-2646.08901889307,155.71674,51.449986,34,0,25,12305875,MetalFX temporal
233614635518083,2393.046678926924,128.0,-2646.0438226817764,155.71674,51.299984,34,0,25,9905750,MetalFX temporal
233614654968375,2393.046678926924,128.0,-2646.0438226817764,155.71674,51.299984,34,0,25,12409124,MetalFX temporal
233614676242041,2392.99399754944,128.0,-2646.0191455475438,155.71674,51.299984,34,0,25,12322291,MetalFX temporal
233614696940083,2392.99399754944,128.0,-2646.0191455475438,155.71674,51.299984,34,0,25,9958791,MetalFX temporal
233614720083208,2392.99399754944,128.0,-2646.0191455475438,155.71674,51.299984,34,0,25,12434833,MetalFX temporal
233614740085083,2392.9652335139926,128.0,-2646.005671830688,155.71674,51.299984,34,0,25,12451583,MetalFX temporal
233614760855458,2392.9652335139926,128.0,-2646.005671830688,155.71674,51.299984,34,0,25,9972875,MetalFX temporal
233614785534375,2392.949528348814,128.0,-2645.99831518043,155.71674,51.299984,34,0,25,12355499,MetalFX temporal
233614805263750,2392.949528348814,128.0,-2645.99831518043,155.71674,51.299984,34,0,25,12484541,MetalFX temporal
233614826261041,2392.9409533276307,128.0,-2645.9942984489226,155.71674,51.299984,34,0,25,10034333,MetalFX temporal
233614851477416,2392.9409533276307,128.0,-2645.9942984489226,155.71674,51.299984,34,0,25,12341708,MetalFX temporal
233614871615625,2392.895965908928,128.0,-2646.081433196121,155.71674,51.299984,34,0,25,12558958,MetalFX temporal
233614892456666,2392.895965908928,128.0,-2646.081433196121,156.16673,51.299984,34,0,25,10037874,MetalFX temporal
233614918090291,2392.895965908928,128.0,-2646.081433196121,157.96674,51.299984,34,0,25,12358958,MetalFX temporal
233614938084041,2392.8346301627007,128.0,-2646.2198480579405,161.41673,51.149982,35,0,25,12462458,MetalFX temporal
233614958891125,2392.8346301627007,128.0,-2646.2198480579405,163.36673,51.149982,35,0,25,10102625,MetalFX temporal
233614985032916,2392.801140841371,128.0,-2646.295422581272,164.86673,50.99998,35,0,25,12295499,MetalFX temporal
233615004698333,2392.801140841371,128.0,-2646.295422581272,166.21674,50.99998,35,0,25,12388666,MetalFX temporal
233615025305208,2392.782855669801,128.0,-2646.336686275804,166.21674,50.99998,35,0,25,10150500,MetalFX temporal
233615045685708,2392.782855669801,128.0,-2646.336686275804,166.66673,50.84998,36,0,25,12191333,MetalFX temporal
233615069519833,2392.782855669801,128.0,-2646.336686275804,166.96674,50.84998,36,0,25,12337499,MetalFX temporal
233615089600875,2392.772871964964,128.0,-2646.359216255635,166.96674,50.84998,36,0,25,10221500,MetalFX temporal
233615109831875,2392.772871964964,128.0,-2646.359216255635,166.96674,50.699978,36,0,25,12272958,MetalFX temporal
233615135863958,2392.7386856677153,128.0,-2646.4956347137045,166.96674,50.549976,36,0,25,12272499,MetalFX temporal
233615155417666,2392.7386856677153,128.0,-2646.4956347137045,166.96674,50.549976,36,0,25,10223708,MetalFX temporal
233615175926583,2392.691284753475,128.0,-2646.694236288114,166.81674,50.399975,37,0,25,12327833,MetalFX temporal
233615201537125,2392.691284753475,128.0,-2646.694236288114,166.81674,50.399975,37,0,25,12231291,MetalFX temporal
233615221684833,2392.6363474658488,128.0,-2646.9267150507094,166.06674,50.099976,37,0,25,10267750,MetalFX temporal
233615242123416,2392.6363474658488,128.0,-2646.9267150507094,165.76674,50.099976,37,0,25,12335375,MetalFX temporal
233615268773625,2392.6363474658488,128.0,-2646.9267150507094,163.96674,49.799976,37,0,25,12236750,MetalFX temporal
233615289248583,2392.7005390492013,128.41999998688698,-2647.0807177264105,160.81674,49.199978,37,0,25,10096125,MetalFX temporal
233615310695125,2392.7005390492013,128.41999998688698,-2647.0807177264105,159.01674,49.049976,37,0,25,12594625,MetalFX temporal
233615336968083,2392.753887809054,128.7531999805212,-2647.1718220627586,155.56674,49.049976,36,0,25,12279208,MetalFX temporal
233615357455291,2392.753887809054,128.7531999805212,-2647.1718220627586,148.06674,49.049976,35,0,25,10139749,MetalFX temporal
233615378947291,2392.8190682891995,129.00133597911216,-2647.2650952204613,143.26674,49.049976,34,0,25,12486749,MetalFX temporal
233615403642083,2392.8190682891995,129.00133597911216,-2647.2650952204613,141.16673,49.049976,33,0,25,12344249,MetalFX temporal
233615423956583,2392.8982669229763,129.1661092609382,-2647.347826536134,127.36673,49.199978,27,0,25,10145583,MetalFX temporal
233615444959125,2392.8982669229763,129.1661092609382,-2647.347826536134,125.41673,49.199978,25,0,25,10145583,MetalFX temporal
233615470453958,2392.8982669229763,129.1661092609382,-2647.347826536134,122.26673,49.199978,27,0,25,9965250,MetalFX temporal
233615490802625,2392.986911874171,129.24918707874468,-2647.412649907124,117.76673,49.199978,25,0,25,12530583,MetalFX temporal
233615511664500,2392.986911874171,129.24918707874468,-2647.412649907124,113.26673,49.199978,24,0,25,12530583,MetalFX temporal
233615537158291,2393.0749855368254,129.25220334025371,-2647.453061235651,107.41673,49.799976,24,0,25,12420166,MetalFX temporal
233615556856000,2393.0749855368254,129.25220334025371,-2647.453061235651,88.36673,53.249977,22,0,25,12420166,MetalFX temporal
233615585353041,2393.169672925784,129.17675927506423,-2647.476103174735,69.166725,56.249977,21,0,25,9877791,MetalFX temporal
233615603544166,2393.169672925784,129.17675927506423,-2647.476103174735,39.16672,58.64998,21,0,26,12116416,MetalFX temporal
233615620099041,2393.2757348701634,129.02442408821366,-2647.499104182467,28.96672,58.499977,19,0,26,8299833,MetalFX temporal
233615637574541,2393.2757348701634,129.02442408821366,-2647.499104182467,20.41672,57.749977,17,0,26,8299833,MetalFX temporal
233615655608125,2393.2757348701634,129.02442408821366,-2647.499104182467,16.216719,56.549976,16,0,26,11707583,MetalFX temporal
233615674629875,2393.3534309962124,128.79673560066868,-2647.5255085226772,13.516718,55.799976,15,0,26,9947041,MetalFX temporal
233615701112166,2393.3534309962124,128.79673560066868,-2647.5255085226772,12.466718,55.349976,15,0,26,11535833,MetalFX temporal
233615720595000,2393.4049964088163,128.4952008770059,-2647.5537666617656,11.416718,54.599976,14,0,26,11716958,MetalFX temporal
233615737978791,2393.4049964088163,128.4952008770059,-2647.5537666617656,11.416718,54.599976,14,0,26,11716958,MetalFX temporal
233615757382333,2393.4049964088163,128.4952008770059,-2647.5537666617656,11.416718,54.599976,14,0,26,11732749,MetalFX temporal
233615785065375,2393.432708622137,128.1212968405392,-2647.58336061404,11.416718,54.599976,14,0,26,9689666,MetalFX temporal
233615803578041,2393.432708622137,128.1212968405392,-2647.58336061404,11.416718,54.599976,14,0,26,11679125,MetalFX temporal
233615822552375,2393.4387144234843,128.0,-2647.6141701563483,11.416718,54.599976,14,0,26,9825500,MetalFX temporal
233615841551250,2393.4387144234843,128.0,-2647.6141701563483,11.416718,54.599976,14,0,26,9825500,MetalFX temporal
233615868015833,2393.4387144234843,128.0,-2647.6141701563483,11.416718,54.599976,14,0,26,11630749,MetalFX temporal
233615886595458,2393.444179702868,128.0,-2647.642206840657,11.416718,54.599976,14,0,26,11649499,MetalFX temporal
233615904799750,2393.444179702868,128.0,-2647.642206840657,11.416718,54.599976,14,0,26,11649499,MetalFX temporal
233615924895625,2393.447163745758,128.0,-2647.6575148720676,11.416718,54.599976,14,0,26,11569624,MetalFX temporal
233615943825333,2393.447163745758,128.0,-2647.6575148720676,11.416718,54.599976,14,0,26,11823874,MetalFX temporal
233615969115041,2393.447163745758,128.0,-2647.6575148720676,10.516718,54.449974,14,0,26,11587999,MetalFX temporal
233615987911958,2393.4487930333653,128.0,-2647.6658730581885,5.7167172,52.199974,15,0,26,9800750,MetalFX temporal
233616006830125,2393.4487930333653,128.0,-2647.6658730581885,2.7167168,50.099976,15,0,26,9800750,MetalFX temporal
233616035449458,2393.449682624502,128.0,-2647.6704366283407,0.7667166,48.299976,15,0,26,9639458,MetalFX temporal
233616054259250,2393.449682624502,128.0,-2647.6704366283407,-1.7832838,44.699974,15,0,26,11948666,MetalFX temporal
233616074488833,2393.449682624502,128.0,-2647.6704366283407,-2.083284,43.949974,15,0,26,11948666,MetalFX temporal
233616101450041,2393.449682624502,128.0,-2647.6704366283407,-2.233284,42.899975,15,0,26,11589916,MetalFX temporal
233616120991000,2393.449682624502,128.0,-2647.6704366283407,-1.6332839,41.249973,15,0,26,11783249,MetalFX temporal
233616139827875,2393.449682624502,128.0,-2647.6704366283407,-0.4332837,40.649975,15,0,26,11783249,MetalFX temporal
233616160085333,2393.449682624502,128.0,-2647.6704366283407,0.91671646,40.199974,15,0,26,11629958,MetalFX temporal
233616185716625,2393.4481230153374,128.0,-2647.5724490376406,2.7167168,40.049973,15,0,26,11523333,MetalFX temporal
233616203877208,2393.4481230153374,128.0,-2647.5724490376406,7.5167174,39.89997,13,0,26,11686666,MetalFX temporal
233616224535375,2393.4344550606625,128.0,-2647.421789481708,10.366718,39.74997,13,0,26,11686666,MetalFX temporal
233616251956333,2393.4344550606625,128.0,-2647.421789481708,12.1667185,39.44997,13,0,26,11490624,MetalFX temporal
233616271172166,2393.426992356543,128.0,-2647.339529354614,14.866718,39.14997,13,0,26,11779250,MetalFX temporal
233616290795250,2393.426992356543,128.0,-2647.339529354614,15.466719,38.99997,13,0,26,11779250,MetalFX temporal
233616318653416,2393.426992356543,128.0,-2647.339529354614,15.9167185,38.849968,13,0,26,11582375,MetalFX temporal
233616338164083,2393.4229177196207,128.0,-2647.294615320004,16.06672,38.849968,13,0,26,9709708,MetalFX temporal
233616357521916,2393.4229177196207,128.0,-2647.294615320004,16.06672,38.849968,13,0,26,9709708,MetalFX temporal
233616385391333,2393.3854442406446,128.0,-2647.14766557754,16.06672,38.849968,13,0,26,9472125,MetalFX temporal
233616404053375,2393.3854442406446,128.0,-2647.14766557754,16.06672,38.849968,13,0,26,11790499,MetalFX temporal
233616424964875,2393.2743994760513,128.41999998688698,-2646.7528117657216,16.06672,38.849968,13,0,26,11790499,MetalFX temporal
233616451621791,2393.2743994760513,128.41999998688698,-2646.7528117657216,16.06672,38.849968,13,0,26,11440750,MetalFX temporal
233616470932541,2393.206719283058,128.7531999805212,-2646.512736227241,16.06672,38.849968,13,0,26,9634833,MetalFX temporal
233616490516416,2393.206719283058,128.7531999805212,-2646.512736227241,16.06672,38.849968,13,0,26,9634833,MetalFX temporal
233616518330000,2393.206719283058,128.7531999805212,-2646.512736227241,16.06672,38.849968,13,0,26,9503250,MetalFX temporal
233616537237750,2393.138080561177,129.00133597911216,-2646.2697821487413,16.06672,38.849968,13,0,26,11612250,MetalFX temporal
233616557141666,2393.138080561177,129.00133597911216,-2646.2697821487413,16.06672,38.849968,13,0,26,11612250,MetalFX temporal
233616585204708,2393.0881997518622,129.1661092609382,-2646.0259401922995,16.06672,38.849968,13,0,26,11558833,MetalFX temporal
233616603838666,2393.0881997518622,129.1661092609382,-2646.0259401922995,16.06672,38.849968,13,0,26,9646208,MetalFX temporal
233616624399750,2393.06164308553,129.24918707874468,-2645.798621125016,16.06672,38.849968,13,0,26,9646208,MetalFX temporal
233616651553416,2393.06164308553,129.24918707874468,-2645.798621125016,16.06672,38.849968,13,0,26,9539791,MetalFX temporal
233616670794000,2393.056311389923,129.25220334025371,-2645.5863378872996,16.06672,38.849968,13,0,26,11714291,MetalFX temporal
233616690307708,2393.056311389923,129.25220334025371,-2645.5863378872996,16.06672,38.849968,13,0,26,11714291,MetalFX temporal
233616710462125,2393.056311389923,129.25220334025371,-2645.5863378872996,16.06672,38.849968,13,0,26,11672791,MetalFX temporal
233616735893625,2393.070294418233,129.17675927506423,-2645.3877372548836,16.06672,38.849968,13,0,26,11534166,MetalFX temporal
233616754357083,2393.070294418233,129.17675927506423,-2645.3877372548836,18.61672,39.149967,13,0,26,11534166,MetalFX temporal
233616775454875,2393.1009357415887,129.02442408821366,-2645.2158982692163,21.316721,39.899967,13,0,26,11865166,MetalFX temporal
233616802056000,2393.1009357415887,129.02442408821366,-2645.2158982692163,30.316723,42.149967,14,0,26,11618208,MetalFX temporal
233616821615791,2393.1387114188183,128.79673560066868,-2645.0764453934344,62.416725,50.849968,19,0,27,12138874,MetalFX temporal
233616843877458,2393.1387114188183,128.79673560066868,-2645.0764453934344,83.56673,57.149967,21,0,27,12138874,MetalFX temporal
233616868356083,2393.1387114188183,128.79673560066868,-2645.0764453934344,104.26673,63.29997,26,0,27,11931000,MetalFX temporal
233616885647125,2393.1920828855177,128.4952008770059,-2644.944713447333,118.51673,67.34997,35,0,27,11684083,MetalFX temporal
233616902079166,2393.1920828855177,128.4952008770059,-2644.944713447333,131.11673,69.59997,37,0,27,10018666,MetalFX temporal
233616919037166,2393.2554170901417,128.1212968405392,-2644.8119486083433,135.91673,69.89997,37,0,27,11583249,MetalFX temporal
233616935140875,2393.2554170901417,128.1212968405392,-2644.8119486083433,136.96674,69.89997,37,0,27,11443625,MetalFX temporal
233616951281916,2393.2554170901417,128.1212968405392,-2644.8119486083433,139.51674,69.89997,37,0,27,11423374,MetalFX temporal
233616967878916,2393.3279585918726,128.0,-2644.7038577816124,139.51674,69.89997,37,0,27,11499125,MetalFX temporal
233616984485458,2393.3279585918726,128.0,-2644.7038577816124,139.51674,69.89997,37,0,27,9965500,MetalFX temporal
233617001115791,2393.3279585918726,128.0,-2644.7038577816124,139.51674,69.89997,37,0,27,11442749,MetalFX temporal
233617018146541,2393.4685082324377,128.0,-2644.6691210299805,139.51674,69.89997,37,0,27,11516583,MetalFX temporal
233617034626125,2393.4685082324377,128.0,-2644.6691210299805,139.51674,69.89997,37,0,27,9970999,MetalFX temporal
233617051181458,2393.4685082324377,128.0,-2644.6691210299805,139.51674,69.89997,37,0,27,11478875,MetalFX temporal
233617068001958,2393.6197852171867,128.0,-2644.7137806649143,139.51674,69.89997,37,0,27,10062291,MetalFX temporal
233617084536291,2393.6197852171867,128.0,-2644.7137806649143,139.51674,69.89997,37,0,27,10120083,MetalFX temporal
233617101033500,2393.6197852171867,128.0,-2644.7137806649143,139.51674,69.89997,37,0,27,11503624,MetalFX temporal
233617117879958,2393.702382460454,128.0,-2644.7381648284204,139.51674,69.89997,37,0,27,10006124,MetalFX temporal
233617134285250,2393.702382460454,128.0,-2644.7381648284204,139.51674,69.89997,37,0,27,11393249,MetalFX temporal
233617150820958,2393.702382460454,128.0,-2644.7381648284204,139.51674,69.89997,37,0,27,11415375,MetalFX temporal
233617167731000,2393.747480560516,128.0,-2644.7514785832414,139.51674,69.89997,37,0,27,10030124,MetalFX temporal
233617184236458,2393.747480560516,128.0,-2644.7514785832414,139.51674,69.89997,37,0,27,11465041,MetalFX temporal
233617200644958,2393.747480560516,128.0,-2644.7514785832414,139.51674,69.89997,37,0,27,9992000,MetalFX temporal
233617217555041,2393.77210412601,128.0,-2644.758747894218,139.96674,69.89997,37,0,27,11586750,MetalFX temporal
233617234472416,2393.77210412601,128.0,-2644.758747894218,141.91673,69.59997,39,0,27,11478000,MetalFX temporal
233617251249375,2393.77210412601,128.0,-2644.758747894218,144.46674,68.39997,38,0,27,10032625,MetalFX temporal
233617268403916,2393.7855485943314,128.0,-2644.762716938472,147.01674,66.89997,37,0,27,11593000,MetalFX temporal
233617285253375,2393.7855485943314,128.0,-2644.762716938472,149.11674,65.24997,36,0,27,11508374,MetalFX temporal
233617302576583,2393.7855485943314,128.0,-2644.762716938472,150.46675,63.89997,36,0,27,10078374,MetalFX temporal
233617319152166,2393.7928892748873,128.0,-2644.7648840368865,151.81676,62.09997,36,0,27,11649624,MetalFX temporal
233617336172333,2393.7928892748873,128.0,-2644.7648840368865,152.71675,60.299973,36,0,27,11637499,MetalFX temporal
233617353093375,2393.7928892748873,128.0,-2644.7648840368865,152.86674,58.499973,36,0,27,10083375,MetalFX temporal
233617370362333,2393.7968972869367,128.0,-2644.7660672727584,152.86674,57.149975,36,0,27,11968624,MetalFX temporal
233617388475541,2393.7968972869367,128.0,-2644.7660672727584,152.11674,55.949974,36,0,27,11912874,MetalFX temporal
233617407253125,2393.7968972869367,128.0,-2644.7660672727584,151.81674,55.649975,36,0,27,10139624,MetalFX temporal
233617426190833,2393.7968972869367,128.0,-2644.7660672727584,150.91675,55.049976,36,0,27,12009375,MetalFX temporal
233617450985416,2393.7968972869367,128.0,-2644.7660672727584,150.46675,54.749977,36,0,27,11952875,MetalFX temporal
233617470029875,2393.7968972869367,128.0,-2644.7660672727584,150.31676,54.749977,36,0,27,10197875,MetalFX temporal
233617488245166,2393.7968972869367,128.0,-2644.7660672727584,150.31676,54.749977,36,0,27,12077208,MetalFX temporal
233617507490666,2393.7968972869367,128.0,-2644.7660672727584,150.31676,54.749977,36,0,27,12027375,MetalFX temporal
233617526370958,2393.7483645360335,128.0,-2644.8512058247734,150.16676,54.749977,36,0,27,9987625,MetalFX temporal
233617551693500,2393.7483645360335,128.0,-2644.8512058247734,150.16676,54.749977,36,0,27,11954541,MetalFX temporal
233617570189625,2393.6731126730483,128.0,-2644.982704111646,150.16676,54.749977,36,0,27,10157999,MetalFX temporal
233617589036416,2393.6731126730483,128.0,-2644.982704111646,150.16676,54.749977,36,0,27,10161583,MetalFX temporal
233617607946916,2393.6731126730483,128.0,-2644.982704111646,150.16676,54.749977,36,0,27,12175708,MetalFX temporal
233617626996041,2393.632025151086,128.0,-2645.054502184618,150.16676,54.749977,36,0,27,9986625,MetalFX temporal
233617651560541,2393.632025151086,128.0,-2645.054502184618,150.16676,54.749977,36,0,27,9953333,MetalFX temporal
233617670418083,2393.609591361489,128.0,-2645.0937039370137,150.16676,54.749977,36,0,27,12203791,MetalFX temporal
233617688712583,2393.609591361489,128.0,-2645.0937039370137,150.16676,54.749977,36,0,27,12132249,MetalFX temporal
233617707824625,2393.609591361489,128.0,-2645.0937039370137,150.16676,54.749977,36,0,27,10140666,MetalFX temporal
233617726870500,2393.5339636356625,128.0,-2645.22562452497,150.31676,54.599976,36,0,27,12072166,MetalFX temporal
233617751111333,2393.5339636356625,128.0,-2645.22562452497,150.46675,54.599976,36,0,27,11981166,MetalFX temporal
233617770003166,2393.4298650289916,128.0,-2645.4084962431234,150.76675,54.449974,36,0,27,10262166,MetalFX temporal
233617788671166,2393.4298650289916,128.0,-2645.4084962431234,150.76675,54.449974,36,0,27,12249666,MetalFX temporal
233617808014458,2393.4298650289916,128.0,-2645.4084962431234,151.21675,54.299973,36,0,27,10224625,MetalFX temporal
233617827365541,2393.3116825888505,128.0,-2645.6200026402903,151.51675,54.14997,36,0,27,10108999,MetalFX temporal
233617853140875,2393.3116825888505,128.0,-2645.6200026402903,151.81676,53.84997,36,0,27,12652875,MetalFX temporal
233617873975041,2393.0925152517193,128.41999998688698,-2646.0240632612163,152.71675,53.09997,36,0,27,10236333,MetalFX temporal
233617895623541,2393.0925152517193,128.41999998688698,-2646.0240632612163,152.86674,52.64997,36,0,27,10051999,MetalFX temporal
233617920812666,2393.0925152517193,128.41999998688698,-2646.0240632612163,153.01674,52.34997,37,0,27,12753041,MetalFX temporal
233617941641750,2392.9903154758817,128.7531999805212,-2646.253574915935,153.16673,51.59997,38,0,27,10147624,MetalFX temporal
233617963313041,2392.9903154758817,128.7531999805212,-2646.253574915935,152.86673,50.999973,38,0,27,9973416,MetalFX temporal
233617988054250,2392.914756199021,129.00133597911216,-2646.471370239341,148.96674,49.799973,36,0,27,12512125,MetalFX temporal
233618008439916,2392.914756199021,129.00133597911216,-2646.471370239341,142.96674,49.199974,34,0,27,12470791,MetalFX temporal
233618035887791,2392.861643321097,129.1661092609382,-2646.6813690994627,134.56674,48.899975,32,0,27,9967999,MetalFX temporal
233618055137625,2392.861643321097,129.1661092609382,-2646.6813690994627,113.86674,48.899975,25,0,27,12614625,MetalFX temporal
233618077884583,2392.831964928505,129.24918707874468,-2646.8796802776524,102.91673,49.049976,24,0,27,9898249,MetalFX temporal
233618103872208,2392.831964928505,129.24918707874468,-2646.8796802776524,92.71673,49.949978,22,0,27,9885583,MetalFX temporal
233618124526875,2392.8197534106594,129.25220334025371,-2647.073600186219,73.81673,52.64998,22,0,27,10002708,MetalFX temporal
233618146014750,2392.8197534106594,129.25220334025371,-2647.073600186219,66.166725,54.29998,20,0,27,10002708,MetalFX temporal
233618171116291,2392.8197534106594,129.25220334025371,-2647.073600186219,63.766724,54.74998,20,0,27,12295624,MetalFX temporal
233618190192000,2392.8150745591706,129.17675927506423,-2647.269004263693,63.766724,54.74998,20,0,27,12295624,MetalFX temporal
233618210363250,2392.8150745591706,129.17675927506423,-2647.269004263693,57.316723,55.94998,20,0,27,12230000,MetalFX temporal
233618235511375,2392.827313311385,129.02442408821366,-2647.4574061771436,52.21672,56.849983,18,0,27,11920874,MetalFX temporal
233618253145125,2392.827313311385,129.02442408821366,-2647.4574061771436,34.96672,62.099983,20,0,27,12003208,MetalFX temporal
233618269987125,2392.858144541802,128.79673560066868,-2647.63233726496,25.366718,65.84998,19,0,27,12003208,MetalFX temporal
233618285661083,2392.858144541802,128.79673560066868,-2647.63233726496,20.266718,67.94998,20,0,27,11402375,MetalFX temporal
233618301565833,2392.858144541802,128.79673560066868,-2647.63233726496,14.116716,70.34998,22,0,27,11303291,MetalFX temporal
233618318912375,2392.8909797772603,128.4952008770059,-2647.8105330552135,12.016716,71.249985,25,0,27,11114041,MetalFX temporal
233618335382833,2392.8909797772603,128.4952008770059,-2647.8105330552135,10.216716,71.999985,26,0,27,11192875,MetalFX temporal
233618351311000,2392.8909797772603,128.4952008770059,-2647.8105330552135,10.216716,71.999985,26,0,27,10913291,MetalFX temporal
233618368080833,2392.9094489531403,128.1212968405392,-2647.989116559598,10.216716,71.999985,26,0,27,11045124,MetalFX temporal
233618384439458,2392.9094489531403,128.1212968405392,-2647.989116559598,10.216716,71.999985,26,0,27,10838499,MetalFX temporal
233618400739750,2392.9094489531403,128.1212968405392,-2647.989116559598,10.216716,71.999985,26,0,27,10973750,MetalFX temporal
233618418089291,2392.9069663851365,128.0,-2648.155102384253,10.216716,71.999985,26,0,27,10992916,MetalFX temporal
233618434488916,2392.9069663851365,128.0,-2648.155102384253,10.216716,71.999985,26,0,27,9693750,MetalFX temporal
233618451072958,2392.9069663851365,128.0,-2648.155102384253,10.216716,71.999985,26,0,27,10914541,MetalFX temporal
233618467844625,2392.8082596519,128.0,-2648.3235236445944,10.216716,71.999985,26,0,27,9824916,MetalFX temporal
233618484100375,2392.8082596519,128.0,-2648.3235236445944,10.216716,71.999985,27,0,27,11058833,MetalFX temporal
233618500305041,2392.8082596519,128.0,-2648.3235236445944,10.216716,71.999985,27,0,27,9738958,MetalFX temporal
233618517658375,2392.657918173005,128.0,-2648.432855818974,10.216716,71.999985,27,0,27,11187875,MetalFX temporal
233618534194625,2392.657918173005,128.0,-2648.432855818974,10.216716,71.999985,28,0,27,9743375,MetalFX temporal
233618550705041,2392.657918173005,128.0,-2648.432855818974,10.216716,71.999985,28,0,27,10995000,MetalFX temporal
233618567645875,2392.5758317159934,128.0,-2648.492551193119,10.216716,71.999985,28,0,27,9799999,MetalFX temporal
233618584606000,2392.5758317159934,128.0,-2648.492551193119,10.216716,71.999985,28,0,27,10888874,MetalFX temporal
233618600734666,2392.5758317159934,128.0,-2648.492551193119,10.066716,71.999985,28,0,27,9768999,MetalFX temporal
233618617570791,2392.5310125052592,128.0,-2648.5251448711883,9.166716,71.249985,26,0,27,11080875,MetalFX temporal
233618657337125,2392.5310125052592,128.0,-2648.5251448711883,7.9667153,69.44998,23,0,27,11080875,MetalFX temporal
233618686603958,2392.506541213356,128.0,-2648.542941021481,6.166715,63.29998,18,0,27,10676375,MetalFX temporal
233618706767125,2392.506541213356,128.0,-2648.542941021481,5.266715,55.949978,15,0,27,11641041,MetalFX temporal
233618726731750,2392.4931798864245,128.0,-2648.5526577206697,5.266715,52.499977,15,0,27,11641041,MetalFX temporal
233618769120166,2392.4931798864245,128.0,-2648.5526577206697,5.266715,50.099976,15,0,27,11744375,MetalFX temporal
233618788223958,2392.4768962349945,128.0,-2648.460376105891,5.5667152,48.749977,15,0,27,9981124,MetalFX temporal
233618808322458,2392.4768962349945,128.0,-2648.460376105891,5.5667152,48.599976,15,0,27,9981124,MetalFX temporal
233618835350416,2392.458502539507,128.0,-2648.3124521563354,5.5667152,48.599976,15,0,27,9720000,MetalFX temporal
233618855014916,2392.458502539507,128.0,-2648.3124521563354,5.5667152,48.599976,15,0,27,12022124,MetalFX temporal
233618876005250,2392.448459580605,128.0,-2648.231685670497,5.5667152,48.599976,15,0,27,12022124,MetalFX temporal
233618897126375,2392.448459580605,128.0,-2648.231685670497,5.5667152,48.599976,15,0,27,10396750,MetalFX temporal
233618921991416,2392.4429761244073,128.0,-2648.187587164107,5.5667152,48.599976,15,0,27,10424916,MetalFX temporal
233618940756708,2392.4429761244073,128.0,-2648.187587164107,5.5667152,48.599976,15,0,27,10424916,MetalFX temporal
233618969896291,2392.4429761244073,128.0,-2648.187587164107,5.5667152,48.599976,15,0,27,9994916,MetalFX temporal
233618990731375,2392.427628489191,128.0,-2648.0367097321828,5.5667152,48.599976,15,0,27,12948999,MetalFX temporal
233619010690958,2392.427628489191,128.0,-2648.0367097321828,5.5667152,48.599976,15,0,27,12948999,MetalFX temporal
233619036810666,2392.3875015004887,128.41999998688698,-2647.6284734926307,5.5667152,48.599976,15,0,27,11978541,MetalFX temporal
233619055485625,2392.3875015004887,128.41999998688698,-2647.6284734926307,5.5667152,48.599976,15,0,27,9962958,MetalFX temporal
233619076332541,2392.363121428874,128.7531999805212,-2647.380216554288,5.5667152,48.599976,15,0,27,9962958,MetalFX temporal
233619102859416,2392.363121428874,128.7531999805212,-2647.380216554288,5.5667152,48.599976,15,0,27,9675625,MetalFX temporal
233619122499375,2392.338464829827,129.00133597911216,-2647.1289428082277,5.5667152,48.599976,15,0,27,12226749,MetalFX temporal
233619143056000,2392.338464829827,129.00133597911216,-2647.1289428082277,5.5667152,48.599976,15,0,27,12226749,MetalFX temporal
233619169660333,2392.338464829827,129.00133597911216,-2647.1289428082277,5.5667152,48.749977,15,0,27,11898500,MetalFX temporal
233619189400250,2392.3355349597277,129.1661092609382,-2646.898383128639,6.166715,49.349976,15,0,27,9927250,MetalFX temporal
233619209958333,2392.3355349597277,129.1661092609382,-2646.898383128639,6.6167154,49.649975,15,0,27,9927250,MetalFX temporal
233619236665750,2392.352338342576,129.24918707874468,-2646.6863163669154,7.0667152,49.949974,15,0,27,9697666,MetalFX temporal
233619255634041,2392.352338342576,129.24918707874468,-2646.6863163669154,9.166716,51.149975,15,0,27,9697666,MetalFX temporal
233619277202166,2392.3869793338527,129.25220334025371,-2646.490214567719,10.516716,51.599976,15,0,27,12126749,MetalFX temporal
233619303525083,2392.3869793338527,129.25220334025371,-2646.490214567719,10.966716,51.749977,15,0,27,12002208,MetalFX temporal
233619324447666,2392.437744852878,129.17675927506423,-2646.3080340391775,20.416718,53.099976,16,0,27,10892874,MetalFX temporal
233619344738583,2392.437744852878,129.17675927506423,-2646.3080340391775,25.516718,53.699974,17,0,27,10892874,MetalFX temporal
233619370040833,2392.437744852878,129.17675927506423,-2646.3080340391775,32.416718,54.299973,19,0,27,9855749,MetalFX temporal
233619389368416,2392.503460963445,129.02442408821366,-2646.146607452954,49.96672,55.949974,18,0,27,9855749,MetalFX temporal
233619410408666,2392.503460963445,129.02442408821366,-2646.146607452954,59.266724,56.999973,20,0,27,12224000,MetalFX temporal
233619435348083,2392.582645887366,128.79673560066868,-2645.9947808621837,67.81673,57.899975,20,0,27,11830583,MetalFX temporal
233619453946291,2392.582645887366,128.79673560066868,-2645.9947808621837,79.36673,58.799976,22,0,27,9976833,MetalFX temporal
233619471869583,2392.6712132912453,128.4952008770059,-2645.845329337179,88.06673,59.099976,23,0,27,11961041,MetalFX temporal
233619490381458,2392.6712132912453,128.4952008770059,-2645.845329337179,93.61673,59.249977,23,0,27,11961041,MetalFX temporal
233619508524708,2392.6712132912453,128.4952008770059,-2645.845329337179,98.26673,59.249977,24,0,27,10049999,MetalFX temporal
233619535577666,2392.771206222181,128.1212968405392,-2645.7065120229913,103.216736,59.39998,25,0,27,12165874,MetalFX temporal
233619553694875,2392.771206222181,128.1212968405392,-2645.7065120229913,109.216736,59.39998,27,0,27,11767750,MetalFX temporal
233619571400916,2392.8807078708815,128.0,-2645.5737376029674,112.51674,59.39998,27,0,27,11987874,MetalFX temporal
233619589388625,2392.8807078708815,128.0,-2645.5737376029674,114.76674,59.39998,29,0,27,11987874,MetalFX temporal
233619607586208,2392.8807078708815,128.0,-2645.5737376029674,117.16674,58.949978,29,0,27,10004499,MetalFX temporal
233619626703375,2392.980354374071,128.0,-2645.4529128772638,119.56674,58.34998,32,0,27,9901541,MetalFX temporal
233619651639708,2392.980354374071,128.0,-2645.4529128772638,119.866745,58.199978,32,0,27,10022375,MetalFX temporal
233619670528541,2393.034761371132,128.0,-2645.386942569367,119.866745,58.199978,32,0,27,12028375,MetalFX temporal
233619687746583,2393.034761371132,128.0,-2645.386942569367,119.866745,58.199978,32,0,27,10082624,MetalFX temporal
233619706324750,2393.034761371132,128.0,-2645.386942569367,119.866745,58.199978,32,0,27,12125333,MetalFX temporal
233619725548541,2393.0644675949775,128.0,-2645.3509227770714,119.866745,58.199978,32,0,27,12085624,MetalFX temporal
233619743797458,2393.0644675949775,128.0,-2645.3509227770714,119.866745,58.199978,32,0,27,9940666,MetalFX temporal
233619768417416,2393.0644675949775,128.0,-2645.3509227770714,119.866745,58.199978,32,0,27,12123333,MetalFX temporal
233619786814291,2393.0806871950813,128.0,-2645.3312559681935,119.866745,58.199978,32,0,27,12050124,MetalFX temporal
233619804664833,2393.0806871950813,128.0,-2645.3312559681935,119.866745,58.199978,32,0,27,10069874,MetalFX temporal
233619823900583,2393.0895430977666,128.0,-2645.320517889299,119.866745,58.199978,32,0,27,12115833,MetalFX temporal
233619842105875,2393.0895430977666,128.0,-2645.320517889299,119.866745,58.199978,32,0,27,12008249,MetalFX temporal
233619868952791,2393.0895430977666,128.0,-2645.320517889299,119.866745,58.199978,32,0,27,10057541,MetalFX temporal
233619887560958,2393.0943784211945,128.0,-2645.3146548975415,123.31674,58.199978,33,0,27,12062624,MetalFX temporal
233619905539833,2393.0943784211945,128.0,-2645.3146548975415,128.56674,58.049976,36,0,27,10227999,MetalFX temporal
233619924283416,2393.097018508093,128.0,-2645.31145370367,135.31674,57.899975,36,0,27,12212458,MetalFX temporal
233619942671375,2393.097018508093,128.0,-2645.31145370367,143.41675,57.899975,35,0,27,12046708,MetalFX temporal
233619968825958,2393.097018508093,128.0,-2645.31145370367,152.11674,57.899975,36,0,27,10097708,MetalFX temporal
233619987458291,2393.051186628094,128.0,-2645.398076098109,162.76675,57.899975,36,0,27,11952291,MetalFX temporal
233620004541041,2393.051186628094,128.0,-2645.398076098109,165.46675,57.899975,37,0,27,11888291,MetalFX temporal
233620022928666,2393.0015673689586,128.0,-2645.540235431364,167.56676,57.899975,37,0,27,10238874,MetalFX temporal
233620041126458,2393.0015673689586,128.0,-2645.540235431364,168.76675,57.899975,37,0,27,11876583,MetalFX temporal
233620059122291,2393.0015673689586,128.0,-2645.540235431364,168.91675,57.899975,38,0,27,11861874,MetalFX temporal
233620077428166,2392.974475250324,128.0,-2645.617854436337,170.11674,57.899975,38,0,27,10044541,MetalFX temporal
233620101786125,2392.974475250324,128.0,-2645.617854436337,170.41675,57.899975,38,0,27,11679374,MetalFX temporal
233620120363916,2392.959682951831,128.0,-2645.6602344179746,170.86674,57.899975,38,0,27,11853666,MetalFX temporal
233620137565625,2392.959682951831,128.0,-2645.6602344179746,171.01674,57.899975,38,0,27,10171333,MetalFX temporal
233620155601916,2392.959682951831,128.0,-2645.6602344179746,171.16673,57.899975,38,0,27,11941583,MetalFX temporal
233620173943291,2392.951606355916,128.0,-2645.6833738906366,171.46674,57.899975,38,0,27,11965624,MetalFX temporal
233620192597125,2392.951606355916,128.0,-2645.6833738906366,171.61673,57.899975,38,0,27,10392999,MetalFX temporal
233620210561541,2392.951606355916,128.0,-2645.6833738906366,172.06673,57.899975,38,0,27,11829875,MetalFX temporal
233620235090791,2392.929603239902,128.0,-2645.822187433321,172.51672,57.899975,38,0,27,11770416,MetalFX temporal
233620253672583,2392.929603239902,128.0,-2645.822187433321,173.56673,57.899975,39,0,27,10114500,MetalFX temporal
233620270970000,2392.903304454585,128.0,-2646.024576234929,173.86673,57.899975,39,0,27,11737499,MetalFX temporal
233620289289125,2392.903304454585,128.0,-2646.024576234929,174.61673,57.899975,42,0,27,11882999,MetalFX temporal
233620308619208,2392.903304454585,128.0,-2646.024576234929,175.51672,57.899975,42,0,27,10332875,MetalFX temporal
233620328029375,2392.878976415342,128.0,-2646.2620899218036,176.26672,57.899975,43,0,27,12108249,MetalFX temporal
233620352917625,2392.878976415342,128.0,-2646.2620899218036,176.86673,57.899975,43,0,27,12077874,MetalFX temporal
233620372598125,2392.847779089429,128.41999998688698,-2646.7186819433227,177.46674,57.899975,43,0,27,10500374,MetalFX temporal
233620392802041,2392.847779089429,128.41999998688698,-2646.7186819433227,177.61673,57.899975,43,0,27,12212500,MetalFX temporal
233620412877000,2392.847779089429,128.41999998688698,-2646.7186819433227,177.61673,57.899975,44,0,27,12253875,MetalFX temporal
233620437025125,2392.850328383272,128.7531999805212,-2646.968796521632,177.31673,57.749973,44,0,27,10155583,MetalFX temporal
233620456617541,2392.850328383272,128.7531999805212,-2646.968796521632,174.91673,57.149975,43,0,27,12467666,MetalFX temporal
233620477600208,2392.872171050829,129.00133597911216,-2647.198138580717,173.11673,56.699974,43,0,27,12475458,MetalFX temporal
233620503418166,2392.872171050829,129.00133597911216,-2647.198138580717,170.86673,56.249973,41,0,27,10131749,MetalFX temporal
233620523611375,2392.911399285516,129.1661092609382,-2647.40995162476,163.06673,54.899975,37,0,27,12461000,MetalFX temporal
233620544158166,2392.911399285516,129.1661092609382,-2647.40995162476,158.56673,54.299976,36,0,27,12252625,MetalFX temporal
233620570047208,2392.911399285516,129.1661092609382,-2647.40995162476,152.56673,53.549976,35,0,27,10126916,MetalFX temporal
233620590073333,2392.9661648353685,129.24918707874468,-2647.59666686606,140.56673,52.049976,34,0,27,12477499,MetalFX temporal
233620610719500,2392.9661648353685,129.24918707874468,-2647.59666686606,133.06673,50.999977,32,0,27,12477624,MetalFX temporal
233620636858583,2393.0359900962762,129.25220334025371,-2647.7672525637627,125.416725,50.099976,27,0,27,9977125,MetalFX temporal
233620656193250,2393.0359900962762,129.25220334025371,-2647.7672525637627,106.81673,48.599976,24,0,27,9977125,MetalFX temporal
233620678652541,2393.108977615572,129.17675927506423,-2647.90485708255,96.46673,47.699974,23,0,27,9976791,MetalFX temporal
233620704282916,2393.108977615572,129.17675927506423,-2647.90485708255,85.51672,46.349976,22,0,27,9922625,MetalFX temporal
233620724845666,2393.190601637708,129.02442408821366,-2648.0170850312015,62.56672,43.649975,18,0,27,9922625,MetalFX temporal
233620745635875,2393.190601637708,129.02442408821366,-2648.0170850312015,49.516716,42.449974,18,0,27,9990999,MetalFX temporal
233620771176250,2393.266454034408,128.79673560066868,-2648.1391503898867,24.616713,41.399975,13,0,27,12351041,MetalFX temporal
233620790014583,2393.266454034408,128.79673560066868,-2648.1391503898867,18.316711,41.399975,13,0,27,12351041,MetalFX temporal
233620810488416,2393.266454034408,128.79673560066868,-2648.1391503898867,17.416712,41.399975,13,0,27,12324874,MetalFX temporal
233620836022041,2393.3262179220283,128.4952008770059,-2648.26795609379,9.916711,41.399975,13,0,27,11657625,MetalFX temporal
233620854589458,2393.3262179220283,128.4952008770059,-2648.26795609379,6.6167107,41.849976,14,0,27,11657625,MetalFX temporal
233620875520250,2393.368183874078,128.1212968405392,-2648.4008461404133,6.6167107,41.849976,14,0,27,11799500,MetalFX temporal
233620901870833,2393.368183874078,128.1212968405392,-2648.4008461404133,6.6167107,41.849976,14,0,27,11568708,MetalFX temporal
233620921012875,2393.386903326829,128.0,-2648.524033533577,6.6167107,41.849976,14,0,27,11730666,MetalFX temporal
233620940691000,2393.386903326829,128.0,-2648.524033533577,6.6167107,41.849976,13,0,27,11730666,MetalFX temporal
233620968574833,2393.386903326829,128.0,-2648.524033533577,6.6167107,41.849976,13,0,27,11578999,MetalFX temporal
233620987394291,2393.3065902021194,128.0,-2648.647421301263,6.6167107,41.849976,13,0,27,11717499,MetalFX temporal
233621007411875,2393.3065902021194,128.0,-2648.647421301263,6.6167107,41.849976,13,0,27,11717499,MetalFX temporal
233621034959458,2393.165391403731,128.0,-2648.7260782669205,6.6167107,41.849976,13,0,27,11675374,MetalFX temporal
233621054308375,2393.165391403731,128.0,-2648.7260782669205,6.6167107,41.849976,13,0,27,11796208,MetalFX temporal
233621074389541,2392.990949023653,128.0,-2648.780312211834,5.7167106,41.849976,13,0,27,11796208,MetalFX temporal
233621108614083,2392.990949023653,128.0,-2648.780312211834,3.4667103,41.849976,14,0,27,11553625,MetalFX temporal
233621127277750,2392.7978827436687,128.0,-2648.8158489776793,0.1667099,40.949974,14,0,27,11553625,MetalFX temporal
233621152165916,2392.7978827436687,128.0,-2648.8158489776793,-0.28329015,40.799973,14,0,27,11416249,MetalFX temporal
233621171066791,2392.692468542553,128.0,-2648.8352520540843,-0.43329018,40.64997,14,0,27,11775499,MetalFX temporal
233621190857916,2392.692468542553,128.0,-2648.8352520540843,-0.43329018,40.64997,14,0,27,11775499,MetalFX temporal
233621218352791,2392.692468542553,128.0,-2648.8352520540843,-0.43329018,40.49997,14,0,27,11561083,MetalFX temporal
233621237279375,2392.6349123820587,128.0,-2648.845846135032,0.016709864,40.349968,14,0,27,11677291,MetalFX temporal
233621256926208,2392.6349123820587,128.0,-2648.845846135032,0.4667099,40.199966,14,0,27,11677291,MetalFX temporal
233621285191083,2392.602697490168,128.0,-2648.7536336781764,0.7667099,40.199966,14,0,27,11543749,MetalFX temporal
233621304319000,2392.602697490168,128.0,-2648.7536336781764,1.06671,40.049965,14,0,27,11794999,MetalFX temporal
233621324188791,2392.583285509503,128.0,-2648.6053026188406,1.06671,40.049965,14,0,27,11794999,MetalFX temporal
233621343939875,2392.583285509503,128.0,-2648.6053026188406,1.06671,40.049965,14,0,27,11716208,MetalFX temporal
233621369335083,2392.583285509503,128.0,-2648.6053026188406,1.06671,40.049965,14,0,27,11528416,MetalFX temporal
233621388075000,2392.5726865668294,128.0,-2648.5243138510364,1.06671,40.049965,14,0,27,11528416,MetalFX temporal
233621407866250,2392.5726865668294,128.0,-2648.5243138510364,1.06671,40.049965,14,0,27,9691249,MetalFX temporal
233621435469041,2392.566899543457,128.0,-2648.480093978679,1.06671,40.049965,14,0,27,9486625,MetalFX temporal
233621453808500,2392.566899543457,128.0,-2648.480093978679,0.91670996,40.049965,14,0,27,11689833,MetalFX temporal
233621474379541,2392.5617123362867,128.0,-2648.328566049627,0.61670995,40.049965,14,0,27,11689833,MetalFX temporal
233621494132166,2392.5617123362867,128.0,-2648.328566049627,0.4667099,40.049965,14,0,27,9702625,MetalFX temporal
233621519448250,2392.5617123362867,128.0,-2648.328566049627,0.16670987,40.049965,14,0,27,9545041,MetalFX temporal
233621538104458,2392.5585136916498,128.0,-2648.118432302306,0.01670985,40.049965,14,0,27,9545041,MetalFX temporal
233621558014416,2392.5585136916498,128.0,-2648.118432302306,-0.13329017,40.049965,14,0,27,11668458,MetalFX temporal
233621585452875,2392.557060374966,128.0,-2647.8762996150263,-0.13329017,40.049965,14,0,27,11500374,MetalFX temporal
233621608481083,2392.557060374966,128.0,-2647.8762996150263,-0.13329017,40.049965,14,0,27,9649375,MetalFX temporal
233621625481083,2392.5565600074556,128.0,-2647.6166955045005,-0.13329017,40.049965,14,0,27,9649375,MetalFX temporal
233621651899833,2392.5565600074556,128.0,-2647.6166955045005,-0.13329017,40.049965,14,0,27,9651000,MetalFX temporal
233621672159875,2392.5565799502538,128.0,-2647.347551995774,-0.13329017,40.049965,14,0,27,11896875,MetalFX temporal
233621692156833,2392.5565799502538,128.0,-2647.347551995774,-0.13329017,40.049965,14,0,27,11896875,MetalFX temporal
233621718844875,2392.5565799502538,128.0,-2647.347551995774,-0.13329017,40.049965,14,0,27,11887333,MetalFX temporal
233621738521375,2392.557344176332,128.41999998688698,-2646.87320054723,-0.13329017,40.049965,14,0,27,10179375,MetalFX temporal
233621758966458,2392.557344176332,128.41999998688698,-2646.87320054723,-0.13329017,40.049965,14,0,27,10179375,MetalFX temporal
233621785807333,2392.577361387687,128.7531999805212,-2646.6142497252363,-0.13329017,40.049965,14,0,27,9920624,MetalFX temporal
233621810739541,2392.577361387687,128.7531999805212,-2646.6142497252363,-0.13329017,40.049965,14,0,27,11890124,MetalFX temporal
233621829827458,2392.6151769944117,129.00133597911216,-2646.3786495694244,-0.13329017,40.049965,14,0,27,11890124,MetalFX temporal
233621853801875,2392.6151769944117,129.00133597911216,-2646.3786495694244,-0.13329017,40.049965,14,0,27,11686583,MetalFX temporal
233621873307625,2392.6691891413907,129.1661092609382,-2646.1642985204508,0.9167099,39.899963,14,0,27,11686583,MetalFX temporal
233621893543041,2392.6691891413907,129.1661092609382,-2646.1642985204508,3.9167104,39.449963,14,0,27,12075791,MetalFX temporal
233621918892500,2392.6691891413907,129.1661092609382,-2646.1642985204508,10.966711,38.699963,13,0,27,11545374,MetalFX temporal
233621937853708,2392.7220680826877,129.24918707874468,-2645.988481276318,37.066715,37.949963,15,0,27,11772249,MetalFX temporal
233621958188541,2392.7220680826877,129.24918707874468,-2645.988481276318,52.81672,38.099964,18,0,27,11772249,MetalFX temporal
233621985645666,2392.7858022394335,129.25220334025371,-2645.8403346485607,71.41672,38.999966,19,0,27,11943624,MetalFX temporal
233622005630833,2392.7858022394335,129.25220334025371,-2645.8403346485607,98.71672,41.999966,23,0,27,11943624,MetalFX temporal
233622028120083,2392.859921399845,129.17675927506423,-2645.7173580553103,110.71672,43.499966,23,0,27,9975708,MetalFX temporal
233622053549125,2392.859921399845,129.17675927506423,-2645.7173580553103,113.71672,43.949966,24,0,27,12245624,MetalFX temporal
233622074196208,2392.9352523960747,129.02442408821366,-2645.6233944147652,121.51672,44.849968,25,0,27,12402416,MetalFX temporal
233622095350916,2392.9352523960747,129.02442408821366,-2645.6233944147652,121.51672,44.849968,25,0,27,12402416,MetalFX temporal
233622120169333,2392.9352523960747,129.02442408821366,-2645.6233944147652,121.51672,44.849968,25,0,27,12425375,MetalFX temporal
233622140616875,2393.014048742114,128.79673560066868,-2645.554596693707,121.51672,44.849968,25,0,27,9920499,MetalFX temporal
233622161570291,2393.014048742114,128.79673560066868,-2645.554596693707,121.51672,44.849968,25,0,27,9920499,MetalFX temporal
233622187364125,2393.0857534190764,128.4952008770059,-2645.4919907657395,121.51672,44.849968,25,0,27,12339749,MetalFX temporal
233622207236041,2393.0857534190764,128.4952008770059,-2645.4919907657395,121.51672,44.849968,25,0,27,12339749,MetalFX temporal
233622228968250,2393.1407595394976,128.1212968405392,-2645.418310175345,121.51672,44.849968,26,0,27,12342750,MetalFX temporal
233622253715250,2393.1407595394976,128.1212968405392,-2645.418310175345,121.51672,44.849968,26,0,27,9776583,MetalFX temporal
233622274069000,2393.1805699730285,128.0,-2645.334551641852,121.51672,44.849968,26,0,27,12562333,MetalFX temporal
233622295213708,2393.1805699730285,128.0,-2645.334551641852,121.51672,44.849968,26,0,27,12562333,MetalFX temporal
233622320050125,2393.1805699730285,128.0,-2645.334551641852,121.51672,44.849968,26,0,27,12511999,MetalFX temporal
233622340538500,2393.2680231579693,128.0,-2645.3418773487992,122.26672,44.849968,26,0,27,12584833,MetalFX temporal
233622361707583,2393.2680231579693,128.0,-2645.3418773487992,124.96672,44.849968,26,0,27,12584833,MetalFX temporal
233622386607458,2393.371932628112,128.0,-2645.426189400007,124.96672,44.849968,26,0,27,12458291,MetalFX temporal
233622407060291,2393.371932628112,128.0,-2645.426189400007,139.06673,45.149967,31,0,27,12573374,MetalFX temporal
233622428226333,2393.4286672054,128.0,-2645.4722237853134,142.21672,45.29997,32,0,27,9934833,MetalFX temporal
233622452782166,2393.4286672054,128.0,-2645.4722237853134,143.71672,45.29997,32,0,27,12400125,MetalFX temporal
233622473226708,2393.459644288197,128.0,-2645.4973585626103,144.31673,45.29997,31,0,27,12891249,MetalFX temporal
233622494185625,2393.459644288197,128.0,-2645.4973585626103,144.46672,45.29997,30,0,27,9928958,MetalFX temporal
233622519420916,2393.459644288197,128.0,-2645.4973585626103,144.46672,45.29997,30,0,27,12493499,MetalFX temporal
233622539987291,2393.4765577773687,128.0,-2645.511082152608,144.46672,45.29997,30,0,27,12898416,MetalFX temporal
233622561267875,2393.4765577773687,128.0,-2645.511082152608,144.46672,45.29997,30,0,27,10291958,MetalFX temporal
233622587683625,2393.485792543529,128.0,-2645.5185752336174,144.46672,45.29997,30,0,27,12984625,MetalFX temporal
233622608181875,2393.485792543529,128.0,-2645.5185752336174,144.76672,45.29997,30,0,27,13310625,MetalFX temporal
233622629406291,2393.434290352056,128.0,-2645.602708536377,145.06673,45.29997,30,0,27,9955166,MetalFX temporal
233622653592875,2393.434290352056,128.0,-2645.602708536377,145.21672,45.29997,30,0,27,12381416,MetalFX temporal
233622673748750,2393.3502567853175,128.0,-2645.7291294595984,145.81673,45.44997,30,0,27,12694208,MetalFX temporal
233622694711958,2393.3502567853175,128.0,-2645.7291294595984,146.11673,45.44997,30,0,27,9858583,MetalFX temporal
233622719716375,2393.3502567853175,128.0,-2645.7291294595984,146.71674,45.59997,30,0,27,12468625,MetalFX temporal
233622739819083,2393.304374452549,128.0,-2645.798155291695,147.91673,45.89997,29,0,27,10031250,MetalFX temporal
233622760879500,2393.304374452549,128.0,-2645.798155291695,148.51674,46.049973,30,0,27,9935250,MetalFX temporal
233622786597250,2393.2793226959475,128.0,-2645.835843400397,149.11674,46.199974,30,0,27,12479875,MetalFX temporal
233622806494125,2393.2793226959475,128.0,-2645.835843400397,150.16675,46.799973,30,0,27,12567750,MetalFX temporal
233622827777583,2393.2022655599703,128.0,-2645.9669375388007,150.91675,47.09997,31,0,27,9988750,MetalFX temporal
233622853175833,2393.2022655599703,128.0,-2645.9669375388007,151.96675,47.549973,31,0,27,12339250,MetalFX temporal
233622873356375,2393.1003088325883,128.0,-2646.1509637194094,153.16675,47.999973,32,0,27,12649583,MetalFX temporal
233622894458583,2393.1003088325883,128.0,-2646.1509637194094,153.46675,48.149975,32,0,27,10018041,MetalFX temporal
233622920021000,2393.1003088325883,128.0,-2646.1509637194094,153.61674,48.149975,32,0,27,12754291,MetalFX temporal
233622940443958,2393.0446404529716,128.41999998688698,-2646.2514420256925,153.61674,48.299976,32,0,27,10101374,MetalFX temporal
233622961721000,2393.0446404529716,128.41999998688698,-2646.2514420256925,153.61674,48.299976,33,0,27,9939458,MetalFX temporal
233622986857541,2393.0318039487015,128.7531999805212,-2646.3150130320623,153.16675,48.449978,32,0,27,12347875,MetalFX temporal
233623007115333,2393.0318039487015,128.7531999805212,-2646.3150130320623,150.76675,48.89998,32,0,27,12705500,MetalFX temporal
233623028607750,2393.037226221356,129.00133597911216,-2646.3824350350596,148.21675,49.34998,33,0,27,9915999,MetalFX temporal
233623053775208,2393.037226221356,129.00133597911216,-2646.3824350350596,144.46675,49.79998,32,0,27,12324458,MetalFX temporal
233623074434041,2393.061888228304,129.1661092609382,-2646.440500253708,129.76675,51.89998,31,0,27,10339458,MetalFX temporal
233623095383708,2393.061888228304,129.1661092609382,-2646.440500253708,121.96675,52.949978,31,0,27,9999375,MetalFX temporal
233623120766375,2393.061888228304,129.1661092609382,-2646.440500253708,113.11675,53.84998,26,0,27,12613833,MetalFX temporal
233623141033666,2393.09178547554,129.24918707874468,-2646.474780898825,96.16675,55.34998,24,0,27,10134833,MetalFX temporal
233623160620250,2393.09178547554,129.24918707874468,-2646.474780898825,87.616745,56.09998,22,0,27,10134833,MetalFX temporal
233623186218500,2393.133710138418,129.25220334025371,-2646.492434666715,79.51675,56.84998,22,0,27,11931750,MetalFX temporal
233623203972041,2393.133710138418,129.25220334025371,-2646.492434666715,62.566742,58.79998,20,0,27,12199916,MetalFX temporal
233623222451541,2393.190929437995,129.17675927506423,-2646.5024649616225,53.86674,59.84998,20,0,27,12199916,MetalFX temporal
233623239912083,2393.190929437995,129.17675927506423,-2646.5024649616225,43.51674,60.89998,20,0,27,12357125,MetalFX temporal
233623257395166,2393.190929437995,129.17675927506423,-2646.5024649616225,33.01674,62.09998,20,0,27,11990166,MetalFX temporal
233623274692416,2393.253677919392,129.02442408821366,-2646.52802788067,22.816738,62.84998,17,0,27,11954624,MetalFX temporal
233623290994083,2393.253677919392,129.02442408821366,-2646.52802788067,15.766737,63.14998,16,0,27,11646375,MetalFX temporal
233623307265458,2393.253677919392,129.02442408821366,-2646.52802788067,10.516736,63.14998,16,0,27,11532291,MetalFX temporal
233623323914625,2393.2994549192535,128.79673560066868,-2646.567775410338,6.7667356,63.14998,16,0,27,11446958,MetalFX temporal
233623339735000,2393.2994549192535,128.79673560066868,-2646.567775410338,3.4667351,62.699978,16,0,27,11362958,MetalFX temporal
233623355941625,2393.2994549192535,128.79673560066868,-2646.567775410338,0.3167348,61.949978,19,0,27,11392208,MetalFX temporal
233623372885125,2393.327047351671,128.4952008770059,-2646.618164869314,-1.3332654,61.049976,17,0,27,11473124,MetalFX temporal
233623389078541,2393.327047351671,128.4952008770059,-2646.618164869314,-1.3332654,61.049976,17,0,27,11435499,MetalFX temporal
233623405373375,2393.327047351671,128.4952008770059,-2646.618164869314,-1.3332654,61.049976,17,0,27,11300375,MetalFX temporal
233623422316791,2393.332561784998,128.1212968405392,-2646.6635645705046,-1.3332654,61.049976,17,0,27,11255333,MetalFX temporal
233623438266125,2393.332561784998,128.1212968405392,-2646.6635645705046,-1.3332654,61.049976,17,0,27,11309833,MetalFX temporal
233623454576208,2393.332561784998,128.1212968405392,-2646.6635645705046,-1.3332654,61.049976,17,0,27,11122291,MetalFX temporal
233623471498250,2393.3179852385733,128.0,-2646.7044235919793,-1.3332654,61.049976,16,0,27,11210500,MetalFX temporal
233623487480208,2393.3179852385733,128.0,-2646.7044235919793,-1.3332654,61.049976,16,0,27,11271499,MetalFX temporal
233623503768625,2393.3179852385733,128.0,-2646.7044235919793,-1.3332654,61.049976,16,0,27,11174874,MetalFX temporal
233623520747083,2393.2067471728133,128.0,-2646.7393317635115,-1.3332654,61.049976,16,0,27,11195458,MetalFX temporal
233623536752000,2393.2067471728133,128.0,-2646.7393317635115,-1.3332654,61.049976,16,0,27,11291750,MetalFX temporal
233623553028291,2393.2067471728133,128.0,-2646.7393317635115,-1.3332654,61.049976,16,0,27,11150916,MetalFX temporal
233623570016708,2393.0480377737217,128.0,-2646.756118088301,-1.3332654,61.049976,16,0,27,11222708,MetalFX temporal
233623586070416,2393.0480377737217,128.0,-2646.756118088301,-2.6832657,60.149975,16,0,27,11137624,MetalFX temporal
233623603230375,2393.0480377737217,128.0,-2646.756118088301,-6.283266,57.149975,16,0,27,11245875,MetalFX temporal
233623621095625,2392.9613824317526,128.0,-2646.7652834227006,-9.733267,53.849976,17,0,27,11483375,MetalFX temporal
233623640070791,2392.9613824317526,128.0,-2646.7652834227006,-13.033267,50.099976,20,0,27,11483375,MetalFX temporal
233623660119791,2392.9613824317526,128.0,-2646.7652834227006,-15.733267,46.049976,17,0,27,11673500,MetalFX temporal
233623686180083,2392.9140686095416,128.0,-2646.770287695864,-17.233267,43.049976,16,0,27,11609750,MetalFX temporal
233623704099458,2392.9140686095416,128.0,-2646.770287695864,-18.283266,39.749977,16,0,27,11662166,MetalFX temporal
233623724053500,2392.888235259614,128.0,-2646.773020029329,-18.433266,38.249977,16,0,27,11662166,MetalFX temporal
233623743257416,2392.888235259614,128.0,-2646.773020029329,-18.433266,37.64998,16,0,27,11582541,MetalFX temporal
233623768702958,2392.888235259614,128.0,-2646.773020029329,-17.833265,36.89998,16,0,27,11398249,MetalFX temporal
233623787544333,2392.9041385623505,128.0,-2646.681222198457,-15.133265,36.14998,15,0,27,11577333,MetalFX temporal
233623806328875,2392.9041385623505,128.0,-2646.681222198457,-14.683265,36.14998,13,0,27,11577333,MetalFX temporal
233623826685208,2392.9376622951604,128.0,-2646.5363034390834,-13.183265,36.14998,12,0,27,11495750,MetalFX temporal
233623851698958,2392.9376622951604,128.0,-2646.5363034390834,-12.433265,36.449978,10,0,27,11263749,MetalFX temporal
233623870850583,2392.9559662554007,128.0,-2646.4571777872748,-12.133265,36.749977,9,0,27,11588499,MetalFX temporal
233623888949375,2392.9559662554007,128.0,-2646.4571777872748,-11.983265,36.89998,9,0,27,11588499,MetalFX temporal
233623908741125,2392.9559662554007,128.0,-2646.4571777872748,-11.833265,36.89998,9,0,27,11493958,MetalFX temporal
233623935466625,2392.9659602188526,128.0,-2646.413975176369,-11.233265,36.89998,8,0,27,11355125,MetalFX temporal
233623954410583,2392.9659602188526,128.0,-2646.413975176369,-8.983265,37.79998,8,0,27,9638124,MetalFX temporal
233623973526291,2392.9913056569603,128.0,-2646.2645504594625,-6.1332645,39.14998,10,0,27,9638124,MetalFX temporal
233623993147250,2392.9913056569603,128.0,-2646.2645504594625,-3.2832642,40.499977,12,0,27,11556541,MetalFX temporal
233624018784166,2392.9913056569603,128.0,-2646.2645504594625,0.46673632,42.299976,13,0,27,11497375,MetalFX temporal
233624037798166,2393.004118275716,128.0,-2646.0555686730813,13.966738,47.999977,12,0,27,11662874,MetalFX temporal
233624057748916,2393.004118275716,128.0,-2646.0555686730813,22.666739,51.299976,14,0,27,11662874,MetalFX temporal
233624086216916,2392.962021758834,128.0,-2645.823903054173,32.26674,54.89998,20,0,27,12173916,MetalFX temporal
233624105859708,2392.962021758834,128.0,-2645.823903054173,49.66674,61.79998,21,0,27,12173916,MetalFX temporal
233624125894000,2392.6894736644194,128.41999998688698,-2645.4854964610263,53.41674,63.14998,20,0,27,12103083,MetalFX temporal
233624151989916,2392.6894736644194,128.41999998688698,-2645.4854964610263,59.566742,64.94998,22,0,27,11802749,MetalFX temporal
233624170787708,2392.5406623875842,128.7531999805212,-2645.3007264397065,66.91674,66.14998,23,0,27,10022291,MetalFX temporal
233624188091500,2392.5406623875842,128.7531999805212,-2645.3007264397065,73.51674,66.29998,23,0,27,11966083,MetalFX temporal
233624206684000,2392.5406623875842,128.7531999805212,-2645.3007264397065,78.16674,66.44998,23,0,27,11966083,MetalFX temporal
233624225687000,2392.4052441217614,129.00133597911216,-2645.1325857154598,82.66674,66.59998,25,0,27,11956375,MetalFX temporal
233624251874791,2392.4052441217614,129.00133597911216,-2645.1325857154598,87.31674,67.04998,26,0,27,11631249,MetalFX temporal
233624270089250,2392.2820134963113,129.1661092609382,-2644.9795776519854,96.01674,67.19998,28,0,27,11642333,MetalFX temporal
233624286351250,2392.2820134963113,129.1661092609382,-2644.9795776519854,99.31674,67.19998,28,0,27,11579708,MetalFX temporal
233624304177958,2392.2820134963113,129.1661092609382,-2644.9795776519854,103.06674,65.69998,28,0,27,9972250,MetalFX temporal
233624320599500,2392.1698736239196,129.24918707874468,-2644.840340310211,103.06674,65.69998,28,0,27,11813749,MetalFX temporal
233624337444458,2392.1698736239196,129.24918707874468,-2644.840340310211,103.06674,65.69998,28,0,27,11656749,MetalFX temporal
233624354695083,2392.1698736239196,129.24918707874468,-2644.840340310211,103.06674,65.69998,28,0,27,11656749,MetalFX temporal
233624372299458,2392.072256288656,129.25220334025371,-2644.7327271386475,103.06674,65.69998,28,0,27,11736125,MetalFX temporal
233624389337208,2392.072256288656,129.25220334025371,-2644.7327271386475,103.06674,65.69998,28,0,27,11736125,MetalFX temporal
233624406316250,2392.072256288656,129.25220334025371,-2644.7327271386475,103.06674,65.69998,28,0,27,10040291,MetalFX temporal
233624423885666,2391.9878544625594,129.17675927506423,-2644.6538919628056,103.06674,65.69998,28,0,27,11654375,MetalFX temporal
233624440905791,2391.9878544625594,129.17675927506423,-2644.6538919628056,103.06674,65.69998,28,0,27,11654375,MetalFX temporal
233624458549208,2391.9878544625594,129.17675927506423,-2644.6538919628056,103.06674,65.69998,28,0,27,10027541,MetalFX temporal
233624484525291,2391.915478750152,129.02442408821366,-2644.6012447638245,103.06674,65.69998,28,0,27,10016208,MetalFX temporal
233624502557041,2391.915478750152,129.02442408821366,-2644.6012447638245,103.51674,65.69998,28,0,27,11348833,MetalFX temporal
233624519252041,2391.8541967643528,128.79673560066868,-2644.572393208944,108.91674,65.69998,28,0,27,11629750,MetalFX temporal
233624535887041,2391.8541967643528,128.79673560066868,-2644.572393208944,119.116745,65.69998,30,0,27,9970958,MetalFX temporal
233624552521291,2391.8541967643528,128.79673560066868,-2644.572393208944,130.51675,65.69998,33,0,27,11679708,MetalFX temporal
233624569423375,2391.7968651793135,128.4952008770059,-2644.5660769684573,143.26675,65.69998,32,0,27,11615916,MetalFX temporal
233624585578291,2391.7968651793135,128.4952008770059,-2644.5660769684573,160.81676,65.69998,31,0,27,10040875,MetalFX temporal
233624602555291,2391.7968651793135,128.4952008770059,-2644.5660769684573,169.36676,65.84998,34,0,27,11416875,MetalFX temporal
233624619660833,2391.7410762997847,128.1212968405392,-2644.5795925309867,178.51675,65.84998,34,0,27,10072000,MetalFX temporal
233624635624541,2391.7410762997847,128.1212968405392,-2644.5795925309867,180.61676,65.84998,34,0,27,11368500,MetalFX temporal
233624652516958,2391.7410762997847,128.1212968405392,-2644.5795925309867,183.31676,65.84998,32,0,27,11354500,MetalFX temporal
233624669627166,2391.6914409001315,127.67647087614428,-2644.611458948278,185.26675,65.54998,32,0,27,9994541,MetalFX temporal
233624686122666,2391.6914409001315,127.67647087614428,-2644.611458948278,186.46675,65.09998,34,0,27,11344791,MetalFX temporal
233624702039583,2391.6914409001315,127.67647087614428,-2644.611458948278,186.61674,65.09998,33,0,27,11379375,MetalFX temporal
233624718926500,2391.6485301323964,127.162141421027,-2644.6599269535645,186.61674,65.09998,32,0,27,10043291,MetalFX temporal
233624735028375,2391.6485301323964,127.162141421027,-2644.6599269535645,186.61674,65.09998,31,0,27,11357666,MetalFX temporal
233624752143166,2391.6485301323964,127.162141421027,-2644.6599269535645,186.61674,65.09998,31,0,27,9792500,MetalFX temporal
233624768926375,2391.6117387798836,127.0,-2644.7235024043616,186.61674,65.09998,31,0,27,11428999,MetalFX temporal
233624785067583,2391.6117387798836,127.0,-2644.7235024043616,186.61674,65.09998,31,0,27,11461999,MetalFX temporal
233624801827958,2391.6117387798836,127.0,-2644.7235024043616,186.61674,65.09998,31,0,27,9824375,MetalFX temporal
233624818961875,2391.5895458848076,127.0,-2644.878703893458,186.61674,65.09998,31,0,27,11516499,MetalFX temporal
233624835151416,2391.5895458848076,127.0,-2644.878703893458,186.61674,65.09998,31,0,27,11444416,MetalFX temporal
233624851399416,2391.5895458848076,127.0,-2644.878703893458,186.61674,65.09998,31,0,27,9906624,MetalFX temporal
233624868809916,2391.577428562689,127.0,-2644.9634439163474,186.61674,65.09998,31,0,27,11486000,MetalFX temporal
233624885082208,2391.577428562689,127.0,-2644.9634439163474,186.61674,65.09998,31,0,27,9887208,MetalFX temporal
233624901509958,2391.577428562689,127.0,-2644.9634439163474,186.61674,65.09998,31,0,27,11498624,MetalFX temporal
233624918799791,2391.5708125040437,127.0,-2645.009711974219,186.61674,65.09998,31,0,27,11528833,MetalFX temporal
233624935178375,2391.5708125040437,127.0,-2645.009711974219,186.61674,65.09998,31,0,27,9863500,MetalFX temporal
233624951512083,2391.5708125040437,127.0,-2645.009711974219,186.61674,65.09998,31,0,27,11482583,MetalFX temporal
233624969205166,2391.567200135604,127.0,-2645.0349743367515,188.11674,63.899982,33,0,27,9915874,MetalFX temporal
233624986176041,2391.567200135604,127.0,-2645.0349743367515,192.61674,60.599983,33,0,27,11584916,MetalFX temporal
233625003593208,2391.567200135604,127.0,-2645.0349743367515,198.16675,56.399982,35,0,27,11632499,MetalFX temporal
233625021458041,2391.5957811811504,127.0,-2645.1418830579714,204.16675,50.99998,35,0,27,10034625,MetalFX temporal
233625040721750,2391.5957811811504,127.0,-2645.1418830579714,207.31674,47.69998,38,0,27,10034625,MetalFX temporal
233625061070791,2391.5957811811504,127.0,-2645.1418830579714,208.51674,46.04998,38,0,27,12059458,MetalFX temporal
233625086883208,2391.6581705611247,127.41999998688698,-2645.286367048526,208.81674,45.14998,37,0,27,9852541,MetalFX temporal
233625105388125,2391.6581705611247,127.41999998688698,-2645.286367048526,209.26674,43.64998,37,0,27,12141041,MetalFX temporal
233625126153083,2391.699999988079,127.7531999805212,-2645.38235421835,209.26674,43.499977,37,0,27,9847250,MetalFX temporal
233625152050625,2391.699999988079,127.7531999805212,-2645.38235421835,209.26674,43.349976,37,0,27,11957541,MetalFX temporal
233625171347041,2391.719250235488,128.00133597911216,-2645.475127293846,209.26674,43.349976,37,0,27,12194875,MetalFX temporal
233625191308375,2391.719250235488,128.00133597911216,-2645.475127293846,209.26674,43.349976,37,0,27,12194875,MetalFX temporal
233625211233500,2391.719250235488,128.00133597911216,-2645.475127293846,209.26674,43.349976,37,0,27,10008375,MetalFX temporal
233625236116541,2391.746348544286,128.1661092609382,-2645.576649696799,209.26674,43.349976,37,0,27,12062041,MetalFX temporal
233625255007750,2391.746348544286,128.1661092609382,-2645.576649696799,209.26674,43.349976,37,0,27,10073708,MetalFX temporal
233625275630458,2391.771008006003,128.24918707874468,-2645.669035086149,209.26674,43.349976,37,0,27,12140124,MetalFX temporal
233625301857416,2391.771008006003,128.24918707874468,-2645.669035086149,209.26674,43.349976,37,0,27,11998416,MetalFX temporal
233625321537833,2391.7934481168118,128.25220334025371,-2645.7531057928804,209.26674,43.349976,37,0,27,12275249,MetalFX temporal
233625341031125,2391.7934481168118,128.25220334025371,-2645.7531057928804,209.26674,43.349976,37,0,27,12275249,MetalFX temporal
233625361286625,2391.7934481168118,128.25220334025371,-2645.7531057928804,209.26674,43.349976,37,0,27,12145749,MetalFX temporal
233625386410916,2391.830967520055,128.17675927506423,-2645.8200295550596,209.26674,43.499977,37,0,27,12179458,MetalFX temporal
233625405158916,2391.830967520055,128.17675927506423,-2645.8200295550596,209.11674,43.799976,37,0,27,12248624,MetalFX temporal
233625426131041,2391.882233822197,128.02442408821366,-2645.8713938914843,208.66675,43.949978,37,0,27,10028833,MetalFX temporal
233625445616708,2391.882233822197,128.02442408821366,-2645.8713938914843,207.76675,44.249977,37,0,27,10028833,MetalFX temporal
233625470442208,2391.882233822197,128.02442408821366,-2645.8713938914843,207.46675,44.249977,37,0,27,12199416,MetalFX temporal
233625489603625,2391.946276966523,128.0,-2645.9090955387605,193.51675,47.999977,32,0,27,12242583,MetalFX temporal
233625509518625,2391.946276966523,128.0,-2645.9090955387605,190.51675,48.89998,31,0,27,12242583,MetalFX temporal
233625530336500,2392.10091087393,128.0,-2645.9255215538096,183.91675,50.699978,31,0,27,9945041,MetalFX temporal
233625554202500,2392.10091087393,128.0,-2645.9255215538096,181.66675,51.299976,31,0,27,11978291,MetalFX temporal
233625573183208,2392.2832996503016,128.0,-2645.9316436828253,178.66675,52.049976,29,0,27,12351041,MetalFX temporal
233625593080416,2392.2832996503016,128.0,-2645.9316436828253,177.61674,52.199978,30,0,27,10120041,MetalFX temporal
233625612660333,2392.2832996503016,128.0,-2645.9316436828253,176.86674,52.34998,31,0,27,12115124,MetalFX temporal
233625636825875,2392.3828839337675,128.0,-2645.934986365656,176.41675,52.49998,31,0,27,12148208,MetalFX temporal
233625655435916,2392.3828839337675,128.0,-2645.934986365656,176.11674,52.49998,32,0,27,10104499,MetalFX temporal
233625675883000,2392.4372569588554,128.0,-2645.936811470694,176.11674,52.49998,32,0,27,12203791,MetalFX temporal
233625695185583,2392.4372569588554,128.0,-2645.936811470694,176.11674,52.49998,32,0,27,12014375,MetalFX temporal
233625720020541,2392.4372569588554,128.0,-2645.936811470694,176.11674,52.49998,32,0,27,12116625,MetalFX temporal
233625739075958,2392.4669446340017,128.0,-2645.9378079781604,176.11674,52.49998,32,0,27,12260874,MetalFX temporal
233625758694208,2392.4669446340017,128.0,-2645.9378079781604,176.11674,52.49998,32,0,27,10097374,MetalFX temporal
233625779040458,2392.4897917331073,128.0,-2645.8405771139787,176.11674,52.49998,32,0,27,12114166,MetalFX temporal
233625803234541,2392.4897917331073,128.0,-2645.8405771139787,176.11674,52.49998,32,0,27,11986750,MetalFX temporal
233625822520125,2392.5089038772608,128.0,-2645.689714098648,176.11674,52.49998,32,0,27,10181374,MetalFX temporal
233625841828291,2392.5089038772608,128.0,-2645.689714098648,176.11674,52.49998,32,0,27,12139875,MetalFX temporal
233625861897916,2392.5089038772608,128.0,-2645.689714098648,176.11674,52.49998,32,0,27,12131875,MetalFX temporal
233625886566375,2392.5193391091807,128.0,-2645.60734288271,176.11674,52.49998,32,0,27,9930166,MetalFX temporal
233625905069125,2392.5193391091807,128.0,-2645.60734288271,176.11674,52.49998,32,0,27,12239625,MetalFX temporal
233625925478083,2392.525036746471,128.0,-2645.5623681935836,176.11674,52.49998,32,0,27,10122874,MetalFX temporal
233625945019500,2392.525036746471,128.0,-2645.5623681935836,176.11674,52.49998,32,0,27,10039416,MetalFX temporal
233625970496500,2392.525036746471,128.0,-2645.5623681935836,176.11674,52.49998,32,0,27,12088749,MetalFX temporal
233625989611666,2392.5281476567925,128.0,-2645.5378120104683,176.11674,52.49998,32,0,27,10104166,MetalFX temporal
233626008992250,2392.5281476567925,128.0,-2645.5378120104683,176.11674,52.49998,32,0,27,12095375,MetalFX temporal
233626029407791,2392.5232085874327,128.0,-2645.6221792902516,176.11674,52.49998,32,0,27,12129125,MetalFX temporal
233626053874500,2392.5232085874327,128.0,-2645.6221792902516,176.11674,52.49998,32,0,27,9931291,MetalFX temporal
233626072921916,2392.513874228656,128.0,-2645.766018787685,176.11674,52.49998,32,0,27,12189250,MetalFX temporal
233626092288708,2392.513874228656,128.0,-2645.766018787685,176.11674,52.49998,32,0,27,12076875,MetalFX temporal
233626112208250,2392.513874228656,128.0,-2645.766018787685,176.11674,52.49998,32,0,27,9941500,MetalFX temporal
233626137255625,2392.502140041579,128.0,-2645.942330119727,176.11674,52.49998,32,0,27,12097625,MetalFX temporal
233626157022541,2392.502140041579,128.0,-2645.942330119727,176.11674,52.49998,32,0,27,12535624,MetalFX temporal
233626176652791,2392.489095548098,128.0,-2646.136371075525,176.11674,52.49998,32,0,27,10035625,MetalFX temporal
233626195906166,2392.489095548098,128.0,-2646.136371075525,176.11674,52.49998,32,0,27,12001083,MetalFX temporal
233626220353791,2392.4753356272367,128.41999998688698,-2646.340092407018,176.26674,52.49998,31,0,27,9983833,MetalFX temporal
233626238656458,2392.4753356272367,128.41999998688698,-2646.340092407018,176.26674,52.49998,31,0,27,10170958,MetalFX temporal
233626258439250,2392.4753356272367,128.41999998688698,-2646.340092407018,176.41673,52.49998,31,0,27,12175749,MetalFX temporal
233626278996000,2392.466596441441,128.7531999805212,-2646.4708858688014,176.71674,52.34998,31,0,27,9974750,MetalFX temporal
233626303307583,2392.466596441441,128.7531999805212,-2646.4708858688014,176.71674,52.34998,31,0,27,11991000,MetalFX temporal
233626322342666,2392.471952319413,129.00133597911216,-2646.604837180131,176.71674,52.34998,31,0,27,12205791,MetalFX temporal
233626353121791,2392.471952319413,129.00133597911216,-2646.604837180131,176.71674,52.34998,31,0,27,9951000,MetalFX temporal
233626372373875,2392.496393964443,129.1661092609382,-2646.727855979029,176.71674,52.34998,31,0,27,12211583,MetalFX temporal
233626391627666,2392.496393964443,129.1661092609382,-2646.727855979029,176.71674,52.34998,31,0,27,12037375,MetalFX temporal
233626419656916,2392.496393964443,129.1661092609382,-2646.727855979029,176.71674,52.34998,31,0,27,9960208,MetalFX temporal
233626438560750,2392.5382036579967,129.24918707874468,-2646.8409261913266,176.71674,52.34998,31,0,27,12095166,MetalFX temporal
233626458146125,2392.5382036579967,129.24918707874468,-2646.8409261913266,176.71674,52.34998,31,0,27,12268250,MetalFX temporal
233626478526958,2392.591179737904,129.25220334025371,-2646.930511550208,174.61673,52.34998,32,0,27,10080208,MetalFX temporal
233626503370625,2392.591179737904,129.25220334025371,-2646.930511550208,170.41673,52.34998,34,0,27,12027999,MetalFX temporal
233626522897666,2392.6556876082695,129.17675927506423,-2647.000444501774,159.46674,52.64998,30,0,27,10301708,MetalFX temporal
233626542729375,2392.6556876082695,129.17675927506423,-2647.000444501774,150.61673,52.79998,29,0,27,12206708,MetalFX temporal
233626569554041,2392.6556876082695,129.17675927506423,-2647.000444501774,138.76672,52.79998,28,0,27,12243500,MetalFX temporal
233626589119541,2392.7343466546417,129.02442408821366,-2647.0627709626547,102.46672,52.79998,23,0,28,10215541,MetalFX temporal
233626607913958,2392.7343466546417,129.02442408821366,-2647.0627709626547,84.31672,52.94998,21,0,28,10215541,MetalFX temporal
233626636390958,2392.825429973089,128.79673560066868,-2647.121429749487,72.766716,53.24998,19,0,28,12295291,MetalFX temporal
233626655304875,2392.825429973089,128.79673560066868,-2647.121429749487,49.666714,54.149982,17,0,28,12295291,MetalFX temporal
233626677233625,2392.923256058898,128.4952008770059,-2647.1874957955492,45.916714,54.299984,17,0,28,12414124,MetalFX temporal
233626703468833,2392.923256058898,128.4952008770059,-2647.1874957955492,38.866714,54.299984,19,0,28,11988625,MetalFX temporal
233626722433958,2393.024576325158,128.1212968405392,-2647.262877166673,35.866714,54.299984,19,0,28,12267875,MetalFX temporal
233626742350041,2393.024576325158,128.1212968405392,-2647.262877166673,35.866714,54.299984,19,0,28,12267875,MetalFX temporal
233626769149416,2393.024576325158,128.1212968405392,-2647.262877166673,35.866714,54.299984,19,0,28,12057374,MetalFX temporal
233626788645375,2393.1282609312652,128.0,-2647.347358076367,35.866714,54.299984,19,0,28,12485624,MetalFX temporal
233626808301416,2393.1282609312652,128.0,-2647.347358076367,35.866714,54.299984,19,0,28,12485624,MetalFX temporal
233626829095666,2393.2800297334516,128.0,-2647.503655009332,35.866714,54.299984,19,0,28,12057999,MetalFX temporal
233626853521708,2393.2800297334516,128.0,-2647.503655009332,35.866714,54.299984,19,0,28,11957124,MetalFX temporal
233626872388958,2393.420311316979,128.0,-2647.6684124475705,35.866714,54.299984,19,0,28,11957124,MetalFX temporal
233626892401583,2393.420311316979,128.0,-2647.6684124475705,35.866714,54.299984,19,0,28,12270708,MetalFX temporal
233626919034333,2393.420311316979,128.0,-2647.6684124475705,35.866714,54.299984,19,0,28,12073500,MetalFX temporal
233626937875625,2393.5543208783906,128.0,-2647.8377893222255,35.866714,54.299984,19,0,28,12153249,MetalFX temporal
233626957799625,2393.5543208783906,128.0,-2647.8377893222255,35.866714,54.299984,19,0,28,12153249,MetalFX temporal
233626985662916,2393.6274901074203,128.0,-2647.9302691065286,35.866714,54.299984,19,0,28,12041416,MetalFX temporal
233627005461791,2393.6274901074203,128.0,-2647.9302691065286,34.666714,53.999985,18,0,28,12186875,MetalFX temporal
233627025065458,2393.6674405111107,128.0,-2647.980763074623,34.516712,53.849983,18,0,28,12204875,MetalFX temporal
233627045059166,2393.6674405111107,128.0,-2647.980763074623,34.516712,53.849983,18,0,28,12204875,MetalFX temporal
233627070523708,2393.6674405111107,128.0,-2647.980763074623,34.516712,53.849983,18,0,28,12155250,MetalFX temporal
233627089457291,2393.6892534340595,128.0,-2648.008332784405,34.516712,53.849983,18,0,28,12155250,MetalFX temporal
233627109707416,2393.6892534340595,128.0,-2648.008332784405,34.516712,53.849983,18,0,28,12198458,MetalFX temporal
233627135832583,2393.7011632913727,128.0,-2648.0233858476945,35.416714,53.399982,19,0,28,12123124,MetalFX temporal
233627155221333,2393.7011632913727,128.0,-2648.0233858476945,38.266716,52.649982,20,0,28,12296166,MetalFX temporal
233627176071041,2393.64697420991,128.0,-2647.9546600492977,39.766716,52.349983,19,0,28,12296166,MetalFX temporal
233627203127458,2393.64697420991,128.0,-2647.9546600492977,40.516716,52.19998,19,0,28,12283250,MetalFX temporal
233627222788541,2393.5537253393486,128.0,-2647.842629395804,40.966717,52.19998,19,0,28,12283250,MetalFX temporal
233627243540416,2393.5537253393486,128.0,-2647.842629395804,40.966717,52.19998,19,0,28,10107416,MetalFX temporal
233627269946291,2393.5537253393486,128.0,-2647.842629395804,40.966717,52.19998,19,0,28,9844041,MetalFX temporal
233627289644125,2393.5028114501083,128.0,-2647.781460651892,40.966717,52.19998,19,0,28,9844041,MetalFX temporal
233627310440333,2393.5028114501083,128.0,-2647.781460651892,40.966717,52.19998,19,0,28,12375749,MetalFX temporal
233627336984500,2393.4750124633542,128.0,-2647.7480625138364,40.966717,52.19998,19,0,28,12294666,MetalFX temporal
233627356131500,2393.4750124633542,128.0,-2647.7480625138364,40.966717,52.19998,19,0,28,12294666,MetalFX temporal
233627377875250,2393.4598342148233,128.0,-2647.7298271283403,40.966717,52.19998,19,0,28,12440958,MetalFX temporal
233627403564750,2393.4598342148233,128.0,-2647.7298271283403,40.966717,52.19998,19,0,28,12264999,MetalFX temporal
233627423315083,2393.451546890163,128.0,-2647.719870606703,40.966717,52.19998,19,0,28,12264999,MetalFX temporal
233627444182166,2393.451546890163,128.0,-2647.719870606703,40.966717,52.19998,19,0,28,12492125,MetalFX temporal
233627470330875,2393.451546890163,128.0,-2647.719870606703,40.966717,52.19998,19,0,28,12382374,MetalFX temporal
233627489954416,2393.447022010373,128.0,-2647.7144343452574,40.966717,52.19998,19,0,28,12382374,MetalFX temporal
233627510860708,2393.447022010373,128.0,-2647.7144343452574,40.966717,52.19998,19,0,28,12420416,MetalFX temporal
233627536976958,2393.3803060278524,128.0,-2647.6374625690105,40.966717,52.19998,19,0,28,12302999,MetalFX temporal
233627556088750,2393.3803060278524,128.0,-2647.6374625690105,40.966717,52.19998,19,0,28,12302999,MetalFX temporal
233627577813166,2393.4178826743178,128.41999998688698,-2647.53119057643,40.966717,52.19998,19,0,28,12478499,MetalFX temporal
233627603192041,2393.4178826743178,128.41999998688698,-2647.53119057643,41.416718,52.19998,19,0,28,12314874,MetalFX temporal
233627623135875,2393.4530987697703,128.7531999805212,-2647.460201023217,44.416718,52.94998,18,0,28,12314874,MetalFX temporal
233627643821666,2393.4530987697703,128.7531999805212,-2647.460201023217,46.36672,53.69998,17,0,28,12634541,MetalFX temporal
233627669670375,2393.4530987697703,128.7531999805212,-2647.460201023217,49.36672,54.599983,17,0,28,12288416,MetalFX temporal
233627688484125,2393.4979105706643,129.00133597911216,-2647.3807273686375,55.96672,56.69998,19,0,28,12288416,MetalFX temporal
233627707203583,2393.4979105706643,129.00133597911216,-2647.3807273686375,57.01672,56.849983,19,0,28,12248874,MetalFX temporal
233627727074041,2393.549360348082,129.1661092609382,-2647.2919658735277,68.86672,59.399982,20,0,28,11969291,MetalFX temporal
233627751445750,2393.549360348082,129.1661092609382,-2647.2919658735277,78.01672,60.899982,21,0,28,11712291,MetalFX temporal
233627770057750,2393.6129504098285,129.24918707874468,-2647.2002960580007,93.31673,62.99998,24,0,28,11807041,MetalFX temporal
233627786623750,2393.6129504098285,129.24918707874468,-2647.2002960580007,107.26673,64.34998,28,0,28,11731999,MetalFX temporal
233627803330750,2393.6129504098285,129.24918707874468,-2647.2002960580007,122.41673,65.84998,32,0,28,11608541,MetalFX temporal
233627819518875,2393.675175067213,129.25220334025371,-2647.0973570365445,138.16673,67.64999,34,0,28,10164541,MetalFX temporal
233627835861666,2393.675175067213,129.25220334025371,-2647.0973570365445,153.76674,69.59998,31,0,28,11394666,MetalFX temporal
233627852897041,2393.675175067213,129.25220334025371,-2647.0973570365445,157.51674,70.04998,31,0,28,11375583,MetalFX temporal
233627869445000,2393.7241405253812,129.17675927506423,-2646.985207138617,177.01674,73.34998,32,0,28,10130250,MetalFX temporal
233627885489333,2393.7241405253812,129.17675927506423,-2646.985207138617,187.81674,74.999985,33,0,28,11208958,MetalFX temporal
233627901758625,2393.7241405253812,129.17675927506423,-2646.985207138617,196.51674,76.04999,33,0,28,9983124,MetalFX temporal
233627918695458,2393.7511206799654,129.02442408821366,-2646.8736113743157,199.66673,76.19999,33,0,28,11395750,MetalFX temporal
233627934922041,2393.7511206799654,129.02442408821366,-2646.8736113743157,206.86673,76.19999,33,0,28,11352625,MetalFX temporal
233627951182083,2393.7511206799654,129.02442408821366,-2646.8736113743157,209.86673,75.59999,35,0,28,9947583,MetalFX temporal
233627968435583,2393.756366235605,128.79673560066868,-2646.7668377908576,211.66673,74.84999,35,0,28,11438249,MetalFX temporal
233627984738291,2393.756366235605,128.79673560066868,-2646.7668377908576,212.71674,74.54999,35,0,28,9993375,MetalFX temporal
233628001133458,2393.756366235605,128.79673560066868,-2646.7668377908576,212.71674,74.54999,35,0,28,11435833,MetalFX temporal
233628017849625,2393.741597906243,128.4952008770059,-2646.6654172420754,212.71674,74.54999,35,0,28,11494416,MetalFX temporal
233628034141625,2393.741597906243,128.4952008770059,-2646.6654172420754,212.71674,74.54999,35,0,28,9977000,MetalFX temporal
233628050590833,2393.741597906243,128.4952008770059,-2646.6654172420754,212.71674,74.54999,35,0,28,11446833,MetalFX temporal
233628067597500,2393.7086169410045,128.1212968405392,-2646.5688679549885,212.71674,74.54999,35,0,28,9998583,MetalFX temporal
233628083978166,2393.7086169410045,128.1212968405392,-2646.5688679549885,212.71674,74.54999,34,0,28,11469583,MetalFX temporal
233628100494875,2393.7086169410045,128.1212968405392,-2646.5688679549885,212.71674,74.54999,34,0,28,11475208,MetalFX temporal
233628117567666,2393.659062476641,128.0,-2646.476751516172,212.71674,74.54999,34,0,28,11524250,MetalFX temporal
233628134052541,2393.659062476641,128.0,-2646.476751516172,212.71674,74.54999,34,0,28,11528541,MetalFX temporal
233628151013958,2393.659062476641,128.0,-2646.476751516172,212.71674,74.54999,34,0,28,9912291,MetalFX temporal
233628167918625,2393.531510753994,128.0,-2646.4458860791433,212.71674,74.54999,34,0,28,11602708,MetalFX temporal
233628184063791,2393.531510753994,128.0,-2646.4458860791433,212.71674,74.54999,34,0,28,11539416,MetalFX temporal
233628200579166,2393.531510753994,128.0,-2646.4458860791433,212.71674,74.54999,35,0,28,11594666,MetalFX temporal
233628217664208,2393.46186750534,128.0,-2646.429033548568,212.71674,74.54999,35,0,28,11616583,MetalFX temporal
233628234217791,2393.46186750534,128.0,-2646.429033548568,212.41673,74.39999,35,0,28,9926666,MetalFX temporal
233628250946958,2393.46186750534,128.0,-2646.429033548568,211.51674,73.64999,34,0,28,11583000,MetalFX temporal
233628267914666,2393.4238422871576,128.0,-2646.419832065805,210.61674,72.59998,33,0,28,9962874,MetalFX temporal
233628284518791,2393.4238422871576,128.0,-2646.419832065805,209.41675,70.79998,33,0,28,11534874,MetalFX temporal
233628301767750,2393.4238422871576,128.0,-2646.419832065805,207.91675,68.39998,33,0,28,11624250,MetalFX temporal
233628318894916,2393.4030805156185,128.0,-2646.4148080556333,206.56674,66.29998,34,0,28,11546374,MetalFX temporal
233628335941416,2393.4030805156185,128.0,-2646.4148080556333,205.51674,64.19998,36,0,28,11521125,MetalFX temporal
233628352229291,2393.4030805156185,128.0,-2646.4148080556333,204.61674,62.399982,37,0,28,10011166,MetalFX temporal
233628369761875,2393.3509259469565,128.0,-2646.322970391851,203.71675,60.299984,35,0,28,11652500,MetalFX temporal
233628386590208,2393.3509259469565,128.0,-2646.322970391851,202.81676,57.749985,35,0,28,11618833,MetalFX temporal
233628403303125,2393.3509259469565,128.0,-2646.322970391851,202.66676,56.249985,35,0,28,10104250,MetalFX temporal
233628421796458,2393.284686314975,128.0,-2646.1823950655407,202.51677,54.749985,34,0,28,12003416,MetalFX temporal
233628440547541,2393.284686314975,128.0,-2646.1823950655407,202.51677,53.999985,34,0,28,12003416,MetalFX temporal
233628459613750,2393.284686314975,128.0,-2646.1823950655407,202.51677,53.999985,34,0,28,10205250,MetalFX temporal
233628485052083,2393.248519471712,128.0,-2646.10564092846,202.51677,53.999985,34,0,28,11893874,MetalFX temporal
233628503422250,2393.248519471712,128.0,-2646.10564092846,202.51677,53.999985,34,0,28,10087374,MetalFX temporal
233628522936833,2393.228772372997,128.0,-2646.0637331647463,202.51677,53.999985,34,0,28,12146791,MetalFX temporal
233628541680333,2393.228772372997,128.0,-2646.0637331647463,202.51677,53.999985,34,0,28,12146791,MetalFX temporal
233628560935083,2393.228772372997,128.0,-2646.0637331647463,202.51677,53.999985,34,0,28,11992958,MetalFX temporal
233628585257625,2393.308519861571,128.0,-2646.0033225057336,202.51677,53.999985,34,0,28,11903875,MetalFX temporal
233628603638000,2393.308519861571,128.0,-2646.0033225057336,202.51677,53.999985,34,0,28,10073000,MetalFX temporal
233628622932958,2393.4425914011144,128.0,-2645.9328092647143,202.51677,53.999985,34,0,28,12120125,MetalFX temporal
233628641641333,2393.4425914011144,128.0,-2645.9328092647143,202.51677,53.999985,34,0,28,12120125,MetalFX temporal
233628668331708,2393.4425914011144,128.0,-2645.9328092647143,202.51677,53.999985,34,0,28,10043875,MetalFX temporal
233628686715500,2393.6063238759325,128.0,-2645.8567800132787,202.51677,53.999985,34,0,28,11905874,MetalFX temporal
233628705492083,2393.6063238759325,128.0,-2645.8567800132787,202.51677,53.999985,34,0,28,11905874,MetalFX temporal
233628725822208,2393.7862512232914,128.0,-2645.777739019806,202.51677,53.999985,34,0,28,10216208,MetalFX temporal
233628744337833,2393.7862512232914,128.0,-2645.777739019806,202.51677,53.999985,34,0,28,10216208,MetalFX temporal
233628768629250,2393.7862512232914,128.0,-2645.777739019806,202.51677,53.999985,34,0,28,11964791,MetalFX temporal
